Type,Date,Part of a policing operation,Policing operation,Latitude,Longitude,Gender,Age range,Self-defined ethnicity,Officer-defined ethnicity,Legislation,Object of search,Outcome,Outcome linked to object of search,Removal of more than just outer clothing
Vehicle search,2018-05-01T00:55:00+00:00,,,53.233552,-0.557303,,,,,Police and Criminal Evidence Act 1984 (section 1),Offensive weapons,A no further action disposal,False,
Person search,2018-05-01T02:08:00+00:00,,,53.140431,0.331357,Female,over 34,White - English/Welsh/Scottish/Northern Irish/British,,Misuse of Drugs Act 1971 (section 23),Controlled drugs,A no further action disposal,False,False
Person and Vehicle search,2018-05-01T06:18:00+00:00,,,53.140431,0.331357,Male,over 34,White - English/Welsh/Scottish/Northern Irish/British,White,Misuse of Drugs Act 1971 (section 23),Evidence of offences under the Act,A no further action disposal,False,False
Person search,2018-05-01T15:20:00+00:00,,,52.929802,-0.060141,Male,25-34,White - English/Welsh/Scottish/Northern Irish/British,White,Misuse of Drugs Act 1971 (section 23),Controlled drugs,A no further action disposal,False,False
Person and Vehicle search,2018-05-01T15:52:00+00:00,,,53.445901,0.138897,Male,25-34,White - English/Welsh/Scottish/Northern Irish/British,White,Police and Criminal Evidence Act 1984 (section 1),Article for use in theft,A no further action disposal,False,False
Person and Vehicle search,2018-05-01T16:08:00+00:00,,,52.913898,-0.642590,Male,25-34,White - English/Welsh/Scottish/Northern Irish/British,White,Misuse of Drugs Act 1971 (section 23),Controlled drugs,A no further action disposal,False,True
Person search,2018-05-01T17:00:00+00:00,,,53.220626,-0.594239,Male,25-34,White - Any other White background,White,Police and Criminal Evidence Act 1984 (section 1),Article for use in theft,Arrest,,False
Person search,2018-05-01T17:00:00+00:00,,,53.220626,-0.594239,Male,25-34,White - Any other White background,White,Police and Criminal Evidence Act 1984 (section 1),Article for use in theft,Arrest,,False
Person search,2018-05-02T01:44:00+00:00,,,53.237058,-0.544014,Male,over 34,White - English/Welsh/Scottish/Northern Irish/British,White,Police and Criminal Evidence Act 1984 (section 1),Article for use in theft,A no further action disposal,False,False
Person search,2018-05-02T03:30:00+00:00,,,53.225240,-0.547980,Male,18-24,White - English/Welsh/Scottish/Northern Irish/British,White,Misuse of Drugs Act 1971 (section 23),Controlled drugs,A no further action disposal,False,False
Person search,2018-05-02T10:24:00+00:00,,,53.142516,0.342386,Male,25-34,White - English/Welsh/Scottish/Northern Irish/British,White,Police and Criminal Evidence Act 1984 (section 1),Articles for use in criminal damage,A no further action disposal,False,False
Vehicle search,2018-05-02T14:13:00+00:00,,,52.801215,-0.097274,,,,,Police and Criminal Evidence Act 1984 (section 1),Article for use in theft,Community resolution,False,
Person search,2018-05-02T16:01:00+00:00,,,53.175220,-0.581404,Male,25-34,White - English/Welsh/Scottish/Northern Irish/British,White,Police and Criminal Evidence Act 1984 (section 1),Article for use in theft,A no further action disposal,False,False
Person search,2018-05-02T20:06:00+00:00,,,53.379337,0.002572,Male,25-34,White - English/Welsh/Scottish/Northern Irish/British,White,Misuse of Drugs Act 1971 (section 23),Controlled drugs,Arrest,,False
Person search,2018-05-03T13:00:00+00:00,,,52.914409,-0.645593,Male,25-34,White - English/Welsh/Scottish/Northern Irish/British,White,Police and Criminal Evidence Act 1984 (section 1),Stolen goods,A no further action disposal,False,False
Person search,2018-05-03T21:03:00+00:00,,,53.212116,-0.556151,Male,18-24,White - English/Welsh/Scottish/Northern Irish/British,White,Misuse of Drugs Act 1971 (section 23),Controlled drugs,A no further action disposal,False,False
Person search,2018-05-04T00:24:00+00:00,,,53.387157,-0.370170,Female,over 34,White - English/Welsh/Scottish/Northern Irish/British,White,Police and Criminal Evidence Act 1984 (section 1),Controlled drugs,A no further action disposal,False,False
Person search,2018-05-04T06:58:00+00:00,,,53.123888,0.335020,Male,18-24,White - English/Welsh/Scottish/Northern Irish/British,White,Police and Criminal Evidence Act 1984 (section 1),Article for use in theft,A no further action disposal,False,False
Person search,2018-05-04T16:55:00+00:00,,,52.755728,-0.368055,Female,,Other ethnic group - Not stated,,Police and Criminal Evidence Act 1984 (section 1),Article for use in theft,A no further action disposal,False,False
Person search,2018-05-04T16:55:00+00:00,,,52.755728,-0.368055,Male,25-34,Other ethnic group - Not stated,,Police and Criminal Evidence Act 1984 (section 1),Article for use in theft,A no further action disposal,False,False
Person search,2018-05-04T18:37:00+00:00,,,53.223105,-0.535155,Male,25-34,White - English/Welsh/Scottish/Northern Irish/British,White,Misuse of Drugs Act 1971 (section 23),Controlled drugs,Arrest,,False
Person and Vehicle search,2018-05-04T18:42:00+00:00,,,53.244929,-0.498067,Male,25-34,White - English/Welsh/Scottish/Northern Irish/British,White,Misuse of Drugs Act 1971 (section 23),Controlled drugs,Khat or Cannabis warning,,True
Person search,2018-05-04T19:15:00+00:00,,,53.400559,-0.779021,Male,10-17,White - English/Welsh/Scottish/Northern Irish/British,White,Police and Criminal Evidence Act 1984 (section 1),Article for use in theft,A no further action disposal,False,False
Person search,2018-05-04T19:17:00+00:00,,,53.400559,-0.779021,Male,10-17,White - English/Welsh/Scottish/Northern Irish/British,White,Police and Criminal Evidence Act 1984 (section 1),Article for use in theft,A no further action disposal,False,False
Person search,2018-05-04T19:21:00+00:00,,,53.400559,-0.779021,Male,10-17,White - English/Welsh/Scottish/Northern Irish/British,White,Police and Criminal Evidence Act 1984 (section 1),Article for use in theft,A no further action disposal,False,False
Person search,2018-05-04T19:25:00+00:00,,,53.400559,-0.779021,Male,10-17,White - English/Welsh/Scottish/Northern Irish/British,White,Police and Criminal Evidence Act 1984 (section 1),Article for use in theft,A no further action disposal,False,False
Person search,2018-05-04T19:40:00+00:00,,,53.168857,0.101616,Male,25-34,White - English/Welsh/Scottish/Northern Irish/British,White,Misuse of Drugs Act 1971 (section 23),Controlled drugs,Arrest,,False
Person search,2018-05-04T19:52:00+00:00,,,53.400559,-0.779021,Male,10-17,White - English/Welsh/Scottish/Northern Irish/British,White,Police and Criminal Evidence Act 1984 (section 1),Article for use in theft,A no further action disposal,False,False
Person search,2018-05-04T20:09:00+00:00,,,53.400559,-0.779021,Male,10-17,White - English/Welsh/Scottish/Northern Irish/British,White,Police and Criminal Evidence Act 1984 (section 1),Article for use in theft,A no further action disposal,False,False
Person and Vehicle search,2018-05-04T21:00:00+00:00,,,53.153707,-0.203732,Male,,White - English/Welsh/Scottish/Northern Irish/British,White,Misuse of Drugs Act 1971 (section 23),Controlled drugs,A no further action disposal,False,False
Person search,2018-05-04T22:10:00+00:00,,,52.909414,-0.645154,Female,10-17,Other ethnic group - Not stated,,Misuse of Drugs Act 1971 (section 23),Controlled drugs,A no further action disposal,False,False
Person search,2018-05-04T22:10:00+00:00,,,52.909414,-0.645154,Female,10-17,White - English/Welsh/Scottish/Northern Irish/British,White,Misuse of Drugs Act 1971 (section 23),Controlled drugs,A no further action disposal,False,False
Person search,2018-05-04T22:10:00+00:00,,,52.909414,-0.645154,Female,10-17,White - English/Welsh/Scottish/Northern Irish/British,White,Misuse of Drugs Act 1971 (section 23),Controlled drugs,A no further action disposal,False,False
Person search,2018-05-05T01:05:00+00:00,,,53.212608,-0.547089,Male,18-24,White - English/Welsh/Scottish/Northern Irish/British,White,Misuse of Drugs Act 1971 (section 23),Controlled drugs,Khat or Cannabis warning,,False
Person and Vehicle search,2018-05-05T02:00:00+00:00,,,53.201812,-0.107814,Male,18-24,White - English/Welsh/Scottish/Northern Irish/British,White,Misuse of Drugs Act 1971 (section 23),Controlled drugs,A no further action disposal,False,False
Person and Vehicle search,2018-05-05T03:23:00+00:00,,,53.153707,-0.203732,Male,18-24,White - English/Welsh/Scottish/Northern Irish/British,White,Misuse of Drugs Act 1971 (section 23),Controlled drugs,A no further action disposal,,False
Person search,2018-05-05T04:19:00+00:00,,,53.217102,-0.581354,Male,18-24,White - English/Welsh/Scottish/Northern Irish/British,White,Misuse of Drugs Act 1971 (section 23),Controlled drugs,A no further action disposal,False,False
Person and Vehicle search,2018-05-05T15:18:00+00:00,,,53.193372,0.327582,Male,over 34,White - English/Welsh/Scottish/Northern Irish/British,White,Police and Criminal Evidence Act 1984 (section 1),Article for use in theft,A no further action disposal,False,False
Person search,2018-05-05T22:10:00+00:00,,,52.982049,-0.017744,Male,25-34,White - Any other White background,White,Misuse of Drugs Act 1971 (section 23),Controlled drugs,Arrest,,False
Person search,2018-05-05T22:15:00+00:00,,,52.982049,-0.017744,Female,18-24,White - Any other White background,White,Misuse of Drugs Act 1971 (section 23),Controlled drugs,Arrest,,False
Person search,2018-05-05T22:15:00+00:00,,,52.982049,-0.017744,Male,25-34,White - Any other White background,White,Misuse of Drugs Act 1971 (section 23),Controlled drugs,Arrest,,False
Person search,2018-05-05T22:37:00+00:00,,,52.927371,-0.645486,Male,over 34,White - English/Welsh/Scottish/Northern Irish/British,White,Police and Criminal Evidence Act 1984 (section 1),Article for use in theft,A no further action disposal,False,False
Person and Vehicle search,2018-05-06T01:34:00+00:00,,,53.184676,0.348276,Male,18-24,White - English/Welsh/Scottish/Northern Irish/British,White,Misuse of Drugs Act 1971 (section 23),Controlled drugs,Khat or Cannabis warning,,False
Person search,2018-05-06T02:26:00+00:00,,,53.367246,-0.006082,Male,18-24,White - English/Welsh/Scottish/Northern Irish/British,White,Police and Criminal Evidence Act 1984 (section 1),Offensive weapons,A no further action disposal,False,False
Person search,2018-05-06T02:45:00+00:00,,,53.191860,0.340060,Male,18-24,White - English/Welsh/Scottish/Northern Irish/British,White,Misuse of Drugs Act 1971 (section 23),Controlled drugs,A no further action disposal,False,False
Person and Vehicle search,2018-05-06T02:51:00+00:00,,,53.230011,-0.538215,Male,25-34,White - English/Welsh/Scottish/Northern Irish/British,Other,Misuse of Drugs Act 1971 (section 23),Controlled drugs,A no further action disposal,False,False
Person and Vehicle search,2018-05-06T03:40:00+00:00,,,52.901500,-0.642516,Female,18-24,White - English/Welsh/Scottish/Northern Irish/British,White,Misuse of Drugs Act 1971 (section 23),Controlled drugs,A no further action disposal,False,False
Person search,2018-05-06T03:40:00+00:00,,,52.901500,-0.642516,Male,18-24,White - English/Welsh/Scottish/Northern Irish/British,White,Misuse of Drugs Act 1971 (section 23),Controlled drugs,A no further action disposal,False,False
Person search,2018-05-06T14:35:00+00:00,,,53.223865,-0.543607,Male,25-34,White - Any other White background,White,Misuse of Drugs Act 1971 (section 23),Controlled drugs,A no further action disposal,False,False
Person search,2018-05-06T14:55:00+00:00,,,53.223162,-0.543407,Male,25-34,White - Any other White background,White,Misuse of Drugs Act 1971 (section 23),Controlled drugs,A no further action disposal,False,False
Person search,2018-05-07T02:54:00+00:00,,,53.207116,-0.115756,Male,18-24,White - English/Welsh/Scottish/Northern Irish/British,White,Misuse of Drugs Act 1971 (section 23),Controlled drugs,A no further action disposal,False,False
Person search,2018-05-07T03:54:00+00:00,,,53.230512,-0.541689,Male,18-24,White - English/Welsh/Scottish/Northern Irish/British,White,Police and Criminal Evidence Act 1984 (section 1),Stolen goods,A no further action disposal,False,False
Person search,2018-05-07T03:59:00+00:00,,,53.232632,-0.545258,Male,10-17,White - English/Welsh/Scottish/Northern Irish/British,White,Police and Criminal Evidence Act 1984 (section 1),Article for use in theft,A no further action disposal,False,False
Person search,2018-05-07T04:18:00+00:00,,,52.999594,-0.046239,Male,18-24,Mixed/Multiple ethnic groups - Any other Mixed/Multiple ethnic background,White,Misuse of Drugs Act 1971 (section 23),Controlled drugs,A no further action disposal,,False
Person search,2018-05-07T04:48:00+00:00,,,53.215878,-0.584255,Male,18-24,White - English/Welsh/Scottish/Northern Irish/British,White,Misuse of Drugs Act 1971 (section 23),Controlled drugs,Arrest,,False
Person and Vehicle search,2018-05-07T05:33:00+00:00,,,53.214332,-0.582045,Male,18-24,White - English/Welsh/Scottish/Northern Irish/British,White,Misuse of Drugs Act 1971 (section 23),Controlled drugs,A no further action disposal,False,False
Person search,2018-05-07T11:29:00+00:00,,,53.230770,-0.550310,Male,25-34,White - English/Welsh/Scottish/Northern Irish/British,White,Psychoactive Substances Act 2016 (s36(2)),Psychoactive substances,A no further action disposal,False,False
Person search,2018-05-07T17:44:00+00:00,,,52.979764,-0.022526,Male,over 34,White - English/Welsh/Scottish/Northern Irish/British,White,Misuse of Drugs Act 1971 (section 23),Controlled drugs,A no further action disposal,False,False
Person search,2018-05-08T14:27:00+00:00,,,52.974468,-0.051364,Male,25-34,White - English/Welsh/Scottish/Northern Irish/British,White,Misuse of Drugs Act 1971 (section 23),Controlled drugs,Caution (simple or conditional),,False
Person search,2018-05-08T19:41:00+00:00,,,53.230605,-0.540487,Male,18-24,White - English/Welsh/Scottish/Northern Irish/British,White,Misuse of Drugs Act 1971 (section 23),Controlled drugs,A no further action disposal,False,False
Person search,2018-05-09T03:31:00+00:00,,,53.150360,0.340390,Male,over 34,White - English/Welsh/Scottish/Northern Irish/British,White,Police and Criminal Evidence Act 1984 (section 1),Offensive weapons,A no further action disposal,False,False
Person search,2018-05-09T04:06:00+00:00,,,53.143485,0.335620,Male,25-34,White - English/Welsh/Scottish/Northern Irish/British,White,Police and Criminal Evidence Act 1984 (section 1),Offensive weapons,A no further action disposal,False,False
Person search,2018-05-09T15:09:00+00:00,,,53.226735,-0.540080,Male,18-24,White - English/Welsh/Scottish/Northern Irish/British,White,Misuse of Drugs Act 1971 (section 23),Controlled drugs,A no further action disposal,False,False
Vehicle search,2018-05-09T16:06:00+00:00,,,53.156860,0.330767,,,,,Misuse of Drugs Act 1971 (section 23),Controlled drugs,Khat or Cannabis warning,,
Person search,2018-05-09T16:12:00+00:00,,,53.156860,0.330767,Female,18-24,White - English/Welsh/Scottish/Northern Irish/British,White,Misuse of Drugs Act 1971 (section 23),Controlled drugs,A no further action disposal,False,False
Vehicle search,2018-05-10T01:26:00+00:00,,,52.924350,-0.624323,,,,,Misuse of Drugs Act 1971 (section 23),Controlled drugs,A no further action disposal,False,
Person search,2018-05-10T02:10:00+00:00,,,53.235399,-0.518074,Female,over 34,White - English/Welsh/Scottish/Northern Irish/British,White,Misuse of Drugs Act 1971 (section 23),Controlled drugs,A no further action disposal,,False
Person search,2018-05-10T02:19:00+00:00,,,52.915095,-0.644233,Male,10-17,White - English/Welsh/Scottish/Northern Irish/British,White,Misuse of Drugs Act 1971 (section 23),Controlled drugs,A no further action disposal,,False
Person search,2018-05-10T02:25:00+00:00,,,52.915095,-0.644233,Male,10-17,White - English/Welsh/Scottish/Northern Irish/British,White,Misuse of Drugs Act 1971 (section 23),Controlled drugs,A no further action disposal,False,False
Person search,2018-05-10T02:25:00+00:00,,,52.915095,-0.644233,Male,10-17,White - Any other White background,White,Misuse of Drugs Act 1971 (section 23),Controlled drugs,A no further action disposal,False,False
Person search,2018-05-10T04:31:00+00:00,,,53.154831,0.319588,Male,25-34,White - Any other White background,White,Police and Criminal Evidence Act 1984 (section 1),Article for use in theft,A no further action disposal,False,False
Person search,2018-05-10T11:17:00+00:00,,,53.229431,-0.544467,Male,25-34,White - English/Welsh/Scottish/Northern Irish/British,White,Misuse of Drugs Act 1971 (section 23),Controlled drugs,A no further action disposal,False,False
Person search,2018-05-10T19:55:00+00:00,,,53.234437,-0.557617,Male,over 34,White - English/Welsh/Scottish/Northern Irish/British,White,Misuse of Drugs Act 1971 (section 23),Controlled drugs,Arrest,,False
Vehicle search,2018-05-10T19:58:00+00:00,,,52.913084,-0.646051,,,,,Misuse of Drugs Act 1971 (section 23),Controlled drugs,A no further action disposal,False,
Person search,2018-05-11T00:20:00+00:00,,,53.214514,-0.546366,Male,18-24,Black/African/Caribbean/Black British - Caribbean,Black,Misuse of Drugs Act 1971 (section 23),Controlled drugs,Arrest,,False
Person search,2018-05-11T05:57:00+00:00,,,53.389645,-0.771815,Male,25-34,White - English/Welsh/Scottish/Northern Irish/British,White,Police and Criminal Evidence Act 1984 (section 1),Article for use in theft,A no further action disposal,False,False
Person search,2018-05-11T05:57:00+00:00,,,53.389645,-0.771815,Male,25-34,White - English/Welsh/Scottish/Northern Irish/British,White,Police and Criminal Evidence Act 1984 (section 1),Article for use in theft,A no further action disposal,False,False
Person search,2018-05-11T12:46:00+00:00,,,53.232868,-0.544665,Male,25-34,White - English/Welsh/Scottish/Northern Irish/British,White,Misuse of Drugs Act 1971 (section 23),Offensive weapons,Arrest,,
Person search,2018-05-11T18:40:00+00:00,,,53.204833,-0.580771,Male,18-24,Mixed/Multiple ethnic groups - White and Black Caribbean,Black,Misuse of Drugs Act 1971 (section 23),Controlled drugs,A no further action disposal,False,False
Vehicle search,2018-05-11T20:17:00+00:00,,,53.341308,0.262624,,,,,Police and Criminal Evidence Act 1984 (section 1),Article for use in theft,A no further action disposal,False,
Person search,2018-05-12T00:32:00+00:00,,,53.348805,0.249859,Male,18-24,White - English/Welsh/Scottish/Northern Irish/British,White,Misuse of Drugs Act 1971 (section 23),Controlled drugs,Khat or Cannabis warning,,False
Person search,2018-05-12T00:34:00+00:00,,,53.373304,0.225879,Female,25-34,White - English/Welsh/Scottish/Northern Irish/British,White,Misuse of Drugs Act 1971 (section 23),Controlled drugs,Khat or Cannabis warning,,False
Person search,2018-05-12T00:48:00+00:00,,,53.348805,0.249859,Male,18-24,White - English/Welsh/Scottish/Northern Irish/British,White,Misuse of Drugs Act 1971 (section 23),Controlled drugs,A no further action disposal,False,False
Person and Vehicle search,2018-05-12T00:51:00+00:00,,,53.348805,0.249859,Male,18-24,White - English/Welsh/Scottish/Northern Irish/British,White,Misuse of Drugs Act 1971 (section 23),Controlled drugs,A no further action disposal,False,False
Person search,2018-05-12T00:52:00+00:00,,,53.348805,0.249859,Male,18-24,White - English/Welsh/Scottish/Northern Irish/British,White,Misuse of Drugs Act 1971 (section 23),Controlled drugs,A no further action disposal,False,False
Person search,2018-05-12T00:56:00+00:00,,,53.348805,0.249859,Male,18-24,White - English/Welsh/Scottish/Northern Irish/British,White,Misuse of Drugs Act 1971 (section 23),Controlled drugs,A no further action disposal,False,False
Person search,2018-05-12T16:29:00+00:00,,,52.906626,-0.641077,Female,18-24,White - Any other White background,White,Police and Criminal Evidence Act 1984 (section 1),Stolen goods,A no further action disposal,False,False
Person search,2018-05-12T16:29:00+00:00,,,52.908025,-0.640751,Female,10-17,White - Any other White background,White,Police and Criminal Evidence Act 1984 (section 1),Article for use in theft,A no further action disposal,False,False
Person search,2018-05-13T00:30:00+00:00,,,53.236818,-0.549431,Male,over 34,White - Any other White background,White,Misuse of Drugs Act 1971 (section 23),Controlled drugs,Arrest,,True
Person search,2018-05-13T00:35:00+00:00,,,53.232413,-0.544261,Male,25-34,White - Any other White background,White,Misuse of Drugs Act 1971 (section 23),Controlled drugs,Arrest,,False
Person search,2018-05-13T00:35:00+00:00,,,53.232413,-0.544261,Male,18-24,White - Any other White background,White,Misuse of Drugs Act 1971 (section 23),Controlled drugs,Arrest,,False
Person search,2018-05-13T19:18:00+00:00,,,53.230275,-0.510161,Male,18-24,White - English/Welsh/Scottish/Northern Irish/British,White,Misuse of Drugs Act 1971 (section 23),Controlled drugs,Khat or Cannabis warning,,False
Person search,2018-05-14T07:01:00+00:00,,,53.144376,0.344282,Male,25-34,White - English/Welsh/Scottish/Northern Irish/British,White,Misuse of Drugs Act 1971 (section 23),Controlled drugs,A no further action disposal,False,False
Person search,2018-05-14T15:25:00+00:00,,,53.144376,0.344282,Male,25-34,Black/African/Caribbean/Black British - African,Black,Misuse of Drugs Act 1971 (section 23),Controlled drugs,Arrest,,True
Person search,2018-05-14T15:28:00+00:00,,,53.144376,0.344282,Male,18-24,Black/African/Caribbean/Black British - African,Black,Misuse of Drugs Act 1971 (section 23),Controlled drugs,Arrest,False,False
Person search,2018-05-14T18:14:00+00:00,,,53.159498,0.080651,Male,25-34,White - English/Welsh/Scottish/Northern Irish/British,White,Misuse of Drugs Act 1971 (section 23),Controlled drugs,Arrest,,False
Person and Vehicle search,2018-05-14T20:05:00+00:00,,,52.784832,-0.154635,Male,18-24,White - Any other White background,White,Misuse of Drugs Act 1971 (section 23),Controlled drugs,A no further action disposal,False,False
Person search,2018-05-14T21:20:00+00:00,,,52.971808,-0.016634,Male,over 34,White - Any other White background,White,Police and Criminal Evidence Act 1984 (section 1),Offensive weapons,A no further action disposal,False,False
Person search,2018-05-14T23:30:00+00:00,,,52.976550,-0.031505,Male,25-34,White - Any other White background,White,Police and Criminal Evidence Act 1984 (section 1),Article for use in theft,Arrest,False,False
Person search,2018-05-15T16:34:00+00:00,,,52.784832,-0.154635,Male,10-17,White - Any other White background,White,Misuse of Drugs Act 1971 (section 23),Controlled drugs,Caution (simple or conditional),,False
Person search,2018-05-15T16:41:00+00:00,,,52.784832,-0.154635,Male,18-24,White - Any other White background,White,Misuse of Drugs Act 1971 (section 23),Controlled drugs,Khat or Cannabis warning,,False
Person search,2018-05-15T18:06:00+00:00,,,52.975959,-0.030564,Male,25-34,White - Any other White background,White,Police and Criminal Evidence Act 1984 (section 1),Article for use in theft,A no further action disposal,False,False
Person search,2018-05-15T18:50:00+00:00,,,53.143062,0.339769,Male,10-17,White - English/Welsh/Scottish/Northern Irish/British,White,Police and Criminal Evidence Act 1984 (section 1),Offensive weapons,Arrest,,False
Person search,2018-05-15T20:50:00+00:00,,,52.972141,-0.055296,Male,18-24,Black/African/Caribbean/Black British - Any other Black/African/Caribbean background,Black,Misuse of Drugs Act 1971 (section 23),Controlled drugs,A no further action disposal,,
Person search,2018-05-15T21:53:00+00:00,,,52.972176,-0.058571,Female,25-34,Mixed/Multiple ethnic groups - White and Black Caribbean,Black,Misuse of Drugs Act 1971 (section 23),Controlled drugs,A no further action disposal,False,True
Person search,2018-05-16T09:19:00+00:00,,,52.788429,-0.150063,Male,over 34,Other ethnic group - Not stated,White,Misuse of Drugs Act 1971 (section 23),Controlled drugs,Arrest,,False
Vehicle search,2018-05-16T09:25:00+00:00,,,53.141638,0.319266,,,,,Firearms Act 1968 (section 47),Firearms,A no further action disposal,False,
Person and Vehicle search,2018-05-16T23:30:00+00:00,,,53.212156,-0.549081,Male,over 34,White - English/Welsh/Scottish/Northern Irish/British,White,Misuse of Drugs Act 1971 (section 23),Controlled drugs,A no further action disposal,False,False
Person search,2018-05-17T00:15:00+00:00,,,52.979764,-0.022526,Male,10-17,Asian/Asian British - Any other Asian background,Asian,Misuse of Drugs Act 1971 (section 23),Controlled drugs,Arrest,,False
Person search,2018-05-17T20:46:00+00:00,,,53.221702,-0.552758,Male,18-24,White - English/Welsh/Scottish/Northern Irish/British,White,Misuse of Drugs Act 1971 (section 23),Controlled drugs,A no further action disposal,False,False
Person search,2018-05-18T00:01:00+00:00,,,53.207929,-0.115421,Male,18-24,White - English/Welsh/Scottish/Northern Irish/British,White,Misuse of Drugs Act 1971 (section 23),Controlled drugs,A no further action disposal,False,False
Person search,2018-05-18T00:09:00+00:00,,,53.206650,-0.116376,Male,18-24,White - English/Welsh/Scottish/Northern Irish/British,White,Misuse of Drugs Act 1971 (section 23),Controlled drugs,Khat or Cannabis warning,,False
Person and Vehicle search,2018-05-18T04:12:00+00:00,,,53.201566,-0.112721,Male,18-24,White - English/Welsh/Scottish/Northern Irish/British,White,Misuse of Drugs Act 1971 (section 23),Controlled drugs,Khat or Cannabis warning,,False
Person search,2018-05-18T04:17:00+00:00,,,53.207929,-0.115421,Male,25-34,White - English/Welsh/Scottish/Northern Irish/British,White,Misuse of Drugs Act 1971 (section 23),Controlled drugs,A no further action disposal,False,False
Person search,2018-05-18T08:18:00+00:00,,,52.976096,-0.025776,Male,25-34,White - Any other White background,White,Police and Criminal Evidence Act 1984 (section 1),Offensive weapons,A no further action disposal,False,False
Person search,2018-05-18T11:47:00+00:00,,,53.160974,-0.542222,Male,over 34,White - English/Welsh/Scottish/Northern Irish/British,White,Police and Criminal Evidence Act 1984 (section 1),Article for use in theft,A no further action disposal,False,False
Person search,2018-05-18T18:01:00+00:00,,,53.150370,0.328411,Male,over 34,White - English/Welsh/Scottish/Northern Irish/British,White,Misuse of Drugs Act 1971 (section 23),Controlled drugs,A no further action disposal,False,False
Person search,2018-05-18T18:17:00+00:00,,,53.150370,0.328411,Male,over 34,White - English/Welsh/Scottish/Northern Irish/British,White,Misuse of Drugs Act 1971 (section 23),Controlled drugs,A no further action disposal,False,False
Person search,2018-05-18T19:20:00+00:00,,,53.150370,0.328411,Male,25-34,White - English/Welsh/Scottish/Northern Irish/British,White,Misuse of Drugs Act 1971 (section 23),Controlled drugs,A no further action disposal,False,False
Person search,2018-05-18T19:29:00+00:00,,,53.150370,0.328411,Male,25-34,White - English/Welsh/Scottish/Northern Irish/British,White,Misuse of Drugs Act 1971 (section 23),Controlled drugs,A no further action disposal,False,False
Person search,2018-05-18T20:30:00+00:00,,,53.229626,-0.541270,Male,25-34,White - English/Welsh/Scottish/Northern Irish/British,White,Misuse of Drugs Act 1971 (section 23),Offensive weapons,A no further action disposal,False,
Person search,2018-05-18T20:43:00+00:00,,,53.228606,-0.537289,Male,over 34,White - English/Welsh/Scottish/Northern Irish/British,White,Misuse of Drugs Act 1971 (section 23),Controlled drugs,Summons / charged by post,,False
Person search,2018-05-18T21:00:00+00:00,,,53.228606,-0.537289,Male,10-17,White - English/Welsh/Scottish/Northern Irish/British,White,Misuse of Drugs Act 1971 (section 23),Controlled drugs,A no further action disposal,False,False
Person search,2018-05-18T21:03:00+00:00,,,53.229813,-0.540379,Male,over 34,White - English/Welsh/Scottish/Northern Irish/British,White,Misuse of Drugs Act 1971 (section 23),Controlled drugs,A no further action disposal,False,False
Person search,2018-05-18T21:06:00+00:00,,,53.228606,-0.537289,Male,over 34,White - English/Welsh/Scottish/Northern Irish/British,White,Misuse of Drugs Act 1971 (section 23),Controlled drugs,A no further action disposal,,False
Person search,2018-05-18T21:14:00+00:00,,,53.229813,-0.540379,Male,10-17,White - English/Welsh/Scottish/Northern Irish/British,White,Misuse of Drugs Act 1971 (section 23),Controlled drugs,A no further action disposal,False,False
Person search,2018-05-18T21:18:00+00:00,,,53.228606,-0.537289,Male,over 34,White - English/Welsh/Scottish/Northern Irish/British,White,Misuse of Drugs Act 1971 (section 23),Controlled drugs,A no further action disposal,False,False
Person and Vehicle search,2018-05-19T00:09:00+00:00,,,53.078182,-0.773770,Male,25-34,Asian/Asian British - Pakistani,Asian,Misuse of Drugs Act 1971 (section 23),Controlled drugs,Summons / charged by post,,False
Person and Vehicle search,2018-05-19T00:16:00+00:00,,,53.093782,-0.786319,Male,25-34,Asian/Asian British - Any other Asian background,Asian,Misuse of Drugs Act 1971 (section 23),Controlled drugs,A no further action disposal,False,False
Person and Vehicle search,2018-05-19T01:06:00+00:00,,,53.406157,-0.438524,Male,25-34,White - English/Welsh/Scottish/Northern Irish/British,White,Misuse of Drugs Act 1971 (section 23),Controlled drugs,A no further action disposal,False,False
Person search,2018-05-19T03:00:00+00:00,,,53.216757,-0.545256,Male,25-34,White - English/Welsh/Scottish/Northern Irish/British,White,Misuse of Drugs Act 1971 (section 23),Controlled drugs,Summons / charged by post,,False
Person search,2018-05-19T18:56:00+00:00,,,53.368842,0.001147,Male,18-24,White - English/Welsh/Scottish/Northern Irish/British,White,,Stolen goods,A no further action disposal,False,False
Person search,2018-05-19T22:46:00+00:00,,,52.659656,-0.490233,Male,18-24,White - English/Welsh/Scottish/Northern Irish/British,White,Misuse of Drugs Act 1971 (section 23),Controlled drugs,A no further action disposal,False,False
Person and Vehicle search,2018-05-20T01:49:00+00:00,,,53.150954,0.343563,Male,18-24,White - English/Welsh/Scottish/Northern Irish/British,White,Misuse of Drugs Act 1971 (section 23),Controlled drugs,A no further action disposal,,False
Person search,2018-05-20T15:47:00+00:00,,,53.231536,-0.508948,Male,10-17,White - Any other White background,White,Police and Criminal Evidence Act 1984 (section 1),Offensive weapons,Arrest,,False
Person search,2018-05-20T16:34:00+00:00,,,52.791315,-0.145432,Male,18-24,White - English/Welsh/Scottish/Northern Irish/British,White,Misuse of Drugs Act 1971 (section 23),Controlled drugs,Khat or Cannabis warning,,False
Person search,2018-05-20T16:34:00+00:00,,,52.791315,-0.145432,Female,18-24,White - English/Welsh/Scottish/Northern Irish/British,White,Misuse of Drugs Act 1971 (section 23),Controlled drugs,Khat or Cannabis warning,,False
Person search,2018-05-20T18:31:00+00:00,,,53.231536,-0.508948,Male,10-17,White - Any other White background,White,Police and Criminal Evidence Act 1984 (section 1),Offensive weapons,A no further action disposal,,
Person search,2018-05-20T18:31:00+00:00,,,53.230008,-0.535773,Male,10-17,White - Any other White background,White,Police and Criminal Evidence Act 1984 (section 1),Offensive weapons,A no further action disposal,,
Person search,2018-05-20T20:14:00+00:00,,,52.914538,-0.651404,Male,10-17,White - English/Welsh/Scottish/Northern Irish/British,White,Police and Criminal Evidence Act 1984 (section 1),Offensive weapons,A no further action disposal,False,False
Person search,2018-05-20T20:18:00+00:00,,,52.914682,-0.649808,Male,10-17,White - English/Welsh/Scottish/Northern Irish/British,White,Police and Criminal Evidence Act 1984 (section 1),Offensive weapons,A no further action disposal,False,False
Person search,2018-05-20T20:45:00+00:00,,,52.907210,-0.642665,Male,10-17,Mixed/Multiple ethnic groups - White and Black African,Black,Police and Criminal Evidence Act 1984 (section 1),Offensive weapons,A no further action disposal,False,False
Person and Vehicle search,2018-05-21T13:46:00+00:00,,,53.233574,-0.555414,Male,25-34,White - English/Welsh/Scottish/Northern Irish/British,White,Misuse of Drugs Act 1971 (section 23),Offensive weapons,A no further action disposal,False,
Person search,2018-05-22T04:10:00+00:00,,,53.196053,-0.577962,Male,18-24,Asian/Asian British - Any other Asian background,Asian,Misuse of Drugs Act 1971 (section 23),Controlled drugs,Khat or Cannabis warning,,False
Person and Vehicle search,2018-05-22T04:21:00+00:00,,,53.212034,-0.547917,Male,18-24,Asian/Asian British - Indian,Asian,Misuse of Drugs Act 1971 (section 23),Controlled drugs,A no further action disposal,False,False
Person search,2018-05-22T04:24:00+00:00,,,53.212034,-0.547917,Male,18-24,Asian/Asian British - Indian,Asian,Misuse of Drugs Act 1971 (section 23),Controlled drugs,A no further action disposal,False,False
Person search,2018-05-22T04:33:00+00:00,,,53.212034,-0.547917,Male,25-34,White - Any other White background,White,Misuse of Drugs Act 1971 (section 23),Controlled drugs,A no further action disposal,False,False
Person search,2018-05-22T13:37:00+00:00,,,52.971808,-0.016634,Male,25-34,White - Any other White background,White,Police and Criminal Evidence Act 1984 (section 1),Offensive weapons,A no further action disposal,False,False
Person search,2018-05-22T13:50:00+00:00,,,52.971808,-0.016634,Male,,White - Any other White background,White,Police and Criminal Evidence Act 1984 (section 1),Offensive weapons,A no further action disposal,False,False
Person search,2018-05-22T13:58:00+00:00,,,52.971808,-0.016634,Male,25-34,White - Any other White background,White,Police and Criminal Evidence Act 1984 (section 1),Offensive weapons,A no further action disposal,False,False
Person search,2018-05-22T14:03:00+00:00,,,52.971808,-0.016634,Male,10-17,White - Any other White background,White,Police and Criminal Evidence Act 1984 (section 1),Offensive weapons,A no further action disposal,False,False
Person search,2018-05-22T22:40:00+00:00,,,53.207116,-0.115756,Male,18-24,White - English/Welsh/Scottish/Northern Irish/British,White,Misuse of Drugs Act 1971 (section 23),Controlled drugs,Arrest,False,False
Vehicle search,2018-05-23T13:05:00+00:00,,,52.904168,-0.636040,,,,,Police and Criminal Evidence Act 1984 (section 1),Article for use in theft,A no further action disposal,False,
Person search,2018-05-23T13:05:00+00:00,,,52.904168,-0.636040,Male,25-34,White - Irish,White,Police and Criminal Evidence Act 1984 (section 1),Article for use in theft,Arrest,False,False
Person search,2018-05-23T13:05:00+00:00,,,52.904168,-0.636040,Male,18-24,White - English/Welsh/Scottish/Northern Irish/British,White,Police and Criminal Evidence Act 1984 (section 1),Article for use in theft,Arrest,False,False
Person search,2018-05-23T13:05:00+00:00,,,52.904168,-0.636040,Male,18-24,White - English/Welsh/Scottish/Northern Irish/British,White,Police and Criminal Evidence Act 1984 (section 1),Article for use in theft,Arrest,False,False
Person search,2018-05-23T20:56:00+00:00,,,53.230605,-0.540487,Female,over 34,White - English/Welsh/Scottish/Northern Irish/British,White,Police and Criminal Evidence Act 1984 (section 1),Article for use in theft,A no further action disposal,False,False
Person search,2018-05-24T08:00:00+00:00,,,53.140431,0.331357,Male,over 34,White - English/Welsh/Scottish/Northern Irish/British,White,Police and Criminal Evidence Act 1984 (section 1),Stolen goods,Arrest,,False
Person search,2018-05-24T11:25:00+00:00,,,52.911448,-0.637462,Male,18-24,White - English/Welsh/Scottish/Northern Irish/British,White,Misuse of Drugs Act 1971 (section 23),Controlled drugs,Khat or Cannabis warning,,False
Person search,2018-05-24T11:25:00+00:00,,,52.911448,-0.637462,Male,18-24,White - English/Welsh/Scottish/Northern Irish/British,White,Misuse of Drugs Act 1971 (section 23),Controlled drugs,Khat or Cannabis warning,,False
Person search,2018-05-24T11:25:00+00:00,,,52.911448,-0.637462,Male,10-17,White - English/Welsh/Scottish/Northern Irish/British,White,Misuse of Drugs Act 1971 (section 23),Controlled drugs,A no further action disposal,False,False
Person search,2018-05-24T16:46:00+00:00,,,52.912797,-0.638297,Female,10-17,White - English/Welsh/Scottish/Northern Irish/British,White,Misuse of Drugs Act 1971 (section 23),Controlled drugs,A no further action disposal,False,False
Person search,2018-05-24T16:49:00+00:00,,,52.913330,-0.639336,Male,18-24,White - English/Welsh/Scottish/Northern Irish/British,White,Misuse of Drugs Act 1971 (section 23),Controlled drugs,A no further action disposal,False,False
Person and Vehicle search,2018-05-24T16:57:00+00:00,,,52.912797,-0.638297,Male,18-24,White - English/Welsh/Scottish/Northern Irish/British,White,Misuse of Drugs Act 1971 (section 23),Controlled drugs,A no further action disposal,False,False
Person search,2018-05-25T01:55:00+00:00,,,53.260134,0.172571,Male,25-34,White - English/Welsh/Scottish/Northern Irish/British,White,Poaching Prevention Act 1862 (section 2),Article for use in theft,A no further action disposal,False,
Person search,2018-05-25T03:16:00+00:00,,,53.230609,-0.623186,Male,18-24,White - English/Welsh/Scottish/Northern Irish/British,White,Misuse of Drugs Act 1971 (section 23),Controlled drugs,A no further action disposal,False,False
Person search,2018-05-25T07:55:00+00:00,,,52.911448,-0.637462,Male,10-17,White - English/Welsh/Scottish/Northern Irish/British,White,Misuse of Drugs Act 1971 (section 23),Controlled drugs,A no further action disposal,False,False
Person search,2018-05-25T16:52:00+00:00,,,53.142766,0.331977,Male,over 34,White - English/Welsh/Scottish/Northern Irish/British,White,Misuse of Drugs Act 1971 (section 23),Controlled drugs,A no further action disposal,False,False
Person search,2018-05-25T17:01:00+00:00,,,53.142766,0.331977,Female,over 34,White - English/Welsh/Scottish/Northern Irish/British,White,Misuse of Drugs Act 1971 (section 23),Controlled drugs,A no further action disposal,False,False
Person search,2018-05-25T18:33:00+00:00,,,53.227982,-0.540606,Male,18-24,White - English/Welsh/Scottish/Northern Irish/British,White,Misuse of Drugs Act 1971 (section 23),Controlled drugs,A no further action disposal,False,True
Person search,2018-05-25T23:18:00+00:00,,,52.674315,-0.301232,Male,10-17,White - English/Welsh/Scottish/Northern Irish/British,White,Misuse of Drugs Act 1971 (section 23),Controlled drugs,A no further action disposal,False,False
Person and Vehicle search,2018-05-26T00:00:00+00:00,,,53.254227,-0.539474,Male,18-24,White - English/Welsh/Scottish/Northern Irish/British,White,Misuse of Drugs Act 1971 (section 23),Controlled drugs,A no further action disposal,False,False
Person and Vehicle search,2018-05-26T00:00:00+00:00,,,53.254227,-0.539474,Male,25-34,White - English/Welsh/Scottish/Northern Irish/British,White,Misuse of Drugs Act 1971 (section 23),Controlled drugs,A no further action disposal,False,False
Person search,2018-05-26T11:34:00+00:00,,,52.774948,-0.160198,Male,18-24,White - Any other White background,White,Misuse of Drugs Act 1971 (section 23),Controlled drugs,Arrest,,False
Person search,2018-05-26T11:34:00+00:00,,,52.774948,-0.160198,Male,25-34,White - Any other White background,White,Misuse of Drugs Act 1971 (section 23),Controlled drugs,Arrest,,False
Person search,2018-05-26T14:31:00+00:00,,,52.901373,-0.640023,Male,18-24,White - English/Welsh/Scottish/Northern Irish/British,White,Firearms Act 1968 (section 47),Firearms,Community resolution,,
Vehicle search,2018-05-26T21:40:00+00:00,,,52.732460,-0.598529,,,,,Police and Criminal Evidence Act 1984 (section 1),Stolen goods,A no further action disposal,False,
Person search,2018-05-26T23:34:00+00:00,,,52.978058,-0.024838,Male,25-34,White - English/Welsh/Scottish/Northern Irish/British,White,Misuse of Drugs Act 1971 (section 23),Controlled drugs,A no further action disposal,False,False
Person search,2018-05-27T00:30:00+00:00,,,53.201983,-0.558318,Male,10-17,White - English/Welsh/Scottish/Northern Irish/British,White,Police and Criminal Evidence Act 1984 (section 1),Article for use in theft,A no further action disposal,False,False
Person search,2018-05-27T13:50:00+00:00,,,53.227982,-0.540606,Male,over 34,White - English/Welsh/Scottish/Northern Irish/British,White,Misuse of Drugs Act 1971 (section 23),Controlled drugs,A no further action disposal,False,False
Person and Vehicle search,2018-05-27T18:50:00+00:00,,,53.112999,0.249615,Female,25-34,White - English/Welsh/Scottish/Northern Irish/British,White,Misuse of Drugs Act 1971 (section 23),Controlled drugs,A no further action disposal,False,False
Person search,2018-05-27T19:24:00+00:00,,,53.112999,0.249615,Female,18-24,White - English/Welsh/Scottish/Northern Irish/British,White,Misuse of Drugs Act 1971 (section 23),Controlled drugs,A no further action disposal,False,False
Person and Vehicle search,2018-05-27T21:19:00+00:00,,,53.205915,-0.116513,Male,over 34,White - English/Welsh/Scottish/Northern Irish/British,White,Misuse of Drugs Act 1971 (section 23),Controlled drugs,A no further action disposal,False,False
Person search,2018-05-27T22:44:00+00:00,,,52.971839,-0.024481,Male,18-24,White - English/Welsh/Scottish/Northern Irish/British,White,Misuse of Drugs Act 1971 (section 23),Controlled drugs,A no further action disposal,False,False
Person and Vehicle search,2018-05-27T23:06:00+00:00,,,53.153806,0.320042,Male,over 34,White - Any other White background,White,Police and Criminal Evidence Act 1984 (section 1),Article for use in theft,A no further action disposal,False,False
Person and Vehicle search,2018-05-28T00:18:00+00:00,,,53.105452,-0.189759,Male,25-34,White - English/Welsh/Scottish/Northern Irish/British,White,Misuse of Drugs Act 1971 (section 23),Controlled drugs,A no further action disposal,False,False
Person and Vehicle search,2018-05-28T02:24:00+00:00,,,53.154174,0.318670,Male,18-24,White - Any other White background,White,Police and Criminal Evidence Act 1984 (section 1),Article for use in theft,A no further action disposal,False,False
Person search,2018-05-28T02:53:00+00:00,,,53.399794,-0.777163,Male,over 34,White - English/Welsh/Scottish/Northern Irish/British,White,Police and Criminal Evidence Act 1984 (section 1),Offensive weapons,A no further action disposal,False,False
Person and Vehicle search,2018-05-28T06:23:00+00:00,,,52.675853,-0.324662,Male,25-34,White - English/Welsh/Scottish/Northern Irish/British,White,Misuse of Drugs Act 1971 (section 23),Controlled drugs,Arrest,,False
Person and Vehicle search,2018-05-28T06:23:00+00:00,,,52.675853,-0.324662,Male,18-24,White - English/Welsh/Scottish/Northern Irish/British,White,Misuse of Drugs Act 1971 (section 23),Controlled drugs,Arrest,,True
Person and Vehicle search,2018-05-28T06:24:00+00:00,,,52.675853,-0.324662,Male,18-24,White - English/Welsh/Scottish/Northern Irish/British,White,Misuse of Drugs Act 1971 (section 23),Controlled drugs,Arrest,,True
Person and Vehicle search,2018-05-28T07:43:00+00:00,,,53.244332,-0.527312,Male,18-24,White - English/Welsh/Scottish/Northern Irish/British,White,Misuse of Drugs Act 1971 (section 23),Controlled drugs,A no further action disposal,False,False
Person and Vehicle search,2018-05-28T07:56:00+00:00,,,53.244332,-0.527312,Male,18-24,White - English/Welsh/Scottish/Northern Irish/British,White,Misuse of Drugs Act 1971 (section 23),Controlled drugs,A no further action disposal,False,False
Person search,2018-05-28T22:01:00+00:00,,,53.231016,-0.517716,Male,25-34,White - English/Welsh/Scottish/Northern Irish/British,White,Misuse of Drugs Act 1971 (section 23),Controlled drugs,A no further action disposal,False,False
Person search,2018-05-29T00:11:00+00:00,,,53.212826,0.334164,Male,18-24,White - English/Welsh/Scottish/Northern Irish/British,White,Misuse of Drugs Act 1971 (section 23),Controlled drugs,A no further action disposal,False,False
Person search,2018-05-29T00:14:00+00:00,,,53.212826,0.334164,Female,18-24,White - English/Welsh/Scottish/Northern Irish/British,White,Misuse of Drugs Act 1971 (section 23),Controlled drugs,A no further action disposal,False,False
Person search,2018-05-29T11:44:00+00:00,,,53.228443,-0.541565,Male,over 34,White - English/Welsh/Scottish/Northern Irish/British,White,Police and Criminal Evidence Act 1984 (section 1),Offensive weapons,A no further action disposal,False,False
Person search,2018-05-29T13:30:00+00:00,,,53.229459,-0.546773,Male,over 34,White - English/Welsh/Scottish/Northern Irish/British,White,Police and Criminal Evidence Act 1984 (section 1),Offensive weapons,Arrest,,False
Person search,2018-05-29T15:40:00+00:00,,,52.791315,-0.145432,Male,18-24,Black/African/Caribbean/Black British - African,Black,Misuse of Drugs Act 1971 (section 23),Controlled drugs,Arrest,,False
Person search,2018-05-29T15:45:00+00:00,,,52.791315,-0.145432,Male,10-17,White - Any other White background,White,Misuse of Drugs Act 1971 (section 23),Offensive weapons,Arrest,False,False
Person search,2018-05-29T15:45:00+00:00,,,52.791315,-0.145432,Male,10-17,White - Any other White background,White,Misuse of Drugs Act 1971 (section 23),Controlled drugs,A no further action disposal,False,False
Person search,2018-05-30T10:07:00+00:00,,,53.361622,0.008173,Male,18-24,White - English/Welsh/Scottish/Northern Irish/British,White,Misuse of Drugs Act 1971 (section 23),Controlled drugs,A no further action disposal,,False
Person search,2018-05-30T17:50:00+00:00,,,53.231220,-0.548841,Male,25-34,White - English/Welsh/Scottish/Northern Irish/British,White,Misuse of Drugs Act 1971 (section 23),Controlled drugs,A no further action disposal,False,False
Person search,2018-05-30T18:11:00+00:00,,,53.231220,-0.548841,Male,25-34,White - English/Welsh/Scottish/Northern Irish/British,White,Misuse of Drugs Act 1971 (section 23),Controlled drugs,A no further action disposal,False,False
Person search,2018-05-30T18:21:00+00:00,,,53.231220,-0.548841,Male,25-34,White - English/Welsh/Scottish/Northern Irish/British,White,Misuse of Drugs Act 1971 (section 23),Controlled drugs,A no further action disposal,False,False
Person search,2018-05-30T22:00:00+00:00,,,53.253198,-0.534787,Male,25-34,Mixed/Multiple ethnic groups - White and Black Caribbean,Black,Police and Criminal Evidence Act 1984 (section 1),Article for use in theft,A no further action disposal,False,False
Person search,2018-05-31T00:58:00+00:00,,,52.976550,-0.031505,Male,18-24,White - Any other White background,White,Police and Criminal Evidence Act 1984 (section 1),Article for use in theft,Arrest,False,False
Person search,2018-05-31T03:26:00+00:00,,,52.975425,-0.023290,Male,25-34,White - English/Welsh/Scottish/Northern Irish/British,White,Police and Criminal Evidence Act 1984 (section 1),Controlled drugs,A no further action disposal,False,False
Person search,2018-05-31T03:55:00+00:00,,,53.235777,-0.523919,Male,over 34,White - English/Welsh/Scottish/Northern Irish/British,White,Police and Criminal Evidence Act 1984 (section 1),Article for use in theft,A no further action disposal,False,False
Person search,2018-05-31T04:49:00+00:00,,,53.212034,-0.547917,Male,18-24,White - English/Welsh/Scottish/Northern Irish/British,White,Misuse of Drugs Act 1971 (section 23),Controlled drugs,Khat or Cannabis warning,,False
Person search,2018-05-31T05:44:00+00:00,,,52.975959,-0.030564,Male,25-34,White - Any other White background,White,Police and Criminal Evidence Act 1984 (section 1),Article for use in theft,A no further action disposal,False,False
Person search,2018-05-31T17:10:00+00:00,,,52.911621,-0.643122,Male,over 34,White - English/Welsh/Scottish/Northern Irish/British,White,,Article for use in theft,A no further action disposal,False,False
