Type,Date,Part of a policing operation,Policing operation,Latitude,Longitude,Gender,Age range,Self-defined ethnicity,Officer-defined ethnicity,Legislation,Object of search,Outcome,Outcome linked to object of search,Removal of more than just outer clothing
Person search,2018-06-30T23:00:00+00:00,,,51.577144,-2.969376,Male,18-24,White - English/Welsh/Scottish/Northern Irish/British,White,Misuse of Drugs Act 1971 (section 23),Controlled drugs,A no further action disposal,,
Person search,2018-06-30T23:00:00+00:00,,,51.577144,-2.969376,Male,18-24,White - English/Welsh/Scottish/Northern Irish/British,White,Misuse of Drugs Act 1971 (section 23),Controlled drugs,A no further action disposal,,
Person search,2018-07-01T22:00:00+00:00,,,51.724330,-3.062546,Male,18-24,White - English/Welsh/Scottish/Northern Irish/British,White,Misuse of Drugs Act 1971 (section 23),Controlled drugs,A no further action disposal,,
Person search,2018-07-01T23:00:00+00:00,,,51.617171,-3.011336,Male,,,,,,,,
Person search,2018-07-01T23:00:00+00:00,,,51.617171,-3.011336,Male,18-24,White - English/Welsh/Scottish/Northern Irish/British,White,Police and Criminal Evidence Act 1984 (section 1),,A no further action disposal,,
Person search,2018-07-03T00:00:00+00:00,,,51.575604,-2.991220,Male,over 34,White - English/Welsh/Scottish/Northern Irish/British,White,Police and Criminal Evidence Act 1984 (section 1),Article for use in theft,A no further action disposal,,
Person search,2018-07-03T01:00:00+00:00,,,51.596555,-3.165328,Male,25-34,White - English/Welsh/Scottish/Northern Irish/British,White,Police and Criminal Evidence Act 1984 (section 1),Article for use in theft,A no further action disposal,,
Person search,2018-07-04T15:00:00+00:00,,,51.771894,-3.244045,Male,25-34,White - English/Welsh/Scottish/Northern Irish/British,White,Police and Criminal Evidence Act 1984 (section 1),Stolen goods,,,
Person search,2018-07-04T19:00:00+00:00,,,51.588274,-2.997443,Male,18-24,,,Misuse of Drugs Act 1971 (section 23),,A no further action disposal,,
Person search,2018-07-04T20:00:00+00:00,,,51.594523,-3.188620,Female,10-17,White - English/Welsh/Scottish/Northern Irish/British,White,Misuse of Drugs Act 1971 (section 23),Controlled drugs,,,
Person search,2018-07-05T18:00:00+00:00,,,,,Male,over 34,White - English/Welsh/Scottish/Northern Irish/British,White,Police and Criminal Evidence Act 1984 (section 1),,,,
Person search,2018-07-07T14:00:00+00:00,,,51.586312,-2.944485,Male,25-34,White - English/Welsh/Scottish/Northern Irish/British,White,Misuse of Drugs Act 1971 (section 23),Controlled drugs,,,
Person search,2018-07-07T20:00:00+00:00,,,,,Male,over 34,White - English/Welsh/Scottish/Northern Irish/British,White,Misuse of Drugs Act 1971 (section 23),Controlled drugs,,,
Person search,2018-07-08T01:00:00+00:00,,,51.583358,-2.999241,Male,over 34,White - English/Welsh/Scottish/Northern Irish/British,White,Misuse of Drugs Act 1971 (section 23),Controlled drugs,A no further action disposal,,
Person search,2018-07-08T02:00:00+00:00,,,51.589969,-2.995820,Male,,Other ethnic group - Not stated,,Police and Criminal Evidence Act 1984 (section 1),,A no further action disposal,,
Person search,2018-07-08T17:00:00+00:00,,,51.651568,-3.021266,Male,25-34,White - English/Welsh/Scottish/Northern Irish/British,White,Misuse of Drugs Act 1971 (section 23),Controlled drugs,A no further action disposal,,
Person search,2018-07-08T17:00:00+00:00,,,51.651568,-3.021266,Male,18-24,White - English/Welsh/Scottish/Northern Irish/British,White,Misuse of Drugs Act 1971 (section 23),Controlled drugs,A no further action disposal,,
Person search,2018-07-09T11:00:00+00:00,,,51.597519,-3.006712,Male,10-17,White - English/Welsh/Scottish/Northern Irish/British,White,Misuse of Drugs Act 1971 (section 23),Controlled drugs,A no further action disposal,,
Person search,2018-07-09T17:00:00+00:00,,,51.588274,-2.997443,Male,18-24,White - English/Welsh/Scottish/Northern Irish/British,White,Misuse of Drugs Act 1971 (section 23),,A no further action disposal,,
Person search,2018-07-09T22:00:00+00:00,,,51.653697,-3.021502,Male,25-34,White - English/Welsh/Scottish/Northern Irish/British,White,Police and Criminal Evidence Act 1984 (section 1),,A no further action disposal,,
Person search,2018-07-09T22:00:00+00:00,,,51.653697,-3.021502,Male,over 34,White - English/Welsh/Scottish/Northern Irish/British,White,Police and Criminal Evidence Act 1984 (section 1),,A no further action disposal,,
Person search,2018-07-10T14:00:00+00:00,,,51.580444,-2.989810,Male,25-34,White - English/Welsh/Scottish/Northern Irish/British,White,Misuse of Drugs Act 1971 (section 23),Controlled drugs,,,
Person search,2018-07-10T14:00:00+00:00,,,51.580444,-2.989810,Male,10-17,Asian/Asian British - Any other Asian background,Asian,Misuse of Drugs Act 1971 (section 23),Controlled drugs,,,
Person search,2018-07-12T14:00:00+00:00,,,,,Male,over 34,White - English/Welsh/Scottish/Northern Irish/British,White,Police and Criminal Evidence Act 1984 (section 1),,A no further action disposal,,
Person search,2018-07-12T17:00:00+00:00,,,51.597144,-2.999110,Male,18-24,White - English/Welsh/Scottish/Northern Irish/British,White,Police and Criminal Evidence Act 1984 (section 1),,A no further action disposal,,
Person search,2018-07-12T21:00:00+00:00,,,51.582113,-2.992315,Male,over 34,White - English/Welsh/Scottish/Northern Irish/British,White,Misuse of Drugs Act 1971 (section 23),Controlled drugs,,,
Person search,2018-07-13T22:00:00+00:00,,,51.588416,-2.998745,Male,25-34,,,Misuse of Drugs Act 1971 (section 23),,,,
Person search,2018-07-13T23:00:00+00:00,,,51.604088,-3.095575,Male,18-24,White - English/Welsh/Scottish/Northern Irish/British,White,Misuse of Drugs Act 1971 (section 23),Controlled drugs,Penalty Notice for Disorder,,
Person search,2018-07-14T00:00:00+00:00,,,51.652668,-3.254756,Male,18-24,White - English/Welsh/Scottish/Northern Irish/British,White,Misuse of Drugs Act 1971 (section 23),Controlled drugs,A no further action disposal,,
Person search,2018-07-14T06:00:00+00:00,,,51.589626,-2.999219,Male,18-24,White - English/Welsh/Scottish/Northern Irish/British,White,Misuse of Drugs Act 1971 (section 23),Controlled drugs,A no further action disposal,,
Person search,2018-07-14T14:00:00+00:00,,,,,Male,18-24,White - English/Welsh/Scottish/Northern Irish/British,White,Police and Criminal Evidence Act 1984 (section 1),Stolen goods,A no further action disposal,,
Person search,2018-07-14T21:00:00+00:00,,,51.545452,-3.078144,Male,25-34,,,Police and Criminal Evidence Act 1984 (section 1),,,,
Person search,2018-07-14T23:00:00+00:00,,,51.585823,-2.786485,Male,over 34,White - English/Welsh/Scottish/Northern Irish/British,White,Police and Criminal Evidence Act 1984 (section 1),,A no further action disposal,,
Person search,2018-07-15T17:00:00+00:00,,,,,,,Other ethnic group - Not stated,,Misuse of Drugs Act 1971 (section 23),,,,
Person search,2018-07-17T04:00:00+00:00,,,51.576793,-2.986628,Male,25-34,White - English/Welsh/Scottish/Northern Irish/British,White,Misuse of Drugs Act 1971 (section 23),Controlled drugs,A no further action disposal,,
Person search,2018-07-17T16:00:00+00:00,,,51.585325,-2.998461,Male,18-24,White - English/Welsh/Scottish/Northern Irish/British,White,Misuse of Drugs Act 1971 (section 23),Controlled drugs,A no further action disposal,,
Person search,2018-07-17T17:00:00+00:00,,,51.594859,-2.998208,Male,10-17,White - English/Welsh/Scottish/Northern Irish/British,White,Misuse of Drugs Act 1971 (section 23),Controlled drugs,A no further action disposal,,
Person search,2018-07-17T18:00:00+00:00,,,51.591136,-2.982204,Male,18-24,White - English/Welsh/Scottish/Northern Irish/British,White,Misuse of Drugs Act 1971 (section 23),Controlled drugs,Penalty Notice for Disorder,,
Person search,2018-07-17T22:00:00+00:00,,,51.587250,-2.945256,Male,over 34,White - English/Welsh/Scottish/Northern Irish/British,White,Misuse of Drugs Act 1971 (section 23),Controlled drugs,,,
Person search,2018-07-18T00:00:00+00:00,,,,,Male,over 34,White - English/Welsh/Scottish/Northern Irish/British,White,Police and Criminal Evidence Act 1984 (section 1),Stolen goods,A no further action disposal,,
Person search,2018-07-18T08:00:00+00:00,,,51.587085,-2.994487,Male,10-17,Asian/Asian British - Any other Asian background,Asian,Police and Criminal Evidence Act 1984 (section 1),Controlled drugs,A no further action disposal,,
Person search,2018-07-18T18:00:00+00:00,,,51.585761,-3.008488,Male,18-24,White - English/Welsh/Scottish/Northern Irish/British,White,Police and Criminal Evidence Act 1984 (section 1),,A no further action disposal,,
Person search,2018-07-19T16:00:00+00:00,,,51.589588,-2.958469,Male,10-17,White - English/Welsh/Scottish/Northern Irish/British,White,Misuse of Drugs Act 1971 (section 23),Controlled drugs,A no further action disposal,,
Person search,2018-07-19T19:00:00+00:00,,,51.594013,-2.925835,Male,25-34,White - Any other White background,White,Misuse of Drugs Act 1971 (section 23),Controlled drugs,,,
Person search,2018-07-20T14:00:00+00:00,,,51.637511,-3.236664,Male,10-17,,,Misuse of Drugs Act 1971 (section 23),,,,
Person search,2018-07-20T15:00:00+00:00,,,51.581765,-2.993072,Female,10-17,White - English/Welsh/Scottish/Northern Irish/British,White,Police and Criminal Evidence Act 1984 (section 1),,,,
Person search,2018-07-20T16:00:00+00:00,,,51.581765,-2.993072,Male,10-17,White - English/Welsh/Scottish/Northern Irish/British,White,Misuse of Drugs Act 1971 (section 23),Controlled drugs,A no further action disposal,,
Person search,2018-07-20T16:00:00+00:00,,,51.581765,-2.993072,Male,10-17,,,Misuse of Drugs Act 1971 (section 23),,,,
Person search,2018-07-21T17:00:00+00:00,,,51.580886,-2.990671,Male,18-24,Asian/Asian British - Pakistani,Asian,Misuse of Drugs Act 1971 (section 23),Controlled drugs,,,
Person search,2018-07-23T06:00:00+00:00,,,,,Male,over 34,White - English/Welsh/Scottish/Northern Irish/British,White,Misuse of Drugs Act 1971 (section 23),Controlled drugs,A no further action disposal,,
Person search,2018-07-23T06:00:00+00:00,,,,,Male,,Other ethnic group - Not stated,,Misuse of Drugs Act 1971 (section 23),Controlled drugs,A no further action disposal,,
Person search,2018-07-23T16:00:00+00:00,,,51.584713,-2.958626,Male,10-17,White - English/Welsh/Scottish/Northern Irish/British,White,Police and Criminal Evidence Act 1984 (section 1),,A no further action disposal,,
Person search,2018-07-23T16:00:00+00:00,,,51.584275,-2.959497,Male,10-17,White - English/Welsh/Scottish/Northern Irish/British,White,Police and Criminal Evidence Act 1984 (section 1),,A no further action disposal,,
Person search,2018-07-23T16:00:00+00:00,,,51.584713,-2.958626,Male,10-17,White - English/Welsh/Scottish/Northern Irish/British,White,Police and Criminal Evidence Act 1984 (section 1),,A no further action disposal,,
Person search,2018-07-23T16:00:00+00:00,,,51.584713,-2.958626,Male,18-24,,,Police and Criminal Evidence Act 1984 (section 1),,A no further action disposal,,
Person search,2018-07-23T17:00:00+00:00,,,51.583579,-2.988074,Female,over 34,White - English/Welsh/Scottish/Northern Irish/British,White,Police and Criminal Evidence Act 1984 (section 1),Controlled drugs,A no further action disposal,,
Person search,2018-07-23T20:00:00+00:00,,,,,Male,18-24,White - English/Welsh/Scottish/Northern Irish/British,White,Misuse of Drugs Act 1971 (section 23),Controlled drugs,A no further action disposal,,
Person search,2018-07-23T20:00:00+00:00,,,,,Male,18-24,White - English/Welsh/Scottish/Northern Irish/British,White,Misuse of Drugs Act 1971 (section 23),,A no further action disposal,,
Person search,2018-07-23T21:00:00+00:00,,,51.841435,-2.683259,,over 34,,,Misuse of Drugs Act 1971 (section 23),,A no further action disposal,,
Person search,2018-07-27T12:00:00+00:00,,,51.689231,-3.228960,Male,over 34,White - English/Welsh/Scottish/Northern Irish/British,White,Misuse of Drugs Act 1971 (section 23),Controlled drugs,,,
Person search,2018-07-27T16:00:00+00:00,,,,,Male,18-24,White - English/Welsh/Scottish/Northern Irish/British,White,Misuse of Drugs Act 1971 (section 23),,,,
Person search,2018-07-27T16:00:00+00:00,,,51.506167,-3.115644,Male,18-24,,,Police and Criminal Evidence Act 1984 (section 1),Offensive weapons,A no further action disposal,,
Person search,2018-07-27T21:00:00+00:00,,,51.587828,-2.727887,Male,25-34,White - English/Welsh/Scottish/Northern Irish/British,White,Police and Criminal Evidence Act 1984 (section 1),,A no further action disposal,,
Person search,2018-07-27T23:00:00+00:00,,,51.592485,-2.991819,Male,18-24,,,Misuse of Drugs Act 1971 (section 23),,,,
Person search,2018-07-27T23:00:00+00:00,,,51.592485,-2.991819,Male,18-24,,,Misuse of Drugs Act 1971 (section 23),,,,
Person search,2018-07-27T23:00:00+00:00,,,51.592485,-2.991819,Male,,Other ethnic group - Not stated,,Misuse of Drugs Act 1971 (section 23),Controlled drugs,A no further action disposal,,
Person search,2018-07-28T01:00:00+00:00,,,51.660998,-3.202822,Male,18-24,White - English/Welsh/Scottish/Northern Irish/British,White,Police and Criminal Evidence Act 1984 (section 1),,A no further action disposal,,
Person search,2018-07-28T19:00:00+00:00,,,51.575970,-3.225656,Male,10-17,White - English/Welsh/Scottish/Northern Irish/British,White,Misuse of Drugs Act 1971 (section 23),Controlled drugs,A no further action disposal,,
Person search,2018-07-29T18:00:00+00:00,,,51.788794,-3.261242,Male,25-34,,,Police and Criminal Evidence Act 1984 (section 1),,A no further action disposal,,
Person search,2018-07-29T18:00:00+00:00,,,51.578744,-2.993049,Male,over 34,Black/African/Caribbean/Black British - Caribbean,Black,Misuse of Drugs Act 1971 (section 23),,,,
Person search,2018-07-29T18:00:00+00:00,,,51.578744,-2.993049,Male,over 34,Black/African/Caribbean/Black British - Any other Black/African/Caribbean background,Black,Misuse of Drugs Act 1971 (section 23),Controlled drugs,,,
Person search,2018-07-29T19:00:00+00:00,,,51.616207,-3.007415,Male,25-34,White - English/Welsh/Scottish/Northern Irish/British,White,Police and Criminal Evidence Act 1984 (section 1),Stolen goods,A no further action disposal,,
Person search,2018-07-30T19:00:00+00:00,,,51.522799,-3.124468,Male,over 34,White - English/Welsh/Scottish/Northern Irish/British,White,Police and Criminal Evidence Act 1984 (section 1),,A no further action disposal,,
Person search,2018-07-31T15:00:00+00:00,,,51.597144,-2.999110,Male,10-17,Mixed/Multiple ethnic groups - White and Black African,,Misuse of Drugs Act 1971 (section 23),Controlled drugs,,,
