Type,Date,Part of a policing operation,Policing operation,Latitude,Longitude,Gender,Age range,Self-defined ethnicity,Officer-defined ethnicity,Legislation,Object of search,Outcome,Outcome linked to object of search,Removal of more than just outer clothing
Person search,2018-03-01T01:30:00+00:00,,,54.887080,-1.393558,Male,25-34,Asian/Asian British - Any other Asian background,Asian,Police and Criminal Evidence Act 1984 (section 1),Article for use in theft,Nothing found - no further action,,False
Person search,2018-03-01T01:30:00+00:00,,,54.887080,-1.393558,Male,25-34,Asian/Asian British - Any other Asian background,Asian,Police and Criminal Evidence Act 1984 (section 1),Article for use in theft,Nothing found - no further action,,False
Person search,2018-03-01T02:00:00+00:00,,,54.970394,-1.611184,Male,18-24,White - English/Welsh/Scottish/Northern Irish/British,White,Misuse of Drugs Act 1971 (section 23),Controlled drugs,Nothing found - no further action,,False
Person search,2018-03-02T02:30:00+00:00,,,54.866327,-1.443525,Male,25-34,White - English/Welsh/Scottish/Northern Irish/British,White,Police and Criminal Evidence Act 1984 (section 1),Offensive weapons,Suspect arrested,True,False
Person search,2018-03-02T16:40:00+00:00,,,54.977988,-1.614126,Male,over 34,White - English/Welsh/Scottish/Northern Irish/British,White,Police and Criminal Evidence Act 1984 (section 1),Article for use in theft,Suspect arrested,False,False
Person search,2018-03-02T18:13:00+00:00,,,54.978598,-1.622448,Male,25-34,White - English/Welsh/Scottish/Northern Irish/British,White,Misuse of Drugs Act 1971 (section 23),Controlled drugs,Nothing found - no further action,,False
Person search,2018-03-03T04:00:00+00:00,,,54.975272,-1.599545,Male,18-24,Black/African/Caribbean/Black British - African,Black,Misuse of Drugs Act 1971 (section 23),Controlled drugs,Nothing found - no further action,,False
Person search,2018-03-03T05:45:00+00:00,,,54.894239,-1.371669,Male,18-24,White - English/Welsh/Scottish/Northern Irish/British,White,Police and Criminal Evidence Act 1984 (section 1),Stolen goods,Nothing found - no further action,,False
Person search,2018-03-03T15:25:00+00:00,,,54.946481,-1.613835,Male,18-24,White - English/Welsh/Scottish/Northern Irish/British,White,Police and Criminal Evidence Act 1984 (section 1),Stolen goods,Nothing found - no further action,,False
Person search,2018-03-03T17:47:00+00:00,,,54.974045,-1.611977,Male,25-34,White - English/Welsh/Scottish/Northern Irish/British,White,Misuse of Drugs Act 1971 (section 23),Controlled drugs,Nothing found - no further action,,False
Person search,2018-03-03T20:10:00+00:00,,,54.893298,-1.578266,Male,18-24,White - English/Welsh/Scottish/Northern Irish/British,White,Misuse of Drugs Act 1971 (section 23),Controlled drugs,Nothing found - no further action,True,False
Person search,2018-03-03T21:10:00+00:00,,,54.973470,-1.611983,Male,over 34,White - English/Welsh/Scottish/Northern Irish/British,White,Misuse of Drugs Act 1971 (section 23),Controlled drugs,Nothing found - no further action,True,False
Person search,2018-03-03T23:25:00+00:00,,,54.971249,-1.614472,Male,over 34,White - English/Welsh/Scottish/Northern Irish/British,White,Police and Criminal Evidence Act 1984 (section 1),Stolen goods,Suspect arrested,False,False
Person search,2018-03-04T00:10:00+00:00,,,54.970526,-1.618837,Male,18-24,Black/African/Caribbean/Black British - Caribbean,Black,Police and Criminal Evidence Act 1984 (section 1),Offensive weapons,Nothing found - no further action,True,False
Person search,2018-03-04T02:30:00+00:00,,,54.969906,-1.613189,Male,18-24,Black/African/Caribbean/Black British - Caribbean,Other,Misuse of Drugs Act 1971 (section 23),Controlled drugs,Suspect summonsed to court,True,False
Person search,2018-03-04T07:10:00+00:00,,,54.972264,-1.617134,Male,25-34,White - English/Welsh/Scottish/Northern Irish/British,White,Misuse of Drugs Act 1971 (section 23),Controlled drugs,Nothing found - no further action,,False
Person search,2018-03-04T14:50:00+00:00,,,54.970486,-1.656937,Male,10-17,White - Any other White background,Other,Police and Criminal Evidence Act 1984 (section 1),Stolen goods,Suspect arrested,False,False
Person search,2018-03-04T14:50:00+00:00,,,54.970486,-1.656937,Male,10-17,Mixed/Multiple ethnic groups - Any other Mixed/Multiple ethnic background,Black,Police and Criminal Evidence Act 1984 (section 1),Stolen goods,Suspect arrested,True,True
Person search,2018-03-04T15:00:00+00:00,,,54.975165,-1.611154,Male,over 34,White - English/Welsh/Scottish/Northern Irish/British,White,Misuse of Drugs Act 1971 (section 23),Controlled drugs,Nothing found - no further action,True,False
Person search,2018-03-04T18:40:00+00:00,,,55.180514,-1.565175,Male,25-34,White - English/Welsh/Scottish/Northern Irish/British,White,Police and Criminal Evidence Act 1984 (section 1),Stolen goods,Nothing found - no further action,,False
Person search,2018-03-04T19:15:00+00:00,,,54.973784,-1.603684,Male,18-24,Asian/Asian British - Pakistani,Asian,Misuse of Drugs Act 1971 (section 23),Controlled drugs,Suspect arrested,True,False
Person search,2018-03-04T19:15:00+00:00,,,54.973784,-1.603684,Male,18-24,White - English/Welsh/Scottish/Northern Irish/British,White,Misuse of Drugs Act 1971 (section 23),Controlled drugs,Suspect arrested,True,False
Person and Vehicle search,2018-03-04T21:10:00+00:00,,,55.213144,-1.546070,Male,25-34,White - English/Welsh/Scottish/Northern Irish/British,White,Misuse of Drugs Act 1971 (section 23),Controlled drugs,Nothing found - no further action,True,False
Person and Vehicle search,2018-03-04T21:20:00+00:00,,,55.213144,-1.546070,Female,25-34,White - English/Welsh/Scottish/Northern Irish/British,White,Misuse of Drugs Act 1971 (section 23),Controlled drugs,Nothing found - no further action,True,False
Person search,2018-03-04T21:21:00+00:00,,,54.976148,-1.656873,Male,25-34,White - English/Welsh/Scottish/Northern Irish/British,White,Police and Criminal Evidence Act 1984 (section 1),Offensive weapons,Suspect arrested,True,False
Person search,2018-03-05T11:49:00+00:00,,,54.979211,-1.574085,Male,25-34,Asian/Asian British - Any other Asian background,White,Police and Criminal Evidence Act 1984 (section 1),Offensive weapons,Nothing found - no further action,,False
Person search,2018-03-05T14:30:00+00:00,,,54.956052,-1.608528,Male,18-24,Other ethnic group - Not stated,Asian,Police and Criminal Evidence Act 1984 (section 1),Article for use in theft,Nothing found - no further action,True,False
Person search,2018-03-05T14:45:00+00:00,,,54.904854,-1.382499,Male,25-34,White - English/Welsh/Scottish/Northern Irish/British,White,Police and Criminal Evidence Act 1984 (section 1),Offensive weapons,Suspect arrested,True,False
Person search,2018-03-05T17:22:00+00:00,,,54.980638,-1.498149,Male,over 34,White - English/Welsh/Scottish/Northern Irish/British,White,Police and Criminal Evidence Act 1984 (section 1),Article for use in theft,Nothing found - no further action,,False
Person search,2018-03-05T17:50:00+00:00,,,54.980638,-1.498149,Male,over 34,White - English/Welsh/Scottish/Northern Irish/British,White,Police and Criminal Evidence Act 1984 (section 1),Article for use in theft,Nothing found - no further action,,True
Person search,2018-03-05T18:52:00+00:00,,,54.968894,-1.780788,Male,18-24,White - English/Welsh/Scottish/Northern Irish/British,White,Misuse of Drugs Act 1971 (section 23),Controlled drugs,Suspect summonsed to court,True,False
Person search,2018-03-06T00:28:00+00:00,,,55.133556,-1.589462,Male,18-24,White - English/Welsh/Scottish/Northern Irish/British,White,Police and Criminal Evidence Act 1984 (section 1),Stolen goods,Suspect arrested,True,False
Person search,2018-03-06T00:41:00+00:00,,,54.975644,-1.600901,Male,18-24,White - English/Welsh/Scottish/Northern Irish/British,White,Police and Criminal Evidence Act 1984 (section 1),Article for use in theft,Nothing found - no further action,,False
Person search,2018-03-06T00:45:00+00:00,,,54.975644,-1.600901,Male,18-24,White - English/Welsh/Scottish/Northern Irish/British,White,Police and Criminal Evidence Act 1984 (section 1),Article for use in theft,Nothing found - no further action,,False
Person search,2018-03-06T13:25:00+00:00,,,54.976380,-1.571537,Male,over 34,White - English/Welsh/Scottish/Northern Irish/British,White,Misuse of Drugs Act 1971 (section 23),Controlled drugs,Suspect summonsed to court,True,False
Person search,2018-03-06T14:00:00+00:00,,,54.973862,-1.597091,Male,over 34,White - English/Welsh/Scottish/Northern Irish/British,White,Police and Criminal Evidence Act 1984 (section 1),Offensive weapons,Nothing found - no further action,,False
Person search,2018-03-06T15:50:00+00:00,,,54.976148,-1.656873,Male,over 34,Asian/Asian British - Any other Asian background,Other,Misuse of Drugs Act 1971 (section 23),Controlled drugs,Nothing found - no further action,,False
Person search,2018-03-07T01:00:00+00:00,,,54.950283,-1.628600,Male,25-34,White - English/Welsh/Scottish/Northern Irish/British,White,Police and Criminal Evidence Act 1984 (section 1),Article for use in theft,Nothing found - no further action,,True
Person search,2018-03-07T07:45:00+00:00,,,54.979048,-1.655973,Male,25-34,White - English/Welsh/Scottish/Northern Irish/British,White,Police and Criminal Evidence Act 1984 (section 1),Stolen goods,Suspect summonsed to court,True,False
Person search,2018-03-07T12:20:00+00:00,,,54.976188,-1.585991,Female,18-24,White - English/Welsh/Scottish/Northern Irish/British,White,Misuse of Drugs Act 1971 (section 23),Controlled drugs,Suspect arrested,True,False
Person search,2018-03-07T20:09:00+00:00,,,54.967464,-1.622615,Male,25-34,White - English/Welsh/Scottish/Northern Irish/British,White,Police and Criminal Evidence Act 1984 (section 1),Offensive weapons,Nothing found - no further action,,False
Person search,2018-03-07T20:15:00+00:00,,,54.977734,-1.610598,Male,25-34,White - English/Welsh/Scottish/Northern Irish/British,White,Police and Criminal Evidence Act 1984 (section 1),Offensive weapons,Nothing found - no further action,,False
Person search,2018-03-08T17:00:00+00:00,,,55.769790,-2.003879,Male,over 34,White - English/Welsh/Scottish/Northern Irish/British,White,Police and Criminal Evidence Act 1984 (section 1),Stolen goods,Suspect arrested,True,False
Person search,2018-03-08T18:50:00+00:00,,,55.002578,-1.459245,Male,10-17,White - English/Welsh/Scottish/Northern Irish/British,White,Police and Criminal Evidence Act 1984 (section 1),Offensive weapons,Nothing found - no further action,,False
Person search,2018-03-08T19:12:00+00:00,,,54.977988,-1.614126,Male,10-17,White - English/Welsh/Scottish/Northern Irish/British,Mixed,Police and Criminal Evidence Act 1984 (section 1),Stolen goods,Nothing found - no further action,,False
Person search,2018-03-08T21:20:00+00:00,,,54.978019,-1.601580,Male,25-34,Black/African/Caribbean/Black British - Any other Black/African/Caribbean background,Black,Misuse of Drugs Act 1971 (section 23),Controlled drugs,Suspect summonsed to court,True,False
Person search,2018-03-08T21:20:00+00:00,,,54.973606,-1.601202,Female,18-24,White - English/Welsh/Scottish/Northern Irish/British,White,Misuse of Drugs Act 1971 (section 23),Controlled drugs,Nothing found - no further action,True,False
Person search,2018-03-09T09:20:00+00:00,,,54.978605,-1.599309,Male,10-17,White - English/Welsh/Scottish/Northern Irish/British,White,Misuse of Drugs Act 1971 (section 23),Controlled drugs,Nothing found - no further action,True,False
Person search,2018-03-09T15:40:00+00:00,,,54.977734,-1.610598,Male,25-34,White - English/Welsh/Scottish/Northern Irish/British,White,Misuse of Drugs Act 1971 (section 23),Controlled drugs,Nothing found - no further action,True,True
Person search,2018-03-09T16:00:00+00:00,,,54.975785,-2.094831,Male,25-34,White - English/Welsh/Scottish/Northern Irish/British,White,Misuse of Drugs Act 1971 (section 23),Controlled drugs,Nothing found - no further action,,False
Person search,2018-03-09T19:11:00+00:00,,,54.974045,-1.611977,Male,25-34,White - English/Welsh/Scottish/Northern Irish/British,White,Police and Criminal Evidence Act 1984 (section 1),Stolen goods,Suspect summonsed to court,True,False
Person search,2018-03-09T23:46:00+00:00,,,54.985516,-1.661841,Female,over 34,White - English/Welsh/Scottish/Northern Irish/British,White,Police and Criminal Evidence Act 1984 (section 1),Offensive weapons,Nothing found - no further action,True,False
Person search,2018-03-10T01:00:00+00:00,,,54.969906,-1.613189,Male,25-34,White - English/Welsh/Scottish/Northern Irish/British,Mixed,Police and Criminal Evidence Act 1984 (section 1),Offensive weapons,Nothing found - no further action,True,False
Person search,2018-03-10T05:50:00+00:00,,,55.119138,-1.523994,Male,10-17,White - English/Welsh/Scottish/Northern Irish/British,White,Police and Criminal Evidence Act 1984 (section 1),Stolen goods,Suspect arrested,True,False
Person search,2018-03-10T12:48:00+00:00,,,54.907075,-1.402584,Male,25-34,White - English/Welsh/Scottish/Northern Irish/British,White,Police and Criminal Evidence Act 1984 (section 1),Stolen goods,Suspect arrested,False,False
Person search,2018-03-10T14:14:00+00:00,,,54.906817,-1.386805,Female,18-24,White - English/Welsh/Scottish/Northern Irish/British,White,Police and Criminal Evidence Act 1984 (section 1),Offensive weapons,Nothing found - no further action,,False
Person search,2018-03-10T19:04:00+00:00,,,54.973606,-1.601202,Male,25-34,Black/African/Caribbean/Black British - Any other Black/African/Caribbean background,Black,Misuse of Drugs Act 1971 (section 23),Controlled drugs,Nothing found - no further action,True,True
Person search,2018-03-10T19:10:00+00:00,,,54.965633,-1.617415,Female,18-24,White - English/Welsh/Scottish/Northern Irish/British,White,Misuse of Drugs Act 1971 (section 23),Controlled drugs,Nothing found - no further action,True,True
Person search,2018-03-10T19:30:00+00:00,,,55.021527,-1.566489,Male,18-24,White - English/Welsh/Scottish/Northern Irish/British,White,Misuse of Drugs Act 1971 (section 23),Controlled drugs,Nothing found - no further action,True,False
Person search,2018-03-10T19:56:00+00:00,,,55.126273,-1.512666,Female,over 34,Other ethnic group - Not stated,,Police and Criminal Evidence Act 1984 (section 1),Stolen goods,Nothing found - no further action,True,False
Person search,2018-03-10T19:56:00+00:00,,,55.126273,-1.512666,Female,over 34,White - English/Welsh/Scottish/Northern Irish/British,White,Police and Criminal Evidence Act 1984 (section 1),Stolen goods,Nothing found - no further action,,False
Person search,2018-03-10T21:24:00+00:00,,,55.015582,-1.420427,Male,18-24,White - English/Welsh/Scottish/Northern Irish/British,White,Misuse of Drugs Act 1971 (section 23),Controlled drugs,Offender given drugs possession warning,True,False
Person search,2018-03-10T23:20:00+00:00,,,54.893298,-1.578266,Male,10-17,White - English/Welsh/Scottish/Northern Irish/British,White,Police and Criminal Evidence Act 1984 (section 1),Article for use in theft,Suspect arrested,False,False
Person search,2018-03-11T01:25:00+00:00,,,55.766088,-2.010094,Male,over 34,White - English/Welsh/Scottish/Northern Irish/British,White,Police and Criminal Evidence Act 1984 (section 1),Offensive weapons,Nothing found - no further action,,False
Person search,2018-03-11T02:50:00+00:00,,,54.979384,-1.569662,Male,25-34,White - English/Welsh/Scottish/Northern Irish/British,White,Misuse of Drugs Act 1971 (section 23),Controlled drugs,Nothing found - no further action,,False
Person search,2018-03-11T04:40:00+00:00,,,54.978246,-1.602375,Female,over 34,White - English/Welsh/Scottish/Northern Irish/British,White,Police and Criminal Evidence Act 1984 (section 1),Stolen goods,Nothing found - no further action,,True
Person search,2018-03-11T11:49:00+00:00,,,54.983402,-1.728956,Male,25-34,White - English/Welsh/Scottish/Northern Irish/British,White,Police and Criminal Evidence Act 1984 (section 1),Offensive weapons,Nothing found - no further action,True,False
Person search,2018-03-11T19:40:00+00:00,,,54.976824,-1.598905,Male,over 34,Asian/Asian British - Any other Asian background,Asian,Misuse of Drugs Act 1971 (section 23),Controlled drugs,Suspect arrested,True,True
Person search,2018-03-12T01:30:00+00:00,,,54.998322,-1.517937,Male,18-24,White - English/Welsh/Scottish/Northern Irish/British,White,Police and Criminal Evidence Act 1984 (section 1),Stolen goods,Nothing found - no further action,,False
Person search,2018-03-12T01:33:00+00:00,,,54.998322,-1.517937,Male,over 34,White - English/Welsh/Scottish/Northern Irish/British,White,Police and Criminal Evidence Act 1984 (section 1),Stolen goods,Nothing found - no further action,,False
Person search,2018-03-12T09:20:00+00:00,,,54.974045,-1.611977,Male,over 34,White - English/Welsh/Scottish/Northern Irish/British,White,Police and Criminal Evidence Act 1984 (section 1),Offensive weapons,Nothing found - no further action,True,False
Person search,2018-03-12T14:30:00+00:00,,,55.133214,-1.583914,Male,18-24,White - English/Welsh/Scottish/Northern Irish/British,White,Police and Criminal Evidence Act 1984 (section 1),Stolen goods,Nothing found - no further action,,True
Person search,2018-03-13T00:25:00+00:00,,,54.986430,-1.575087,Male,over 34,White - English/Welsh/Scottish/Northern Irish/British,White,Police and Criminal Evidence Act 1984 (section 1),Article for use in theft,Nothing found - no further action,True,False
Person search,2018-03-13T13:06:00+00:00,,,54.970970,-1.571361,Male,25-34,White - English/Welsh/Scottish/Northern Irish/British,White,Misuse of Drugs Act 1971 (section 23),Controlled drugs,Nothing found - no further action,,False
Person search,2018-03-13T15:10:00+00:00,,,54.954725,-1.728165,Male,over 34,White - English/Welsh/Scottish/Northern Irish/British,White,Misuse of Drugs Act 1971 (section 23),Controlled drugs,Nothing found - no further action,,False
Person search,2018-03-13T16:50:00+00:00,,,55.126582,-1.553372,Male,10-17,White - English/Welsh/Scottish/Northern Irish/British,White,Misuse of Drugs Act 1971 (section 23),Controlled drugs,Nothing found - no further action,,False
Person search,2018-03-13T21:03:00+00:00,,,54.904436,-1.385079,Female,over 34,White - English/Welsh/Scottish/Northern Irish/British,White,Police and Criminal Evidence Act 1984 (section 1),Stolen goods,Suspect arrested,True,False
Person search,2018-03-13T21:59:00+00:00,,,54.910036,-1.530597,Male,18-24,White - English/Welsh/Scottish/Northern Irish/British,White,Misuse of Drugs Act 1971 (section 23),Controlled drugs,Nothing found - no further action,,False
Person search,2018-03-13T22:10:00+00:00,,,54.912632,-1.505500,Male,25-34,White - English/Welsh/Scottish/Northern Irish/British,White,Police and Criminal Evidence Act 1984 (section 1),Stolen goods,Nothing found - no further action,,False
Person search,2018-03-13T22:10:00+00:00,,,54.912632,-1.505500,Male,25-34,White - English/Welsh/Scottish/Northern Irish/British,White,Police and Criminal Evidence Act 1984 (section 1),Stolen goods,Nothing found - no further action,,False
Person search,2018-03-13T22:25:00+00:00,,,55.545645,-2.014569,Male,25-34,White - English/Welsh/Scottish/Northern Irish/British,White,Police and Criminal Evidence Act 1984 (section 1),Stolen goods,Nothing found - no further action,True,False
Person search,2018-03-14T00:15:00+00:00,,,54.995626,-1.605345,Male,over 34,White - English/Welsh/Scottish/Northern Irish/British,White,Police and Criminal Evidence Act 1984 (section 1),Stolen goods,Nothing found - no further action,,False
Person search,2018-03-14T14:58:00+00:00,,,54.991223,-1.482888,Male,over 34,White - English/Welsh/Scottish/Northern Irish/British,White,Misuse of Drugs Act 1971 (section 23),Controlled drugs,Nothing found - no further action,,False
Person search,2018-03-14T15:00:00+00:00,,,54.904854,-1.382499,Male,over 34,White - English/Welsh/Scottish/Northern Irish/British,White,Police and Criminal Evidence Act 1984 (section 1),Offensive weapons,Nothing found - no further action,True,False
Person search,2018-03-14T15:10:00+00:00,,,54.974308,-1.612740,Female,over 34,White - English/Welsh/Scottish/Northern Irish/British,White,Misuse of Drugs Act 1971 (section 23),Controlled drugs,Suspect summonsed to court,True,True
Person search,2018-03-14T15:20:00+00:00,,,54.974308,-1.612740,Female,25-34,White - English/Welsh/Scottish/Northern Irish/British,White,Police and Criminal Evidence Act 1984 (section 1),Article for use in theft,Nothing found - no further action,,False
Person search,2018-03-14T15:35:00+00:00,,,54.965633,-1.617415,Female,25-34,White - English/Welsh/Scottish/Northern Irish/British,White,Misuse of Drugs Act 1971 (section 23),Controlled drugs,Nothing found - no further action,True,True
Person search,2018-03-14T15:55:00+00:00,,,54.974644,-1.616721,Male,25-34,White - English/Welsh/Scottish/Northern Irish/British,White,Misuse of Drugs Act 1971 (section 23),Controlled drugs,Suspect arrested,True,False
Person search,2018-03-14T16:15:00+00:00,,,54.977334,-1.617664,Male,18-24,White - English/Welsh/Scottish/Northern Irish/British,White,Misuse of Drugs Act 1971 (section 23),Controlled drugs,Nothing found - no further action,,False
Person and Vehicle search,2018-03-14T19:30:00+00:00,,,55.159963,-1.678385,Male,25-34,White - English/Welsh/Scottish/Northern Irish/British,White,Misuse of Drugs Act 1971 (section 23),Controlled drugs,Nothing found - no further action,,False
Person search,2018-03-15T00:50:00+00:00,,,54.962779,-1.677556,Male,over 34,White - English/Welsh/Scottish/Northern Irish/British,White,Misuse of Drugs Act 1971 (section 23),Controlled drugs,Nothing found - no further action,True,True
Person search,2018-03-15T01:19:00+00:00,,,54.899938,-1.400476,Male,25-34,White - English/Welsh/Scottish/Northern Irish/British,White,Police and Criminal Evidence Act 1984 (section 1),Article for use in theft,Nothing found - no further action,,False
Person search,2018-03-15T10:15:00+00:00,,,54.972537,-1.604071,Male,over 34,White - English/Welsh/Scottish/Northern Irish/British,White,Misuse of Drugs Act 1971 (section 23),Controlled drugs,Suspect summonsed to court,True,False
Person search,2018-03-15T13:55:00+00:00,,,54.972619,-1.612959,Male,18-24,White - English/Welsh/Scottish/Northern Irish/British,White,Police and Criminal Evidence Act 1984 (section 1),Offensive weapons,Nothing found - no further action,,False
Person search,2018-03-15T15:05:00+00:00,,,54.970526,-1.618837,Male,18-24,White - English/Welsh/Scottish/Northern Irish/British,White,Misuse of Drugs Act 1971 (section 23),Controlled drugs,Nothing found - no further action,True,False
Person search,2018-03-15T16:15:00+00:00,,,54.975767,-1.608133,Male,10-17,Other ethnic group - Not stated,Other,Misuse of Drugs Act 1971 (section 23),Controlled drugs,Nothing found - no further action,,False
Person search,2018-03-15T16:15:00+00:00,,,54.975767,-1.608133,Male,10-17,White - English/Welsh/Scottish/Northern Irish/British,White,Misuse of Drugs Act 1971 (section 23),Controlled drugs,Nothing found - no further action,,False
Person search,2018-03-15T16:17:00+00:00,,,54.975767,-1.608133,Male,10-17,White - English/Welsh/Scottish/Northern Irish/British,White,Misuse of Drugs Act 1971 (section 23),Controlled drugs,Nothing found - no further action,,False
Person search,2018-03-16T02:20:00+00:00,,,54.987674,-1.599859,Male,over 34,White - English/Welsh/Scottish/Northern Irish/British,White,Police and Criminal Evidence Act 1984 (section 1),Article for use in theft,Nothing found - no further action,True,False
Person search,2018-03-16T04:55:00+00:00,,,54.917611,-1.512272,Female,25-34,White - English/Welsh/Scottish/Northern Irish/British,White,Police and Criminal Evidence Act 1984 (section 1),Stolen goods,Nothing found - no further action,,False
Person search,2018-03-16T05:29:00+00:00,,,54.978866,-1.548247,Male,over 34,White - English/Welsh/Scottish/Northern Irish/British,White,Police and Criminal Evidence Act 1984 (section 1),Stolen goods,Nothing found - no further action,,True
Person search,2018-03-16T10:00:00+00:00,,,54.990158,-1.657098,Male,18-24,White - English/Welsh/Scottish/Northern Irish/British,White,Police and Criminal Evidence Act 1984 (section 1),Offensive weapons,Nothing found - no further action,,False
Person search,2018-03-16T14:20:00+00:00,,,54.965350,-1.688359,Male,18-24,White - English/Welsh/Scottish/Northern Irish/British,White,Misuse of Drugs Act 1971 (section 23),Controlled drugs,Nothing found - no further action,,False
Person search,2018-03-16T14:23:00+00:00,,,54.965350,-1.688359,Male,25-34,White - English/Welsh/Scottish/Northern Irish/British,White,Misuse of Drugs Act 1971 (section 23),Controlled drugs,Nothing found - no further action,,False
Person search,2018-03-16T17:05:00+00:00,,,54.974308,-1.612740,Female,18-24,White - English/Welsh/Scottish/Northern Irish/British,White,Police and Criminal Evidence Act 1984 (section 1),Stolen goods,Offender given penalty notice,True,False
Person search,2018-03-16T17:45:00+00:00,,,55.030865,-1.701321,Male,25-34,White - English/Welsh/Scottish/Northern Irish/British,White,Police and Criminal Evidence Act 1984 (section 1),Stolen goods,Nothing found - no further action,True,False
Person search,2018-03-16T22:30:00+00:00,,,54.974543,-1.583289,Male,10-17,White - English/Welsh/Scottish/Northern Irish/British,White,Police and Criminal Evidence Act 1984 (section 1),Offensive weapons,Offender given drugs possession warning,False,False
Person search,2018-03-16T22:45:00+00:00,,,54.904436,-1.385079,Male,25-34,White - English/Welsh/Scottish/Northern Irish/British,White,Misuse of Drugs Act 1971 (section 23),Controlled drugs,Nothing found - no further action,,False
Person search,2018-03-16T23:50:00+00:00,,,54.931745,-1.605845,Male,25-34,White - English/Welsh/Scottish/Northern Irish/British,White,Police and Criminal Evidence Act 1984 (section 1),Article for use in theft,Nothing found - no further action,,False
Person search,2018-03-17T00:35:00+00:00,,,54.972264,-1.617134,Male,18-24,White - English/Welsh/Scottish/Northern Irish/British,White,Misuse of Drugs Act 1971 (section 23),Controlled drugs,Nothing found - no further action,,False
Person search,2018-03-17T01:14:00+00:00,,,54.885949,-1.513683,Male,18-24,White - English/Welsh/Scottish/Northern Irish/British,White,Misuse of Drugs Act 1971 (section 23),Controlled drugs,Nothing found - no further action,,False
Person search,2018-03-17T01:14:00+00:00,,,54.885949,-1.513683,Male,10-17,White - English/Welsh/Scottish/Northern Irish/British,White,Misuse of Drugs Act 1971 (section 23),Controlled drugs,Nothing found - no further action,,False
Person search,2018-03-17T01:15:00+00:00,,,54.978605,-1.599309,Male,18-24,White - English/Welsh/Scottish/Northern Irish/British,White,Misuse of Drugs Act 1971 (section 23),Controlled drugs,Nothing found - no further action,,False
Person search,2018-03-17T01:49:00+00:00,,,54.978983,-1.557948,Male,10-17,White - English/Welsh/Scottish/Northern Irish/British,White,Misuse of Drugs Act 1971 (section 23),Controlled drugs,Nothing found - no further action,True,False
Person search,2018-03-17T03:50:00+00:00,,,55.034845,-1.576781,Male,18-24,White - English/Welsh/Scottish/Northern Irish/British,White,Misuse of Drugs Act 1971 (section 23),Controlled drugs,Offender given drugs possession warning,True,False
Person search,2018-03-17T05:20:00+00:00,,,54.953516,-1.718133,Male,over 34,White - English/Welsh/Scottish/Northern Irish/British,White,Police and Criminal Evidence Act 1984 (section 1),Article for use in theft,Offender cautioned,False,False
Person search,2018-03-17T09:35:00+00:00,,,54.973427,-1.632948,Male,18-24,Black/African/Caribbean/Black British - Any other Black/African/Caribbean background,Black,Misuse of Drugs Act 1971 (section 23),Controlled drugs,Suspect arrested,True,False
Person search,2018-03-17T17:00:00+00:00,,,55.083516,-1.516757,Female,over 34,White - English/Welsh/Scottish/Northern Irish/British,White,Misuse of Drugs Act 1971 (section 23),Controlled drugs,Nothing found - no further action,True,False
Person search,2018-03-17T19:15:00+00:00,,,54.978605,-1.599309,Female,over 34,White - English/Welsh/Scottish/Northern Irish/British,White,Police and Criminal Evidence Act 1984 (section 1),Stolen goods,Nothing found - no further action,True,False
Person and Vehicle search,2018-03-17T20:55:00+00:00,,,54.978605,-1.599309,Male,18-24,Asian/Asian British - Pakistani,Asian,Misuse of Drugs Act 1971 (section 23),Controlled drugs,Suspect arrested,True,False
Person search,2018-03-17T23:57:00+00:00,,,54.902300,-1.411045,Male,over 34,White - English/Welsh/Scottish/Northern Irish/British,White,Misuse of Drugs Act 1971 (section 23),Controlled drugs,Nothing found - no further action,,False
Person search,2018-03-18T00:50:00+00:00,,,54.968460,-1.621934,Male,25-34,White - English/Welsh/Scottish/Northern Irish/British,White,Firearms Act 1968 (section 47),Firearms,Suspect arrested,False,False
Person search,2018-03-18T02:30:00+00:00,,,54.944282,-1.469082,Male,25-34,Other ethnic group - Not stated,White,Police and Criminal Evidence Act 1984 (section 1),Offensive weapons,Nothing found - no further action,,False
Person search,2018-03-18T11:00:00+00:00,,,55.076882,-1.546689,Male,over 34,White - English/Welsh/Scottish/Northern Irish/British,White,Misuse of Drugs Act 1971 (section 23),Controlled drugs,Suspect summonsed to court,True,False
Person search,2018-03-18T11:45:00+00:00,,,54.906002,-1.380407,Male,over 34,White - English/Welsh/Scottish/Northern Irish/British,White,Police and Criminal Evidence Act 1984 (section 1),Stolen goods,Nothing found - no further action,True,False
Person search,2018-03-18T15:51:00+00:00,,,54.902383,-1.382615,Male,over 34,White - English/Welsh/Scottish/Northern Irish/British,White,Misuse of Drugs Act 1971 (section 23),Controlled drugs,Nothing found - no further action,,False
Person search,2018-03-19T00:05:00+00:00,,,54.896164,-1.562831,Male,over 34,White - English/Welsh/Scottish/Northern Irish/British,White,Police and Criminal Evidence Act 1984 (section 1),Article for use in theft,Nothing found - no further action,,False
Person search,2018-03-19T00:05:00+00:00,,,54.896164,-1.562831,Male,25-34,White - English/Welsh/Scottish/Northern Irish/British,White,Police and Criminal Evidence Act 1984 (section 1),Article for use in theft,Suspect arrested,False,False
Person search,2018-03-19T11:19:00+00:00,,,54.971689,-1.659676,Male,over 34,White - English/Welsh/Scottish/Northern Irish/British,White,Misuse of Drugs Act 1971 (section 23),Controlled drugs,Nothing found - no further action,,False
Person search,2018-03-19T12:14:00+00:00,,,54.969378,-1.628455,Male,18-24,White - English/Welsh/Scottish/Northern Irish/British,White,Misuse of Drugs Act 1971 (section 23),Controlled drugs,Nothing found - no further action,,False
Person search,2018-03-19T13:30:00+00:00,,,54.969164,-1.617241,Male,25-34,White - English/Welsh/Scottish/Northern Irish/British,White,Misuse of Drugs Act 1971 (section 23),Controlled drugs,Nothing found - no further action,,False
Person search,2018-03-19T13:30:00+00:00,,,54.906557,-1.385155,Male,18-24,White - English/Welsh/Scottish/Northern Irish/British,White,Police and Criminal Evidence Act 1984 (section 1),Stolen goods,Suspect arrested,True,False
Person search,2018-03-19T13:45:00+00:00,,,54.906557,-1.385155,Male,18-24,White - English/Welsh/Scottish/Northern Irish/British,White,Police and Criminal Evidence Act 1984 (section 1),Stolen goods,Suspect arrested,False,False
Person search,2018-03-19T13:45:00+00:00,,,54.906557,-1.385155,Male,18-24,White - English/Welsh/Scottish/Northern Irish/British,White,Police and Criminal Evidence Act 1984 (section 1),Stolen goods,Suspect arrested,False,False
Person search,2018-03-19T13:45:00+00:00,,,54.971423,-1.618360,Male,over 34,White - English/Welsh/Scottish/Northern Irish/British,White,Misuse of Drugs Act 1971 (section 23),Controlled drugs,Nothing found - no further action,True,False
Person search,2018-03-19T15:25:00+00:00,,,54.916061,-1.382717,Male,18-24,Asian/Asian British - Any other Asian background,Asian,Police and Criminal Evidence Act 1984 (section 1),Stolen goods,Nothing found - no further action,True,False
Person search,2018-03-19T19:02:00+00:00,,,55.131890,-1.515091,Male,over 34,White - English/Welsh/Scottish/Northern Irish/British,White,Police and Criminal Evidence Act 1984 (section 1),Offensive weapons,Nothing found - no further action,,False
Person search,2018-03-19T20:25:00+00:00,,,54.973636,-1.557960,Male,over 34,White - English/Welsh/Scottish/Northern Irish/British,White,Misuse of Drugs Act 1971 (section 23),Controlled drugs,Nothing found - no further action,True,False
Person search,2018-03-20T03:41:00+00:00,,,54.946915,-1.423632,Male,25-34,White - English/Welsh/Scottish/Northern Irish/British,White,Police and Criminal Evidence Act 1984 (section 1),Stolen goods,Nothing found - no further action,True,False
Person search,2018-03-20T13:35:00+00:00,,,55.105425,-1.564767,Female,18-24,White - English/Welsh/Scottish/Northern Irish/British,White,Police and Criminal Evidence Act 1984 (section 1),Offensive weapons,Nothing found - no further action,True,True
Person search,2018-03-20T23:30:00+00:00,,,54.995785,-1.694907,Male,18-24,White - English/Welsh/Scottish/Northern Irish/British,White,Police and Criminal Evidence Act 1984 (section 1),Article for use in theft,Nothing found - no further action,,False
Person search,2018-03-21T02:27:00+00:00,,,54.954109,-1.622131,Male,over 34,White - English/Welsh/Scottish/Northern Irish/British,White,Police and Criminal Evidence Act 1984 (section 1),Article for use in theft,Nothing found - no further action,,False
Person search,2018-03-21T10:05:00+00:00,,,54.894195,-1.376971,Male,18-24,White - English/Welsh/Scottish/Northern Irish/British,White,Police and Criminal Evidence Act 1984 (section 1),Stolen goods,Nothing found - no further action,,False
Person search,2018-03-21T11:05:00+00:00,,,55.044611,-1.444391,Male,25-34,White - English/Welsh/Scottish/Northern Irish/British,White,Police and Criminal Evidence Act 1984 (section 1),Offensive weapons,Suspect arrested,True,False
Person search,2018-03-21T11:05:00+00:00,,,55.044611,-1.444391,Male,over 34,White - English/Welsh/Scottish/Northern Irish/British,White,Police and Criminal Evidence Act 1984 (section 1),Article for use in theft,Nothing found - no further action,,False
Person search,2018-03-21T15:45:00+00:00,,,54.934488,-1.552131,Male,over 34,White - English/Welsh/Scottish/Northern Irish/British,White,Police and Criminal Evidence Act 1984 (section 1),Offensive weapons,Nothing found - no further action,,False
Person search,2018-03-21T17:40:00+00:00,,,55.008618,-1.447484,Male,over 34,White - English/Welsh/Scottish/Northern Irish/British,White,Police and Criminal Evidence Act 1984 (section 1),Offensive weapons,Nothing found - no further action,True,False
Person search,2018-03-21T18:50:00+00:00,,,54.972177,-1.638802,Male,over 34,White - English/Welsh/Scottish/Northern Irish/British,Asian,Police and Criminal Evidence Act 1984 (section 1),Offensive weapons,Suspect arrested,True,False
Person search,2018-03-22T03:10:00+00:00,,,54.974308,-1.612740,Male,over 34,White - English/Welsh/Scottish/Northern Irish/British,White,Misuse of Drugs Act 1971 (section 23),Controlled drugs,Nothing found - no further action,,False
Person search,2018-03-22T10:05:00+00:00,,,54.956830,-1.601868,Male,over 34,White - English/Welsh/Scottish/Northern Irish/British,White,Police and Criminal Evidence Act 1984 (section 1),Offensive weapons,Nothing found - no further action,,False
Person search,2018-03-22T15:06:00+00:00,,,54.950682,-1.603974,Male,over 34,White - English/Welsh/Scottish/Northern Irish/British,White,Police and Criminal Evidence Act 1984 (section 1),Offensive weapons,Nothing found - no further action,,False
Person search,2018-03-22T18:10:00+00:00,,,54.983257,-1.680345,Male,18-24,White - English/Welsh/Scottish/Northern Irish/British,White,Misuse of Drugs Act 1971 (section 23),Controlled drugs,Suspect arrested,True,False
Person search,2018-03-22T20:30:00+00:00,,,54.964532,-1.588610,Male,over 34,Black/African/Caribbean/Black British - African,Black,Misuse of Drugs Act 1971 (section 23),Controlled drugs,Nothing found - no further action,,False
Person search,2018-03-22T23:55:00+00:00,,,54.988067,-1.639378,Male,18-24,White - English/Welsh/Scottish/Northern Irish/British,White,Police and Criminal Evidence Act 1984 (section 1),Offensive weapons,Nothing found - no further action,,False
Person search,2018-03-23T01:00:00+00:00,,,54.977128,-1.582263,Male,25-34,White - English/Welsh/Scottish/Northern Irish/British,White,Police and Criminal Evidence Act 1984 (section 1),Article for use in theft,Nothing found - no further action,,False
Person search,2018-03-23T01:00:00+00:00,,,54.976188,-1.585991,Male,over 34,White - English/Welsh/Scottish/Northern Irish/British,White,Police and Criminal Evidence Act 1984 (section 1),Article for use in theft,Nothing found - no further action,,False
Person search,2018-03-23T02:05:00+00:00,,,54.971249,-1.614472,Male,18-24,White - English/Welsh/Scottish/Northern Irish/British,White,Misuse of Drugs Act 1971 (section 23),Controlled drugs,Nothing found - no further action,True,True
Person search,2018-03-23T02:10:00+00:00,,,54.971249,-1.614472,Male,18-24,White - English/Welsh/Scottish/Northern Irish/British,White,Misuse of Drugs Act 1971 (section 23),Controlled drugs,Nothing found - no further action,True,True
Person search,2018-03-23T17:30:00+00:00,,,54.960621,-1.606797,Male,over 34,White - English/Welsh/Scottish/Northern Irish/British,White,Misuse of Drugs Act 1971 (section 23),Controlled drugs,Offender cautioned,True,False
Person search,2018-03-23T17:30:00+00:00,,,54.974502,-1.634719,Male,over 34,Asian/Asian British - Any other Asian background,Asian,Police and Criminal Evidence Act 1984 (section 1),Article for use in theft,Nothing found - no further action,,False
Person search,2018-03-23T17:35:00+00:00,,,54.968900,-1.607747,Male,25-34,White - English/Welsh/Scottish/Northern Irish/British,White,Misuse of Drugs Act 1971 (section 23),Controlled drugs,Suspect arrested,True,False
Person search,2018-03-23T17:35:00+00:00,,,54.906145,-1.397982,Male,10-17,White - English/Welsh/Scottish/Northern Irish/British,White,Police and Criminal Evidence Act 1984 (section 1),Offensive weapons,Suspect summonsed to court,False,False
Person search,2018-03-23T17:50:00+00:00,,,54.905136,-1.397529,Male,10-17,White - English/Welsh/Scottish/Northern Irish/British,White,Police and Criminal Evidence Act 1984 (section 1),Offensive weapons,Nothing found - no further action,True,False
Person search,2018-03-23T18:16:00+00:00,,,55.131528,-1.590424,Male,18-24,White - English/Welsh/Scottish/Northern Irish/British,White,Misuse of Drugs Act 1971 (section 23),Controlled drugs,Suspect summonsed to court,True,False
Person search,2018-03-23T18:17:00+00:00,,,55.131528,-1.590424,Male,10-17,White - English/Welsh/Scottish/Northern Irish/British,White,Misuse of Drugs Act 1971 (section 23),Controlled drugs,Nothing found - no further action,,False
Person search,2018-03-23T18:17:00+00:00,,,55.131528,-1.590424,Male,18-24,White - English/Welsh/Scottish/Northern Irish/British,White,Misuse of Drugs Act 1971 (section 23),Controlled drugs,Offender given drugs possession warning,True,False
Person search,2018-03-23T18:21:00+00:00,,,55.131528,-1.590424,Male,25-34,White - English/Welsh/Scottish/Northern Irish/British,White,Misuse of Drugs Act 1971 (section 23),Controlled drugs,Nothing found - no further action,,False
Person search,2018-03-23T18:25:00+00:00,,,55.131528,-1.590424,Male,18-24,White - English/Welsh/Scottish/Northern Irish/British,White,Misuse of Drugs Act 1971 (section 23),Controlled drugs,Nothing found - no further action,,False
Person search,2018-03-23T19:51:00+00:00,,,54.969418,-1.745186,Male,over 34,White - English/Welsh/Scottish/Northern Irish/British,White,Misuse of Drugs Act 1971 (section 23),Controlled drugs,Nothing found - no further action,,False
Person search,2018-03-23T19:51:00+00:00,,,54.969418,-1.745186,Male,25-34,White - English/Welsh/Scottish/Northern Irish/British,White,Misuse of Drugs Act 1971 (section 23),Controlled drugs,Nothing found - no further action,,False
Person search,2018-03-23T22:19:00+00:00,,,54.955828,-1.723129,Male,25-34,White - English/Welsh/Scottish/Northern Irish/British,White,Misuse of Drugs Act 1971 (section 23),Controlled drugs,Offender cautioned,True,False
Person search,2018-03-23T22:19:00+00:00,,,54.955828,-1.723129,Male,25-34,White - English/Welsh/Scottish/Northern Irish/British,White,Misuse of Drugs Act 1971 (section 23),Controlled drugs,Nothing found - no further action,,False
Person search,2018-03-24T00:25:00+00:00,,,55.000107,-1.433719,Male,18-24,White - English/Welsh/Scottish/Northern Irish/British,White,Misuse of Drugs Act 1971 (section 23),Controlled drugs,Nothing found - no further action,,False
Person search,2018-03-24T01:00:00+00:00,,,54.974644,-1.616721,Female,18-24,White - English/Welsh/Scottish/Northern Irish/British,White,Misuse of Drugs Act 1971 (section 23),Controlled drugs,Nothing found - no further action,True,False
Person search,2018-03-24T01:00:00+00:00,,,54.972264,-1.617134,Male,18-24,White - English/Welsh/Scottish/Northern Irish/British,White,Misuse of Drugs Act 1971 (section 23),Controlled drugs,Nothing found - no further action,,False
Person search,2018-03-24T15:10:00+00:00,,,54.998286,-1.476576,Male,18-24,White - English/Welsh/Scottish/Northern Irish/British,White,Police and Criminal Evidence Act 1984 (section 1),Offensive weapons,Nothing found - no further action,,False
Person search,2018-03-24T15:10:00+00:00,,,54.998286,-1.476576,Male,25-34,White - English/Welsh/Scottish/Northern Irish/British,White,Police and Criminal Evidence Act 1984 (section 1),Offensive weapons,Nothing found - no further action,,False
Person search,2018-03-24T17:00:00+00:00,,,54.983321,-1.624248,Male,25-34,White - Any other White background,White,Police and Criminal Evidence Act 1984 (section 1),Stolen goods,Nothing found - no further action,,False
Person search,2018-03-24T17:06:00+00:00,,,54.979593,-1.578034,Male,10-17,White - English/Welsh/Scottish/Northern Irish/British,White,Police and Criminal Evidence Act 1984 (section 1),Offensive weapons,Nothing found - no further action,,False
Person search,2018-03-24T21:05:00+00:00,,,54.815270,-1.440648,Male,18-24,White - English/Welsh/Scottish/Northern Irish/British,White,Misuse of Drugs Act 1971 (section 23),Controlled drugs,Offender given drugs possession warning,True,False
Person search,2018-03-24T21:50:00+00:00,,,55.022906,-1.453466,Male,18-24,White - English/Welsh/Scottish/Northern Irish/British,White,Misuse of Drugs Act 1971 (section 23),Controlled drugs,Nothing found - no further action,,False
Person search,2018-03-24T21:50:00+00:00,,,55.022906,-1.453466,Male,18-24,White - English/Welsh/Scottish/Northern Irish/British,White,Misuse of Drugs Act 1971 (section 23),Controlled drugs,Nothing found - no further action,,False
Person search,2018-03-24T21:50:00+00:00,,,55.022906,-1.453466,Female,18-24,White - English/Welsh/Scottish/Northern Irish/British,White,Misuse of Drugs Act 1971 (section 23),Controlled drugs,Nothing found - no further action,,False
Person search,2018-03-24T21:50:00+00:00,,,55.022906,-1.453466,Female,18-24,White - English/Welsh/Scottish/Northern Irish/British,White,Misuse of Drugs Act 1971 (section 23),Controlled drugs,Nothing found - no further action,,False
Person search,2018-03-24T21:50:00+00:00,,,55.022906,-1.453466,Female,18-24,White - English/Welsh/Scottish/Northern Irish/British,White,Misuse of Drugs Act 1971 (section 23),Controlled drugs,Nothing found - no further action,,False
Person search,2018-03-24T21:50:00+00:00,,,55.407042,-1.698382,Male,25-34,White - English/Welsh/Scottish/Northern Irish/British,White,Police and Criminal Evidence Act 1984 (section 1),Offensive weapons,Suspect arrested,True,False
Person search,2018-03-24T23:30:00+00:00,,,54.995493,-1.429001,Male,25-34,White - English/Welsh/Scottish/Northern Irish/British,White,Misuse of Drugs Act 1971 (section 23),Controlled drugs,Nothing found - no further action,,False
Person search,2018-03-25T01:20:00+00:00,,,54.929318,-1.576485,Male,over 34,White - English/Welsh/Scottish/Northern Irish/British,White,Police and Criminal Evidence Act 1984 (section 1),Offensive weapons,Nothing found - no further action,,False
Person search,2018-03-25T19:43:00+00:00,,,54.973473,-1.580489,Male,18-24,White - English/Welsh/Scottish/Northern Irish/British,White,Police and Criminal Evidence Act 1984 (section 1),Stolen goods,Nothing found - no further action,,False
Person search,2018-03-26T10:50:00+00:00,,,54.974045,-1.611977,Male,25-34,White - English/Welsh/Scottish/Northern Irish/British,White,Misuse of Drugs Act 1971 (section 23),Controlled drugs,Nothing found - no further action,,False
Person search,2018-03-26T10:50:00+00:00,,,54.974308,-1.612740,Male,over 34,White - English/Welsh/Scottish/Northern Irish/British,White,Misuse of Drugs Act 1971 (section 23),Controlled drugs,Nothing found - no further action,True,False
Person search,2018-03-26T11:15:00+00:00,,,54.924085,-1.394937,Male,25-34,White - English/Welsh/Scottish/Northern Irish/British,White,Misuse of Drugs Act 1971 (section 23),Controlled drugs,Suspect summonsed to court,True,False
Person search,2018-03-26T11:20:00+00:00,,,54.924085,-1.394937,Male,25-34,White - English/Welsh/Scottish/Northern Irish/British,White,Misuse of Drugs Act 1971 (section 23),Controlled drugs,Nothing found - no further action,,False
Person search,2018-03-26T11:25:00+00:00,,,54.970372,-1.545108,Male,over 34,White - English/Welsh/Scottish/Northern Irish/British,White,Misuse of Drugs Act 1971 (section 23),Controlled drugs,Nothing found - no further action,,False
Person search,2018-03-26T13:30:00+00:00,,,54.912709,-1.526947,Male,over 34,White - English/Welsh/Scottish/Northern Irish/British,White,Police and Criminal Evidence Act 1984 (section 1),Offensive weapons,Suspect arrested,True,False
Person search,2018-03-26T14:30:00+00:00,,,54.981339,-1.602907,Male,18-24,White - English/Welsh/Scottish/Northern Irish/British,White,Misuse of Drugs Act 1971 (section 23),Controlled drugs,Nothing found - no further action,True,False
Person search,2018-03-26T15:45:00+00:00,,,55.039960,-1.447225,Male,25-34,White - English/Welsh/Scottish/Northern Irish/British,White,Misuse of Drugs Act 1971 (section 23),Controlled drugs,Suspect arrested,True,False
Person search,2018-03-26T21:00:00+00:00,,,54.931312,-1.597282,Male,25-34,Asian/Asian British - Pakistani,Asian,Misuse of Drugs Act 1971 (section 23),Controlled drugs,Nothing found - no further action,,False
Person search,2018-03-27T01:48:00+00:00,,,54.967349,-1.620304,Male,10-17,Other ethnic group - Not stated,,Misuse of Drugs Act 1971 (section 23),Controlled drugs,Nothing found - no further action,True,False
Person search,2018-03-27T01:50:00+00:00,,,54.968460,-1.621934,Male,10-17,Other ethnic group - Not stated,,Misuse of Drugs Act 1971 (section 23),Controlled drugs,Nothing found - no further action,True,True
Person search,2018-03-27T02:20:00+00:00,,,55.421486,-1.682221,Other,over 34,Black/African/Caribbean/Black British - Any other Black/African/Caribbean background,Black,Misuse of Drugs Act 1971 (section 23),Controlled drugs,Suspect summonsed to court,True,False
Person search,2018-03-27T12:58:00+00:00,,,54.972264,-1.617134,Male,over 34,White - English/Welsh/Scottish/Northern Irish/British,White,Police and Criminal Evidence Act 1984 (section 1),Stolen goods,Nothing found - no further action,,False
Person search,2018-03-27T13:02:00+00:00,,,54.971423,-1.618360,Male,25-34,White - English/Welsh/Scottish/Northern Irish/British,White,Police and Criminal Evidence Act 1984 (section 1),Stolen goods,Nothing found - no further action,,False
Person search,2018-03-27T15:15:00+00:00,,,54.958464,-1.601352,Male,over 34,White - English/Welsh/Scottish/Northern Irish/British,White,Police and Criminal Evidence Act 1984 (section 1),Offensive weapons,Nothing found - no further action,,False
Person search,2018-03-27T22:30:00+00:00,,,55.067597,-1.454016,Female,18-24,White - English/Welsh/Scottish/Northern Irish/British,White,Misuse of Drugs Act 1971 (section 23),Controlled drugs,Nothing found - no further action,True,False
Person search,2018-03-27T22:30:00+00:00,,,55.067597,-1.454016,Female,over 34,White - English/Welsh/Scottish/Northern Irish/British,White,Misuse of Drugs Act 1971 (section 23),Controlled drugs,Nothing found - no further action,True,False
Person search,2018-03-27T22:30:00+00:00,,,55.067597,-1.454016,Female,25-34,White - English/Welsh/Scottish/Northern Irish/British,White,Misuse of Drugs Act 1971 (section 23),Controlled drugs,Suspect arrested,True,False
Person search,2018-03-28T01:20:00+00:00,,,54.969906,-1.613189,Male,18-24,White - English/Welsh/Scottish/Northern Irish/British,White,Misuse of Drugs Act 1971 (section 23),Controlled drugs,Nothing found - no further action,True,False
Person search,2018-03-28T01:20:00+00:00,,,54.969906,-1.613189,Male,18-24,White - Any other White background,Other,Misuse of Drugs Act 1971 (section 23),Controlled drugs,Suspect arrested,True,False
Person search,2018-03-28T02:05:00+00:00,,,54.973470,-1.611983,Male,18-24,White - English/Welsh/Scottish/Northern Irish/British,White,Misuse of Drugs Act 1971 (section 23),Controlled drugs,Suspect arrested,True,False
Person search,2018-03-28T23:37:00+00:00,,,54.970252,-1.653518,Male,over 34,White - English/Welsh/Scottish/Northern Irish/British,White,Police and Criminal Evidence Act 1984 (section 1),Article for use in theft,Nothing found - no further action,,False
Person search,2018-03-29T18:00:00+00:00,,,54.976112,-1.614816,Male,over 34,White - English/Welsh/Scottish/Northern Irish/British,White,Police and Criminal Evidence Act 1984 (section 1),Stolen goods,Nothing found - no further action,True,False
Person search,2018-03-30T11:05:00+00:00,,,54.915273,-1.377925,Male,over 34,Black/African/Caribbean/Black British - African,Black,Police and Criminal Evidence Act 1984 (section 1),Offensive weapons,Suspect arrested,False,False
Person search,2018-03-30T11:05:00+00:00,,,54.915273,-1.377925,Male,over 34,Black/African/Caribbean/Black British - African,Black,Police and Criminal Evidence Act 1984 (section 1),Offensive weapons,Suspect arrested,False,False
Person search,2018-03-30T13:38:00+00:00,,,55.125373,-1.516660,Male,25-34,White - English/Welsh/Scottish/Northern Irish/British,White,Police and Criminal Evidence Act 1984 (section 1),Article for use in theft,Suspect summonsed to court,False,False
Person search,2018-03-30T15:10:00+00:00,,,54.955138,-1.669856,Female,,White - English/Welsh/Scottish/Northern Irish/British,White,Police and Criminal Evidence Act 1984 (section 1),Stolen goods,Nothing found - no further action,,False
Person search,2018-03-30T17:19:00+00:00,,,54.956127,-1.598252,Male,over 34,White - English/Welsh/Scottish/Northern Irish/British,White,Misuse of Drugs Act 1971 (section 23),Controlled drugs,Nothing found - no further action,,False
Person search,2018-03-30T17:22:00+00:00,,,54.976273,-1.659965,Male,25-34,White - English/Welsh/Scottish/Northern Irish/British,White,Police and Criminal Evidence Act 1984 (section 1),Article for use in theft,Nothing found - no further action,,False
Person search,2018-03-30T17:22:00+00:00,,,54.976148,-1.656873,Male,25-34,White - English/Welsh/Scottish/Northern Irish/British,White,Police and Criminal Evidence Act 1984 (section 1),Offensive weapons,Nothing found - no further action,,False
Person search,2018-03-30T20:25:00+00:00,,,54.972264,-1.617134,Male,25-34,White - Any other White background,White,Misuse of Drugs Act 1971 (section 23),Controlled drugs,Suspect summonsed to court,True,False
Person search,2018-03-30T20:30:00+00:00,,,54.972264,-1.617134,Male,25-34,White - English/Welsh/Scottish/Northern Irish/British,White,Misuse of Drugs Act 1971 (section 23),Controlled drugs,Nothing found - no further action,,False
Person search,2018-03-30T21:50:00+00:00,,,54.972264,-1.617134,Male,18-24,White - English/Welsh/Scottish/Northern Irish/British,White,Misuse of Drugs Act 1971 (section 23),Controlled drugs,Nothing found - no further action,,False
Person search,2018-03-30T23:20:00+00:00,,,54.964514,-1.555202,Female,10-17,White - English/Welsh/Scottish/Northern Irish/British,White,Misuse of Drugs Act 1971 (section 23),Controlled drugs,Nothing found - no further action,True,False
Person search,2018-03-31T00:35:00+00:00,,,54.991446,-1.424479,Male,25-34,White - English/Welsh/Scottish/Northern Irish/British,White,Police and Criminal Evidence Act 1984 (section 1),Stolen goods,Suspect arrested,False,False
Person search,2018-03-31T10:45:00+00:00,,,55.182711,-1.597987,Male,25-34,White - English/Welsh/Scottish/Northern Irish/British,White,Police and Criminal Evidence Act 1984 (section 1),Stolen goods,Suspect summonsed to court,True,False
Person search,2018-03-31T12:10:00+00:00,,,54.971811,-1.621824,Female,10-17,White - English/Welsh/Scottish/Northern Irish/British,White,Police and Criminal Evidence Act 1984 (section 1),Offensive weapons,Nothing found - no further action,,False
Person search,2018-03-31T20:05:00+00:00,,,54.965646,-1.639485,Male,over 34,Asian/Asian British - Any other Asian background,Asian,Misuse of Drugs Act 1971 (section 23),Controlled drugs,Nothing found - no further action,,False
