Type,Date,Part of a policing operation,Policing operation,Latitude,Longitude,Gender,Age range,Self-defined ethnicity,Officer-defined ethnicity,Legislation,Object of search,Outcome,Outcome linked to object of search,Removal of more than just outer clothing
Person search,2018-03-01T01:01:00+00:00,False,,53.158328,-1.191013,Male,25-34,White - English/Welsh/Scottish/Northern Irish/British,White,Police and Criminal Evidence Act 1984 (section 1),Article for use in theft,Local resolution,,False
Person search,2018-03-01T10:10:00+00:00,False,,52.959458,-1.143607,Male,25-34,White - English/Welsh/Scottish/Northern Irish/British,White,Misuse of Drugs Act 1971 (section 23),Controlled drugs,Suspect arrested,True,False
Person and Vehicle search,2018-03-01T14:14:00+00:00,True,,52.956217,-1.130557,Male,25-34,Asian/Asian British - Pakistani,Asian,Misuse of Drugs Act 1971 (section 23),Controlled drugs,Article found - Detailed outcome unavailable,,False
Person and Vehicle search,2018-03-02T14:14:00+00:00,True,,52.946414,-1.143493,Male,over 34,White - English/Welsh/Scottish/Northern Irish/British,White,Misuse of Drugs Act 1971 (section 23),Controlled drugs,Suspect summonsed to court,True,False
Person search,2018-03-02T19:19:00+00:00,True,,52.931390,-1.275646,Male,10-17,Black/African/Caribbean/Black British - Any other Black/African/Caribbean background,Mixed,Police and Criminal Evidence Act 1984 (section 1),Offensive weapons,Nothing found - no further action,,False
Person search,2018-03-02T19:19:00+00:00,True,,52.931390,-1.275646,Male,10-17,White - English/Welsh/Scottish/Northern Irish/British,White,Police and Criminal Evidence Act 1984 (section 1),Offensive weapons,Nothing found - no further action,,False
Person search,2018-03-02T19:19:00+00:00,True,,52.931390,-1.275646,Male,10-17,White - English/Welsh/Scottish/Northern Irish/British,White,Police and Criminal Evidence Act 1984 (section 1),Offensive weapons,Nothing found - no further action,,False
Person search,2018-03-02T19:25:00+00:00,True,,52.931259,-1.274741,Male,10-17,White - English/Welsh/Scottish/Northern Irish/British,White,Criminal Justice Act 1988 (section 139B),Offensive weapons,Suspect arrested,False,False
Person and Vehicle search,2018-03-02T20:20:00+00:00,True,,52.906680,-1.177880,Male,25-34,White - English/Welsh/Scottish/Northern Irish/British,White,Misuse of Drugs Act 1971 (section 23),Controlled drugs,Nothing found - no further action,,False
Person search,2018-03-02T21:09:00+00:00,False,,52.957683,-1.163158,Male,10-17,Other ethnic group - Not stated,Black,Misuse of Drugs Act 1971 (section 23),Controlled drugs,Nothing found - no further action,,False
Person search,2018-03-03T15:37:00+00:00,False,,52.959986,-1.178939,Male,10-17,Black/African/Caribbean/Black British - African,Black,Police and Criminal Evidence Act 1984 (section 1),Offensive weapons,Nothing found - no further action,,False
Person search,2018-03-03T20:20:00+00:00,False,,52.958331,-1.164590,Male,10-17,Other ethnic group - Not stated,Black,Criminal Justice Act 1988 (section 139B),Offensive weapons,Nothing found - no further action,,False
Person search,2018-03-03T20:20:00+00:00,False,,52.958331,-1.164590,Male,10-17,Other ethnic group - Not stated,Black,Criminal Justice Act 1988 (section 139B),Offensive weapons,Nothing found - no further action,,False
Person search,2018-03-03T20:20:00+00:00,False,,52.958331,-1.164590,Male,10-17,Other ethnic group - Not stated,Black,Criminal Justice Act 1988 (section 139B),Offensive weapons,Nothing found - no further action,,False
Person search,2018-03-03T20:20:00+00:00,False,,52.958331,-1.164590,Male,10-17,Other ethnic group - Not stated,Black,Criminal Justice Act 1988 (section 139B),Offensive weapons,Nothing found - no further action,,False
Person search,2018-03-03T20:20:00+00:00,False,,52.958331,-1.164590,Male,18-24,Other ethnic group - Not stated,Black,Criminal Justice Act 1988 (section 139B),Offensive weapons,Nothing found - no further action,,False
Person search,2018-03-03T20:20:00+00:00,False,,52.958331,-1.164590,Male,10-17,Other ethnic group - Not stated,Black,Criminal Justice Act 1988 (section 139B),Offensive weapons,Nothing found - no further action,,False
Person search,2018-03-04T01:25:00+00:00,False,,52.997013,-1.154412,Male,25-34,White - English/Welsh/Scottish/Northern Irish/British,White,Police and Criminal Evidence Act 1984 (section 1),Stolen goods,Suspect arrested,,False
Person search,2018-03-04T09:21:00+00:00,False,,52.945724,-1.147629,Female,18-24,White - English/Welsh/Scottish/Northern Irish/British,White,Misuse of Drugs Act 1971 (section 23),Controlled drugs,Offender given drugs possession warning,True,False
Person search,2018-03-04T13:13:00+00:00,False,,52.946092,-1.155092,Male,25-34,White - English/Welsh/Scottish/Northern Irish/British,White,Police and Criminal Evidence Act 1984 (section 1),Article for use in theft,Suspect arrested,,False
Person search,2018-03-05T15:25:00+00:00,False,,52.957975,-1.175344,Male,10-17,Other ethnic group - Not stated,Black,Criminal Justice Act 1988 (section 139B),Offensive weapons,Nothing found - no further action,,False
Person search,2018-03-05T15:25:00+00:00,False,,52.957975,-1.175344,Male,10-17,Other ethnic group - Not stated,Black,Criminal Justice Act 1988 (section 139B),Offensive weapons,Nothing found - no further action,,False
Person and Vehicle search,2018-03-05T16:01:00+00:00,False,,53.004767,-1.212887,Male,25-34,Other ethnic group - Not stated,Black,Misuse of Drugs Act 1971 (section 23),Controlled drugs,Suspect arrested,True,False
Person search,2018-03-05T20:20:00+00:00,False,,52.961821,-1.172532,Male,10-17,Mixed/Multiple ethnic groups - Any other Mixed/Multiple ethnic background,Other,Police and Criminal Evidence Act 1984 (section 1),Offensive weapons,Nothing found - no further action,,False
Person and Vehicle search,2018-03-05T20:20:00+00:00,False,,52.961821,-1.172532,Male,25-34,Mixed/Multiple ethnic groups - Any other Mixed/Multiple ethnic background,Other,Police and Criminal Evidence Act 1984 (section 1),Offensive weapons,Nothing found - no further action,,False
Person search,2018-03-05T20:20:00+00:00,False,,52.961821,-1.172532,Male,10-17,Mixed/Multiple ethnic groups - Any other Mixed/Multiple ethnic background,Other,Police and Criminal Evidence Act 1984 (section 1),Offensive weapons,Nothing found - no further action,,False
Person and Vehicle search,2018-03-06T14:14:00+00:00,True,,52.955625,-1.131879,Male,25-34,Asian/Asian British - Pakistani,Asian,Misuse of Drugs Act 1971 (section 23),Controlled drugs,Local resolution,True,False
Person search,2018-03-06T14:14:00+00:00,True,,52.955625,-1.131879,Male,25-34,Asian/Asian British - Pakistani,Asian,Misuse of Drugs Act 1971 (section 23),Controlled drugs,Local resolution,,False
Person search,2018-03-06T23:25:00+00:00,False,,52.980832,-1.206664,Male,10-17,White - English/Welsh/Scottish/Northern Irish/British,White,Police and Criminal Evidence Act 1984 (section 1),Article for use in theft,Suspect arrested,,False
Person and Vehicle search,2018-03-07T04:04:00+00:00,False,,52.945441,-1.140759,Male,18-24,Asian/Asian British - Pakistani,Asian,Misuse of Drugs Act 1971 (section 23),Controlled drugs,Offender given drugs possession warning,True,False
Person and Vehicle search,2018-03-07T04:04:00+00:00,False,,52.945441,-1.140759,Male,18-24,Asian/Asian British - Pakistani,Asian,Misuse of Drugs Act 1971 (section 23),Controlled drugs,Offender given drugs possession warning,True,False
Person search,2018-03-07T13:13:00+00:00,False,,52.979528,-1.149317,Male,18-24,Asian/Asian British - Indian,Asian,Misuse of Drugs Act 1971 (section 23),Controlled drugs,Nothing found - no further action,,True
Person and Vehicle search,2018-03-07T14:20:00+00:00,True,,52.953925,-1.137971,Male,25-34,Asian/Asian British - Pakistani,Asian,Misuse of Drugs Act 1971 (section 23),Controlled drugs,Suspect summonsed to court,True,False
Person search,2018-03-07T21:52:00+00:00,False,,53.015519,-1.039123,Male,25-34,White - English/Welsh/Scottish/Northern Irish/British,White,Misuse of Drugs Act 1971 (section 23),Controlled drugs,Nothing found - no further action,,True
Person and Vehicle search,2018-03-07T23:55:00+00:00,False,,52.918775,-1.226687,Male,25-34,Mixed/Multiple ethnic groups - White and Black Caribbean,Black,Misuse of Drugs Act 1971 (section 23),Controlled drugs,Suspect arrested,True,False
Person search,2018-03-08T02:05:00+00:00,False,,52.971655,-1.234261,Male,18-24,Black/African/Caribbean/Black British - Caribbean,Black,Misuse of Drugs Act 1971 (section 23),Controlled drugs,Suspect arrested,,False
Person search,2018-03-08T02:10:00+00:00,False,,52.971655,-1.234261,Female,18-24,White - English/Welsh/Scottish/Northern Irish/British,White,Misuse of Drugs Act 1971 (section 23),Controlled drugs,Article found - Detailed outcome unavailable,,False
Person search,2018-03-08T17:01:00+00:00,False,,52.959762,-1.176427,Male,10-17,Black/African/Caribbean/Black British - Any other Black/African/Caribbean background,Mixed,Misuse of Drugs Act 1971 (section 23),Controlled drugs,Article found - Detailed outcome unavailable,,False
Person and Vehicle search,2018-03-09T09:51:00+00:00,False,,53.255556,-0.925888,Male,over 34,White - Any other White background,White,Police and Criminal Evidence Act 1984 (section 1),Offensive weapons,Nothing found - no further action,,False
Person search,2018-03-09T13:30:00+00:00,False,,52.895962,-1.181412,Male,10-17,Black/African/Caribbean/Black British - African,Black,Misuse of Drugs Act 1971 (section 23),Controlled drugs,Article found - Detailed outcome unavailable,True,False
Person search,2018-03-09T15:15:00+00:00,True,,53.049554,-1.146552,Male,over 34,White - Any other White background,White,Misuse of Drugs Act 1971 (section 23),Controlled drugs,Suspect arrested,True,False
Person search,2018-03-10T04:15:00+00:00,False,,52.959096,-1.154497,Male,25-34,Other ethnic group - Not stated,Mixed,Misuse of Drugs Act 1971 (section 23),Controlled drugs,Nothing found - no further action,,False
Person and Vehicle search,2018-03-10T13:13:00+00:00,False,,52.951468,-0.969381,Male,18-24,White - English/Welsh/Scottish/Northern Irish/British,White,Misuse of Drugs Act 1971 (section 23),Controlled drugs,Article found - Detailed outcome unavailable,True,False
Person and Vehicle search,2018-03-10T13:13:00+00:00,True,,53.004453,-1.203444,Male,18-24,White - English/Welsh/Scottish/Northern Irish/British,White,Misuse of Drugs Act 1971 (section 23),Controlled drugs,Suspect arrested,,False
Person and Vehicle search,2018-03-10T16:16:00+00:00,True,,52.975741,-1.157835,Male,25-34,Mixed/Multiple ethnic groups - White and Black Caribbean,Mixed,Misuse of Drugs Act 1971 (section 23),Controlled drugs,Suspect arrested,False,False
Person search,2018-03-10T18:18:00+00:00,True,,52.955820,-1.150199,Male,10-17,White - English/Welsh/Scottish/Northern Irish/British,White,Misuse of Drugs Act 1971 (section 23),Controlled drugs,Nothing found - no further action,,False
Person search,2018-03-10T18:18:00+00:00,True,,52.953777,-1.152397,Male,18-24,Other ethnic group - Not stated,Black,Misuse of Drugs Act 1971 (section 23),Controlled drugs,Suspect arrested,True,False
Person search,2018-03-10T19:00:00+00:00,True,,52.952949,-1.147278,Male,over 34,White - English/Welsh/Scottish/Northern Irish/British,White,Misuse of Drugs Act 1971 (section 23),Controlled drugs,Suspect arrested,,False
Person search,2018-03-10T19:19:00+00:00,True,,52.955979,-1.156165,Male,25-34,Other ethnic group - Not stated,White,Misuse of Drugs Act 1971 (section 23),Controlled drugs,Nothing found - no further action,,False
Person search,2018-03-10T19:19:00+00:00,True,,52.954068,-1.146601,Female,10-17,Other ethnic group - Not stated,White,Misuse of Drugs Act 1971 (section 23),Controlled drugs,Nothing found - no further action,,False
Person search,2018-03-10T19:29:00+00:00,True,,53.300957,-1.102820,Male,18-24,White - English/Welsh/Scottish/Northern Irish/British,White,Misuse of Drugs Act 1971 (section 23),Controlled drugs,Article found - Detailed outcome unavailable,,False
Person search,2018-03-10T20:03:00+00:00,True,,52.948097,-1.150053,Male,25-34,Other ethnic group - Not stated,White,Misuse of Drugs Act 1971 (section 23),Controlled drugs,Nothing found - no further action,,True
Person search,2018-03-10T20:07:00+00:00,True,,52.954309,-1.151300,Male,over 34,White - English/Welsh/Scottish/Northern Irish/British,White,Misuse of Drugs Act 1971 (section 23),Controlled drugs,Nothing found - no further action,,False
Person search,2018-03-10T20:20:00+00:00,True,,52.951797,-1.148358,Male,18-24,Other ethnic group - Not stated,Asian,Misuse of Drugs Act 1971 (section 23),Controlled drugs,Nothing found - no further action,,False
Person search,2018-03-10T20:57:00+00:00,True,,52.954053,-1.150829,Female,25-34,Other ethnic group - Not stated,White,Misuse of Drugs Act 1971 (section 23),Controlled drugs,Nothing found - no further action,,False
Person search,2018-03-10T21:21:00+00:00,True,,52.954981,-1.154785,Male,18-24,Other ethnic group - Not stated,White,Misuse of Drugs Act 1971 (section 23),Controlled drugs,Nothing found - no further action,,False
Person search,2018-03-10T21:21:00+00:00,False,,52.955945,-1.147591,Male,18-24,Other ethnic group - Not stated,White,Misuse of Drugs Act 1971 (section 23),Controlled drugs,Nothing found - no further action,,False
Person search,2018-03-10T21:21:00+00:00,False,,52.955820,-1.150199,Male,over 34,Other ethnic group - Not stated,White,Misuse of Drugs Act 1971 (section 23),Controlled drugs,Nothing found - no further action,,False
Person search,2018-03-10T21:35:00+00:00,True,,52.954199,-1.154845,Male,10-17,Other ethnic group - Not stated,Black,Misuse of Drugs Act 1971 (section 23),Controlled drugs,Suspect arrested,True,False
Person search,2018-03-10T21:43:00+00:00,True,,52.953777,-1.152397,Male,18-24,Other ethnic group - Not stated,Black,Misuse of Drugs Act 1971 (section 23),Controlled drugs,Article found - Detailed outcome unavailable,,False
Person search,2018-03-10T22:22:00+00:00,True,,52.954068,-1.146601,Male,25-34,White - English/Welsh/Scottish/Northern Irish/British,White,Misuse of Drugs Act 1971 (section 23),Controlled drugs,Suspect summonsed to court,True,False
Person search,2018-03-10T22:27:00+00:00,False,,53.026888,-1.208473,Male,25-34,White - English/Welsh/Scottish/Northern Irish/British,White,Police and Criminal Evidence Act 1984 (section 1),Article for use in theft,Nothing found - no further action,,False
Person search,2018-03-10T22:57:00+00:00,True,,52.954068,-1.146601,Male,over 34,Black/African/Caribbean/Black British - Caribbean,Black,Misuse of Drugs Act 1971 (section 23),Controlled drugs,Article found - Detailed outcome unavailable,True,False
Person search,2018-03-10T23:12:00+00:00,True,,52.956072,-1.148988,Male,10-17,White - English/Welsh/Scottish/Northern Irish/British,White,Misuse of Drugs Act 1971 (section 23),Controlled drugs,Suspected psychoactive substances seized - No further action,,False
Person search,2018-03-11T17:05:00+00:00,False,,53.302266,-1.121775,Female,25-34,White - English/Welsh/Scottish/Northern Irish/British,White,Police and Criminal Evidence Act 1984 (section 1),Stolen goods,Article found - Detailed outcome unavailable,False,False
Person search,2018-03-11T19:19:00+00:00,True,,53.023528,-1.143875,Male,18-24,Other ethnic group - Not stated,Black,Misuse of Drugs Act 1971 (section 23),Controlled drugs,Article found - Detailed outcome unavailable,True,True
Person search,2018-03-11T19:19:00+00:00,True,,52.954053,-1.150829,Male,10-17,Other ethnic group - Not stated,White,Misuse of Drugs Act 1971 (section 23),Controlled drugs,Nothing found - no further action,,False
Person search,2018-03-11T19:19:00+00:00,True,,52.954068,-1.146601,Male,25-34,Other ethnic group - Not stated,Mixed,Misuse of Drugs Act 1971 (section 23),Controlled drugs,Suspect arrested,True,False
Person search,2018-03-11T19:19:00+00:00,False,,52.952949,-1.147278,Male,18-24,Other ethnic group - Not stated,White,Misuse of Drugs Act 1971 (section 23),Controlled drugs,Nothing found - no further action,,False
Person search,2018-03-11T19:19:00+00:00,True,,52.952949,-1.147278,Male,18-24,Other ethnic group - Not stated,White,Misuse of Drugs Act 1971 (section 23),Controlled drugs,Nothing found - no further action,,False
Person search,2018-03-11T20:12:00+00:00,True,,52.954309,-1.151300,Male,18-24,White - English/Welsh/Scottish/Northern Irish/British,White,Misuse of Drugs Act 1971 (section 23),Controlled drugs,Nothing found - no further action,,False
Person search,2018-03-11T20:20:00+00:00,True,,52.955238,-1.154274,Male,10-17,Other ethnic group - Not stated,Black,Misuse of Drugs Act 1971 (section 23),Controlled drugs,Suspect arrested,True,False
Person search,2018-03-11T20:20:00+00:00,True,,52.955849,-1.151702,Male,10-17,Black/African/Caribbean/Black British - Any other Black/African/Caribbean background,Black,Misuse of Drugs Act 1971 (section 23),Controlled drugs,Suspect arrested,,False
Person search,2018-03-11T21:21:00+00:00,True,,52.955307,-1.151325,Male,25-34,Other ethnic group - Not stated,White,Misuse of Drugs Act 1971 (section 23),Controlled drugs,Offender given drugs possession warning,True,False
Person search,2018-03-11T21:21:00+00:00,True,,52.954432,-1.154751,Male,10-17,Black/African/Caribbean/Black British - Any other Black/African/Caribbean background,Black,Misuse of Drugs Act 1971 (section 23),Controlled drugs,Suspect arrested,True,False
Person search,2018-03-11T22:22:00+00:00,True,,52.953187,-1.149045,Male,25-34,Mixed/Multiple ethnic groups - White and Black Caribbean,Mixed,Misuse of Drugs Act 1971 (section 23),Controlled drugs,Suspect summonsed to court,True,False
Person search,2018-03-11T23:42:00+00:00,True,,52.954068,-1.146601,Male,18-24,Other ethnic group - Not stated,White,Misuse of Drugs Act 1971 (section 23),Controlled drugs,Article found - Detailed outcome unavailable,True,False
Person search,2018-03-12T09:40:00+00:00,True,,53.135018,-1.239925,Male,25-34,White - English/Welsh/Scottish/Northern Irish/British,White,Misuse of Drugs Act 1971 (section 23),Controlled drugs,Nothing found - no further action,,False
Person search,2018-03-12T09:44:00+00:00,True,,53.135018,-1.239925,Male,25-34,Black/African/Caribbean/Black British - Caribbean,Black,Misuse of Drugs Act 1971 (section 23),Controlled drugs,Nothing found - no further action,,False
Person search,2018-03-12T13:33:00+00:00,True,,53.132840,-1.245180,Male,over 34,Other ethnic group - Not stated,White,Misuse of Drugs Act 1971 (section 23),Controlled drugs,Nothing found - no further action,,False
Person search,2018-03-12T13:33:00+00:00,True,,53.132840,-1.245180,Male,over 34,Other ethnic group - Not stated,White,Misuse of Drugs Act 1971 (section 23),Controlled drugs,Nothing found - no further action,,False
Person and Vehicle search,2018-03-12T18:18:00+00:00,True,,52.898377,-1.182259,Male,18-24,White - English/Welsh/Scottish/Northern Irish/British,White,Misuse of Drugs Act 1971 (section 23),Controlled drugs,Nothing found - no further action,,True
Person search,2018-03-12T20:20:00+00:00,True,,53.000379,-1.199123,Male,10-17,White - English/Welsh/Scottish/Northern Irish/British,White,Misuse of Drugs Act 1971 (section 23),Controlled drugs,Article found - Detailed outcome unavailable,False,False
Person search,2018-03-12T20:20:00+00:00,True,,53.000379,-1.199123,Male,10-17,White - English/Welsh/Scottish/Northern Irish/British,White,Misuse of Drugs Act 1971 (section 23),Controlled drugs,Article found - Detailed outcome unavailable,True,False
Person search,2018-03-12T20:20:00+00:00,True,,52.997253,-1.198153,Male,10-17,White - English/Welsh/Scottish/Northern Irish/British,White,Misuse of Drugs Act 1971 (section 23),Controlled drugs,Article found - Detailed outcome unavailable,True,False
Person search,2018-03-13T00:50:00+00:00,False,,53.143912,-1.193930,Male,10-17,White - English/Welsh/Scottish/Northern Irish/British,White,Police and Criminal Evidence Act 1984 (section 1),Articles for use in criminal damage,Nothing found - no further action,,False
Person and Vehicle search,2018-03-13T12:12:00+00:00,True,,52.955898,-1.131188,Male,18-24,Black/African/Caribbean/Black British - Caribbean,Black,Misuse of Drugs Act 1971 (section 23),Controlled drugs,Nothing found - no further action,,False
Person search,2018-03-13T13:33:00+00:00,False,,52.958315,-1.150939,Male,,White - English/Welsh/Scottish/Northern Irish/British,White,Misuse of Drugs Act 1971 (section 23),Controlled drugs,Nothing found - no further action,,False
Person search,2018-03-14T01:25:00+00:00,False,,52.971484,-1.200104,Male,18-24,White - English/Welsh/Scottish/Northern Irish/British,White,Police and Criminal Evidence Act 1984 (section 1),Article for use in theft,Offender given drugs possession warning,,False
Person and Vehicle search,2018-03-14T09:26:00+00:00,False,,52.944587,-1.132129,Male,over 34,Other ethnic group - Not stated,Mixed,Misuse of Drugs Act 1971 (section 23),Controlled drugs,Suspect arrested,True,False
Person and Vehicle search,2018-03-14T15:00:00+00:00,True,,52.955846,-1.138885,Male,25-34,Asian/Asian British - Pakistani,Asian,Misuse of Drugs Act 1971 (section 23),Controlled drugs,Suspect arrested,True,False
Vehicle search,2018-03-14T15:40:00+00:00,False,,52.967571,-0.980032,,,,,Misuse of Drugs Act 1971 (section 23),Controlled drugs,Nothing found - no further action,,
Person search,2018-03-14T17:32:00+00:00,False,,53.154124,-1.208798,Male,10-17,White - English/Welsh/Scottish/Northern Irish/British,White,Police and Criminal Evidence Act 1984 (section 1),Offensive weapons,Nothing found - no further action,,False
Person search,2018-03-14T18:30:00+00:00,True,,52.897490,-1.185308,Male,18-24,White - English/Welsh/Scottish/Northern Irish/British,White,Misuse of Drugs Act 1971 (section 23),Controlled drugs,Suspect summonsed to court,True,True
Person search,2018-03-14T19:19:00+00:00,False,,52.954309,-1.151300,Male,10-17,Other ethnic group - Not stated,Mixed,Police and Criminal Evidence Act 1984 (section 1),Offensive weapons,Nothing found - no further action,,False
Person search,2018-03-15T00:00:00+00:00,False,,52.999801,-1.197510,Male,10-17,White - English/Welsh/Scottish/Northern Irish/British,White,Police and Criminal Evidence Act 1984 (section 1),Offensive weapons,Nothing found - no further action,,False
Person search,2018-03-15T16:16:00+00:00,True,,52.967934,-1.155917,Male,18-24,White - English/Welsh/Scottish/Northern Irish/British,White,Misuse of Drugs Act 1971 (section 23),Controlled drugs,Suspect arrested,True,True
Vehicle search,2018-03-15T17:35:00+00:00,True,,52.894241,-1.176941,,,,,Misuse of Drugs Act 1971 (section 23),Controlled drugs,Nothing found - no further action,,
Person search,2018-03-15T20:19:00+00:00,False,,52.886765,-1.149276,Male,10-17,Other ethnic group - Not stated,Asian,Misuse of Drugs Act 1971 (section 23),Controlled drugs,Suspect arrested,True,False
Person search,2018-03-16T12:12:00+00:00,False,,52.958692,-1.148297,Male,18-24,Asian/Asian British - Any other Asian background,Asian,Police and Criminal Evidence Act 1984 (section 1),Stolen goods,Local resolution,,False
Person search,2018-03-17T00:00:00+00:00,False,,52.954068,-1.146601,Male,25-34,White - English/Welsh/Scottish/Northern Irish/British,White,Misuse of Drugs Act 1971 (section 23),Controlled drugs,Suspect summonsed to court,True,False
Person search,2018-03-17T01:10:00+00:00,False,,53.421142,-1.050846,Male,10-17,White - English/Welsh/Scottish/Northern Irish/British,White,Police and Criminal Evidence Act 1984 (section 1),Article for use in theft,Nothing found - no further action,,False
Person search,2018-03-18T00:00:00+00:00,False,,52.953539,-1.142980,Male,25-34,White - English/Welsh/Scottish/Northern Irish/British,White,Police and Criminal Evidence Act 1984 (section 1),Stolen goods,Suspect arrested,False,False
Person search,2018-03-18T14:52:00+00:00,False,,52.960133,-1.166505,Male,,Other ethnic group - Not stated,White,Police and Criminal Evidence Act 1984 (section 1),Offensive weapons,Nothing found - no further action,,False
Person search,2018-03-18T15:38:00+00:00,False,,52.960133,-1.166505,Male,18-24,Black/African/Caribbean/Black British - Any other Black/African/Caribbean background,Mixed,Police and Criminal Evidence Act 1984 (section 1),Offensive weapons,Nothing found - no further action,,False
Person and Vehicle search,2018-03-18T21:21:00+00:00,False,,53.046815,-0.775287,Female,18-24,Mixed/Multiple ethnic groups - White and Black Caribbean,Mixed,Misuse of Drugs Act 1971 (section 23),Controlled drugs,Offender given drugs possession warning,True,False
Person and Vehicle search,2018-03-18T21:21:00+00:00,False,,53.046815,-0.775287,Male,18-24,White - English/Welsh/Scottish/Northern Irish/British,White,Misuse of Drugs Act 1971 (section 23),Controlled drugs,Nothing found - no further action,,False
Person search,2018-03-19T00:00:00+00:00,False,,52.963633,-1.154081,Male,18-24,Asian/Asian British - Any other Asian background,Asian,Misuse of Drugs Act 1971 (section 23),Controlled drugs,Nothing found - no further action,,False
Person search,2018-03-19T15:15:00+00:00,False,,52.954655,-1.149477,Male,over 34,White - English/Welsh/Scottish/Northern Irish/British,White,Misuse of Drugs Act 1971 (section 23),Controlled drugs,Nothing found - no further action,,False
Person search,2018-03-20T01:01:00+00:00,False,,52.972010,-1.180959,Male,18-24,Other ethnic group - Not stated,Black,Police and Criminal Evidence Act 1984 (section 1),Offensive weapons,Suspect arrested,,False
Person and Vehicle search,2018-03-20T01:01:00+00:00,False,,53.055197,-1.133788,Male,over 34,White - English/Welsh/Scottish/Northern Irish/British,White,Misuse of Drugs Act 1971 (section 23),Controlled drugs,Suspect arrested,True,False
Person search,2018-03-20T03:03:00+00:00,False,,53.057912,-1.153862,Male,25-34,White - English/Welsh/Scottish/Northern Irish/British,White,Police and Criminal Evidence Act 1984 (section 1),Article for use in theft,Nothing found - no further action,,False
Person search,2018-03-20T16:20:00+00:00,True,,52.962859,-1.152741,Male,18-24,White - English/Welsh/Scottish/Northern Irish/British,White,Misuse of Drugs Act 1971 (section 23),Controlled drugs,Nothing found - no further action,,False
Person and Vehicle search,2018-03-21T13:15:00+00:00,False,,52.900566,-1.188149,Male,25-34,White - English/Welsh/Scottish/Northern Irish/British,White,Misuse of Drugs Act 1971 (section 23),Controlled drugs,Article found - Detailed outcome unavailable,True,False
Person search,2018-03-21T17:20:00+00:00,False,,52.965051,-1.169105,Male,,Other ethnic group - Not stated,Black,Police and Criminal Evidence Act 1984 (section 1),Offensive weapons,Article found - Detailed outcome unavailable,,False
Person search,2018-03-21T17:20:00+00:00,False,,52.965051,-1.169105,Male,,Other ethnic group - Not stated,Black,Police and Criminal Evidence Act 1984 (section 1),Offensive weapons,Article found - Detailed outcome unavailable,,False
Person search,2018-03-21T17:25:00+00:00,False,,52.965051,-1.169105,Male,,Other ethnic group - Not stated,Black,Police and Criminal Evidence Act 1984 (section 1),Offensive weapons,Nothing found - no further action,,False
Person search,2018-03-21T17:25:00+00:00,False,,52.965051,-1.169105,Male,,Other ethnic group - Not stated,Black,Police and Criminal Evidence Act 1984 (section 1),Offensive weapons,Nothing found - no further action,,False
Person search,2018-03-21T17:25:00+00:00,False,,52.965051,-1.169105,Male,,Other ethnic group - Not stated,Asian,Police and Criminal Evidence Act 1984 (section 1),Offensive weapons,Nothing found - no further action,,False
Person search,2018-03-21T17:25:00+00:00,False,,52.965051,-1.169105,Male,,Other ethnic group - Not stated,Black,Police and Criminal Evidence Act 1984 (section 1),Offensive weapons,Nothing found - no further action,,False
Person search,2018-03-21T17:48:00+00:00,False,,52.970432,-1.175078,Male,,Other ethnic group - Not stated,Black,Police and Criminal Evidence Act 1984 (section 1),Offensive weapons,Article found - Detailed outcome unavailable,,False
Person search,2018-03-21T19:19:00+00:00,False,,52.941801,-1.189491,Male,10-17,White - English/Welsh/Scottish/Northern Irish/British,White,Misuse of Drugs Act 1971 (section 23),Controlled drugs,Nothing found - no further action,,False
Person search,2018-03-21T19:19:00+00:00,False,,52.941801,-1.189491,Male,10-17,Other ethnic group - Not stated,White,Misuse of Drugs Act 1971 (section 23),Controlled drugs,Nothing found - no further action,,False
Person search,2018-03-22T11:11:00+00:00,False,,52.971652,-1.177243,Female,25-34,Other ethnic group - Any other ethnic group,Other,Police and Criminal Evidence Act 1984 (section 1),Stolen goods,Nothing found - no further action,,True
Person search,2018-03-22T11:11:00+00:00,False,,52.971652,-1.177243,Female,18-24,Other ethnic group - Any other ethnic group,Other,Police and Criminal Evidence Act 1984 (section 1),Stolen goods,Nothing found - no further action,,True
Person search,2018-03-22T12:12:00+00:00,False,,52.944700,-1.190181,Male,over 34,Black/African/Caribbean/Black British - Any other Black/African/Caribbean background,Black,Misuse of Drugs Act 1971 (section 23),Controlled drugs,Nothing found - no further action,,False
Person search,2018-03-22T19:19:00+00:00,False,,52.967469,-1.171605,Female,18-24,White - English/Welsh/Scottish/Northern Irish/British,White,Police and Criminal Evidence Act 1984 (section 1),Offensive weapons,Nothing found - no further action,,False
Person search,2018-03-23T13:13:00+00:00,False,,52.956911,-1.181498,Male,18-24,White - English/Welsh/Scottish/Northern Irish/British,White,Misuse of Drugs Act 1971 (section 23),Controlled drugs,Nothing found - no further action,,True
Person search,2018-03-23T15:05:00+00:00,True,,52.893129,-1.174777,Male,18-24,White - English/Welsh/Scottish/Northern Irish/British,White,Police and Criminal Evidence Act 1984 (section 1),Offensive weapons,Article found - Detailed outcome unavailable,True,False
Person and Vehicle search,2018-03-23T15:15:00+00:00,True,,52.903555,-1.184912,Male,25-34,Other ethnic group - Not stated,Asian,Misuse of Drugs Act 1971 (section 23),Controlled drugs,Article found - Detailed outcome unavailable,False,False
Person search,2018-03-24T08:05:00+00:00,False,,52.966853,-1.169756,Male,over 34,White - English/Welsh/Scottish/Northern Irish/British,White,Police and Criminal Evidence Act 1984 (section 1),Article for use in theft,Article found - Detailed outcome unavailable,,False
Person search,2018-03-24T16:20:00+00:00,False,,52.962056,-1.163773,Male,25-34,Other ethnic group - Not stated,White,Misuse of Drugs Act 1971 (section 23),Controlled drugs,Article found - Detailed outcome unavailable,,False
Person search,2018-03-24T17:17:00+00:00,True,,52.964944,-1.171787,Male,10-17,Other ethnic group - Not stated,Black,Criminal Justice Act 1988 (section 139B),Offensive weapons,Nothing found - no further action,,False
Person search,2018-03-24T17:17:00+00:00,True,,52.965289,-1.169771,Male,10-17,Black/African/Caribbean/Black British - Any other Black/African/Caribbean background,Black,Police and Criminal Evidence Act 1984 (section 1),Offensive weapons,Suspect summonsed to court,False,False
Person search,2018-03-24T20:59:00+00:00,True,,53.076439,-0.810138,Male,18-24,White - English/Welsh/Scottish/Northern Irish/British,White,Misuse of Drugs Act 1971 (section 23),Controlled drugs,Article found - Detailed outcome unavailable,,False
Person and Vehicle search,2018-03-25T02:03:00+00:00,False,,53.303169,-1.129665,Male,18-24,Other ethnic group - Not stated,White,Misuse of Drugs Act 1971 (section 23),Controlled drugs,Suspect summonsed to court,True,False
Person search,2018-03-25T09:00:00+00:00,False,,52.952195,-1.151148,Male,over 34,White - English/Welsh/Scottish/Northern Irish/British,White,Police and Criminal Evidence Act 1984 (section 1),Stolen goods,Suspected psychoactive substances seized - No further action,False,False
Person search,2018-03-25T09:08:00+00:00,False,,52.951110,-1.151482,Male,25-34,White - Any other White background,White,Police and Criminal Evidence Act 1984 (section 1),Stolen goods,Nothing found - no further action,,False
Person search,2018-03-25T09:56:00+00:00,False,,52.954683,-1.152112,Male,over 34,White - English/Welsh/Scottish/Northern Irish/British,White,Police and Criminal Evidence Act 1984 (section 1),Stolen goods,Article found - Detailed outcome unavailable,,False
Person search,2018-03-25T09:56:00+00:00,False,,52.954683,-1.152112,Male,over 34,White - English/Welsh/Scottish/Northern Irish/British,White,Police and Criminal Evidence Act 1984 (section 1),Stolen goods,Article found - Detailed outcome unavailable,,False
Person search,2018-03-25T17:18:00+00:00,False,,52.975681,-1.182707,Female,25-34,Other ethnic group - Not stated,Asian,Misuse of Drugs Act 1971 (section 23),Controlled drugs,Suspect arrested,,False
Person search,2018-03-25T19:20:00+00:00,False,,52.951541,-1.152664,Male,10-17,White - English/Welsh/Scottish/Northern Irish/British,White,Police and Criminal Evidence Act 1984 (section 1),Article for use in theft,Nothing found - no further action,,False
Person search,2018-03-25T21:27:00+00:00,False,,52.937452,-1.170155,Male,10-17,White - English/Welsh/Scottish/Northern Irish/British,White,Police and Criminal Evidence Act 1984 (section 1),Article for use in theft,Offender given drugs possession warning,False,False
Person search,2018-03-25T23:00:00+00:00,False,,52.950058,-1.132853,Male,over 34,White - English/Welsh/Scottish/Northern Irish/British,White,Police and Criminal Evidence Act 1984 (section 1),Article for use in theft,Article found - Detailed outcome unavailable,True,False
Person search,2018-03-25T23:00:00+00:00,False,,52.952454,-1.127387,Male,over 34,White - English/Welsh/Scottish/Northern Irish/British,White,Police and Criminal Evidence Act 1984 (section 1),Article for use in theft,Article found - Detailed outcome unavailable,True,False
Person search,2018-03-25T23:30:00+00:00,False,,52.971124,-1.159578,Male,10-17,Other ethnic group - Not stated,Black,Police and Criminal Evidence Act 1984 (section 1),Offensive weapons,Nothing found - no further action,,False
Person search,2018-03-26T23:00:00+00:00,False,,52.957084,-1.170077,Male,25-34,Mixed/Multiple ethnic groups - White and Black Caribbean,Black,Misuse of Drugs Act 1971 (section 23),Controlled drugs,Suspect arrested,,False
Person and Vehicle search,2018-03-27T09:10:00+00:00,True,,52.952345,-1.138255,Male,25-34,White - English/Welsh/Scottish/Northern Irish/British,White,Misuse of Drugs Act 1971 (section 23),Controlled drugs,Suspect summonsed to court,True,False
Person and Vehicle search,2018-03-27T10:11:00+00:00,True,,52.939970,-1.127713,Male,18-24,Other ethnic group - Not stated,Black,Misuse of Drugs Act 1971 (section 23),Controlled drugs,Offender given drugs possession warning,,False
Person search,2018-03-27T10:39:00+00:00,False,,52.936128,-1.130870,Male,25-34,Mixed/Multiple ethnic groups - White and Black Caribbean,Black,Misuse of Drugs Act 1971 (section 23),Controlled drugs,Article found - Detailed outcome unavailable,,False
Vehicle search,2018-03-27T13:15:00+00:00,False,,52.903057,-1.196191,,,,,Misuse of Drugs Act 1971 (section 23),Controlled drugs,Nothing found - no further action,,
Person search,2018-03-27T14:57:00+00:00,False,,52.954068,-1.146601,Female,over 34,White - English/Welsh/Scottish/Northern Irish/British,White,Police and Criminal Evidence Act 1984 (section 1),Stolen goods,Suspect arrested,False,False
Person search,2018-03-27T15:16:00+00:00,True,,52.951201,-1.154189,Male,10-17,Other ethnic group - Not stated,Mixed,Police and Criminal Evidence Act 1984 (section 1),Article for use in theft,Nothing found - no further action,,False
Person search,2018-03-27T20:20:00+00:00,False,,53.004312,-1.281639,Male,over 34,Black/African/Caribbean/Black British - Any other Black/African/Caribbean background,Black,Police and Criminal Evidence Act 1984 (section 1),Article for use in theft,Nothing found - no further action,,False
Person search,2018-03-27T20:44:00+00:00,False,,53.004312,-1.281639,Male,,Black/African/Caribbean/Black British - Any other Black/African/Caribbean background,Black,Police and Criminal Evidence Act 1984 (section 1),Article for use in theft,Nothing found - no further action,,False
Person search,2018-03-27T23:01:00+00:00,False,,52.976714,-1.220083,Male,,Other ethnic group - Not stated,Mixed,Police and Criminal Evidence Act 1984 (section 1),Offensive weapons,Article found - Detailed outcome unavailable,,False
Person search,2018-03-28T00:25:00+00:00,False,,52.945285,-1.042659,Male,25-34,White - English/Welsh/Scottish/Northern Irish/British,White,Misuse of Drugs Act 1971 (section 23),Controlled drugs,Article found - Detailed outcome unavailable,True,False
Vehicle search,2018-03-28T11:20:00+00:00,False,,52.986437,-1.174296,,,,,Misuse of Drugs Act 1971 (section 23),Controlled drugs,Offender given drugs possession warning,True,
Person and Vehicle search,2018-03-28T12:13:00+00:00,True,,52.955849,-1.151702,Male,25-34,Black/African/Caribbean/Black British - Caribbean,Black,Police and Criminal Evidence Act 1984 (section 1),Article for use in theft,Nothing found - no further action,,False
Person search,2018-03-28T12:50:00+00:00,False,,52.983520,-1.205334,Male,18-24,Black/African/Caribbean/Black British - Caribbean,Black,Police and Criminal Evidence Act 1984 (section 1),Offensive weapons,Article found - Detailed outcome unavailable,False,False
Person search,2018-03-28T13:14:00+00:00,True,,52.966723,-1.172959,Male,over 34,Black/African/Caribbean/Black British - Caribbean,Black,Misuse of Drugs Act 1971 (section 23),Controlled drugs,Suspect summonsed to court,True,False
Person search,2018-03-28T13:14:00+00:00,False,,52.986257,-1.142467,Male,over 34,Black/African/Caribbean/Black British - African,Black,Misuse of Drugs Act 1971 (section 23),Controlled drugs,Suspect arrested,,False
Person search,2018-03-28T18:19:00+00:00,False,,52.889058,-1.151876,Male,10-17,Other ethnic group - Not stated,White,Police and Criminal Evidence Act 1984 (section 1),Stolen goods,Suspect arrested,False,False
Person search,2018-03-28T18:19:00+00:00,False,,52.887453,-1.150050,Male,18-24,Other ethnic group - Not stated,White,Police and Criminal Evidence Act 1984 (section 1),Stolen goods,Suspect arrested,False,False
Person and Vehicle search,2018-03-28T22:23:00+00:00,False,,52.989985,-1.201580,Male,18-24,Other ethnic group - Not stated,Mixed,Misuse of Drugs Act 1971 (section 23),Controlled drugs,Article found - Detailed outcome unavailable,True,False
Person search,2018-03-28T23:00:00+00:00,False,,53.005203,-1.129618,Male,over 34,Other ethnic group - Not stated,White,Police and Criminal Evidence Act 1984 (section 1),Article for use in theft,Suspect arrested,,False
Person and Vehicle search,2018-03-29T09:10:00+00:00,True,,52.964188,-1.175509,Male,over 34,Black/African/Caribbean/Black British - Any other Black/African/Caribbean background,Black,Misuse of Drugs Act 1971 (section 23),Controlled drugs,Suspect arrested,True,False
Person search,2018-03-29T09:12:00+00:00,False,,52.992660,-1.151696,Male,,Other ethnic group - Not stated,Mixed,Police and Criminal Evidence Act 1984 (section 1),Offensive weapons,Nothing found - no further action,,False
Person and Vehicle search,2018-03-29T10:11:00+00:00,True,,52.984942,-1.173952,Male,25-34,White - English/Welsh/Scottish/Northern Irish/British,White,Misuse of Drugs Act 1971 (section 23),Controlled drugs,Local resolution,False,False
Person search,2018-03-29T13:10:00+00:00,False,,52.935251,-1.133893,Male,over 34,White - English/Welsh/Scottish/Northern Irish/British,White,Misuse of Drugs Act 1971 (section 23),Controlled drugs,Article found - Detailed outcome unavailable,,False
Person search,2018-03-29T18:35:00+00:00,True,,52.966024,-1.131655,Male,,Other ethnic group - Not stated,Black,Police and Criminal Evidence Act 1984 (section 1),Offensive weapons,Nothing found - no further action,,False
Person search,2018-03-29T20:21:00+00:00,False,,52.978638,-1.220153,Male,10-17,Other ethnic group - Not stated,Black,Police and Criminal Evidence Act 1984 (section 1),Offensive weapons,Nothing found - no further action,,False
Person search,2018-03-30T18:10:00+00:00,False,,52.900469,-1.179350,Male,,White - English/Welsh/Scottish/Northern Irish/British,White,Misuse of Drugs Act 1971 (section 23),Controlled drugs,Article found - Detailed outcome unavailable,True,False
Person search,2018-03-31T03:20:00+00:00,False,,53.131432,-1.193566,Male,25-34,White - English/Welsh/Scottish/Northern Irish/British,White,Police and Criminal Evidence Act 1984 (section 1),Article for use in theft,Local resolution,,False
