Type,Date,Part of a policing operation,Policing operation,Latitude,Longitude,Gender,Age range,Self-defined ethnicity,Officer-defined ethnicity,Legislation,Object of search,Outcome,Outcome linked to object of search,Removal of more than just outer clothing
Person search,2018-05-01T11:25:00+00:00,,,53.315476,-3.839274,Female,over 34,White - English/Welsh/Scottish/Northern Irish/British,White,Misuse of Drugs Act 1971 (section 23),Controlled drugs,A no further action disposal,False,False
Person search,2018-05-01T11:30:00+00:00,,,53.315476,-3.839274,Male,over 34,White - English/Welsh/Scottish/Northern Irish/British,White,Misuse of Drugs Act 1971 (section 23),Controlled drugs,A no further action disposal,False,False
Person search,2018-05-01T11:32:00+00:00,,,53.315476,-3.839274,Male,over 34,White - English/Welsh/Scottish/Northern Irish/British,White,Misuse of Drugs Act 1971 (section 23),Controlled drugs,A no further action disposal,False,False
Person search,2018-05-01T11:40:00+00:00,,,53.315476,-3.839274,Male,over 34,White - English/Welsh/Scottish/Northern Irish/British,White,Misuse of Drugs Act 1971 (section 23),Controlled drugs,A no further action disposal,False,False
Person search,2018-05-01T13:13:00+00:00,,,53.317956,-3.802884,Male,18-24,White - English/Welsh/Scottish/Northern Irish/British,White,Misuse of Drugs Act 1971 (section 23),Controlled drugs,A no further action disposal,False,False
Person and Vehicle search,2018-05-01T13:15:00+00:00,,,53.328068,-3.831316,Male,18-24,White - English/Welsh/Scottish/Northern Irish/British,Other,Misuse of Drugs Act 1971 (section 23),,A no further action disposal,False,False
Person search,2018-05-01T16:55:00+00:00,,,52.989029,-3.926816,Male,over 34,White - English/Welsh/Scottish/Northern Irish/British,White,Misuse of Drugs Act 1971 (section 23),Controlled drugs,A no further action disposal,False,False
Person search,2018-05-01T17:05:00+00:00,,,52.989029,-3.926816,Male,over 34,White - English/Welsh/Scottish/Northern Irish/British,White,Misuse of Drugs Act 1971 (section 23),Controlled drugs,A no further action disposal,False,False
Person search,2018-05-01T17:08:00+00:00,,,52.989029,-3.926816,Female,25-34,White - English/Welsh/Scottish/Northern Irish/British,White,Misuse of Drugs Act 1971 (section 23),Controlled drugs,A no further action disposal,False,False
Person search,2018-05-01T17:35:00+00:00,,,52.884602,-4.415061,Male,10-17,White - English/Welsh/Scottish/Northern Irish/British,White,Police and Criminal Evidence Act 1984 (section 1),Offensive weapons,A no further action disposal,True,False
Person and Vehicle search,2018-05-01T19:40:00+00:00,,,53.302603,-3.468535,Male,25-34,White - Irish,White,,,A no further action disposal,False,False
Person search,2018-05-02T02:48:00+00:00,,,53.045091,-2.992464,Male,18-24,White - English/Welsh/Scottish/Northern Irish/British,Asian,Misuse of Drugs Act 1971 (section 23),Controlled drugs,A no further action disposal,False,False
Person search,2018-05-03T11:55:00+00:00,,,53.173653,-3.081665,Male,10-17,White - English/Welsh/Scottish/Northern Irish/British,White,Misuse of Drugs Act 1971 (section 23),Controlled drugs,A no further action disposal,False,False
Person search,2018-05-03T11:55:00+00:00,,,53.173653,-3.081665,Male,10-17,White - English/Welsh/Scottish/Northern Irish/British,White,Misuse of Drugs Act 1971 (section 23),Controlled drugs,A no further action disposal,False,False
Person search,2018-05-03T11:55:00+00:00,,,53.173653,-3.081665,Male,10-17,White - English/Welsh/Scottish/Northern Irish/British,White,Misuse of Drugs Act 1971 (section 23),Controlled drugs,A no further action disposal,False,False
Person search,2018-05-03T11:55:00+00:00,,,53.173653,-3.081665,Male,10-17,White - English/Welsh/Scottish/Northern Irish/British,White,Misuse of Drugs Act 1971 (section 23),Controlled drugs,A no further action disposal,False,False
Person search,2018-05-03T22:10:00+00:00,,,53.044956,-2.984868,Male,over 34,Other ethnic group - Not stated,Other,Police and Criminal Evidence Act 1984 (section 1),Stolen goods,Arrest,False,False
Person and Vehicle search,2018-05-03T23:30:00+00:00,,,53.256338,-4.102960,Male,25-34,White - English/Welsh/Scottish/Northern Irish/British,White,Misuse of Drugs Act 1971 (section 23),Controlled drugs,Arrest,False,False
Person search,2018-05-04T00:15:00+00:00,,,53.041095,-2.972341,Male,over 34,Other ethnic group - Not stated,Other,Misuse of Drugs Act 1971 (section 23),Controlled drugs,A no further action disposal,False,False
Person search,2018-05-04T02:15:00+00:00,,,53.058936,-2.999885,Male,over 34,White - English/Welsh/Scottish/Northern Irish/British,White,Police and Criminal Evidence Act 1984 (section 1),Stolen goods,Arrest,False,False
Person search,2018-05-04T11:10:00+00:00,,,53.229495,-4.113510,Male,18-24,White - English/Welsh/Scottish/Northern Irish/British,White,Misuse of Drugs Act 1971 (section 23),Controlled drugs,Arrest,True,True
Person search,2018-05-04T20:30:00+00:00,,,52.692822,-4.055596,Male,18-24,White - English/Welsh/Scottish/Northern Irish/British,White,Misuse of Drugs Act 1971 (section 23),Controlled drugs,Khat or Cannabis warning,True,False
Person search,2018-05-04T22:00:00+00:00,,,53.040021,-2.980520,Male,over 34,Other ethnic group - Not stated,Other,Misuse of Drugs Act 1971 (section 23),Controlled drugs,A no further action disposal,False,False
Person search,2018-05-04T22:05:00+00:00,,,53.041095,-2.972341,Male,over 34,Asian/Asian British - Chinese,White,Misuse of Drugs Act 1971 (section 23),Controlled drugs,A no further action disposal,False,False
Person search,2018-05-04T23:20:00+00:00,,,53.294060,-3.828900,Female,25-34,White - English/Welsh/Scottish/Northern Irish/British,White,,,A no further action disposal,False,False
Person search,2018-05-05T22:40:00+00:00,,,52.742671,-3.885631,Male,18-24,White - English/Welsh/Scottish/Northern Irish/British,White,Misuse of Drugs Act 1971 (section 23),Controlled drugs,Khat or Cannabis warning,True,False
Person search,2018-05-05T23:10:00+00:00,,,53.169736,-3.136425,Male,25-34,White - English/Welsh/Scottish/Northern Irish/British,White,Police and Criminal Evidence Act 1984 (section 1),Firearms,A no further action disposal,False,False
Person search,2018-05-05T23:10:00+00:00,,,53.169736,-3.136425,Female,25-34,White - English/Welsh/Scottish/Northern Irish/British,White,Police and Criminal Evidence Act 1984 (section 1),Firearms,A no further action disposal,False,False
Person search,2018-05-06T09:35:00+00:00,,,52.911386,-3.596557,Male,25-34,Other ethnic group - Not stated,Other,Misuse of Drugs Act 1971 (section 23),Controlled drugs,A no further action disposal,False,False
Person search,2018-05-06T09:45:00+00:00,,,52.911386,-3.596557,Male,25-34,White - English/Welsh/Scottish/Northern Irish/British,White,Misuse of Drugs Act 1971 (section 23),Controlled drugs,A no further action disposal,False,False
Person search,2018-05-06T10:30:00+00:00,,,52.908870,-3.601804,Male,25-34,Other ethnic group - Not stated,White,Misuse of Drugs Act 1971 (section 23),,A no further action disposal,False,False
Person search,2018-05-06T19:50:00+00:00,,,53.041065,-2.968269,Male,18-24,White - English/Welsh/Scottish/Northern Irish/British,White,Police and Criminal Evidence Act 1984 (section 1),Offensive weapons,A no further action disposal,True,False
Person search,2018-05-06T22:10:00+00:00,,,53.048097,-2.996307,Male,25-34,Asian/Asian British - Chinese,Other,Misuse of Drugs Act 1971 (section 23),Controlled drugs,A no further action disposal,False,False
Person search,2018-05-06T23:40:00+00:00,,,53.044540,-2.993913,Male,18-24,White - English/Welsh/Scottish/Northern Irish/British,White,Misuse of Drugs Act 1971 (section 23),Controlled drugs,Arrest,True,False
Person search,2018-05-07T12:50:00+00:00,,,53.206289,-4.152215,Male,over 34,White - English/Welsh/Scottish/Northern Irish/British,White,Police and Criminal Evidence Act 1984 (section 1),Stolen goods,A no further action disposal,False,False
Person search,2018-05-07T21:00:00+00:00,,,52.939328,-4.142093,Male,over 34,White - English/Welsh/Scottish/Northern Irish/British,White,Misuse of Drugs Act 1971 (section 23),Controlled drugs,A no further action disposal,False,False
Person search,2018-05-07T21:55:00+00:00,,,52.938620,-4.143993,Male,18-24,White - English/Welsh/Scottish/Northern Irish/British,White,Misuse of Drugs Act 1971 (section 23),Controlled drugs,A no further action disposal,False,False
Person and Vehicle search,2018-05-08T03:40:00+00:00,,,53.272903,-3.307821,Male,over 34,White - English/Welsh/Scottish/Northern Irish/British,White,Police and Criminal Evidence Act 1984 (section 1),Stolen goods,A no further action disposal,False,False
Person and Vehicle search,2018-05-08T03:40:00+00:00,,,53.272903,-3.307821,Female,25-34,White - English/Welsh/Scottish/Northern Irish/British,White,Police and Criminal Evidence Act 1984 (section 1),Stolen goods,A no further action disposal,False,False
Person search,2018-05-08T08:58:00+00:00,,,53.044820,-2.991548,Male,over 34,Other ethnic group - Not stated,Other,Misuse of Drugs Act 1971 (section 23),Controlled drugs,Arrest,True,False
Person search,2018-05-08T08:58:00+00:00,,,53.135072,-2.991712,Male,over 34,White - English/Welsh/Scottish/Northern Irish/British,Other,Misuse of Drugs Act 1971 (section 23),Controlled drugs,A no further action disposal,True,False
Person and Vehicle search,2018-05-08T18:45:00+00:00,,,53.231551,-4.124774,Male,25-34,White - English/Welsh/Scottish/Northern Irish/British,White,Misuse of Drugs Act 1971 (section 23),Controlled drugs,Arrest,True,True
Person and Vehicle search,2018-05-08T18:45:00+00:00,,,53.231551,-4.124774,Male,over 34,White - English/Welsh/Scottish/Northern Irish/British,White,Misuse of Drugs Act 1971 (section 23),Controlled drugs,Arrest,True,True
Person search,2018-05-08T22:25:00+00:00,,,53.007514,-3.044047,Male,18-24,White - English/Welsh/Scottish/Northern Irish/British,White,Firearms Act 1968 (section 47),Firearms,A no further action disposal,False,False
Person search,2018-05-09T16:10:00+00:00,,,52.989029,-3.926816,Female,over 34,White - English/Welsh/Scottish/Northern Irish/British,White,Police and Criminal Evidence Act 1984 (section 1),Stolen goods,A no further action disposal,False,False
Person search,2018-05-09T20:49:00+00:00,,,53.255509,-4.307143,Male,10-17,White - English/Welsh/Scottish/Northern Irish/British,White,Police and Criminal Evidence Act 1984 (section 1),Article for use in theft,A no further action disposal,False,False
Person search,2018-05-09T20:49:00+00:00,,,53.255509,-4.307143,Male,,Other ethnic group - Not stated,White,Police and Criminal Evidence Act 1984 (section 1),Article for use in theft,A no further action disposal,False,False
Person search,2018-05-10T16:50:00+00:00,,,53.227031,-4.110512,Male,10-17,White - English/Welsh/Scottish/Northern Irish/British,White,Misuse of Drugs Act 1971 (section 23),Controlled drugs,Arrest,True,True
Person search,2018-05-10T16:50:00+00:00,,,53.227031,-4.110512,Male,25-34,White - English/Welsh/Scottish/Northern Irish/British,White,Misuse of Drugs Act 1971 (section 23),Controlled drugs,Arrest,False,True
Person and Vehicle search,2018-05-10T18:00:00+00:00,,,53.272469,-3.525118,Male,25-34,White - English/Welsh/Scottish/Northern Irish/British,White,Misuse of Drugs Act 1971 (section 23),Controlled drugs,A no further action disposal,False,False
Person and Vehicle search,2018-05-10T23:05:00+00:00,,,53.312913,-3.522357,Female,18-24,White - English/Welsh/Scottish/Northern Irish/British,White,Misuse of Drugs Act 1971 (section 23),Controlled drugs,Arrest,True,False
Person search,2018-05-12T01:25:00+00:00,,,53.319423,-3.814041,Male,over 34,White - English/Welsh/Scottish/Northern Irish/British,White,Police and Criminal Evidence Act 1984 (section 1),Article for use in theft,A no further action disposal,False,False
Person search,2018-05-12T01:25:00+00:00,,,53.319423,-3.814041,Male,25-34,White - English/Welsh/Scottish/Northern Irish/British,White,Police and Criminal Evidence Act 1984 (section 1),Article for use in theft,A no further action disposal,False,False
Person search,2018-05-12T01:45:00+00:00,,,53.321068,-3.493101,Male,18-24,White - English/Welsh/Scottish/Northern Irish/British,White,Misuse of Drugs Act 1971 (section 23),Controlled drugs,A no further action disposal,True,False
Person search,2018-05-12T07:20:00+00:00,,,53.047403,-2.995471,Male,25-34,Asian/Asian British - Chinese,White,Misuse of Drugs Act 1971 (section 23),Controlled drugs,A no further action disposal,True,True
Person search,2018-05-12T12:51:00+00:00,,,53.140006,-4.273329,Female,over 34,White - English/Welsh/Scottish/Northern Irish/British,White,Police and Criminal Evidence Act 1984 (section 1),Stolen goods,A no further action disposal,False,False
Person search,2018-05-13T15:05:00+00:00,,,53.045832,-2.980130,Male,over 34,White - English/Welsh/Scottish/Northern Irish/British,White,Misuse of Drugs Act 1971 (section 23),Controlled drugs,A no further action disposal,False,False
Person search,2018-05-13T15:05:00+00:00,,,53.045832,-2.980130,Male,over 34,White - English/Welsh/Scottish/Northern Irish/British,White,Misuse of Drugs Act 1971 (section 23),Controlled drugs,A no further action disposal,False,False
Person search,2018-05-14T11:00:00+00:00,,,53.045650,-2.998727,Male,18-24,White - English/Welsh/Scottish/Northern Irish/British,White,Misuse of Drugs Act 1971 (section 23),Controlled drugs,A no further action disposal,False,False
Person search,2018-05-14T15:00:00+00:00,,,53.043816,-2.971582,Male,over 34,White - English/Welsh/Scottish/Northern Irish/British,Other,Misuse of Drugs Act 1971 (section 23),Controlled drugs,A no further action disposal,False,False
Person and Vehicle search,2018-05-14T16:57:00+00:00,,,52.919515,-4.232243,Male,10-17,White - English/Welsh/Scottish/Northern Irish/British,White,Misuse of Drugs Act 1971 (section 23),Controlled drugs,A no further action disposal,False,False
Person and Vehicle search,2018-05-15T02:30:00+00:00,,,53.212369,-3.057753,Male,10-17,White - English/Welsh/Scottish/Northern Irish/British,White,Police and Criminal Evidence Act 1984 (section 1),Article for use in theft,A no further action disposal,False,False
Person search,2018-05-15T20:25:00+00:00,,,53.163911,-3.084382,Female,25-34,White - English/Welsh/Scottish/Northern Irish/British,White,Police and Criminal Evidence Act 1984 (section 1),Offensive weapons,A no further action disposal,False,False
Person search,2018-05-15T22:20:00+00:00,,,52.742671,-3.885631,Male,18-24,White - English/Welsh/Scottish/Northern Irish/British,White,Misuse of Drugs Act 1971 (section 23),Controlled drugs,Khat or Cannabis warning,True,False
Person search,2018-05-17T19:15:00+00:00,,,53.324641,-3.831395,Male,18-24,White - English/Welsh/Scottish/Northern Irish/British,White,Police and Criminal Evidence Act 1984 (section 1),Offensive weapons,A no further action disposal,False,False
Person search,2018-05-18T00:50:00+00:00,,,53.060215,-2.973562,Female,18-24,White - English/Welsh/Scottish/Northern Irish/British,White,Police and Criminal Evidence Act 1984 (section 1),Article for use in theft,A no further action disposal,False,False
Person search,2018-05-18T02:05:00+00:00,,,53.312142,-3.511567,Male,18-24,White - English/Welsh/Scottish/Northern Irish/British,White,Police and Criminal Evidence Act 1984 (section 1),Stolen goods,Arrest,False,False
Person search,2018-05-18T02:10:00+00:00,,,53.312142,-3.511567,Male,18-24,White - English/Welsh/Scottish/Northern Irish/British,White,Police and Criminal Evidence Act 1984 (section 1),Stolen goods,Arrest,False,False
Person search,2018-05-18T11:10:00+00:00,,,53.289893,-3.643360,Male,18-24,White - English/Welsh/Scottish/Northern Irish/British,White,Misuse of Drugs Act 1971 (section 23),Controlled drugs,A no further action disposal,False,False
Person search,2018-05-18T11:15:00+00:00,,,55.790644,-2.080588,Male,25-34,White - English/Welsh/Scottish/Northern Irish/British,White,Misuse of Drugs Act 1971 (section 23),Controlled drugs,A no further action disposal,False,False
Person search,2018-05-18T11:45:00+00:00,,,,,Male,over 34,White - Any other White background,White,Misuse of Drugs Act 1971 (section 23),Controlled drugs,A no further action disposal,False,False
Person and Vehicle search,2018-05-18T13:24:00+00:00,,,52.989029,-3.926816,Male,over 34,White - English/Welsh/Scottish/Northern Irish/British,White,Misuse of Drugs Act 1971 (section 23),Controlled drugs,A no further action disposal,False,False
Person and Vehicle search,2018-05-18T13:25:00+00:00,,,52.989029,-3.926816,Male,25-34,White - English/Welsh/Scottish/Northern Irish/British,White,Misuse of Drugs Act 1971 (section 23),Controlled drugs,A no further action disposal,False,False
Person search,2018-05-18T18:17:00+00:00,,,53.008507,-3.061747,Female,18-24,White - English/Welsh/Scottish/Northern Irish/British,White,Misuse of Drugs Act 1971 (section 23),Controlled drugs,A no further action disposal,True,False
Person search,2018-05-18T21:20:00+00:00,,,52.889801,-4.416733,Male,over 34,Other ethnic group - Not stated,White,Police and Criminal Evidence Act 1984 (section 1),Offensive weapons,A no further action disposal,False,False
Person and Vehicle search,2018-05-18T23:05:00+00:00,,,53.219583,-4.105607,Male,over 34,White - English/Welsh/Scottish/Northern Irish/British,White,Misuse of Drugs Act 1971 (section 23),Controlled drugs,A no further action disposal,False,True
Person search,2018-05-18T23:40:00+00:00,,,53.219583,-4.105607,Female,18-24,White - English/Welsh/Scottish/Northern Irish/British,White,Misuse of Drugs Act 1971 (section 23),Controlled drugs,A no further action disposal,False,True
Person search,2018-05-18T23:40:00+00:00,,,53.219583,-4.105607,Male,over 34,White - English/Welsh/Scottish/Northern Irish/British,White,Misuse of Drugs Act 1971 (section 23),Controlled drugs,A no further action disposal,False,True
Person search,2018-05-18T23:40:00+00:00,,,53.219583,-4.105607,Male,25-34,White - English/Welsh/Scottish/Northern Irish/British,White,Misuse of Drugs Act 1971 (section 23),Controlled drugs,A no further action disposal,False,True
Person search,2018-05-18T23:55:00+00:00,,,53.219583,-4.105607,Male,25-34,White - English/Welsh/Scottish/Northern Irish/British,White,Misuse of Drugs Act 1971 (section 23),Controlled drugs,A no further action disposal,False,True
Person search,2018-05-19T00:30:00+00:00,,,53.321836,-3.816756,Male,over 34,White - English/Welsh/Scottish/Northern Irish/British,White,Police and Criminal Evidence Act 1984 (section 1),Article for use in theft,A no further action disposal,False,False
Person search,2018-05-19T00:40:00+00:00,,,53.330667,-3.865442,Male,25-34,White - English/Welsh/Scottish/Northern Irish/British,White,Police and Criminal Evidence Act 1984 (section 1),Article for use in theft,A no further action disposal,False,False
Person search,2018-05-19T22:55:00+00:00,,,53.225875,-4.162936,Male,25-34,White - English/Welsh/Scottish/Northern Irish/British,White,Misuse of Drugs Act 1971 (section 23),Controlled drugs,A no further action disposal,False,False
Person search,2018-05-20T00:45:00+00:00,,,53.044772,-2.994023,Male,18-24,Asian/Asian British - Indian,Other,Misuse of Drugs Act 1971 (section 23),Controlled drugs,A no further action disposal,False,False
Person search,2018-05-20T00:55:00+00:00,,,53.046122,-2.996083,Male,25-34,White - English/Welsh/Scottish/Northern Irish/British,White,Misuse of Drugs Act 1971 (section 23),Controlled drugs,A no further action disposal,False,False
Person search,2018-05-20T02:00:00+00:00,,,53.223952,-4.135454,Male,,White - English/Welsh/Scottish/Northern Irish/British,White,Misuse of Drugs Act 1971 (section 23),Controlled drugs,A no further action disposal,False,True
Person search,2018-05-20T03:10:00+00:00,,,53.044741,-2.995678,Male,18-24,White - English/Welsh/Scottish/Northern Irish/British,White,Misuse of Drugs Act 1971 (section 23),Controlled drugs,A no further action disposal,False,False
Person and Vehicle search,2018-05-20T11:25:00+00:00,,,53.233343,-3.178261,Female,25-34,White - English/Welsh/Scottish/Northern Irish/British,White,Misuse of Drugs Act 1971 (section 23),Controlled drugs,A no further action disposal,False,False
Person search,2018-05-21T10:30:00+00:00,,,53.048990,-2.976457,Male,over 34,White - English/Welsh/Scottish/Northern Irish/British,Other,Misuse of Drugs Act 1971 (section 23),Controlled drugs,A no further action disposal,False,False
Person search,2018-05-23T22:25:00+00:00,,,53.007514,-3.044047,Male,18-24,White - English/Welsh/Scottish/Northern Irish/British,White,Firearms Act 1968 (section 47),Firearms,A no further action disposal,False,False
Person search,2018-05-23T22:40:00+00:00,,,53.165774,-3.124817,Male,25-34,White - English/Welsh/Scottish/Northern Irish/British,White,Misuse of Drugs Act 1971 (section 23),Controlled drugs,A no further action disposal,False,False
Person search,2018-05-24T07:35:00+00:00,,,53.228886,-4.173815,Male,10-17,White - English/Welsh/Scottish/Northern Irish/British,White,Misuse of Drugs Act 1971 (section 23),Controlled drugs,A no further action disposal,False,False
Person search,2018-05-24T07:40:00+00:00,,,53.228886,-4.173815,Male,10-17,White - English/Welsh/Scottish/Northern Irish/British,White,Misuse of Drugs Act 1971 (section 23),Controlled drugs,A no further action disposal,False,False
Person search,2018-05-24T07:45:00+00:00,,,53.228886,-4.173815,Female,10-17,White - English/Welsh/Scottish/Northern Irish/British,White,Misuse of Drugs Act 1971 (section 23),Controlled drugs,A no further action disposal,False,False
Person search,2018-05-24T07:50:00+00:00,,,53.228886,-4.173815,Male,10-17,White - English/Welsh/Scottish/Northern Irish/British,White,Misuse of Drugs Act 1971 (section 23),Controlled drugs,A no further action disposal,False,False
Person search,2018-05-24T07:50:00+00:00,,,53.228886,-4.173815,Male,10-17,White - English/Welsh/Scottish/Northern Irish/British,White,Misuse of Drugs Act 1971 (section 23),Controlled drugs,A no further action disposal,False,False
Person search,2018-05-24T07:50:00+00:00,,,53.228886,-4.173815,Male,10-17,White - English/Welsh/Scottish/Northern Irish/British,White,Misuse of Drugs Act 1971 (section 23),Controlled drugs,A no further action disposal,False,False
Person search,2018-05-24T07:50:00+00:00,,,53.228886,-4.173815,Male,10-17,White - English/Welsh/Scottish/Northern Irish/British,White,Misuse of Drugs Act 1971 (section 23),Controlled drugs,A no further action disposal,False,False
Person search,2018-05-24T07:50:00+00:00,,,53.228886,-4.173815,Male,10-17,White - English/Welsh/Scottish/Northern Irish/British,White,Misuse of Drugs Act 1971 (section 23),Controlled drugs,A no further action disposal,False,False
Person search,2018-05-24T07:51:00+00:00,,,53.228886,-4.173815,Male,10-17,White - English/Welsh/Scottish/Northern Irish/British,White,Misuse of Drugs Act 1971 (section 23),Controlled drugs,A no further action disposal,False,False
Person search,2018-05-24T07:55:00+00:00,,,53.228886,-4.173815,Male,10-17,White - English/Welsh/Scottish/Northern Irish/British,White,Misuse of Drugs Act 1971 (section 23),Controlled drugs,A no further action disposal,False,False
Person search,2018-05-24T07:58:00+00:00,,,53.228886,-4.173815,Male,10-17,White - English/Welsh/Scottish/Northern Irish/British,White,Misuse of Drugs Act 1971 (section 23),Controlled drugs,A no further action disposal,False,False
Person search,2018-05-24T14:00:00+00:00,,,53.275694,-3.220023,Male,over 34,White - Irish,White,Misuse of Drugs Act 1971 (section 23),Controlled drugs,Khat or Cannabis warning,True,False
Person search,2018-05-25T07:13:00+00:00,,,53.139820,-4.272706,Male,over 34,White - English/Welsh/Scottish/Northern Irish/British,White,Misuse of Drugs Act 1971 (section 23),Controlled drugs,A no further action disposal,False,False
Person search,2018-05-25T07:13:00+00:00,,,53.135901,-4.293729,Male,over 34,White - English/Welsh/Scottish/Northern Irish/British,White,Misuse of Drugs Act 1971 (section 23),Controlled drugs,A no further action disposal,False,False
Person and Vehicle search,2018-05-25T13:00:00+00:00,,,53.155601,-3.133988,Male,18-24,White - English/Welsh/Scottish/Northern Irish/British,White,Misuse of Drugs Act 1971 (section 23),Controlled drugs,Arrest,True,False
Person and Vehicle search,2018-05-25T13:00:00+00:00,,,53.155601,-3.133988,Male,18-24,White - English/Welsh/Scottish/Northern Irish/British,White,Misuse of Drugs Act 1971 (section 23),Controlled drugs,A no further action disposal,False,True
Person and Vehicle search,2018-05-25T13:00:00+00:00,,,53.155601,-3.133988,Male,18-24,White - English/Welsh/Scottish/Northern Irish/British,White,Misuse of Drugs Act 1971 (section 23),Controlled drugs,A no further action disposal,False,False
Person search,2018-05-25T22:02:00+00:00,,,53.289006,-3.700231,Male,18-24,White - English/Welsh/Scottish/Northern Irish/British,White,Police and Criminal Evidence Act 1984 (section 1),Offensive weapons,A no further action disposal,False,False
Person and Vehicle search,2018-05-26T14:00:00+00:00,,,53.323371,-4.229191,Male,over 34,White - English/Welsh/Scottish/Northern Irish/British,White,Misuse of Drugs Act 1971 (section 23),Controlled drugs,A no further action disposal,False,False
Person search,2018-05-26T14:00:00+00:00,,,53.323371,-4.229191,Male,over 34,White - English/Welsh/Scottish/Northern Irish/British,White,Poaching Prevention Act 1862 (section 2),Controlled drugs,A no further action disposal,False,False
Person search,2018-05-26T19:30:00+00:00,,,53.043744,-2.967225,Male,10-17,White - English/Welsh/Scottish/Northern Irish/British,White,Misuse of Drugs Act 1971 (section 23),,A no further action disposal,False,False
Person search,2018-05-27T00:00:00+00:00,,,53.040166,-2.703602,Male,18-24,White - English/Welsh/Scottish/Northern Irish/British,White,Misuse of Drugs Act 1971 (section 23),Controlled drugs,A no further action disposal,False,False
Person search,2018-05-27T00:00:00+00:00,,,53.044540,-2.993913,Male,18-24,White - English/Welsh/Scottish/Northern Irish/British,White,Misuse of Drugs Act 1971 (section 23),Controlled drugs,A no further action disposal,False,False
Person search,2018-05-27T02:25:00+00:00,,,53.044741,-2.995678,Male,over 34,Mixed/Multiple ethnic groups - Any other Mixed/Multiple ethnic background,White,Misuse of Drugs Act 1971 (section 23),Controlled drugs,A no further action disposal,False,False
Person search,2018-05-27T03:40:00+00:00,,,53.044372,-2.988107,Male,25-34,White - Any other White background,White,Misuse of Drugs Act 1971 (section 23),Controlled drugs,Arrest,True,False
Person search,2018-05-28T22:15:00+00:00,,,53.270030,-3.499164,Male,25-34,White - English/Welsh/Scottish/Northern Irish/British,White,Police and Criminal Evidence Act 1984 (section 1),Offensive weapons,A no further action disposal,False,False
Person and Vehicle search,2018-05-28T22:15:00+00:00,,,53.270030,-3.499164,Male,over 34,White - English/Welsh/Scottish/Northern Irish/British,White,Police and Criminal Evidence Act 1984 (section 1),Offensive weapons,A no further action disposal,False,False
Person search,2018-05-29T10:40:00+00:00,,,53.223053,-3.066284,Female,25-34,White - English/Welsh/Scottish/Northern Irish/British,White,Misuse of Drugs Act 1971 (section 23),Controlled drugs,A no further action disposal,False,False
Person search,2018-05-29T10:40:00+00:00,,,53.223053,-3.066284,Male,over 34,White - English/Welsh/Scottish/Northern Irish/British,White,Misuse of Drugs Act 1971 (section 23),Controlled drugs,A no further action disposal,False,True
Person search,2018-05-30T13:35:00+00:00,,,53.320771,-3.809293,Male,over 34,White - English/Welsh/Scottish/Northern Irish/British,White,Police and Criminal Evidence Act 1984 (section 1),Stolen goods,Arrest,False,False
Person search,2018-05-30T14:35:00+00:00,,,53.256064,-4.302165,Male,over 34,White - English/Welsh/Scottish/Northern Irish/British,White,Misuse of Drugs Act 1971 (section 23),Controlled drugs,A no further action disposal,False,False
Person search,2018-05-30T14:40:00+00:00,,,53.256064,-4.302165,Male,over 34,White - English/Welsh/Scottish/Northern Irish/British,White,Misuse of Drugs Act 1971 (section 23),Controlled drugs,A no further action disposal,False,False
Person search,2018-05-30T14:45:00+00:00,,,53.164602,-3.148704,Male,18-24,White - English/Welsh/Scottish/Northern Irish/British,White,Misuse of Drugs Act 1971 (section 23),Controlled drugs,A no further action disposal,False,False
Person search,2018-05-30T20:53:00+00:00,,,53.031123,-3.029288,Male,18-24,White - English/Welsh/Scottish/Northern Irish/British,White,Misuse of Drugs Act 1971 (section 23),Controlled drugs,A no further action disposal,False,False
Person search,2018-05-30T20:55:00+00:00,,,53.031123,-3.029288,Male,10-17,White - English/Welsh/Scottish/Northern Irish/British,White,Misuse of Drugs Act 1971 (section 23),Controlled drugs,A no further action disposal,False,False
Person and Vehicle search,2018-05-31T13:00:00+00:00,,,53.224548,-4.261012,Male,over 34,White - English/Welsh/Scottish/Northern Irish/British,White,Firearms Act 1968 (section 47),Firearms,A no further action disposal,False,False
