Type,Date,Part of a policing operation,Policing operation,Latitude,Longitude,Gender,Age range,Self-defined ethnicity,Officer-defined ethnicity,Legislation,Object of search,Outcome,Outcome linked to object of search,Removal of more than just outer clothing
Person and Vehicle search,2018-03-02T20:03:00+00:00,,,54.023010,-1.044342,Male,18-24,White - English/Welsh/Scottish/Northern Irish/British,White,Misuse of Drugs Act 1971 (section 23),,A no further action disposal,,
Person search,2018-03-03T09:03:00+00:00,,,53.955124,-1.075475,Male,over 34,White - English/Welsh/Scottish/Northern Irish/British,White,Police and Criminal Evidence Act 1984 (section 1),Offensive weapons,A no further action disposal,,
Person and Vehicle search,2018-03-03T12:03:00+00:00,,,,,Male,over 34,White - English/Welsh/Scottish/Northern Irish/British,White,Police and Criminal Evidence Act 1984 (section 1),Stolen goods,A no further action disposal,,
Person and Vehicle search,2018-03-03T12:03:00+00:00,,,,,Male,over 34,White - English/Welsh/Scottish/Northern Irish/British,White,Police and Criminal Evidence Act 1984 (section 1),Stolen goods,A no further action disposal,,
Person and Vehicle search,2018-03-03T17:03:00+00:00,,,54.124432,-2.417388,Male,18-24,White - English/Welsh/Scottish/Northern Irish/British,White,Misuse of Drugs Act 1971 (section 23),Controlled drugs,A no further action disposal,,
Person and Vehicle search,2018-03-04T12:03:00+00:00,,,53.956799,-1.045963,Male,25-34,White - English/Welsh/Scottish/Northern Irish/British,White,Police and Criminal Evidence Act 1984 (section 1),Offensive weapons,Arrest,False,
Person search,2018-03-04T12:03:00+00:00,,,54.005423,-1.536862,Male,10-17,White - English/Welsh/Scottish/Northern Irish/British,White,Misuse of Drugs Act 1971 (section 23),Controlled drugs,A no further action disposal,,
Person and Vehicle search,2018-03-04T12:03:00+00:00,,,53.956799,-1.045963,Male,over 34,White - English/Welsh/Scottish/Northern Irish/British,White,Police and Criminal Evidence Act 1984 (section 1),Offensive weapons,A no further action disposal,,
Person and Vehicle search,2018-03-04T12:03:00+00:00,,,53.956799,-1.045963,Male,10-17,White - English/Welsh/Scottish/Northern Irish/British,White,Police and Criminal Evidence Act 1984 (section 1),Offensive weapons,Arrest,False,
Person and Vehicle search,2018-03-04T12:03:00+00:00,,,53.956799,-1.045963,Male,18-24,White - English/Welsh/Scottish/Northern Irish/British,White,Police and Criminal Evidence Act 1984 (section 1),Offensive weapons,A no further action disposal,False,
Person search,2018-03-04T14:03:00+00:00,,,53.959674,-1.029041,Male,18-24,White - English/Welsh/Scottish/Northern Irish/British,White,Police and Criminal Evidence Act 1984 (section 1),Offensive weapons,A no further action disposal,,
Person and Vehicle search,2018-03-04T14:03:00+00:00,,,53.959674,-1.029041,Male,25-34,White - English/Welsh/Scottish/Northern Irish/British,White,Police and Criminal Evidence Act 1984 (section 1),Offensive weapons,Arrest,False,
Person search,2018-03-04T14:03:00+00:00,,,53.959674,-1.029041,Male,18-24,White - English/Welsh/Scottish/Northern Irish/British,White,Misuse of Drugs Act 1971 (section 23),Offensive weapons,A no further action disposal,,
Person and Vehicle search,2018-03-04T14:03:00+00:00,,,53.959674,-1.029041,Female,25-34,White - English/Welsh/Scottish/Northern Irish/British,White,Police and Criminal Evidence Act 1984 (section 1),Offensive weapons,A no further action disposal,,
Person search,2018-03-04T14:03:00+00:00,,,53.959674,-1.029041,Male,18-24,White - English/Welsh/Scottish/Northern Irish/British,White,Police and Criminal Evidence Act 1984 (section 1),Offensive weapons,A no further action disposal,,
Vehicle search,2018-03-04T15:03:00+00:00,,,53.964494,-2.004201,,over 34,,,Police and Criminal Evidence Act 1984 (section 1),Stolen goods,,True,
Vehicle search,2018-03-04T22:03:00+00:00,,,53.929319,-1.068460,,over 34,,,Police and Criminal Evidence Act 1984 (section 1),Offensive weapons,,True,
Person search,2018-03-06T07:03:00+00:00,,,54.397181,-1.650644,Male,over 34,White - English/Welsh/Scottish/Northern Irish/British,White,Police and Criminal Evidence Act 1984 (section 1),Stolen goods,Arrest,True,
Person search,2018-03-06T16:03:00+00:00,,,53.995172,-1.510831,Male,25-34,White - English/Welsh/Scottish/Northern Irish/British,White,Misuse of Drugs Act 1971 (section 23),Controlled drugs,A no further action disposal,,
Person and Vehicle search,2018-03-07T14:03:00+00:00,,,54.471299,-1.197953,Male,over 34,White - English/Welsh/Scottish/Northern Irish/British,White,Police and Criminal Evidence Act 1984 (section 1),Stolen goods,A no further action disposal,,
Person search,2018-03-07T21:03:00+00:00,,,53.959683,-1.080480,Male,over 34,White - English/Welsh/Scottish/Northern Irish/British,White,Misuse of Drugs Act 1971 (section 23),Controlled drugs,A no further action disposal,,
Person search,2018-03-07T21:03:00+00:00,,,53.959683,-1.080480,Female,over 34,White - English/Welsh/Scottish/Northern Irish/British,White,Misuse of Drugs Act 1971 (section 23),Controlled drugs,A no further action disposal,,
Person search,2018-03-08T10:03:00+00:00,,,53.960055,-1.083260,Male,10-17,White - English/Welsh/Scottish/Northern Irish/British,White,Police and Criminal Evidence Act 1984 (section 1),Stolen goods,Community resolution,True,
Person search,2018-03-08T10:03:00+00:00,,,53.960055,-1.083260,Male,10-17,White - English/Welsh/Scottish/Northern Irish/British,White,Police and Criminal Evidence Act 1984 (section 1),Stolen goods,Arrest,True,
Person search,2018-03-08T13:03:00+00:00,,,54.304417,-1.989424,Male,25-34,White - English/Welsh/Scottish/Northern Irish/British,White,Police and Criminal Evidence Act 1984 (section 1),Stolen goods,A no further action disposal,,
Person search,2018-03-08T14:03:00+00:00,,,53.957786,-1.082777,Female,25-34,White - English/Welsh/Scottish/Northern Irish/British,White,Police and Criminal Evidence Act 1984 (section 1),Stolen goods,Arrest,True,
Person search,2018-03-08T19:03:00+00:00,,,53.998294,-1.511481,Male,over 34,White - English/Welsh/Scottish/Northern Irish/British,White,Misuse of Drugs Act 1971 (section 23),Controlled drugs,Arrest,True,
Person search,2018-03-08T19:03:00+00:00,,,53.998294,-1.511481,Male,over 34,White - English/Welsh/Scottish/Northern Irish/British,White,Misuse of Drugs Act 1971 (section 23),,A no further action disposal,,
Person search,2018-03-08T19:03:00+00:00,,,53.998294,-1.511481,Female,25-34,White - English/Welsh/Scottish/Northern Irish/British,White,Misuse of Drugs Act 1971 (section 23),,A no further action disposal,,
Person and Vehicle search,2018-03-09T03:03:00+00:00,,,53.788057,-1.072670,Male,18-24,White - English/Welsh/Scottish/Northern Irish/British,White,Misuse of Drugs Act 1971 (section 23),Controlled drugs,A no further action disposal,,
Person and Vehicle search,2018-03-09T03:03:00+00:00,,,53.788057,-1.072670,Male,25-34,White - English/Welsh/Scottish/Northern Irish/British,White,Misuse of Drugs Act 1971 (section 23),Controlled drugs,A no further action disposal,,
Person and Vehicle search,2018-03-09T10:03:00+00:00,,,53.992430,-0.915802,Male,25-34,White - English/Welsh/Scottish/Northern Irish/British,White,Misuse of Drugs Act 1971 (section 23),Controlled drugs,Arrest,False,
Person search,2018-03-09T11:03:00+00:00,,,53.987444,-1.538373,Male,over 34,White - English/Welsh/Scottish/Northern Irish/British,White,Misuse of Drugs Act 1971 (section 23),Controlled drugs,A no further action disposal,,
Person search,2018-03-09T11:03:00+00:00,,,53.988931,-1.539546,Male,over 34,Other ethnic group - Not stated,White,Misuse of Drugs Act 1971 (section 23),Controlled drugs,A no further action disposal,,
Person search,2018-03-09T17:03:00+00:00,,,53.924215,-1.126045,Male,18-24,White - English/Welsh/Scottish/Northern Irish/British,White,Police and Criminal Evidence Act 1984 (section 1),,A no further action disposal,,
Person and Vehicle search,2018-03-10T00:03:00+00:00,,,53.977175,-1.532372,Male,10-17,White - English/Welsh/Scottish/Northern Irish/British,White,Misuse of Drugs Act 1971 (section 23),Controlled drugs,A no further action disposal,,
Person search,2018-03-10T15:03:00+00:00,,,53.969531,-1.085964,Male,over 34,White - English/Welsh/Scottish/Northern Irish/British,White,Police and Criminal Evidence Act 1984 (section 1),Offensive weapons,A no further action disposal,,
Person search,2018-03-10T21:03:00+00:00,,,53.993136,-1.541391,Male,10-17,White - English/Welsh/Scottish/Northern Irish/British,White,Police and Criminal Evidence Act 1984 (section 1),Offensive weapons,Arrest,True,
Person search,2018-03-11T01:03:00+00:00,,,53.994907,-1.507432,Male,25-34,White - English/Welsh/Scottish/Northern Irish/British,White,,Controlled drugs,A no further action disposal,,
Person search,2018-03-11T01:03:00+00:00,,,53.994907,-1.507432,Male,over 34,Other ethnic group - Not stated,,Police and Criminal Evidence Act 1984 (section 1),Article for use in theft,A no further action disposal,,
Person search,2018-03-11T13:03:00+00:00,,,53.959683,-1.080480,Male,over 34,White - English/Welsh/Scottish/Northern Irish/British,White,Police and Criminal Evidence Act 1984 (section 1),Offensive weapons,A no further action disposal,,
Person search,2018-03-11T15:03:00+00:00,,,53.967651,-1.075167,Male,10-17,White - English/Welsh/Scottish/Northern Irish/British,White,Misuse of Drugs Act 1971 (section 23),,Khat or Cannabis warning,True,
Person search,2018-03-12T14:03:00+00:00,,,53.954979,-1.048809,Female,over 34,White - English/Welsh/Scottish/Northern Irish/British,White,Misuse of Drugs Act 1971 (section 23),Controlled drugs,A no further action disposal,,
Person search,2018-03-12T14:03:00+00:00,,,53.957595,-1.080114,Female,over 34,White - English/Welsh/Scottish/Northern Irish/British,White,Police and Criminal Evidence Act 1984 (section 1),Stolen goods,Arrest,True,
Vehicle search,2018-03-13T13:03:00+00:00,,,53.695519,-1.153824,,over 34,,,Police and Criminal Evidence Act 1984 (section 1),Firearms,,False,
Person search,2018-03-14T14:03:00+00:00,,,54.249816,-1.348871,Male,25-34,White - English/Welsh/Scottish/Northern Irish/British,White,Misuse of Drugs Act 1971 (section 23),,A no further action disposal,,
Person and Vehicle search,2018-03-15T19:03:00+00:00,,,54.287036,-0.402412,Male,over 34,White - English/Welsh/Scottish/Northern Irish/British,White,Misuse of Drugs Act 1971 (section 23),Controlled drugs,A no further action disposal,False,
Person and Vehicle search,2018-03-15T19:03:00+00:00,,,54.287036,-0.402412,Male,25-34,White - English/Welsh/Scottish/Northern Irish/British,White,Misuse of Drugs Act 1971 (section 23),Controlled drugs,A no further action disposal,False,
Person and Vehicle search,2018-03-15T23:03:00+00:00,,,54.005613,-1.556267,Male,over 34,White - English/Welsh/Scottish/Northern Irish/British,White,,Controlled drugs,Arrest,True,
Person search,2018-03-16T13:03:00+00:00,,,54.199726,-0.386450,Male,25-34,White - English/Welsh/Scottish/Northern Irish/British,White,Misuse of Drugs Act 1971 (section 23),Controlled drugs,A no further action disposal,,
Person search,2018-03-16T13:03:00+00:00,,,54.199726,-0.386450,Female,25-34,White - English/Welsh/Scottish/Northern Irish/British,White,Misuse of Drugs Act 1971 (section 23),Controlled drugs,A no further action disposal,,
Person and Vehicle search,2018-03-16T14:03:00+00:00,,,54.167734,-0.681686,Male,over 34,Mixed/Multiple ethnic groups - White and Asian,Black,Misuse of Drugs Act 1971 (section 23),Controlled drugs,A no further action disposal,,
Person search,2018-03-16T15:03:00+00:00,,,54.232532,-1.342208,Male,18-24,White - English/Welsh/Scottish/Northern Irish/British,White,Misuse of Drugs Act 1971 (section 23),Controlled drugs,A no further action disposal,,
Person search,2018-03-16T15:03:00+00:00,,,53.992022,-1.536965,Male,over 34,White - English/Welsh/Scottish/Northern Irish/British,White,Police and Criminal Evidence Act 1984 (section 1),Offensive weapons,A no further action disposal,,
Person search,2018-03-16T17:03:00+00:00,,,54.440195,-1.670523,Male,25-34,White - English/Welsh/Scottish/Northern Irish/British,White,Misuse of Drugs Act 1971 (section 23),Controlled drugs,Arrest,False,
Vehicle search,2018-03-17T17:03:00+00:00,,,53.862514,-1.325779,,over 34,,,Police and Criminal Evidence Act 1984 (section 1),Stolen goods,,False,
Vehicle search,2018-03-17T21:03:00+00:00,,,54.286782,-0.400840,,over 34,,,Misuse of Drugs Act 1971 (section 23),Controlled drugs,,False,
Person and Vehicle search,2018-03-17T21:03:00+00:00,,,54.284537,-0.403016,Male,18-24,White - English/Welsh/Scottish/Northern Irish/British,White,Misuse of Drugs Act 1971 (section 23),Controlled drugs,A no further action disposal,,
Person search,2018-03-17T22:03:00+00:00,,,54.284830,-0.398688,Male,18-24,Black/African/Caribbean/Black British - Any other Black/African/Caribbean background,,Misuse of Drugs Act 1971 (section 23),Controlled drugs,A no further action disposal,,
Person search,2018-03-18T22:03:00+00:00,,,54.465051,-1.666328,Male,10-17,Other ethnic group - Not stated,Asian,Police and Criminal Evidence Act 1984 (section 1),Offensive weapons,A no further action disposal,,
Person search,2018-03-18T23:03:00+00:00,,,53.995319,-1.498321,Male,18-24,White - English/Welsh/Scottish/Northern Irish/British,White,Misuse of Drugs Act 1971 (section 23),Controlled drugs,A no further action disposal,,
Person search,2018-03-19T16:03:00+00:00,,,53.990881,-1.548874,Female,25-34,White - English/Welsh/Scottish/Northern Irish/British,White,Police and Criminal Evidence Act 1984 (section 1),Offensive weapons,A no further action disposal,,
Person search,2018-03-19T19:03:00+00:00,,,53.947090,-1.133596,Female,10-17,White - English/Welsh/Scottish/Northern Irish/British,White,Misuse of Drugs Act 1971 (section 23),Controlled drugs,A no further action disposal,,
Person search,2018-03-19T19:03:00+00:00,,,53.947090,-1.133596,Female,10-17,White - English/Welsh/Scottish/Northern Irish/British,White,Misuse of Drugs Act 1971 (section 23),Controlled drugs,A no further action disposal,,
Person search,2018-03-20T00:03:00+00:00,,,53.988435,-1.505130,Male,10-17,White - English/Welsh/Scottish/Northern Irish/British,White,Police and Criminal Evidence Act 1984 (section 1),Article for use in theft,A no further action disposal,,
Person search,2018-03-20T00:03:00+00:00,,,53.988435,-1.505130,Male,10-17,White - English/Welsh/Scottish/Northern Irish/British,White,Police and Criminal Evidence Act 1984 (section 1),Article for use in theft,A no further action disposal,,
Person search,2018-03-20T00:03:00+00:00,,,53.988435,-1.505130,Male,10-17,White - English/Welsh/Scottish/Northern Irish/British,White,Police and Criminal Evidence Act 1984 (section 1),Article for use in theft,A no further action disposal,,
Person search,2018-03-20T11:03:00+00:00,,,53.784566,-1.508320,Male,18-24,Asian/Asian British - Pakistani,White,Police and Criminal Evidence Act 1984 (section 1),Stolen goods,A no further action disposal,,
Person search,2018-03-20T14:03:00+00:00,,,53.957391,-1.079250,Female,over 34,White - English/Welsh/Scottish/Northern Irish/British,White,Police and Criminal Evidence Act 1984 (section 1),Stolen goods,Summons / charged by post,True,
Person search,2018-03-20T16:03:00+00:00,,,53.956944,-1.079625,Female,18-24,,,Misuse of Drugs Act 1971 (section 23),,A no further action disposal,,
Person search,2018-03-20T16:03:00+00:00,,,53.956944,-1.079625,Female,10-17,White - English/Welsh/Scottish/Northern Irish/British,White,Misuse of Drugs Act 1971 (section 23),,A no further action disposal,,
Person search,2018-03-20T16:03:00+00:00,,,53.956944,-1.079625,Female,10-17,White - English/Welsh/Scottish/Northern Irish/British,White,Misuse of Drugs Act 1971 (section 23),,A no further action disposal,,
Person search,2018-03-20T16:03:00+00:00,,,53.956944,-1.079625,Male,18-24,White - English/Welsh/Scottish/Northern Irish/British,White,Misuse of Drugs Act 1971 (section 23),,Khat or Cannabis warning,True,
Person search,2018-03-21T17:03:00+00:00,,,53.959893,-1.084422,Male,over 34,White - English/Welsh/Scottish/Northern Irish/British,White,Police and Criminal Evidence Act 1984 (section 1),Controlled drugs,A no further action disposal,,
Person search,2018-03-21T17:03:00+00:00,,,53.959893,-1.084422,Male,over 34,Black/African/Caribbean/Black British - Any other Black/African/Caribbean background,White,Police and Criminal Evidence Act 1984 (section 1),Controlled drugs,A no further action disposal,True,
Person search,2018-03-21T19:03:00+00:00,,,54.284089,-0.404539,Male,10-17,White - Irish,White,Police and Criminal Evidence Act 1984 (section 1),Stolen goods,A no further action disposal,,
Person search,2018-03-22T15:03:00+00:00,,,53.957391,-1.079250,Female,18-24,White - English/Welsh/Scottish/Northern Irish/British,White,Police and Criminal Evidence Act 1984 (section 1),Stolen goods,A no further action disposal,,
Person search,2018-03-22T15:03:00+00:00,,,53.991404,-1.537505,Male,over 34,White - English/Welsh/Scottish/Northern Irish/British,White,Misuse of Drugs Act 1971 (section 23),Controlled drugs,A no further action disposal,,
Person search,2018-03-22T15:03:00+00:00,,,53.991404,-1.537505,Male,over 34,White - English/Welsh/Scottish/Northern Irish/British,White,Misuse of Drugs Act 1971 (section 23),Controlled drugs,A no further action disposal,,
Person search,2018-03-24T12:03:00+00:00,,,54.133171,-0.778472,Male,18-24,White - English/Welsh/Scottish/Northern Irish/British,White,Police and Criminal Evidence Act 1984 (section 1),Offensive weapons,A no further action disposal,,
Person search,2018-03-24T13:03:00+00:00,,,54.056561,-2.294667,Male,25-34,Other ethnic group - Not stated,Black,Misuse of Drugs Act 1971 (section 23),Controlled drugs,A no further action disposal,,
Person search,2018-03-24T17:03:00+00:00,,,53.957786,-1.082777,Female,25-34,White - English/Welsh/Scottish/Northern Irish/British,White,Police and Criminal Evidence Act 1984 (section 1),Stolen goods,Arrest,True,
Person search,2018-03-25T00:03:00+00:00,,,53.896929,-1.966317,Male,25-34,White - English/Welsh/Scottish/Northern Irish/British,White,Misuse of Drugs Act 1971 (section 23),,Khat or Cannabis warning,True,
Person search,2018-03-25T03:03:00+00:00,,,53.904143,-1.637462,Female,25-34,White - English/Welsh/Scottish/Northern Irish/British,White,Misuse of Drugs Act 1971 (section 23),Controlled drugs,A no further action disposal,,
Person search,2018-03-25T03:03:00+00:00,,,53.904143,-1.637462,Male,over 34,White - English/Welsh/Scottish/Northern Irish/British,White,Misuse of Drugs Act 1971 (section 23),Controlled drugs,A no further action disposal,,
Person search,2018-03-25T08:03:00+00:00,,,53.957786,-1.082777,Male,over 34,White - English/Welsh/Scottish/Northern Irish/British,White,Misuse of Drugs Act 1971 (section 23),Controlled drugs,A no further action disposal,,
Person search,2018-03-25T20:03:00+00:00,,,54.007483,-1.461693,Male,10-17,White - English/Welsh/Scottish/Northern Irish/British,White,Misuse of Drugs Act 1971 (section 23),,A no further action disposal,,
Person search,2018-03-25T21:03:00+00:00,,,54.007517,-1.465324,Male,18-24,White - English/Welsh/Scottish/Northern Irish/British,White,Misuse of Drugs Act 1971 (section 23),,Arrest,True,
Person search,2018-03-26T12:03:00+00:00,,,53.995913,-1.513949,Female,25-34,White - English/Welsh/Scottish/Northern Irish/British,White,Misuse of Drugs Act 1971 (section 23),Controlled drugs,A no further action disposal,,
Person and Vehicle search,2018-03-26T15:03:00+00:00,,,53.902931,-1.963177,,18-24,Asian/Asian British - Pakistani,Asian,Misuse of Drugs Act 1971 (section 23),Controlled drugs,A no further action disposal,,
Person and Vehicle search,2018-03-26T15:03:00+00:00,,,53.902931,-1.963177,,18-24,Asian/Asian British - Pakistani,Asian,Misuse of Drugs Act 1971 (section 23),Controlled drugs,A no further action disposal,,
Vehicle search,2018-03-26T15:03:00+00:00,,,,,,over 34,,,Misuse of Drugs Act 1971 (section 23),,,False,
Person and Vehicle search,2018-03-26T17:03:00+00:00,,,53.791830,-1.387556,,,White - English/Welsh/Scottish/Northern Irish/British,White,Misuse of Drugs Act 1971 (section 23),Controlled drugs,A no further action disposal,,
Person and Vehicle search,2018-03-27T18:03:00+00:00,,,53.944757,-1.139038,Male,18-24,White - English/Welsh/Scottish/Northern Irish/British,White,Misuse of Drugs Act 1971 (section 23),Controlled drugs,Arrest,True,
Person search,2018-03-27T18:03:00+00:00,,,53.907888,-1.525611,Male,25-34,White - English/Welsh/Scottish/Northern Irish/British,White,Misuse of Drugs Act 1971 (section 23),,Arrest,True,
Person search,2018-03-27T18:03:00+00:00,,,53.907888,-1.525611,Male,25-34,White - English/Welsh/Scottish/Northern Irish/British,White,Misuse of Drugs Act 1971 (section 23),,Arrest,True,
Person and Vehicle search,2018-03-27T18:03:00+00:00,,,53.944757,-1.139038,Male,18-24,White - English/Welsh/Scottish/Northern Irish/British,White,Misuse of Drugs Act 1971 (section 23),Controlled drugs,Arrest,True,
Person search,2018-03-27T18:03:00+00:00,,,54.003661,-1.492347,Male,10-17,White - English/Welsh/Scottish/Northern Irish/British,White,Police and Criminal Evidence Act 1984 (section 1),Stolen goods,A no further action disposal,,
Person and Vehicle search,2018-03-27T18:03:00+00:00,,,53.944757,-1.139038,Male,18-24,White - English/Welsh/Scottish/Northern Irish/British,White,Misuse of Drugs Act 1971 (section 23),Controlled drugs,Arrest,True,
Person search,2018-03-27T23:03:00+00:00,,,54.007967,-1.553831,Male,18-24,White - English/Welsh/Scottish/Northern Irish/British,White,Misuse of Drugs Act 1971 (section 23),,A no further action disposal,,
Person search,2018-03-28T01:03:00+00:00,,,53.917542,-2.012403,Male,over 34,White - English/Welsh/Scottish/Northern Irish/British,White,Police and Criminal Evidence Act 1984 (section 1),Stolen goods,A no further action disposal,,
Person and Vehicle search,2018-03-28T03:03:00+00:00,,,53.954617,-1.076126,Male,25-34,Mixed/Multiple ethnic groups - White and Black Caribbean,White,Misuse of Drugs Act 1971 (section 23),Controlled drugs,A no further action disposal,,
Person search,2018-03-28T15:03:00+00:00,,,53.959683,-1.080480,Male,10-17,White - English/Welsh/Scottish/Northern Irish/British,White,Police and Criminal Evidence Act 1984 (section 1),Stolen goods,A no further action disposal,,
Person search,2018-03-28T17:03:00+00:00,,,54.292212,-0.409065,Male,over 34,White - English/Welsh/Scottish/Northern Irish/British,,Misuse of Drugs Act 1971 (section 23),Controlled drugs,A no further action disposal,,
Person search,2018-03-28T17:03:00+00:00,,,54.281113,-0.399031,Male,18-24,Black/African/Caribbean/Black British - Any other Black/African/Caribbean background,,Misuse of Drugs Act 1971 (section 23),,A no further action disposal,,
Person search,2018-03-28T17:03:00+00:00,,,54.281113,-0.399031,Male,18-24,White - English/Welsh/Scottish/Northern Irish/British,,Misuse of Drugs Act 1971 (section 23),Controlled drugs,A no further action disposal,,
Person search,2018-03-28T19:03:00+00:00,,,54.007967,-1.553831,Male,10-17,White - English/Welsh/Scottish/Northern Irish/British,White,Misuse of Drugs Act 1971 (section 23),,A no further action disposal,,
Person search,2018-03-28T19:03:00+00:00,,,54.007967,-1.553831,Male,18-24,White - English/Welsh/Scottish/Northern Irish/British,White,Misuse of Drugs Act 1971 (section 23),,Khat or Cannabis warning,True,
Person search,2018-03-28T23:03:00+00:00,,,53.999119,-1.444807,Female,over 34,White - English/Welsh/Scottish/Northern Irish/British,White,Misuse of Drugs Act 1971 (section 23),Controlled drugs,Arrest,False,
Person and Vehicle search,2018-03-28T23:03:00+00:00,,,54.249877,-1.341979,Male,25-34,White - English/Welsh/Scottish/Northern Irish/British,White,Police and Criminal Evidence Act 1984 (section 1),Stolen goods,A no further action disposal,False,
Person search,2018-03-29T10:03:00+00:00,,,53.997076,-1.537534,Male,10-17,White - English/Welsh/Scottish/Northern Irish/British,White,Misuse of Drugs Act 1971 (section 23),Controlled drugs,A no further action disposal,,
Vehicle search,2018-03-29T12:03:00+00:00,,,53.978352,-1.568480,,over 34,,,Misuse of Drugs Act 1971 (section 23),Controlled drugs,,False,
Person and Vehicle search,2018-03-29T15:03:00+00:00,,,53.986935,-1.539126,Male,18-24,White - English/Welsh/Scottish/Northern Irish/British,White,Misuse of Drugs Act 1971 (section 23),Controlled drugs,A no further action disposal,False,
Person search,2018-03-29T16:03:00+00:00,,,53.993136,-1.541391,Male,10-17,White - English/Welsh/Scottish/Northern Irish/British,White,Misuse of Drugs Act 1971 (section 23),,A no further action disposal,,
Person search,2018-03-29T17:03:00+00:00,,,53.980526,-1.563090,Male,10-17,White - English/Welsh/Scottish/Northern Irish/British,White,Misuse of Drugs Act 1971 (section 23),,A no further action disposal,,
Person search,2018-03-29T20:03:00+00:00,,,53.965699,-1.073747,Male,over 34,White - English/Welsh/Scottish/Northern Irish/British,White,Misuse of Drugs Act 1971 (section 23),,A no further action disposal,,
Person search,2018-03-29T20:03:00+00:00,,,53.965699,-1.073747,Male,18-24,White - English/Welsh/Scottish/Northern Irish/British,White,Misuse of Drugs Act 1971 (section 23),,Khat or Cannabis warning,True,
Person search,2018-03-30T11:03:00+00:00,,,53.996503,-1.538242,Male,25-34,White - English/Welsh/Scottish/Northern Irish/British,White,Police and Criminal Evidence Act 1984 (section 1),Articles for use in criminal damage,A no further action disposal,,
Person search,2018-03-30T18:03:00+00:00,,,54.373919,-1.721791,Female,over 34,Other ethnic group - Not stated,,Police and Criminal Evidence Act 1984 (section 1),Stolen goods,A no further action disposal,,
Person search,2018-03-30T18:03:00+00:00,,,54.373919,-1.721791,Female,18-24,Other ethnic group - Not stated,,Police and Criminal Evidence Act 1984 (section 1),Stolen goods,Summons / charged by post,True,
Person search,2018-03-31T12:03:00+00:00,,,53.922153,-1.077482,Male,25-34,Other ethnic group - Not stated,White,Police and Criminal Evidence Act 1984 (section 1),Stolen goods,Arrest,True,
Person search,2018-03-31T13:03:00+00:00,,,53.921607,-1.078880,Male,25-34,White - English/Welsh/Scottish/Northern Irish/British,White,Police and Criminal Evidence Act 1984 (section 1),Stolen goods,A no further action disposal,,
