Type,Date,Part of a policing operation,Policing operation,Latitude,Longitude,Gender,Age range,Self-defined ethnicity,Officer-defined ethnicity,Legislation,Object of search,Outcome,Outcome linked to object of search,Removal of more than just outer clothing
Person search,2018-04-01T01:04:00+00:00,,,53.786846,-1.074184,Male,over 34,White - English/Welsh/Scottish/Northern Irish/British,White,Misuse of Drugs Act 1971 (section 23),Controlled drugs,Community resolution,True,
Person search,2018-04-01T04:04:00+00:00,,,53.779717,-1.247495,Male,18-24,White - English/Welsh/Scottish/Northern Irish/British,White,Misuse of Drugs Act 1971 (section 23),,Arrest,True,
Person search,2018-04-01T18:04:00+00:00,,,53.983628,-2.104497,Male,over 34,White - English/Welsh/Scottish/Northern Irish/British,White,Misuse of Drugs Act 1971 (section 23),Controlled drugs,Arrest,False,
Person search,2018-04-01T18:04:00+00:00,,,54.412132,-1.734013,Female,18-24,White - English/Welsh/Scottish/Northern Irish/British,White,Misuse of Drugs Act 1971 (section 23),,Khat or Cannabis warning,True,
Person search,2018-04-01T18:04:00+00:00,,,54.412132,-1.734013,Male,10-17,White - English/Welsh/Scottish/Northern Irish/British,White,Misuse of Drugs Act 1971 (section 23),,A no further action disposal,,
Person search,2018-04-01T18:04:00+00:00,,,53.983628,-2.104497,Male,over 34,White - English/Welsh/Scottish/Northern Irish/British,White,Misuse of Drugs Act 1971 (section 23),Controlled drugs,A no further action disposal,,
Person search,2018-04-01T18:04:00+00:00,,,54.412132,-1.734013,Male,18-24,White - English/Welsh/Scottish/Northern Irish/British,White,Misuse of Drugs Act 1971 (section 23),,Arrest,True,
Person search,2018-04-02T22:04:00+00:00,,,53.954404,-1.053363,Male,25-34,White - English/Welsh/Scottish/Northern Irish/British,White,Police and Criminal Evidence Act 1984 (section 1),Stolen goods,A no further action disposal,,
Person search,2018-04-02T22:04:00+00:00,,,53.954404,-1.053363,Male,over 34,White - English/Welsh/Scottish/Northern Irish/British,White,Police and Criminal Evidence Act 1984 (section 1),Stolen goods,A no further action disposal,,
Person search,2018-04-03T12:04:00+00:00,,,54.408655,-1.726270,Female,18-24,,White,Misuse of Drugs Act 1971 (section 23),Controlled drugs,A no further action disposal,,
Person search,2018-04-03T14:04:00+00:00,,,53.959893,-1.084422,Male,25-34,White - English/Welsh/Scottish/Northern Irish/British,White,Police and Criminal Evidence Act 1984 (section 1),Stolen goods,Arrest,True,
Person search,2018-04-03T15:04:00+00:00,,,54.068175,-2.278919,Female,25-34,White - English/Welsh/Scottish/Northern Irish/British,White,Police and Criminal Evidence Act 1984 (section 1),Stolen goods,A no further action disposal,,
Person search,2018-04-04T03:04:00+00:00,,,54.014093,-1.689858,Female,25-34,White - English/Welsh/Scottish/Northern Irish/British,White,Misuse of Drugs Act 1971 (section 23),Controlled drugs,A no further action disposal,,
Person search,2018-04-04T03:04:00+00:00,,,54.014093,-1.689858,Male,over 34,White - English/Welsh/Scottish/Northern Irish/British,White,Misuse of Drugs Act 1971 (section 23),Controlled drugs,Arrest,True,
Person search,2018-04-05T01:04:00+00:00,,,53.997028,-1.527604,Male,18-24,White - English/Welsh/Scottish/Northern Irish/British,White,Police and Criminal Evidence Act 1984 (section 1),Stolen goods,A no further action disposal,,
Person search,2018-04-05T01:04:00+00:00,,,53.997028,-1.527604,Male,18-24,White - English/Welsh/Scottish/Northern Irish/British,White,Police and Criminal Evidence Act 1984 (section 1),Stolen goods,A no further action disposal,,
Person search,2018-04-05T16:04:00+00:00,,,54.391214,-1.650864,Male,25-34,White - English/Welsh/Scottish/Northern Irish/British,White,Misuse of Drugs Act 1971 (section 23),Controlled drugs,A no further action disposal,,
Person search,2018-04-05T16:04:00+00:00,,,54.391214,-1.650864,Male,18-24,White - English/Welsh/Scottish/Northern Irish/British,White,Misuse of Drugs Act 1971 (section 23),Controlled drugs,A no further action disposal,,
Person search,2018-04-05T17:04:00+00:00,,,54.393444,-1.670435,Male,over 34,White - English/Welsh/Scottish/Northern Irish/British,White,Misuse of Drugs Act 1971 (section 23),Controlled drugs,Summons / charged by post,True,
Person search,2018-04-05T22:04:00+00:00,,,54.109308,-1.021404,Female,25-34,White - English/Welsh/Scottish/Northern Irish/British,White,Police and Criminal Evidence Act 1984 (section 1),Article for use in theft,A no further action disposal,,
Person search,2018-04-05T22:04:00+00:00,,,54.109308,-1.021404,Male,over 34,White - English/Welsh/Scottish/Northern Irish/British,White,Police and Criminal Evidence Act 1984 (section 1),Article for use in theft,A no further action disposal,,
Person search,2018-04-05T23:04:00+00:00,,,53.995913,-1.513949,Male,18-24,White - English/Welsh/Scottish/Northern Irish/British,White,Police and Criminal Evidence Act 1984 (section 1),Stolen goods,Arrest,True,
Person search,2018-04-06T16:04:00+00:00,,,53.993618,-1.540516,Female,18-24,White - Any other White background,White,Police and Criminal Evidence Act 1984 (section 1),Stolen goods,Community resolution,True,
Person search,2018-04-06T16:04:00+00:00,,,53.993618,-1.540516,Female,10-17,White - Any other White background,White,Police and Criminal Evidence Act 1984 (section 1),Stolen goods,Community resolution,True,
Person search,2018-04-06T16:04:00+00:00,,,53.993618,-1.540516,Female,10-17,White - Any other White background,White,Police and Criminal Evidence Act 1984 (section 1),Stolen goods,Community resolution,True,
Person search,2018-04-06T16:04:00+00:00,,,53.993618,-1.540516,Female,18-24,White - Any other White background,White,Police and Criminal Evidence Act 1984 (section 1),Stolen goods,Community resolution,True,
Person search,2018-04-06T17:04:00+00:00,,,53.985345,-1.548827,Female,25-34,White - English/Welsh/Scottish/Northern Irish/British,White,Police and Criminal Evidence Act 1984 (section 1),Offensive weapons,A no further action disposal,,
Person search,2018-04-06T19:04:00+00:00,,,53.995312,-1.539247,Female,10-17,White - Any other White background,White,Police and Criminal Evidence Act 1984 (section 1),Stolen goods,A no further action disposal,,
Person search,2018-04-07T10:04:00+00:00,,,54.495704,-0.734754,Female,18-24,White - English/Welsh/Scottish/Northern Irish/British,White,Misuse of Drugs Act 1971 (section 23),,Khat or Cannabis warning,True,
Person search,2018-04-07T20:04:00+00:00,,,53.959792,-2.016927,Male,18-24,White - English/Welsh/Scottish/Northern Irish/British,White,Police and Criminal Evidence Act 1984 (section 1),Offensive weapons,A no further action disposal,,
Person search,2018-04-07T21:04:00+00:00,,,54.376343,-1.720989,Male,18-24,Mixed/Multiple ethnic groups - White and Black African,,Police and Criminal Evidence Act 1984 (section 1),Offensive weapons,A no further action disposal,,
Person search,2018-04-07T22:04:00+00:00,,,53.974017,-1.073120,Female,10-17,,White,Misuse of Drugs Act 1971 (section 23),,Arrest,True,
Person search,2018-04-07T22:04:00+00:00,,,53.974017,-1.073120,Male,18-24,White - English/Welsh/Scottish/Northern Irish/British,White,Misuse of Drugs Act 1971 (section 23),,A no further action disposal,,
Person search,2018-04-07T22:04:00+00:00,,,53.974017,-1.073120,Female,10-17,White - English/Welsh/Scottish/Northern Irish/British,White,Misuse of Drugs Act 1971 (section 23),,A no further action disposal,,
Person search,2018-04-08T18:04:00+00:00,,,54.284537,-0.403016,Female,10-17,White - English/Welsh/Scottish/Northern Irish/British,White,Misuse of Drugs Act 1971 (section 23),Controlled drugs,A no further action disposal,,
Person search,2018-04-09T11:04:00+00:00,,,54.552663,-0.790634,Male,over 34,,White,Misuse of Drugs Act 1971 (section 23),,A no further action disposal,,
Person search,2018-04-09T20:04:00+00:00,,,54.208779,-0.288190,Male,over 34,White - English/Welsh/Scottish/Northern Irish/British,White,Misuse of Drugs Act 1971 (section 23),Controlled drugs,A no further action disposal,,
Person search,2018-04-10T00:04:00+00:00,,,54.494401,-1.165480,Male,25-34,White - English/Welsh/Scottish/Northern Irish/British,White,Police and Criminal Evidence Act 1984 (section 1),Stolen goods,A no further action disposal,,
Person search,2018-04-10T00:04:00+00:00,,,54.494401,-1.165480,Male,18-24,White - English/Welsh/Scottish/Northern Irish/British,White,Police and Criminal Evidence Act 1984 (section 1),Stolen goods,A no further action disposal,,
Person search,2018-04-10T00:04:00+00:00,,,54.494401,-1.165480,Male,25-34,White - English/Welsh/Scottish/Northern Irish/British,White,Police and Criminal Evidence Act 1984 (section 1),Stolen goods,A no further action disposal,,
Person search,2018-04-10T00:04:00+00:00,,,54.494401,-1.165480,Male,10-17,White - English/Welsh/Scottish/Northern Irish/British,White,Police and Criminal Evidence Act 1984 (section 1),Stolen goods,A no further action disposal,,
Person search,2018-04-10T22:04:00+00:00,,,53.969531,-1.085964,Male,18-24,White - Any other White background,White,Police and Criminal Evidence Act 1984 (section 1),Offensive weapons,A no further action disposal,,
Person search,2018-04-11T10:04:00+00:00,,,53.993722,-1.539447,Female,over 34,White - English/Welsh/Scottish/Northern Irish/British,White,Police and Criminal Evidence Act 1984 (section 1),Stolen goods,Community resolution,True,
Person search,2018-04-11T16:04:00+00:00,,,53.957391,-1.079250,Female,10-17,White - Any other White background,,Police and Criminal Evidence Act 1984 (section 1),Stolen goods,Community resolution,True,
Person search,2018-04-11T16:04:00+00:00,,,54.031237,-1.633992,Male,over 34,White - English/Welsh/Scottish/Northern Irish/British,White,Police and Criminal Evidence Act 1984 (section 1),Offensive weapons,A no further action disposal,,
Person search,2018-04-11T16:04:00+00:00,,,53.957391,-1.079250,Female,10-17,,,Police and Criminal Evidence Act 1984 (section 1),Stolen goods,Community resolution,True,
Person search,2018-04-11T17:04:00+00:00,,,53.994746,-1.492455,Male,18-24,White - English/Welsh/Scottish/Northern Irish/British,White,Police and Criminal Evidence Act 1984 (section 1),Article for use in theft,A no further action disposal,False,
Person search,2018-04-11T20:04:00+00:00,,,53.989960,-1.027406,Male,over 34,White - English/Welsh/Scottish/Northern Irish/British,White,Misuse of Drugs Act 1971 (section 23),Controlled drugs,A no further action disposal,,
Person search,2018-04-11T22:04:00+00:00,,,54.286849,-0.405922,Male,over 34,White - English/Welsh/Scottish/Northern Irish/British,White,Misuse of Drugs Act 1971 (section 23),Controlled drugs,A no further action disposal,,
Person search,2018-04-12T13:04:00+00:00,,,54.447572,-1.650848,Male,18-24,White - English/Welsh/Scottish/Northern Irish/British,White,Police and Criminal Evidence Act 1984 (section 1),Stolen goods,A no further action disposal,,
Person search,2018-04-12T15:04:00+00:00,,,53.957391,-1.079250,Female,over 34,White - English/Welsh/Scottish/Northern Irish/British,White,Police and Criminal Evidence Act 1984 (section 1),Stolen goods,Arrest,True,
Person search,2018-04-12T15:04:00+00:00,,,53.956661,-1.076675,Male,over 34,Black/African/Caribbean/Black British - Any other Black/African/Caribbean background,White,Police and Criminal Evidence Act 1984 (section 1),Stolen goods,A no further action disposal,,
Person search,2018-04-12T16:04:00+00:00,,,54.083458,-1.395944,Female,10-17,White - English/Welsh/Scottish/Northern Irish/British,White,,,Khat or Cannabis warning,True,
Person search,2018-04-12T16:04:00+00:00,,,54.083458,-1.395944,Male,over 34,White - English/Welsh/Scottish/Northern Irish/British,White,,,Arrest,True,
Person search,2018-04-12T19:04:00+00:00,,,54.287468,-0.418143,Male,18-24,White - English/Welsh/Scottish/Northern Irish/British,White,Misuse of Drugs Act 1971 (section 23),,A no further action disposal,,
Person search,2018-04-12T20:04:00+00:00,,,53.995370,-1.535738,Male,over 34,White - English/Welsh/Scottish/Northern Irish/British,White,,,Khat or Cannabis warning,True,
Person search,2018-04-12T21:04:00+00:00,,,54.273151,-0.402535,Male,over 34,White - Any other White background,,Police and Criminal Evidence Act 1984 (section 1),Offensive weapons,A no further action disposal,,
Person search,2018-04-12T21:04:00+00:00,,,54.273151,-0.402535,Female,over 34,White - Any other White background,,Police and Criminal Evidence Act 1984 (section 1),Offensive weapons,A no further action disposal,,
Person search,2018-04-13T17:04:00+00:00,,,53.778421,-1.064520,Female,over 34,White - English/Welsh/Scottish/Northern Irish/British,White,Police and Criminal Evidence Act 1984 (section 1),Stolen goods,A no further action disposal,,
Person search,2018-04-13T20:04:00+00:00,,,54.377398,-1.631569,Male,18-24,White - English/Welsh/Scottish/Northern Irish/British,White,Misuse of Drugs Act 1971 (section 23),Controlled drugs,A no further action disposal,,
Person search,2018-04-13T20:04:00+00:00,,,54.377398,-1.631569,Male,over 34,White - English/Welsh/Scottish/Northern Irish/British,White,Misuse of Drugs Act 1971 (section 23),Controlled drugs,A no further action disposal,,
Person search,2018-04-13T20:04:00+00:00,,,54.377398,-1.631569,Male,18-24,White - English/Welsh/Scottish/Northern Irish/British,White,Misuse of Drugs Act 1971 (section 23),,A no further action disposal,,
Person search,2018-04-14T00:04:00+00:00,,,54.273151,-0.402535,Male,18-24,White - English/Welsh/Scottish/Northern Irish/British,White,Misuse of Drugs Act 1971 (section 23),,Khat or Cannabis warning,True,
Person search,2018-04-15T12:04:00+00:00,,,54.383203,-1.726255,Male,10-17,White - English/Welsh/Scottish/Northern Irish/British,White,Police and Criminal Evidence Act 1984 (section 1),Controlled drugs,A no further action disposal,,
Person search,2018-04-15T18:04:00+00:00,,,53.998365,-1.536223,Female,25-34,White - English/Welsh/Scottish/Northern Irish/British,White,Misuse of Drugs Act 1971 (section 23),Controlled drugs,A no further action disposal,,
Person and Vehicle search,2018-04-18T12:04:00+00:00,,,53.856023,-1.298897,Male,18-24,White - English/Welsh/Scottish/Northern Irish/British,White,Police and Criminal Evidence Act 1984 (section 1),Stolen goods,A no further action disposal,False,
Vehicle search,2018-04-18T17:04:00+00:00,,,53.947659,-1.071358,,over 34,,,Misuse of Drugs Act 1971 (section 23),,,True,
Vehicle search,2018-04-19T15:04:00+00:00,,,53.969502,-1.070415,,over 34,,,Misuse of Drugs Act 1971 (section 23),Controlled drugs,,False,
Person and Vehicle search,2018-04-19T15:04:00+00:00,,,54.275877,-0.416375,Male,25-34,Asian/Asian British - Pakistani,,Misuse of Drugs Act 1971 (section 23),Controlled drugs,A no further action disposal,,
Person search,2018-04-19T21:04:00+00:00,,,54.489716,-0.615616,Male,25-34,Asian/Asian British - Any other Asian background,Asian,Misuse of Drugs Act 1971 (section 23),Controlled drugs,A no further action disposal,,
Person search,2018-04-19T22:04:00+00:00,,,54.284351,-0.399182,Male,25-34,White - English/Welsh/Scottish/Northern Irish/British,White,Misuse of Drugs Act 1971 (section 23),Controlled drugs,Arrest,True,
Person search,2018-04-19T22:04:00+00:00,,,54.284351,-0.399182,Female,over 34,White - English/Welsh/Scottish/Northern Irish/British,White,Misuse of Drugs Act 1971 (section 23),Controlled drugs,A no further action disposal,,
Person search,2018-04-20T09:04:00+00:00,,,53.980469,-1.068341,Male,10-17,White - English/Welsh/Scottish/Northern Irish/British,White,Misuse of Drugs Act 1971 (section 23),Controlled drugs,A no further action disposal,,
Person search,2018-04-20T09:04:00+00:00,,,,,Male,10-17,White - English/Welsh/Scottish/Northern Irish/British,White,Misuse of Drugs Act 1971 (section 23),Controlled drugs,A no further action disposal,,
Person search,2018-04-20T13:04:00+00:00,,,53.962863,-1.081416,Male,over 34,White - English/Welsh/Scottish/Northern Irish/British,White,Police and Criminal Evidence Act 1984 (section 1),,A no further action disposal,,
Person search,2018-04-20T18:04:00+00:00,,,53.967797,-1.081338,Male,10-17,White - English/Welsh/Scottish/Northern Irish/British,White,Police and Criminal Evidence Act 1984 (section 1),Articles for use in criminal damage,A no further action disposal,,
Person and Vehicle search,2018-04-20T18:04:00+00:00,,,53.944096,-1.093224,Male,18-24,Other ethnic group - Not stated,White,Misuse of Drugs Act 1971 (section 23),Controlled drugs,A no further action disposal,,
Person and Vehicle search,2018-04-20T18:04:00+00:00,,,53.944096,-1.093224,Male,25-34,Other ethnic group - Not stated,White,Misuse of Drugs Act 1971 (section 23),Controlled drugs,A no further action disposal,,
Person and Vehicle search,2018-04-20T18:04:00+00:00,,,53.944096,-1.093224,Male,18-24,Other ethnic group - Not stated,White,Misuse of Drugs Act 1971 (section 23),Controlled drugs,A no further action disposal,,
Person search,2018-04-21T12:04:00+00:00,,,53.959893,-1.084422,Female,over 34,White - English/Welsh/Scottish/Northern Irish/British,White,Police and Criminal Evidence Act 1984 (section 1),Stolen goods,A no further action disposal,,
Person search,2018-04-21T14:04:00+00:00,,,53.959893,-1.084422,Female,18-24,Other ethnic group - Not stated,White,Misuse of Drugs Act 1971 (section 23),,Khat or Cannabis warning,True,
Person search,2018-04-21T21:04:00+00:00,,,53.956563,-1.083870,Male,18-24,,White,Misuse of Drugs Act 1971 (section 23),,Arrest,True,
Person search,2018-04-21T23:04:00+00:00,,,54.376343,-1.720989,Male,10-17,White - English/Welsh/Scottish/Northern Irish/British,White,Misuse of Drugs Act 1971 (section 23),Controlled drugs,A no further action disposal,,
Person search,2018-04-21T23:04:00+00:00,,,54.358791,-1.724632,Male,18-24,White - English/Welsh/Scottish/Northern Irish/British,White,Misuse of Drugs Act 1971 (section 23),,A no further action disposal,,
Person search,2018-04-22T15:04:00+00:00,,,54.341229,-1.421689,Male,10-17,White - English/Welsh/Scottish/Northern Irish/British,White,Misuse of Drugs Act 1971 (section 23),,A no further action disposal,,
Person and Vehicle search,2018-04-22T16:04:00+00:00,,,53.846812,-1.835232,Male,18-24,Asian/Asian British - Pakistani,Asian,,Controlled drugs,A no further action disposal,,
Person and Vehicle search,2018-04-22T18:04:00+00:00,,,54.064590,-0.927233,Female,10-17,White - English/Welsh/Scottish/Northern Irish/British,White,Misuse of Drugs Act 1971 (section 23),Controlled drugs,A no further action disposal,,
Person and Vehicle search,2018-04-22T18:04:00+00:00,,,54.064590,-0.927233,Male,18-24,Asian/Asian British - Pakistani,Asian,Misuse of Drugs Act 1971 (section 23),Controlled drugs,A no further action disposal,,
Person search,2018-04-23T03:04:00+00:00,,,53.987492,-1.525272,Male,10-17,Other ethnic group - Not stated,White,Police and Criminal Evidence Act 1984 (section 1),Article for use in theft,A no further action disposal,,
Person search,2018-04-23T03:04:00+00:00,,,53.987492,-1.525272,Male,18-24,Other ethnic group - Not stated,White,Police and Criminal Evidence Act 1984 (section 1),Article for use in theft,A no further action disposal,,
Person search,2018-04-23T03:04:00+00:00,,,53.987492,-1.525272,Male,10-17,White - English/Welsh/Scottish/Northern Irish/British,White,Police and Criminal Evidence Act 1984 (section 1),Article for use in theft,A no further action disposal,,
Person and Vehicle search,2018-04-23T18:04:00+00:00,,,54.440195,-1.670523,Male,25-34,Other ethnic group - Not stated,White,Misuse of Drugs Act 1971 (section 23),Controlled drugs,Arrest,True,
Person and Vehicle search,2018-04-23T19:04:00+00:00,,,53.995913,-1.513949,Male,25-34,White - English/Welsh/Scottish/Northern Irish/British,White,Misuse of Drugs Act 1971 (section 23),Controlled drugs,Arrest,True,
Person search,2018-04-24T09:04:00+00:00,,,54.134643,-0.798785,Female,over 34,White - English/Welsh/Scottish/Northern Irish/British,White,Misuse of Drugs Act 1971 (section 23),Controlled drugs,A no further action disposal,,
Person search,2018-04-24T10:04:00+00:00,,,54.266902,-0.398338,Male,over 34,White - English/Welsh/Scottish/Northern Irish/British,White,Misuse of Drugs Act 1971 (section 23),,A no further action disposal,,
Person search,2018-04-24T10:04:00+00:00,,,54.133888,-0.796986,Male,25-34,White - English/Welsh/Scottish/Northern Irish/British,White,Misuse of Drugs Act 1971 (section 23),Controlled drugs,A no further action disposal,,
Person search,2018-04-24T12:04:00+00:00,,,53.993227,-1.537043,Male,25-34,,,Police and Criminal Evidence Act 1984 (section 1),Stolen goods,A no further action disposal,,
Vehicle search,2018-04-24T22:04:00+00:00,,,53.982239,-1.554838,,over 34,,,Misuse of Drugs Act 1971 (section 23),Controlled drugs,,True,
Person and Vehicle search,2018-04-24T23:04:00+00:00,,,53.961812,-1.068651,Male,over 34,White - English/Welsh/Scottish/Northern Irish/British,White,Police and Criminal Evidence Act 1984 (section 1),Stolen goods,Arrest,False,
Person search,2018-04-25T09:04:00+00:00,,,54.134947,-0.797812,Male,25-34,Other ethnic group - Not stated,White,Misuse of Drugs Act 1971 (section 23),Controlled drugs,A no further action disposal,,
Person search,2018-04-25T10:04:00+00:00,,,54.134879,-0.797263,Male,over 34,White - English/Welsh/Scottish/Northern Irish/British,White,Misuse of Drugs Act 1971 (section 23),Controlled drugs,A no further action disposal,,
Person search,2018-04-25T11:04:00+00:00,,,54.134879,-0.797263,Male,18-24,White - English/Welsh/Scottish/Northern Irish/British,White,Misuse of Drugs Act 1971 (section 23),Controlled drugs,A no further action disposal,,
Person search,2018-04-25T13:04:00+00:00,,,53.957341,-1.084478,Female,over 34,White - English/Welsh/Scottish/Northern Irish/British,White,Police and Criminal Evidence Act 1984 (section 1),Offensive weapons,A no further action disposal,,
Person search,2018-04-25T15:04:00+00:00,,,53.998185,-1.533891,Female,10-17,White - English/Welsh/Scottish/Northern Irish/British,White,Misuse of Drugs Act 1971 (section 23),Controlled drugs,A no further action disposal,,
Person search,2018-04-25T16:04:00+00:00,,,54.003569,-1.548127,Male,10-17,White - English/Welsh/Scottish/Northern Irish/British,White,Misuse of Drugs Act 1971 (section 23),Controlled drugs,A no further action disposal,,
Person search,2018-04-25T16:04:00+00:00,,,54.003569,-1.548127,Male,10-17,Other ethnic group - Not stated,White,Misuse of Drugs Act 1971 (section 23),Controlled drugs,A no further action disposal,,
Person and Vehicle search,2018-04-25T20:04:00+00:00,,,53.873879,-2.003553,Male,18-24,White - English/Welsh/Scottish/Northern Irish/British,White,Misuse of Drugs Act 1971 (section 23),,A no further action disposal,,
Person search,2018-04-25T20:04:00+00:00,,,54.282763,-0.402793,Female,over 34,White - English/Welsh/Scottish/Northern Irish/British,White,Misuse of Drugs Act 1971 (section 23),Controlled drugs,A no further action disposal,,
Person search,2018-04-25T20:04:00+00:00,,,54.282763,-0.402793,Male,over 34,White - English/Welsh/Scottish/Northern Irish/British,White,Misuse of Drugs Act 1971 (section 23),Controlled drugs,A no further action disposal,,
Person search,2018-04-25T21:04:00+00:00,,,53.982414,-1.532268,Male,10-17,White - English/Welsh/Scottish/Northern Irish/British,White,Misuse of Drugs Act 1971 (section 23),,A no further action disposal,,
Person search,2018-04-26T10:04:00+00:00,,,53.998185,-1.533891,Male,25-34,White - English/Welsh/Scottish/Northern Irish/British,White,Misuse of Drugs Act 1971 (section 23),Controlled drugs,A no further action disposal,,
Person search,2018-04-26T11:04:00+00:00,,,54.001364,-1.574253,Male,10-17,White - English/Welsh/Scottish/Northern Irish/British,White,Misuse of Drugs Act 1971 (section 23),Controlled drugs,A no further action disposal,,
Person search,2018-04-26T13:04:00+00:00,,,53.965699,-1.045044,Male,over 34,White - English/Welsh/Scottish/Northern Irish/British,White,Misuse of Drugs Act 1971 (section 23),Controlled drugs,A no further action disposal,,
Person search,2018-04-26T13:04:00+00:00,,,54.001557,-1.548514,Male,10-17,Other ethnic group - Not stated,,Misuse of Drugs Act 1971 (section 23),,A no further action disposal,,
Person search,2018-04-26T13:04:00+00:00,,,53.998881,-1.554005,Male,10-17,White - English/Welsh/Scottish/Northern Irish/British,White,Misuse of Drugs Act 1971 (section 23),Controlled drugs,A no further action disposal,,
Person search,2018-04-26T13:04:00+00:00,,,53.993046,-1.538951,Male,25-34,Other ethnic group - Not stated,White,Police and Criminal Evidence Act 1984 (section 1),Stolen goods,Arrest,True,
Person search,2018-04-26T18:04:00+00:00,,,53.965699,-1.045044,Female,25-34,White - English/Welsh/Scottish/Northern Irish/British,White,Misuse of Drugs Act 1971 (section 23),Controlled drugs,A no further action disposal,,
Person search,2018-04-27T00:04:00+00:00,,,54.286849,-0.405922,Male,25-34,Asian/Asian British - Pakistani,,Police and Criminal Evidence Act 1984 (section 1),,Khat or Cannabis warning,True,
Person and Vehicle search,2018-04-27T13:04:00+00:00,,,54.089975,-0.891841,Female,18-24,White - English/Welsh/Scottish/Northern Irish/British,White,Misuse of Drugs Act 1971 (section 23),Controlled drugs,A no further action disposal,,
Person search,2018-04-27T19:04:00+00:00,,,53.982414,-1.532268,Male,25-34,White - English/Welsh/Scottish/Northern Irish/British,White,Misuse of Drugs Act 1971 (section 23),,A no further action disposal,,
Person and Vehicle search,2018-04-28T14:04:00+00:00,,,53.995312,-1.539247,Male,25-34,Mixed/Multiple ethnic groups - Any other Mixed/Multiple ethnic background,,Misuse of Drugs Act 1971 (section 23),,Arrest,True,
Person and Vehicle search,2018-04-28T15:04:00+00:00,,,,,Female,25-34,White - English/Welsh/Scottish/Northern Irish/British,White,Misuse of Drugs Act 1971 (section 23),Controlled drugs,A no further action disposal,,
Person and Vehicle search,2018-04-28T15:04:00+00:00,,,,,Male,18-24,White - English/Welsh/Scottish/Northern Irish/British,White,,Controlled drugs,Arrest,True,
Person search,2018-04-28T15:04:00+00:00,,,53.959893,-1.084422,Male,over 34,White - English/Welsh/Scottish/Northern Irish/British,White,Police and Criminal Evidence Act 1984 (section 1),Article for use in theft,A no further action disposal,,
Person and Vehicle search,2018-04-28T15:04:00+00:00,,,53.995312,-1.539247,Male,25-34,White - English/Welsh/Scottish/Northern Irish/British,White,Misuse of Drugs Act 1971 (section 23),,Arrest,True,
Person search,2018-04-28T23:04:00+00:00,,,54.284594,-0.400556,Male,18-24,White - English/Welsh/Scottish/Northern Irish/British,,Police and Criminal Evidence Act 1984 (section 1),Stolen goods,A no further action disposal,,
Person and Vehicle search,2018-04-29T00:04:00+00:00,,,54.290089,-1.515133,Male,18-24,White - English/Welsh/Scottish/Northern Irish/British,White,Police and Criminal Evidence Act 1984 (section 1),Stolen goods,A no further action disposal,,
Person search,2018-04-29T02:04:00+00:00,,,54.001557,-1.548514,Male,10-17,White - English/Welsh/Scottish/Northern Irish/British,White,Misuse of Drugs Act 1971 (section 23),,A no further action disposal,,
Person search,2018-04-29T13:04:00+00:00,,,53.993813,-1.542177,Female,over 34,White - English/Welsh/Scottish/Northern Irish/British,White,Police and Criminal Evidence Act 1984 (section 1),Stolen goods,Arrest,True,
Person search,2018-04-29T13:04:00+00:00,,,53.993438,-1.538032,Male,over 34,Asian/Asian British - Pakistani,Asian,Police and Criminal Evidence Act 1984 (section 1),Stolen goods,A no further action disposal,,
Person search,2018-04-29T17:04:00+00:00,,,53.995913,-1.513949,Male,over 34,White - English/Welsh/Scottish/Northern Irish/British,White,Misuse of Drugs Act 1971 (section 23),Controlled drugs,A no further action disposal,,
Person and Vehicle search,2018-04-29T17:04:00+00:00,,,53.995913,-1.513949,Male,over 34,White - English/Welsh/Scottish/Northern Irish/British,White,Misuse of Drugs Act 1971 (section 23),Controlled drugs,Arrest,True,
Person search,2018-04-30T09:04:00+00:00,,,53.993438,-1.538032,Male,10-17,White - English/Welsh/Scottish/Northern Irish/British,White,Police and Criminal Evidence Act 1984 (section 1),Offensive weapons,A no further action disposal,True,
Person search,2018-04-30T16:04:00+00:00,,,53.998365,-1.536223,Male,10-17,White - English/Welsh/Scottish/Northern Irish/British,White,Misuse of Drugs Act 1971 (section 23),,Arrest,True,
Person search,2018-04-30T22:04:00+00:00,,,54.006058,-1.452724,,18-24,Black/African/Caribbean/Black British - Any other Black/African/Caribbean background,Black,Misuse of Drugs Act 1971 (section 23),Controlled drugs,A no further action disposal,,
