Type,Date,Part of a policing operation,Policing operation,Latitude,Longitude,Gender,Age range,Self-defined ethnicity,Officer-defined ethnicity,Legislation,Object of search,Outcome,Outcome linked to object of search,Removal of more than just outer clothing
Person search,2018-10-01T02:00:00+00:00,,,51.666594,-3.194598,Male,25-34,White - English/Welsh/Scottish/Northern Irish/British,White,Police and Criminal Evidence Act 1984 (section 1),,,,
Person search,2018-10-01T10:00:00+00:00,,,51.795547,-3.218595,Female,18-24,White - English/Welsh/Scottish/Northern Irish/British,White,Police and Criminal Evidence Act 1984 (section 1),Stolen goods,A no further action disposal,,
Person search,2018-10-01T14:00:00+00:00,,,51.586524,-2.994937,Male,over 34,White - English/Welsh/Scottish/Northern Irish/British,White,Misuse of Drugs Act 1971 (section 23),Controlled drugs,A no further action disposal,,
Person search,2018-10-03T15:00:00+00:00,,,51.590257,-2.999017,Male,over 34,White - English/Welsh/Scottish/Northern Irish/British,White,Misuse of Drugs Act 1971 (section 23),Controlled drugs,A no further action disposal,,
Person search,2018-10-03T19:00:00+00:00,,,51.557032,-3.021079,Female,10-17,White - English/Welsh/Scottish/Northern Irish/British,White,Police and Criminal Evidence Act 1984 (section 1),Stolen goods,A no further action disposal,,
Person search,2018-10-03T19:00:00+00:00,,,51.783472,-3.238391,Male,over 34,White - English/Welsh/Scottish/Northern Irish/British,White,Misuse of Drugs Act 1971 (section 23),Controlled drugs,,,
Person search,2018-10-03T19:00:00+00:00,,,51.557032,-3.021079,Male,18-24,White - English/Welsh/Scottish/Northern Irish/British,White,Police and Criminal Evidence Act 1984 (section 1),Stolen goods,A no further action disposal,,
Person search,2018-10-04T11:00:00+00:00,,,51.569268,-3.014976,Male,over 34,White - English/Welsh/Scottish/Northern Irish/British,White,Misuse of Drugs Act 1971 (section 23),Controlled drugs,A no further action disposal,,
Person search,2018-10-04T12:00:00+00:00,,,51.574911,-2.989171,Male,18-24,White - English/Welsh/Scottish/Northern Irish/British,White,Misuse of Drugs Act 1971 (section 23),,,,
Person search,2018-10-04T12:00:00+00:00,,,51.575551,-2.987886,Male,18-24,Other ethnic group - Any other ethnic group,White,Misuse of Drugs Act 1971 (section 23),,,,
Person search,2018-10-04T12:00:00+00:00,,,51.575551,-2.987886,Male,10-17,White - English/Welsh/Scottish/Northern Irish/British,White,Misuse of Drugs Act 1971 (section 23),,A no further action disposal,,
Person search,2018-10-04T12:00:00+00:00,,,51.575551,-2.987886,Male,18-24,Black/African/Caribbean/Black British - Any other Black/African/Caribbean background,Black,Misuse of Drugs Act 1971 (section 23),,A no further action disposal,,
Person search,2018-10-04T14:00:00+00:00,,,51.797641,-3.199451,Male,10-17,White - English/Welsh/Scottish/Northern Irish/British,White,Police and Criminal Evidence Act 1984 (section 1),,,,
Person search,2018-10-04T14:00:00+00:00,,,51.501990,-3.139473,Male,18-24,Asian/Asian British - Pakistani,Asian,Misuse of Drugs Act 1971 (section 23),,,,
Person search,2018-10-04T14:00:00+00:00,,,51.498545,-3.138724,Male,25-34,Asian/Asian British - Pakistani,Asian,Misuse of Drugs Act 1971 (section 23),Controlled drugs,A no further action disposal,,
Person search,2018-10-04T18:00:00+00:00,,,51.729878,-3.134582,Male,10-17,White - English/Welsh/Scottish/Northern Irish/British,White,Police and Criminal Evidence Act 1984 (section 1),,A no further action disposal,,
Person search,2018-10-04T20:00:00+00:00,,,51.595445,-2.997976,Male,over 34,White - English/Welsh/Scottish/Northern Irish/British,White,Misuse of Drugs Act 1971 (section 23),Controlled drugs,A no further action disposal,,
Person search,2018-10-05T13:00:00+00:00,,,51.589626,-2.999219,Male,over 34,White - English/Welsh/Scottish/Northern Irish/British,White,Misuse of Drugs Act 1971 (section 23),Controlled drugs,,,
Person search,2018-10-05T17:00:00+00:00,,,51.581765,-2.993072,Male,18-24,White - English/Welsh/Scottish/Northern Irish/British,White,Police and Criminal Evidence Act 1984 (section 1),Stolen goods,,,
Person search,2018-10-05T21:00:00+00:00,,,51.483701,-3.231072,Male,10-17,Black/African/Caribbean/Black British - African,Black,Police and Criminal Evidence Act 1984 (section 1),Offensive weapons,A no further action disposal,,
Person search,2018-10-05T23:00:00+00:00,,,51.823966,-3.030979,Male,10-17,White - English/Welsh/Scottish/Northern Irish/British,White,Misuse of Drugs Act 1971 (section 23),Controlled drugs,A no further action disposal,,
Person search,2018-10-05T23:00:00+00:00,,,51.594169,-2.982934,Male,18-24,White - English/Welsh/Scottish/Northern Irish/British,White,,Controlled drugs,A no further action disposal,,
Person search,2018-10-05T23:00:00+00:00,,,51.823966,-3.030979,Male,18-24,White - English/Welsh/Scottish/Northern Irish/British,White,Misuse of Drugs Act 1971 (section 23),,,,
Person search,2018-10-05T23:00:00+00:00,,,51.823966,-3.030979,Male,18-24,White - English/Welsh/Scottish/Northern Irish/British,White,Misuse of Drugs Act 1971 (section 23),Controlled drugs,A no further action disposal,,
Person search,2018-10-05T23:00:00+00:00,,,51.823966,-3.030979,Female,10-17,White - English/Welsh/Scottish/Northern Irish/British,White,Misuse of Drugs Act 1971 (section 23),Controlled drugs,A no further action disposal,,
Person search,2018-10-06T01:00:00+00:00,,,51.588268,-2.998194,Male,18-24,White - Any other White background,White,Misuse of Drugs Act 1971 (section 23),,,,
Person search,2018-10-06T01:00:00+00:00,,,51.477069,-3.176377,Female,18-24,White - English/Welsh/Scottish/Northern Irish/British,White,Misuse of Drugs Act 1971 (section 23),Controlled drugs,A no further action disposal,,
Person search,2018-10-06T01:00:00+00:00,,,51.588274,-2.997443,Male,18-24,White - English/Welsh/Scottish/Northern Irish/British,White,Misuse of Drugs Act 1971 (section 23),,,,
Person search,2018-10-06T10:00:00+00:00,,,51.586401,-2.940042,Male,10-17,White - English/Welsh/Scottish/Northern Irish/British,White,Police and Criminal Evidence Act 1984 (section 1),,,,
Person search,2018-10-06T11:00:00+00:00,,,51.581765,-2.993072,Male,25-34,White - English/Welsh/Scottish/Northern Irish/British,White,Misuse of Drugs Act 1971 (section 23),Controlled drugs,A no further action disposal,,
Person search,2018-10-06T18:00:00+00:00,,,51.582113,-2.992315,Male,10-17,White - English/Welsh/Scottish/Northern Irish/British,White,Misuse of Drugs Act 1971 (section 23),Controlled drugs,,,
Person search,2018-10-06T19:00:00+00:00,,,51.639701,-2.678228,Male,10-17,White - English/Welsh/Scottish/Northern Irish/British,White,,,A no further action disposal,,
Person search,2018-10-06T20:00:00+00:00,,,51.574064,-3.009412,Male,10-17,,,Misuse of Drugs Act 1971 (section 23),,A no further action disposal,,
Person search,2018-10-06T20:00:00+00:00,,,51.585721,-2.946321,Male,10-17,White - English/Welsh/Scottish/Northern Irish/British,White,Misuse of Drugs Act 1971 (section 23),Controlled drugs,A no further action disposal,,
Person search,2018-10-06T20:00:00+00:00,,,51.545452,-3.078144,Female,18-24,White - English/Welsh/Scottish/Northern Irish/British,White,Misuse of Drugs Act 1971 (section 23),Controlled drugs,A no further action disposal,,
Person search,2018-10-06T21:00:00+00:00,,,51.611845,-3.028274,Male,18-24,White - English/Welsh/Scottish/Northern Irish/British,White,Misuse of Drugs Act 1971 (section 23),Controlled drugs,,,
Person search,2018-10-07T03:00:00+00:00,,,51.578411,-2.998367,Male,25-34,White - Any other White background,White,Misuse of Drugs Act 1971 (section 23),Controlled drugs,,,
Person search,2018-10-07T11:00:00+00:00,,,51.579608,-3.051820,Male,18-24,White - English/Welsh/Scottish/Northern Irish/British,White,Misuse of Drugs Act 1971 (section 23),Controlled drugs,A no further action disposal,,
Person search,2018-10-07T12:00:00+00:00,,,51.581765,-2.993072,Male,25-34,Asian/Asian British - Pakistani,Asian,Misuse of Drugs Act 1971 (section 23),,,,
Person search,2018-10-07T12:00:00+00:00,,,51.704588,-3.206438,Male,over 34,,White,Police and Criminal Evidence Act 1984 (section 1),Stolen goods,A no further action disposal,,
Person search,2018-10-07T12:00:00+00:00,,,51.703992,-3.204049,Male,over 34,White - English/Welsh/Scottish/Northern Irish/British,White,Police and Criminal Evidence Act 1984 (section 1),Stolen goods,,,
Person search,2018-10-07T13:00:00+00:00,,,51.580353,-2.985681,Male,over 34,White - English/Welsh/Scottish/Northern Irish/British,White,Police and Criminal Evidence Act 1984 (section 1),Stolen goods,A no further action disposal,,
Person search,2018-10-08T03:00:00+00:00,,,51.591136,-2.982204,Male,18-24,White - English/Welsh/Scottish/Northern Irish/British,White,Misuse of Drugs Act 1971 (section 23),,,,
Person search,2018-10-08T12:00:00+00:00,,,51.593745,-2.994878,,,White - English/Welsh/Scottish/Northern Irish/British,White,Misuse of Drugs Act 1971 (section 23),,,,
Person search,2018-10-08T19:00:00+00:00,,,51.640849,-3.237276,Female,over 34,White - English/Welsh/Scottish/Northern Irish/British,White,Police and Criminal Evidence Act 1984 (section 1),,A no further action disposal,,
Person search,2018-10-08T20:00:00+00:00,,,51.709300,-3.051121,Female,18-24,White - English/Welsh/Scottish/Northern Irish/British,White,Misuse of Drugs Act 1971 (section 23),Controlled drugs,A no further action disposal,,
Person search,2018-10-08T20:00:00+00:00,,,51.709300,-3.051121,Male,18-24,White - English/Welsh/Scottish/Northern Irish/British,White,Misuse of Drugs Act 1971 (section 23),Controlled drugs,A no further action disposal,,
Person search,2018-10-08T20:00:00+00:00,,,51.709300,-3.051121,Male,18-24,White - English/Welsh/Scottish/Northern Irish/British,White,Misuse of Drugs Act 1971 (section 23),,A no further action disposal,,
Person search,2018-10-08T20:00:00+00:00,,,51.709300,-3.051121,Male,18-24,,White,Misuse of Drugs Act 1971 (section 23),,A no further action disposal,,
Person search,2018-10-08T22:00:00+00:00,,,51.592552,-2.985959,Male,over 34,,,Police and Criminal Evidence Act 1984 (section 1),,,,
Person search,2018-10-09T04:00:00+00:00,,,51.765322,-2.854143,Male,over 34,White - English/Welsh/Scottish/Northern Irish/British,White,Misuse of Drugs Act 1971 (section 23),Controlled drugs,,,
Person search,2018-10-09T16:00:00+00:00,,,51.611845,-3.028274,Male,18-24,White - English/Welsh/Scottish/Northern Irish/British,White,Misuse of Drugs Act 1971 (section 23),Controlled drugs,A no further action disposal,,
Person search,2018-10-09T16:00:00+00:00,,,51.611845,-3.028274,Male,10-17,White - English/Welsh/Scottish/Northern Irish/British,White,Misuse of Drugs Act 1971 (section 23),Controlled drugs,A no further action disposal,,
Person search,2018-10-09T16:00:00+00:00,,,51.611845,-3.028274,Male,18-24,White - English/Welsh/Scottish/Northern Irish/British,White,Misuse of Drugs Act 1971 (section 23),Controlled drugs,A no further action disposal,,
Person search,2018-10-09T16:00:00+00:00,,,51.577902,-2.988485,Male,,White - English/Welsh/Scottish/Northern Irish/British,White,Misuse of Drugs Act 1971 (section 23),Controlled drugs,A no further action disposal,,
Person search,2018-10-09T16:00:00+00:00,,,51.611845,-3.028274,Male,10-17,White - English/Welsh/Scottish/Northern Irish/British,White,Misuse of Drugs Act 1971 (section 23),Controlled drugs,A no further action disposal,,
Person search,2018-10-09T16:00:00+00:00,,,51.611845,-3.028274,Male,10-17,White - English/Welsh/Scottish/Northern Irish/British,White,Misuse of Drugs Act 1971 (section 23),Controlled drugs,A no further action disposal,,
Person search,2018-10-10T15:00:00+00:00,,,51.518625,-3.134858,Male,25-34,White - English/Welsh/Scottish/Northern Irish/British,White,Misuse of Drugs Act 1971 (section 23),Controlled drugs,A no further action disposal,,
Person search,2018-10-10T15:00:00+00:00,,,51.518625,-3.134858,Male,over 34,White - English/Welsh/Scottish/Northern Irish/British,White,Misuse of Drugs Act 1971 (section 23),Controlled drugs,,,
Person search,2018-10-10T18:00:00+00:00,,,51.729878,-3.134582,Male,25-34,White - English/Welsh/Scottish/Northern Irish/British,White,Firearms Act 1968 (section 47),,A no further action disposal,,
Person search,2018-10-11T02:00:00+00:00,,,51.709374,-3.001437,Male,over 34,White - English/Welsh/Scottish/Northern Irish/British,White,Police and Criminal Evidence Act 1984 (section 1),,A no further action disposal,,
Person search,2018-10-11T02:00:00+00:00,,,51.709374,-3.001437,Male,over 34,White - English/Welsh/Scottish/Northern Irish/British,White,Police and Criminal Evidence Act 1984 (section 1),,A no further action disposal,,
Person search,2018-10-11T11:00:00+00:00,,,51.580123,-2.991607,Male,18-24,Other ethnic group - Not stated,,Misuse of Drugs Act 1971 (section 23),Controlled drugs,A no further action disposal,,
Person search,2018-10-11T11:00:00+00:00,,,51.580123,-2.991607,Male,18-24,Other ethnic group - Not stated,,Misuse of Drugs Act 1971 (section 23),Controlled drugs,A no further action disposal,,
Person search,2018-10-11T11:00:00+00:00,,,51.580123,-2.991607,Male,18-24,Other ethnic group - Not stated,,Misuse of Drugs Act 1971 (section 23),Controlled drugs,,,
Person search,2018-10-11T11:00:00+00:00,,,51.580123,-2.991607,Male,18-24,Other ethnic group - Not stated,,Misuse of Drugs Act 1971 (section 23),Controlled drugs,A no further action disposal,,
Person search,2018-10-11T12:00:00+00:00,,,51.587446,-2.943181,Male,18-24,White - English/Welsh/Scottish/Northern Irish/British,White,Misuse of Drugs Act 1971 (section 23),Controlled drugs,A no further action disposal,,
Person search,2018-10-11T16:00:00+00:00,,,51.765937,-3.248736,Male,over 34,White - English/Welsh/Scottish/Northern Irish/British,White,Police and Criminal Evidence Act 1984 (section 1),,,,
Person search,2018-10-11T22:00:00+00:00,,,51.616207,-3.007415,Male,18-24,White - English/Welsh/Scottish/Northern Irish/British,White,Police and Criminal Evidence Act 1984 (section 1),Stolen goods,A no further action disposal,,
Person search,2018-10-11T23:00:00+00:00,,,51.616207,-3.007415,Male,18-24,Asian/Asian British - Indian,Asian,Police and Criminal Evidence Act 1984 (section 1),Stolen goods,A no further action disposal,,
Person search,2018-10-12T00:00:00+00:00,,,51.596184,-2.996721,Female,18-24,,,Police and Criminal Evidence Act 1984 (section 1),Stolen goods,A no further action disposal,,
Person search,2018-10-12T00:00:00+00:00,,,51.596184,-2.996721,Male,25-34,White - English/Welsh/Scottish/Northern Irish/British,White,Misuse of Drugs Act 1971 (section 23),Controlled drugs,A no further action disposal,,
Person search,2018-10-12T00:00:00+00:00,,,51.596184,-2.996721,Male,10-17,White - English/Welsh/Scottish/Northern Irish/British,White,Police and Criminal Evidence Act 1984 (section 1),Stolen goods,A no further action disposal,,
Person search,2018-10-12T00:00:00+00:00,,,51.596184,-2.996721,Female,18-24,Other ethnic group - Not stated,,Police and Criminal Evidence Act 1984 (section 1),Stolen goods,A no further action disposal,,
Person search,2018-10-12T02:00:00+00:00,,,51.587085,-2.994487,Male,25-34,Other ethnic group - Any other ethnic group,Other,Misuse of Drugs Act 1971 (section 23),Controlled drugs,A no further action disposal,,
Person search,2018-10-12T02:00:00+00:00,,,51.586683,-2.992140,Male,25-34,Other ethnic group - Any other ethnic group,Other,Misuse of Drugs Act 1971 (section 23),Controlled drugs,,,
Person search,2018-10-12T14:00:00+00:00,,,51.660998,-3.202822,Female,10-17,White - English/Welsh/Scottish/Northern Irish/British,White,Police and Criminal Evidence Act 1984 (section 1),,A no further action disposal,,
Person search,2018-10-12T22:00:00+00:00,,,51.600788,-3.088810,Male,18-24,White - English/Welsh/Scottish/Northern Irish/British,White,Misuse of Drugs Act 1971 (section 23),Controlled drugs,,,
Person search,2018-10-13T00:00:00+00:00,,,51.619839,-2.960233,Male,18-24,White - English/Welsh/Scottish/Northern Irish/British,White,Misuse of Drugs Act 1971 (section 23),,,,
Person search,2018-10-13T00:00:00+00:00,,,51.626034,-2.967948,Male,18-24,White - English/Welsh/Scottish/Northern Irish/British,White,Police and Criminal Evidence Act 1984 (section 1),Stolen goods,,,
Person search,2018-10-13T01:00:00+00:00,,,51.619839,-2.960233,Male,18-24,White - English/Welsh/Scottish/Northern Irish/British,White,Misuse of Drugs Act 1971 (section 23),Controlled drugs,A no further action disposal,,
Person search,2018-10-13T14:00:00+00:00,,,51.584463,-2.995166,Male,over 34,White - English/Welsh/Scottish/Northern Irish/British,White,Misuse of Drugs Act 1971 (section 23),,,,
Person search,2018-10-13T20:00:00+00:00,,,51.467649,-3.181432,Male,10-17,Asian/Asian British - Any other Asian background,Asian,Police and Criminal Evidence Act 1984 (section 1),Offensive weapons,A no further action disposal,,
Person search,2018-10-13T22:00:00+00:00,,,51.587562,-2.963276,Male,18-24,White - English/Welsh/Scottish/Northern Irish/British,White,Misuse of Drugs Act 1971 (section 23),Controlled drugs,A no further action disposal,,
Person search,2018-10-13T23:00:00+00:00,,,51.501534,-3.171215,Male,18-24,White - English/Welsh/Scottish/Northern Irish/British,White,,,A no further action disposal,,
Person search,2018-10-14T14:00:00+00:00,,,51.591976,-2.937833,Female,18-24,White - English/Welsh/Scottish/Northern Irish/British,White,Misuse of Drugs Act 1971 (section 23),,A no further action disposal,,
Person search,2018-10-14T15:00:00+00:00,,,51.611845,-3.028274,Male,18-24,White - English/Welsh/Scottish/Northern Irish/British,White,Misuse of Drugs Act 1971 (section 23),Controlled drugs,A no further action disposal,,
Person search,2018-10-14T15:00:00+00:00,,,51.591863,-3.204358,Female,18-24,White - English/Welsh/Scottish/Northern Irish/British,White,Firearms Act 1968 (section 47),,A no further action disposal,,
Person search,2018-10-14T16:00:00+00:00,,,51.589067,-3.203432,Male,25-34,White - English/Welsh/Scottish/Northern Irish/British,White,Police and Criminal Evidence Act 1984 (section 1),,A no further action disposal,,
Person search,2018-10-14T16:00:00+00:00,,,51.589067,-3.203432,Male,25-34,White - English/Welsh/Scottish/Northern Irish/British,White,Police and Criminal Evidence Act 1984 (section 1),,A no further action disposal,,
Person search,2018-10-14T17:00:00+00:00,,,51.588256,-2.987887,Male,over 34,White - Any other White background,White,Misuse of Drugs Act 1971 (section 23),Controlled drugs,A no further action disposal,,
Person search,2018-10-14T20:00:00+00:00,,,51.583617,-2.965170,Male,18-24,White - English/Welsh/Scottish/Northern Irish/British,White,Misuse of Drugs Act 1971 (section 23),Controlled drugs,,,
Person search,2018-10-15T00:00:00+00:00,,,51.490665,-3.133472,Male,18-24,White - English/Welsh/Scottish/Northern Irish/British,White,Police and Criminal Evidence Act 1984 (section 1),Stolen goods,A no further action disposal,,
Person search,2018-10-15T10:00:00+00:00,,,51.608811,-3.018342,Male,25-34,White - Any other White background,White,Police and Criminal Evidence Act 1984 (section 1),Offensive weapons,,,
Person search,2018-10-15T16:00:00+00:00,,,51.640406,-2.677530,Male,18-24,White - English/Welsh/Scottish/Northern Irish/British,White,Misuse of Drugs Act 1971 (section 23),Controlled drugs,A no further action disposal,,
Person search,2018-10-15T16:00:00+00:00,,,51.622530,-2.668365,Male,18-24,White - English/Welsh/Scottish/Northern Irish/British,White,Misuse of Drugs Act 1971 (section 23),Controlled drugs,,,
Person search,2018-10-15T18:00:00+00:00,,,51.622610,-2.666908,Female,18-24,White - English/Welsh/Scottish/Northern Irish/British,White,Misuse of Drugs Act 1971 (section 23),Controlled drugs,,,
Person search,2018-10-15T21:00:00+00:00,,,51.574064,-3.009412,Male,18-24,Other ethnic group - Not stated,,Misuse of Drugs Act 1971 (section 23),Controlled drugs,A no further action disposal,,
Person search,2018-10-15T21:00:00+00:00,,,51.579218,-2.991212,Male,18-24,White - English/Welsh/Scottish/Northern Irish/British,White,Misuse of Drugs Act 1971 (section 23),Controlled drugs,A no further action disposal,,
Person search,2018-10-15T21:00:00+00:00,,,51.574064,-3.009412,Male,18-24,Other ethnic group - Not stated,,Misuse of Drugs Act 1971 (section 23),Controlled drugs,A no further action disposal,,
Person search,2018-10-15T22:00:00+00:00,,,51.579218,-2.991212,Male,18-24,White - English/Welsh/Scottish/Northern Irish/British,White,Police and Criminal Evidence Act 1984 (section 1),Controlled drugs,A no further action disposal,,
Person search,2018-10-15T23:00:00+00:00,,,51.580353,-2.985681,Male,,Other ethnic group - Not stated,,Misuse of Drugs Act 1971 (section 23),Controlled drugs,A no further action disposal,,
Person search,2018-10-15T23:00:00+00:00,,,51.580353,-2.985681,Male,,Other ethnic group - Not stated,,Misuse of Drugs Act 1971 (section 23),Controlled drugs,A no further action disposal,,
Person search,2018-10-15T23:00:00+00:00,,,51.578656,-2.989613,Male,18-24,White - English/Welsh/Scottish/Northern Irish/British,White,Misuse of Drugs Act 1971 (section 23),Controlled drugs,A no further action disposal,,
Person search,2018-10-15T23:00:00+00:00,,,51.580353,-2.985681,Male,25-34,White - English/Welsh/Scottish/Northern Irish/British,White,Misuse of Drugs Act 1971 (section 23),Controlled drugs,A no further action disposal,,
Person search,2018-10-16T19:00:00+00:00,,,51.778344,-3.207549,Male,25-34,,White,Police and Criminal Evidence Act 1984 (section 1),Offensive weapons,A no further action disposal,,
Person search,2018-10-16T22:00:00+00:00,,,51.587981,-3.010716,Male,18-24,White - English/Welsh/Scottish/Northern Irish/British,White,Misuse of Drugs Act 1971 (section 23),Controlled drugs,Penalty Notice for Disorder,,
Person search,2018-10-17T09:00:00+00:00,,,,,Male,10-17,Asian/Asian British - Bangladeshi,Asian,Misuse of Drugs Act 1971 (section 23),Controlled drugs,A no further action disposal,,
Person search,2018-10-17T12:00:00+00:00,,,,,Male,25-34,White - English/Welsh/Scottish/Northern Irish/British,White,Misuse of Drugs Act 1971 (section 23),,,,
Person search,2018-10-17T12:00:00+00:00,,,,,Male,18-24,White - English/Welsh/Scottish/Northern Irish/British,White,Misuse of Drugs Act 1971 (section 23),,A no further action disposal,,
Person search,2018-10-17T12:00:00+00:00,,,,,Male,over 34,White - English/Welsh/Scottish/Northern Irish/British,White,Misuse of Drugs Act 1971 (section 23),,A no further action disposal,,
Person search,2018-10-17T13:00:00+00:00,,,51.799018,-3.174457,Male,over 34,White - English/Welsh/Scottish/Northern Irish/British,White,Police and Criminal Evidence Act 1984 (section 1),Stolen goods,,,
Person search,2018-10-17T17:00:00+00:00,,,51.580353,-2.985681,Male,10-17,White - English/Welsh/Scottish/Northern Irish/British,White,Misuse of Drugs Act 1971 (section 23),,A no further action disposal,,
Person search,2018-10-17T20:00:00+00:00,,,51.613931,-3.028278,Male,over 34,White - English/Welsh/Scottish/Northern Irish/British,White,,Controlled drugs,A no further action disposal,,
Person search,2018-10-18T20:00:00+00:00,,,51.588671,-2.974818,Male,over 34,White - English/Welsh/Scottish/Northern Irish/British,White,Police and Criminal Evidence Act 1984 (section 1),,A no further action disposal,,
Person search,2018-10-18T23:00:00+00:00,,,,,Male,over 34,Other ethnic group - Not stated,,Police and Criminal Evidence Act 1984 (section 1),Stolen goods,A no further action disposal,,
Person search,2018-10-19T15:00:00+00:00,,,51.465554,-3.175145,Male,18-24,White - English/Welsh/Scottish/Northern Irish/British,White,Police and Criminal Evidence Act 1984 (section 1),,,,
Person search,2018-10-19T19:00:00+00:00,,,51.588698,-2.997250,Male,10-17,Asian/Asian British - Pakistani,Asian,Misuse of Drugs Act 1971 (section 23),Controlled drugs,A no further action disposal,,
Person search,2018-10-19T19:00:00+00:00,,,51.588698,-2.997250,Male,18-24,,,Misuse of Drugs Act 1971 (section 23),,A no further action disposal,,
Person search,2018-10-19T19:00:00+00:00,,,51.589177,-2.998055,Male,10-17,Asian/Asian British - Any other Asian background,Asian,Misuse of Drugs Act 1971 (section 23),Controlled drugs,A no further action disposal,,
Person search,2018-10-19T19:00:00+00:00,,,51.588698,-2.997250,Male,10-17,Black/African/Caribbean/Black British - Caribbean,Black,Misuse of Drugs Act 1971 (section 23),Controlled drugs,A no further action disposal,,
Person search,2018-10-19T19:00:00+00:00,,,51.588698,-2.997250,Male,10-17,White - English/Welsh/Scottish/Northern Irish/British,White,Misuse of Drugs Act 1971 (section 23),Controlled drugs,A no further action disposal,,
Person search,2018-10-19T21:00:00+00:00,,,51.826036,-3.034799,Male,25-34,White - English/Welsh/Scottish/Northern Irish/British,White,Police and Criminal Evidence Act 1984 (section 1),,,,
Person search,2018-10-19T23:00:00+00:00,,,51.805230,-3.164582,Male,over 34,White - English/Welsh/Scottish/Northern Irish/British,White,Police and Criminal Evidence Act 1984 (section 1),,Summons / charged by post,,
Person search,2018-10-20T01:00:00+00:00,,,51.627369,-2.667960,Male,25-34,Mixed/Multiple ethnic groups - White and Black Caribbean,,Misuse of Drugs Act 1971 (section 23),,Penalty Notice for Disorder,,
Person search,2018-10-20T18:00:00+00:00,,,51.583710,-2.995986,Male,18-24,,,Misuse of Drugs Act 1971 (section 23),,A no further action disposal,,
Person search,2018-10-20T19:00:00+00:00,,,,,Male,18-24,Asian/Asian British - Pakistani,Asian,Misuse of Drugs Act 1971 (section 23),Controlled drugs,A no further action disposal,,
Person search,2018-10-21T00:00:00+00:00,,,51.591295,-2.987910,Male,over 34,White - English/Welsh/Scottish/Northern Irish/British,White,Misuse of Drugs Act 1971 (section 23),Controlled drugs,Summons / charged by post,,
Person search,2018-10-21T14:00:00+00:00,,,,,Male,10-17,,,,,,,
Person search,2018-10-21T14:00:00+00:00,,,,,Male,10-17,White - English/Welsh/Scottish/Northern Irish/British,White,Police and Criminal Evidence Act 1984 (section 1),Offensive weapons,A no further action disposal,,
Person search,2018-10-21T22:00:00+00:00,,,51.596184,-2.996721,Male,18-24,White - English/Welsh/Scottish/Northern Irish/British,White,Police and Criminal Evidence Act 1984 (section 1),,,,
Person search,2018-10-21T22:00:00+00:00,,,51.596184,-2.996721,Male,18-24,White - English/Welsh/Scottish/Northern Irish/British,White,Police and Criminal Evidence Act 1984 (section 1),,,,
Person search,2018-10-21T23:00:00+00:00,,,51.580969,-2.965691,Male,18-24,Mixed/Multiple ethnic groups - Any other Mixed/Multiple ethnic background,,Misuse of Drugs Act 1971 (section 23),Controlled drugs,A no further action disposal,,
Person search,2018-10-21T23:00:00+00:00,,,51.580776,-2.966221,Male,10-17,Asian/Asian British - Bangladeshi,Asian,Misuse of Drugs Act 1971 (section 23),Controlled drugs,A no further action disposal,,
Person search,2018-10-22T00:00:00+00:00,,,51.584033,-3.010730,Male,25-34,White - English/Welsh/Scottish/Northern Irish/British,White,Misuse of Drugs Act 1971 (section 23),Controlled drugs,A no further action disposal,,
Person search,2018-10-22T02:00:00+00:00,,,51.784858,-3.210608,Male,18-24,White - English/Welsh/Scottish/Northern Irish/British,White,Police and Criminal Evidence Act 1984 (section 1),Article for use in theft,A no further action disposal,,
Person search,2018-10-22T02:00:00+00:00,,,51.784858,-3.210608,Male,18-24,White - English/Welsh/Scottish/Northern Irish/British,White,Police and Criminal Evidence Act 1984 (section 1),,A no further action disposal,,
Person search,2018-10-22T19:00:00+00:00,,,51.580776,-2.966221,Male,10-17,White - English/Welsh/Scottish/Northern Irish/British,White,Police and Criminal Evidence Act 1984 (section 1),Stolen goods,A no further action disposal,,
Person search,2018-10-22T20:00:00+00:00,,,51.590614,-3.189269,Male,18-24,White - English/Welsh/Scottish/Northern Irish/British,White,,,,,
Person search,2018-10-22T20:00:00+00:00,,,51.579620,-2.970021,Male,10-17,White - English/Welsh/Scottish/Northern Irish/British,White,Police and Criminal Evidence Act 1984 (section 1),,A no further action disposal,,
Person search,2018-10-22T23:00:00+00:00,,,,,Male,18-24,White - English/Welsh/Scottish/Northern Irish/British,White,Police and Criminal Evidence Act 1984 (section 1),Article for use in theft,,,
Person search,2018-10-22T23:00:00+00:00,,,,,Male,25-34,White - English/Welsh/Scottish/Northern Irish/British,White,Police and Criminal Evidence Act 1984 (section 1),Article for use in theft,A no further action disposal,,
Person search,2018-10-22T23:00:00+00:00,,,51.776525,-3.206907,Male,25-34,White - English/Welsh/Scottish/Northern Irish/British,White,Police and Criminal Evidence Act 1984 (section 1),,A no further action disposal,,
Person search,2018-10-23T13:00:00+00:00,,,51.582697,-2.989181,Male,25-34,White - English/Welsh/Scottish/Northern Irish/British,White,Police and Criminal Evidence Act 1984 (section 1),,A no further action disposal,,
Person search,2018-10-23T16:00:00+00:00,,,51.585002,-2.949640,Male,18-24,White - English/Welsh/Scottish/Northern Irish/British,White,Misuse of Drugs Act 1971 (section 23),Controlled drugs,Summons / charged by post,,
Person search,2018-10-23T16:00:00+00:00,,,51.585002,-2.949640,Male,18-24,White - English/Welsh/Scottish/Northern Irish/British,White,Misuse of Drugs Act 1971 (section 23),Controlled drugs,A no further action disposal,,
Person search,2018-10-23T19:00:00+00:00,,,51.579214,-2.990649,Male,25-34,,,Misuse of Drugs Act 1971 (section 23),,,,
Person search,2018-10-24T04:00:00+00:00,,,51.571508,-3.019037,Male,,Other ethnic group - Not stated,,Misuse of Drugs Act 1971 (section 23),Controlled drugs,A no further action disposal,,
Person search,2018-10-24T12:00:00+00:00,,,51.596184,-2.996721,Male,over 34,,,Police and Criminal Evidence Act 1984 (section 1),,,,
Person search,2018-10-24T19:00:00+00:00,,,51.578035,-2.993943,Male,over 34,White - English/Welsh/Scottish/Northern Irish/British,White,Misuse of Drugs Act 1971 (section 23),Controlled drugs,A no further action disposal,,
Person search,2018-10-24T20:00:00+00:00,,,51.591036,-2.984468,Male,18-24,Asian/Asian British - Any other Asian background,Asian,Misuse of Drugs Act 1971 (section 23),Controlled drugs,A no further action disposal,,
Person search,2018-10-24T20:00:00+00:00,,,51.591036,-2.984468,Male,18-24,Asian/Asian British - Any other Asian background,Asian,Misuse of Drugs Act 1971 (section 23),Controlled drugs,A no further action disposal,,
Person search,2018-10-25T17:00:00+00:00,,,51.589969,-2.995820,Male,10-17,Asian/Asian British - Any other Asian background,Asian,Police and Criminal Evidence Act 1984 (section 1),,A no further action disposal,,
Person search,2018-10-25T22:00:00+00:00,,,51.585006,-2.977684,Male,10-17,White - English/Welsh/Scottish/Northern Irish/British,White,Misuse of Drugs Act 1971 (section 23),Controlled drugs,A no further action disposal,,
Person search,2018-10-25T22:00:00+00:00,,,,,Male,18-24,White - English/Welsh/Scottish/Northern Irish/British,White,Misuse of Drugs Act 1971 (section 23),Controlled drugs,A no further action disposal,,
Person search,2018-10-26T00:00:00+00:00,,,,,Male,over 34,White - English/Welsh/Scottish/Northern Irish/British,White,Police and Criminal Evidence Act 1984 (section 1),Article for use in theft,A no further action disposal,,
Person search,2018-10-26T01:00:00+00:00,,,51.590622,-2.982381,Male,over 34,,,Misuse of Drugs Act 1971 (section 23),,,,
Person search,2018-10-26T10:00:00+00:00,,,,,Female,25-34,White - English/Welsh/Scottish/Northern Irish/British,White,Misuse of Drugs Act 1971 (section 23),Controlled drugs,A no further action disposal,,
Person search,2018-10-26T13:00:00+00:00,,,51.626034,-2.967948,Male,25-34,White - English/Welsh/Scottish/Northern Irish/British,White,Misuse of Drugs Act 1971 (section 23),Controlled drugs,,,
Person search,2018-10-26T13:00:00+00:00,,,,,Male,25-34,White - English/Welsh/Scottish/Northern Irish/British,White,Misuse of Drugs Act 1971 (section 23),Controlled drugs,,,
Person search,2018-10-26T13:00:00+00:00,,,,,Male,25-34,White - English/Welsh/Scottish/Northern Irish/British,White,Misuse of Drugs Act 1971 (section 23),Controlled drugs,,,
Person search,2018-10-26T13:00:00+00:00,,,51.589665,-2.980700,Male,25-34,White - English/Welsh/Scottish/Northern Irish/British,White,Misuse of Drugs Act 1971 (section 23),Controlled drugs,,,
Person search,2018-10-26T13:00:00+00:00,,,51.626034,-2.967948,Male,25-34,White - English/Welsh/Scottish/Northern Irish/British,White,Misuse of Drugs Act 1971 (section 23),Controlled drugs,,,
Person search,2018-10-26T14:00:00+00:00,,,51.626034,-2.967948,Male,over 34,Other ethnic group - Not stated,,Misuse of Drugs Act 1971 (section 23),,A no further action disposal,,
Person search,2018-10-26T23:00:00+00:00,,,51.572989,-2.941886,Male,18-24,,,Misuse of Drugs Act 1971 (section 23),,A no further action disposal,,
Person search,2018-10-26T23:00:00+00:00,,,51.574179,-2.946023,Male,25-34,Asian/Asian British - Indian,Asian,Misuse of Drugs Act 1971 (section 23),Controlled drugs,A no further action disposal,,
Person search,2018-10-26T23:00:00+00:00,,,,,Male,25-34,Black/African/Caribbean/Black British - Caribbean,Black,Misuse of Drugs Act 1971 (section 23),Controlled drugs,A no further action disposal,,
Person search,2018-10-27T14:00:00+00:00,,,,,Male,18-24,White - English/Welsh/Scottish/Northern Irish/British,White,Police and Criminal Evidence Act 1984 (section 1),Offensive weapons,A no further action disposal,,
Person search,2018-10-27T15:00:00+00:00,,,,,Male,18-24,Black/African/Caribbean/Black British - Caribbean,Black,Misuse of Drugs Act 1971 (section 23),Controlled drugs,A no further action disposal,,
Person search,2018-10-27T16:00:00+00:00,,,51.820891,-3.015457,Male,25-34,White - English/Welsh/Scottish/Northern Irish/British,White,Misuse of Drugs Act 1971 (section 23),Controlled drugs,A no further action disposal,,
Person search,2018-10-27T17:00:00+00:00,,,,,Male,18-24,White - English/Welsh/Scottish/Northern Irish/British,White,Misuse of Drugs Act 1971 (section 23),Controlled drugs,A no further action disposal,,
Person search,2018-10-27T22:00:00+00:00,,,51.659356,-3.193627,Male,25-34,White - English/Welsh/Scottish/Northern Irish/British,White,Misuse of Drugs Act 1971 (section 23),Controlled drugs,A no further action disposal,,
Person search,2018-10-28T15:00:00+00:00,,,51.582263,-2.972285,Male,18-24,White - English/Welsh/Scottish/Northern Irish/British,White,Misuse of Drugs Act 1971 (section 23),Controlled drugs,,,
Person search,2018-10-28T18:00:00+00:00,,,51.587346,-2.968655,Male,18-24,White - English/Welsh/Scottish/Northern Irish/British,White,Misuse of Drugs Act 1971 (section 23),Controlled drugs,A no further action disposal,,
Person search,2018-10-28T18:00:00+00:00,,,51.587346,-2.968655,Male,10-17,White - English/Welsh/Scottish/Northern Irish/British,White,Misuse of Drugs Act 1971 (section 23),Controlled drugs,A no further action disposal,,
Person search,2018-10-28T18:00:00+00:00,,,51.587346,-2.968655,Male,18-24,White - English/Welsh/Scottish/Northern Irish/British,White,Misuse of Drugs Act 1971 (section 23),Controlled drugs,A no further action disposal,,
Person search,2018-10-28T19:00:00+00:00,,,51.582764,-3.005694,Male,10-17,Other ethnic group - Not stated,,Police and Criminal Evidence Act 1984 (section 1),Articles for use in criminal damage,,,
Person search,2018-10-28T22:00:00+00:00,,,51.617619,-3.453409,Male,over 34,White - Any other White background,White,Police and Criminal Evidence Act 1984 (section 1),Stolen goods,A no further action disposal,,
Person search,2018-10-29T00:00:00+00:00,,,51.586312,-2.944485,Male,25-34,White - English/Welsh/Scottish/Northern Irish/British,White,Misuse of Drugs Act 1971 (section 23),,A no further action disposal,,
Person search,2018-10-29T00:00:00+00:00,,,51.586312,-2.944485,Male,18-24,White - English/Welsh/Scottish/Northern Irish/British,White,Misuse of Drugs Act 1971 (section 23),,A no further action disposal,,
Person search,2018-10-29T10:00:00+00:00,,,51.575073,-3.231404,Male,,White - English/Welsh/Scottish/Northern Irish/British,White,Police and Criminal Evidence Act 1984 (section 1),,,,
Person search,2018-10-29T20:00:00+00:00,,,51.729972,-3.137900,Male,10-17,Mixed/Multiple ethnic groups - White and Black Caribbean,,Police and Criminal Evidence Act 1984 (section 1),Article for use in theft,A no further action disposal,,
Person search,2018-10-29T20:00:00+00:00,,,51.729972,-3.137900,Male,10-17,,,Police and Criminal Evidence Act 1984 (section 1),Article for use in theft,,,
Person search,2018-10-31T12:00:00+00:00,,,51.592901,-2.928916,Male,25-34,White - English/Welsh/Scottish/Northern Irish/British,White,Misuse of Drugs Act 1971 (section 23),Controlled drugs,A no further action disposal,,
Person search,2018-10-31T19:00:00+00:00,,,51.600006,-2.984995,Male,18-24,White - English/Welsh/Scottish/Northern Irish/British,White,Misuse of Drugs Act 1971 (section 23),Controlled drugs,A no further action disposal,,
Person search,2018-10-31T19:00:00+00:00,,,51.580969,-2.965691,Male,10-17,White - English/Welsh/Scottish/Northern Irish/British,White,Police and Criminal Evidence Act 1984 (section 1),,A no further action disposal,,
Person search,2018-10-31T19:00:00+00:00,,,51.580969,-2.965691,Male,18-24,White - English/Welsh/Scottish/Northern Irish/British,White,Police and Criminal Evidence Act 1984 (section 1),,A no further action disposal,,
Person search,2018-10-31T19:00:00+00:00,,,51.580969,-2.965691,Male,10-17,White - English/Welsh/Scottish/Northern Irish/British,White,Police and Criminal Evidence Act 1984 (section 1),,A no further action disposal,,
Person search,2018-10-31T19:00:00+00:00,,,51.580969,-2.965691,Male,10-17,,,Police and Criminal Evidence Act 1984 (section 1),,,,
