Type,Date,Part of a policing operation,Policing operation,Latitude,Longitude,Gender,Age range,Self-defined ethnicity,Officer-defined ethnicity,Legislation,Object of search,Outcome,Outcome linked to object of search,Removal of more than just outer clothing
Person search,2018-03-01T12:30:00+00:00,,,51.514203,-0.094628,Male,over 34,White - English/Welsh/Scottish/Northern Irish/British,White,Police and Criminal Evidence Act 1984 (section 1),Article for use in theft,Suspect arrested,True,False
Person search,2018-03-01T14:21:00+00:00,,,51.512888,-0.094482,Male,25-34,Other ethnic group - Any other ethnic group,White,Misuse of Drugs Act 1971 (section 23),Controlled drugs,Offender given drugs possession warning,True,False
Person search,2018-03-01T14:21:00+00:00,,,51.512888,-0.094482,Male,18-24,Other ethnic group - Any other ethnic group,White,Misuse of Drugs Act 1971 (section 23),Controlled drugs,Nothing found - no further action,False,False
Person search,2018-03-01T15:40:00+00:00,,,51.516814,-0.081620,Male,25-34,White - Any other White background,White,Misuse of Drugs Act 1971 (section 23),Controlled drugs,Offender given drugs possession warning,False,False
Person search,2018-03-01T16:09:00+00:00,,,51.514203,-0.094628,Male,25-34,White - Any other White background,Other,Police and Criminal Evidence Act 1984 (section 1),Stolen goods,Suspect arrested,False,False
Person search,2018-03-01T16:15:00+00:00,,,51.514203,-0.094628,Male,,Other ethnic group - Not stated,Black,Police and Criminal Evidence Act 1984 (section 1),Article for use in theft,Nothing found - no further action,False,
Person search,2018-03-01T18:00:00+00:00,,,,,Male,10-17,White - English/Welsh/Scottish/Northern Irish/British,White,Police and Criminal Evidence Act 1984 (section 1),Article for use in theft,Nothing found - no further action,False,False
Person search,2018-03-01T18:00:00+00:00,,,51.513627,-0.076435,Male,10-17,Mixed/Multiple ethnic groups - White and Black African,Black,Police and Criminal Evidence Act 1984 (section 1),Article for use in theft,Nothing found - no further action,False,False
Person search,2018-03-02T04:00:00+00:00,,,51.512678,-0.079444,Female,18-24,Other ethnic group - Not stated,Asian,Police and Criminal Evidence Act 1984 (section 1),Anything to threaten or harm anyone,Nothing found - no further action,False,False
Person search,2018-03-02T19:35:00+00:00,,,51.517244,-0.080376,Male,25-34,White - Any other White background,White,Police and Criminal Evidence Act 1984 (section 1),Article for use in theft,Suspect arrested,True,False
Person search,2018-03-03T16:30:00+00:00,,,51.512598,-0.084967,Male,25-34,Black/African/Caribbean/Black British - African,Black,Misuse of Drugs Act 1971 (section 23),Controlled drugs,Nothing found - no further action,False,False
Person search,2018-03-04T05:45:00+00:00,,,,,Male,18-24,White - English/Welsh/Scottish/Northern Irish/British,White,Police and Criminal Evidence Act 1984 (section 1),Anything to threaten or harm anyone,Nothing found - no further action,False,False
Person search,2018-03-05T02:52:00+00:00,,,51.518226,-0.111497,Male,over 34,Mixed/Multiple ethnic groups - Any other Mixed/Multiple ethnic background,White,Police and Criminal Evidence Act 1984 (section 1),Article for use in theft,Nothing found - no further action,False,False
Person search,2018-03-05T04:40:00+00:00,,,51.513627,-0.076435,Male,25-34,Other ethnic group - Not stated,White,Police and Criminal Evidence Act 1984 (section 1),Article for use in theft,Nothing found - no further action,False,False
Person search,2018-03-05T04:55:00+00:00,,,51.514151,-0.074958,Male,25-34,White - Any other White background,White,Police and Criminal Evidence Act 1984 (section 1),Stolen goods,Nothing found - no further action,False,False
Person search,2018-03-05T05:00:00+00:00,,,51.514457,-0.073849,Male,25-34,Other ethnic group - Any other ethnic group,White,Police and Criminal Evidence Act 1984 (section 1),Stolen goods,Nothing found - no further action,False,False
Person search,2018-03-05T10:30:00+00:00,,,,,Male,over 34,White - English/Welsh/Scottish/Northern Irish/British,White,Police and Criminal Evidence Act 1984 (section 1),Article for use in theft,Nothing found - no further action,False,False
Person search,2018-03-05T10:41:00+00:00,,,,,Male,25-34,Other ethnic group - Any other ethnic group,White,Police and Criminal Evidence Act 1984 (section 1),Stolen goods,Nothing found - no further action,False,False
Person search,2018-03-05T19:30:00+00:00,,,51.517431,-0.082458,Male,18-24,Other ethnic group - Not stated,Asian,Misuse of Drugs Act 1971 (section 23),Controlled drugs,Offender given drugs possession warning,True,False
Person and Vehicle search,2018-03-06T14:35:00+00:00,,,51.513171,-0.077694,Male,18-24,White - English/Welsh/Scottish/Northern Irish/British,White,Misuse of Drugs Act 1971 (section 23),Controlled drugs,Nothing found - no further action,False,False
Person and Vehicle search,2018-03-06T15:30:00+00:00,,,51.513171,-0.077694,Other,25-34,Black/African/Caribbean/Black British - African,Black,Misuse of Drugs Act 1971 (section 23),Controlled drugs,Suspect arrested,True,False
Person search,2018-03-06T16:07:00+00:00,,,,,Male,over 34,White - Any other White background,White,Police and Criminal Evidence Act 1984 (section 1),Article for use in theft,Nothing found - no further action,False,False
Person search,2018-03-07T12:20:00+00:00,,,51.516351,-0.082965,Female,25-34,Other ethnic group - Not stated,Other,Misuse of Drugs Act 1971 (section 23),Controlled drugs,Nothing found - no further action,False,False
Person search,2018-03-07T14:00:00+00:00,,,51.519365,-0.088013,Male,over 34,White - English/Welsh/Scottish/Northern Irish/British,White,Police and Criminal Evidence Act 1984 (section 1),Article for use in theft,Nothing found - no further action,False,False
Person search,2018-03-08T13:00:00+00:00,,,51.516814,-0.081620,Male,18-24,Other ethnic group - Not stated,Other,Police and Criminal Evidence Act 1984 (section 1),Article for use in theft,Nothing found - no further action,False,False
Person search,2018-03-08T13:09:00+00:00,,,51.494542,-0.083952,Male,over 34,Other ethnic group - Not stated,Other,Police and Criminal Evidence Act 1984 (section 1),Stolen goods,Nothing found - no further action,False,False
Person search,2018-03-08T13:09:00+00:00,,,51.494542,-0.083952,Male,over 34,Other ethnic group - Not stated,Other,Police and Criminal Evidence Act 1984 (section 1),Stolen goods,Nothing found - no further action,False,False
Person search,2018-03-08T16:35:00+00:00,,,51.512598,-0.084967,Female,over 34,Black/African/Caribbean/Black British - Caribbean,Black,Police and Criminal Evidence Act 1984 (section 1),Article for use in theft,Nothing found - no further action,False,False
Person search,2018-03-08T17:30:00+00:00,,,51.515739,-0.100632,Male,25-34,Asian/Asian British - Bangladeshi,Asian,Police and Criminal Evidence Act 1984 (section 1),Article for use in theft,Nothing found - no further action,False,False
Person and Vehicle search,2018-03-08T20:14:00+00:00,,,51.516351,-0.082965,Male,18-24,Asian/Asian British - Bangladeshi,Asian,Misuse of Drugs Act 1971 (section 23),Controlled drugs,Suspect arrested,True,False
Person search,2018-03-08T20:17:00+00:00,,,51.516351,-0.082965,Male,18-24,Asian/Asian British - Bangladeshi,Asian,Misuse of Drugs Act 1971 (section 23),Controlled drugs,Nothing found - no further action,,False
Person search,2018-03-09T10:51:00+00:00,,,51.508066,-0.087780,Male,18-24,Other ethnic group - Not stated,White,Misuse of Drugs Act 1971 (section 23),Controlled drugs,Offender given drugs possession warning,True,False
Person search,2018-03-09T14:30:00+00:00,,,51.517431,-0.082458,Female,10-17,Mixed/Multiple ethnic groups - Any other Mixed/Multiple ethnic background,Black,Misuse of Drugs Act 1971 (section 23),Controlled drugs,Suspect arrested,True,False
Person search,2018-03-09T14:40:00+00:00,,,51.517431,-0.082458,Female,10-17,White - English/Welsh/Scottish/Northern Irish/British,White,Misuse of Drugs Act 1971 (section 23),Controlled drugs,Nothing found - no further action,False,False
Person search,2018-03-09T20:30:00+00:00,,,51.518910,-0.087153,Male,over 34,White - Any other White background,White,Misuse of Drugs Act 1971 (section 23),Controlled drugs,Offender given drugs possession warning,True,False
Person and Vehicle search,2018-03-10T01:20:00+00:00,,,51.511224,-0.074115,Male,25-34,Other ethnic group - Any other ethnic group,Asian,Misuse of Drugs Act 1971 (section 23),Controlled drugs,Suspect arrested,True,False
Person search,2018-03-10T01:20:00+00:00,,,,,Male,25-34,Asian/Asian British - Any other Asian background,Asian,Misuse of Drugs Act 1971 (section 23),Controlled drugs,Suspect arrested,True,False
Person search,2018-03-10T16:45:00+00:00,,,51.516814,-0.081620,Male,18-24,Other ethnic group - Not stated,White,Police and Criminal Evidence Act 1984 (section 1),Article for use in theft,Suspect arrested,False,False
Person search,2018-03-10T16:50:00+00:00,,,51.516814,-0.081620,Male,18-24,Asian/Asian British - Pakistani,Asian,Police and Criminal Evidence Act 1984 (section 1),Article for use in theft,Nothing found - no further action,False,False
Person search,2018-03-10T22:40:00+00:00,,,51.524091,-0.060411,Male,25-34,Mixed/Multiple ethnic groups - White and Asian,Asian,Police and Criminal Evidence Act 1984 (section 1),Article for use in theft,Nothing found - no further action,False,False
Person search,2018-03-10T22:43:00+00:00,,,51.524091,-0.060411,Male,25-34,Asian/Asian British - Indian,Asian,Police and Criminal Evidence Act 1984 (section 1),Stolen goods,Suspect arrested,False,False
Person and Vehicle search,2018-03-13T13:55:00+00:00,,,51.516347,-0.104887,Male,18-24,Other ethnic group - Not stated,White,Misuse of Drugs Act 1971 (section 23),Controlled drugs,Suspect arrested,True,False
Person and Vehicle search,2018-03-13T14:05:00+00:00,,,51.517431,-0.082458,Male,over 34,White - English/Welsh/Scottish/Northern Irish/British,White,Misuse of Drugs Act 1971 (section 23),Controlled drugs,Suspect arrested,True,False
Person search,2018-03-13T14:05:00+00:00,,,51.516347,-0.104887,Male,18-24,Black/African/Caribbean/Black British - African,Black,Misuse of Drugs Act 1971 (section 23),Controlled drugs,Suspect arrested,True,False
Person search,2018-03-13T14:15:00+00:00,,,51.513377,-0.096363,Male,25-34,Other ethnic group - Not stated,White,Police and Criminal Evidence Act 1984 (section 1),Article for use in theft,Nothing found - no further action,False,False
Person search,2018-03-13T14:42:00+00:00,,,51.513377,-0.096363,Male,25-34,Other ethnic group - Not stated,Other,Police and Criminal Evidence Act 1984 (section 1),Stolen goods,Nothing found - no further action,False,False
Person search,2018-03-13T15:30:00+00:00,,,51.513377,-0.096363,Male,over 34,Black/African/Caribbean/Black British - Caribbean,Black,Police and Criminal Evidence Act 1984 (section 1),Stolen goods,Nothing found - no further action,False,False
Person search,2018-03-13T15:39:00+00:00,,,51.513377,-0.096363,Female,over 34,Other ethnic group - Not stated,Other,Police and Criminal Evidence Act 1984 (section 1),Stolen goods,Nothing found - no further action,False,False
Person search,2018-03-13T20:53:00+00:00,,,51.518207,-0.106453,Male,18-24,White - English/Welsh/Scottish/Northern Irish/British,White,Police and Criminal Evidence Act 1984 (section 1),Anything to threaten or harm anyone,Nothing found - no further action,False,False
Person search,2018-03-14T14:00:00+00:00,,,51.511200,-0.085257,Male,18-24,White - Any other White background,Other,Police and Criminal Evidence Act 1984 (section 1),Article for use in theft,Local resolution,True,False
Person search,2018-03-14T14:00:00+00:00,,,51.512598,-0.084967,Male,18-24,Other ethnic group - Any other ethnic group,Black,Police and Criminal Evidence Act 1984 (section 1),Stolen goods,Offender given drugs possession warning,,False
Person and Vehicle search,2018-03-14T22:20:00+00:00,,,,,Male,25-34,White - Any other White background,White,Misuse of Drugs Act 1971 (section 23),Evidence of offences under the Act,Nothing found - no further action,False,False
Person and Vehicle search,2018-03-14T23:15:00+00:00,,,51.516371,-0.088614,Male,18-24,Other ethnic group - Not stated,Black,Misuse of Drugs Act 1971 (section 23),Controlled drugs,Nothing found - no further action,False,False
Person search,2018-03-16T01:10:00+00:00,,,51.513363,-0.088870,Male,25-34,Mixed/Multiple ethnic groups - White and Black Caribbean,White,Police and Criminal Evidence Act 1984 (section 1),Anything to threaten or harm anyone,Nothing found - no further action,False,False
Person and Vehicle search,2018-03-16T19:30:00+00:00,,,51.517196,-0.085149,Male,18-24,Other ethnic group - Not stated,White,Misuse of Drugs Act 1971 (section 23),Controlled drugs,Suspect arrested,True,False
Person and Vehicle search,2018-03-16T22:11:00+00:00,,,51.512598,-0.084967,Female,,White - Any other White background,White,Misuse of Drugs Act 1971 (section 23),Controlled drugs,Suspect arrested,True,False
Person search,2018-03-16T22:18:00+00:00,,,51.512598,-0.084967,Male,18-24,White - English/Welsh/Scottish/Northern Irish/British,White,Misuse of Drugs Act 1971 (section 23),Controlled drugs,Nothing found - no further action,False,False
Person search,2018-03-16T22:37:00+00:00,,,51.512598,-0.084967,Male,18-24,White - English/Welsh/Scottish/Northern Irish/British,White,Misuse of Drugs Act 1971 (section 23),Controlled drugs,Nothing found - no further action,False,False
Person and Vehicle search,2018-03-17T03:54:00+00:00,,,51.514457,-0.073849,Male,18-24,Black/African/Caribbean/Black British - African,Black,Police and Criminal Evidence Act 1984 (section 1),Anything to threaten or harm anyone,Nothing found - no further action,False,False
Person and Vehicle search,2018-03-17T04:00:00+00:00,,,,,Male,18-24,Other ethnic group - Not stated,Other,Police and Criminal Evidence Act 1984 (section 1),Anything to threaten or harm anyone,Nothing found - no further action,False,False
Person search,2018-03-18T22:40:00+00:00,,,,,Male,18-24,White - Any other White background,Asian,Misuse of Drugs Act 1971 (section 23),Controlled drugs,Offender given drugs possession warning,True,False
Person search,2018-03-18T22:40:00+00:00,,,,,Male,18-24,Other ethnic group - Not stated,Other,Misuse of Drugs Act 1971 (section 23),Controlled drugs,Nothing found - no further action,False,False
Person search,2018-03-18T22:40:00+00:00,,,51.513627,-0.076435,Male,18-24,Other ethnic group - Any other ethnic group,White,Misuse of Drugs Act 1971 (section 23),Controlled drugs,Offender given drugs possession warning,True,False
Person search,2018-03-18T22:40:00+00:00,,,,,Male,18-24,White - Any other White background,White,Misuse of Drugs Act 1971 (section 23),Controlled drugs,Offender given drugs possession warning,True,False
Person search,2018-03-19T01:30:00+00:00,,,51.623905,0.080544,Male,18-24,Asian/Asian British - Any other Asian background,Asian,Firearms Act 1968 (section 47),Firearms,Nothing found - no further action,False,False
Person search,2018-03-19T11:15:00+00:00,,,51.514203,-0.094628,Male,18-24,Black/African/Caribbean/Black British - Caribbean,Black,Police and Criminal Evidence Act 1984 (section 1),Article for use in theft,Nothing found - no further action,False,
Person search,2018-03-19T14:30:00+00:00,,,51.514203,-0.094628,Male,10-17,Asian/Asian British - Any other Asian background,White,Police and Criminal Evidence Act 1984 (section 1),Stolen goods,Suspect arrested,False,False
Person search,2018-03-19T14:42:00+00:00,,,51.514203,-0.094628,Male,18-24,Mixed/Multiple ethnic groups - Any other Mixed/Multiple ethnic background,White,Police and Criminal Evidence Act 1984 (section 1),Article for use in theft,Nothing found - no further action,False,False
Person search,2018-03-20T20:30:00+00:00,,,,,Female,25-34,Asian/Asian British - Bangladeshi,Asian,Police and Criminal Evidence Act 1984 (section 1),Evidence of offences under the Act,Nothing found - no further action,False,False
Person and Vehicle search,2018-03-21T10:20:00+00:00,,,51.509313,-0.073850,Male,25-34,Asian/Asian British - Any other Asian background,Asian,Misuse of Drugs Act 1971 (section 23),Controlled drugs,Nothing found - no further action,False,False
Person search,2018-03-21T10:20:00+00:00,,,51.509313,-0.073850,Male,18-24,Other ethnic group - Not stated,Black,Misuse of Drugs Act 1971 (section 23),Controlled drugs,Nothing found - no further action,False,False
Person and Vehicle search,2018-03-21T11:26:00+00:00,,,51.508066,-0.087780,Male,18-24,White - Any other White background,White,Misuse of Drugs Act 1971 (section 23),Controlled drugs,Suspect arrested,True,False
Person and Vehicle search,2018-03-21T22:25:00+00:00,,,,,Male,18-24,Other ethnic group - Not stated,Other,Misuse of Drugs Act 1971 (section 23),Controlled drugs,Offender given drugs possession warning,True,False
Person search,2018-03-22T07:50:00+00:00,,,51.518091,-0.078308,Male,over 34,Black/African/Caribbean/Black British - Caribbean,Black,Police and Criminal Evidence Act 1984 (section 1),Stolen goods,Nothing found - no further action,False,False
Person search,2018-03-22T15:04:00+00:00,,,51.512598,-0.084967,Male,over 34,Asian/Asian British - Bangladeshi,Asian,Police and Criminal Evidence Act 1984 (section 1),Article for use in theft,Nothing found - no further action,False,False
Person and Vehicle search,2018-03-22T16:25:00+00:00,,,51.516814,-0.081620,Male,25-34,White - English/Welsh/Scottish/Northern Irish/British,White,Misuse of Drugs Act 1971 (section 23),Controlled drugs,Suspect arrested,True,False
Person search,2018-03-22T17:56:00+00:00,,,51.509775,-0.085014,Male,25-34,Black/African/Caribbean/Black British - Caribbean,Other,Police and Criminal Evidence Act 1984 (section 1),Stolen goods,Nothing found - no further action,False,False
Person search,2018-03-22T18:04:00+00:00,,,,,Male,25-34,Black/African/Caribbean/Black British - Caribbean,Black,Police and Criminal Evidence Act 1984 (section 1),Stolen goods,Nothing found - no further action,False,False
Person search,2018-03-22T19:10:00+00:00,,,51.511529,-0.091108,Male,over 34,White - Any other White background,Other,Police and Criminal Evidence Act 1984 (section 1),Stolen goods,Nothing found - no further action,False,False
Person search,2018-03-22T22:36:00+00:00,,,51.509930,-0.068161,Female,25-34,White - English/Welsh/Scottish/Northern Irish/British,White,Misuse of Drugs Act 1971 (section 23),Controlled drugs,Offender given drugs possession warning,True,False
Person search,2018-03-22T23:20:00+00:00,,,51.512462,-0.076095,Male,18-24,White - Any other White background,White,Misuse of Drugs Act 1971 (section 23),Controlled drugs,Nothing found - no further action,False,False
Person search,2018-03-22T23:20:00+00:00,,,51.512462,-0.076095,Male,18-24,White - Any other White background,White,Misuse of Drugs Act 1971 (section 23),Controlled drugs,Nothing found - no further action,False,False
Person search,2018-03-22T23:20:00+00:00,,,51.512462,-0.076095,Male,18-24,White - Any other White background,White,Misuse of Drugs Act 1971 (section 23),Controlled drugs,Nothing found - no further action,False,False
Person and Vehicle search,2018-03-23T00:11:00+00:00,,,,,Male,18-24,Black/African/Caribbean/Black British - Caribbean,Black,Misuse of Drugs Act 1971 (section 23),Controlled drugs,Nothing found - no further action,False,False
Person and Vehicle search,2018-03-23T00:17:00+00:00,,,51.517032,-0.089451,Male,25-34,Black/African/Caribbean/Black British - Caribbean,Black,Misuse of Drugs Act 1971 (section 23),Controlled drugs,Nothing found - no further action,False,False
Person search,2018-03-23T01:38:00+00:00,,,51.508066,-0.087780,Male,18-24,Black/African/Caribbean/Black British - African,Black,Police and Criminal Evidence Act 1984 (section 1),Stolen goods,Nothing found - no further action,False,False
Person search,2018-03-23T03:22:00+00:00,,,51.517576,-0.079786,Male,18-24,Black/African/Caribbean/Black British - African,Black,Misuse of Drugs Act 1971 (section 23),Controlled drugs,Nothing found - no further action,False,False
Person search,2018-03-23T03:36:00+00:00,,,51.516814,-0.081620,Male,18-24,Asian/Asian British - Any other Asian background,White,Misuse of Drugs Act 1971 (section 23),Controlled drugs,Nothing found - no further action,False,False
Person search,2018-03-23T11:55:00+00:00,,,51.512692,-0.104621,Male,over 34,Black/African/Caribbean/Black British - African,Black,Police and Criminal Evidence Act 1984 (section 1),Evidence of offences under the Act,Nothing found - no further action,False,False
Person and Vehicle search,2018-03-23T19:02:00+00:00,,,51.517431,-0.082458,Male,25-34,Black/African/Caribbean/Black British - Caribbean,Other,Misuse of Drugs Act 1971 (section 23),Evidence of offences under the Act,Nothing found - no further action,False,False
Person search,2018-03-23T20:41:00+00:00,,,51.522026,-0.092413,Male,18-24,Asian/Asian British - Bangladeshi,Asian,Misuse of Drugs Act 1971 (section 23),Controlled drugs,Nothing found - no further action,False,True
Person search,2018-03-23T23:02:00+00:00,,,51.519896,-0.087486,Male,18-24,Asian/Asian British - Any other Asian background,Asian,Misuse of Drugs Act 1971 (section 23),Controlled drugs,Offender given drugs possession warning,True,False
Person and Vehicle search,2018-03-23T23:50:00+00:00,,,51.519896,-0.087486,Male,18-24,Other ethnic group - Not stated,Asian,Misuse of Drugs Act 1971 (section 23),Controlled drugs,Offender given drugs possession warning,True,False
Person search,2018-03-24T01:27:00+00:00,,,51.518654,-0.103494,Female,25-34,White - Irish,White,Misuse of Drugs Act 1971 (section 23),Controlled drugs,Nothing found - no further action,False,False
Person search,2018-03-24T01:37:00+00:00,,,51.518654,-0.103494,Male,25-34,Black/African/Caribbean/Black British - African,Black,Misuse of Drugs Act 1971 (section 23),Controlled drugs,Nothing found - no further action,False,False
Person search,2018-03-24T18:30:00+00:00,,,,,Male,over 34,Other ethnic group - Not stated,White,Police and Criminal Evidence Act 1984 (section 1),Article for use in theft,Suspect arrested,True,False
Person search,2018-03-25T18:30:00+00:00,,,51.522026,-0.092413,Male,18-24,Asian/Asian British - Any other Asian background,Asian,Misuse of Drugs Act 1971 (section 23),Controlled drugs,Nothing found - no further action,False,True
Person search,2018-03-25T18:30:00+00:00,,,51.522026,-0.092413,Male,18-24,Asian/Asian British - Bangladeshi,Asian,Misuse of Drugs Act 1971 (section 23),Controlled drugs,Nothing found - no further action,False,True
Person search,2018-03-25T18:30:00+00:00,,,51.522026,-0.092413,Male,18-24,Asian/Asian British - Bangladeshi,Asian,Misuse of Drugs Act 1971 (section 23),Controlled drugs,Nothing found - no further action,False,True
Person and Vehicle search,2018-03-25T22:23:00+00:00,,,51.514157,-0.091258,Male,25-34,White - English/Welsh/Scottish/Northern Irish/British,White,Misuse of Drugs Act 1971 (section 23),Controlled drugs,Offender given drugs possession warning,True,
Person search,2018-03-26T09:47:00+00:00,,,,,Male,over 34,White - English/Welsh/Scottish/Northern Irish/British,White,Police and Criminal Evidence Act 1984 (section 1),Evidence of offences under the Act,Nothing found - no further action,False,False
Person search,2018-03-26T12:36:00+00:00,,,,,Male,25-34,Other ethnic group - Not stated,White,Police and Criminal Evidence Act 1984 (section 1),Article for use in theft,Nothing found - no further action,False,False
Person search,2018-03-26T12:36:00+00:00,,,,,Male,25-34,Other ethnic group - Not stated,White,Police and Criminal Evidence Act 1984 (section 1),Article for use in theft,Nothing found - no further action,False,False
Person search,2018-03-26T21:48:00+00:00,,,51.511625,-0.081549,Male,18-24,White - Any other White background,White,Misuse of Drugs Act 1971 (section 23),Controlled drugs,Nothing found - no further action,False,False
Person search,2018-03-26T22:00:00+00:00,,,51.511578,-0.083079,Male,18-24,White - Any other White background,White,Misuse of Drugs Act 1971 (section 23),Controlled drugs,Offender given drugs possession warning,True,False
Person and Vehicle search,2018-03-27T00:00:00+00:00,,,51.514457,-0.073849,Male,18-24,Other ethnic group - Any other ethnic group,Asian,Misuse of Drugs Act 1971 (section 23),Controlled drugs,Nothing found - no further action,False,False
Person and Vehicle search,2018-03-27T11:17:00+00:00,,,51.511625,-0.081549,Male,25-34,Black/African/Caribbean/Black British - African,Black,Misuse of Drugs Act 1971 (section 23),Controlled drugs,Nothing found - no further action,False,False
Person search,2018-03-27T13:50:00+00:00,,,,,Male,18-24,Mixed/Multiple ethnic groups - Any other Mixed/Multiple ethnic background,White,Misuse of Drugs Act 1971 (section 23),Controlled drugs,Local resolution,False,False
Person search,2018-03-27T16:30:00+00:00,,,51.511200,-0.085257,Male,10-17,Asian/Asian British - Pakistani,Asian,Police and Criminal Evidence Act 1984 (section 1),Article for use in theft,Nothing found - no further action,False,False
Person and Vehicle search,2018-03-27T22:08:00+00:00,,,51.508257,-0.104503,Male,18-24,Black/African/Caribbean/Black British - Caribbean,Other,Misuse of Drugs Act 1971 (section 23),Controlled drugs,Nothing found - no further action,False,False
Person search,2018-03-28T01:15:00+00:00,,,51.512504,-0.083645,Male,over 34,Other ethnic group - Not stated,Asian,Police and Criminal Evidence Act 1984 (section 1),Stolen goods,Suspect arrested,False,False
Person search,2018-03-28T12:40:00+00:00,,,51.513885,-0.102741,Male,10-17,Black/African/Caribbean/Black British - Caribbean,Black,Police and Criminal Evidence Act 1984 (section 1),Stolen goods,Suspect arrested,True,
Person search,2018-03-28T13:27:00+00:00,,,51.515739,-0.100632,Male,25-34,Asian/Asian British - Any other Asian background,Asian,Police and Criminal Evidence Act 1984 (section 1),Article for use in theft,Nothing found - no further action,False,False
Person search,2018-03-28T14:30:00+00:00,,,51.513721,-0.102647,Male,18-24,Black/African/Caribbean/Black British - Caribbean,Black,Police and Criminal Evidence Act 1984 (section 1),Stolen goods,Suspect arrested,True,
Person search,2018-03-28T19:00:00+00:00,,,,,Male,over 34,Asian/Asian British - Any other Asian background,Asian,Police and Criminal Evidence Act 1984 (section 1),Stolen goods,Suspect arrested,False,False
Person and Vehicle search,2018-03-28T21:15:00+00:00,,,51.517231,-0.079613,Male,25-34,Asian/Asian British - Bangladeshi,Asian,Misuse of Drugs Act 1971 (section 23),Controlled drugs,Nothing found - no further action,False,False
Person search,2018-03-29T16:00:00+00:00,,,51.506255,-0.074901,Male,18-24,Asian/Asian British - Any other Asian background,White,Police and Criminal Evidence Act 1984 (section 1),Article for use in theft,Suspect arrested,False,False
Person search,2018-03-29T16:38:00+00:00,,,51.506255,-0.074901,Male,25-34,Asian/Asian British - Any other Asian background,White,Police and Criminal Evidence Act 1984 (section 1),Stolen goods,Nothing found - no further action,False,False
Person search,2018-03-29T17:50:00+00:00,,,51.516814,-0.081620,Male,18-24,White - English/Welsh/Scottish/Northern Irish/British,White,Misuse of Drugs Act 1971 (section 23),Controlled drugs,Suspect arrested,True,False
Person search,2018-03-29T17:50:00+00:00,,,51.516814,-0.081620,Male,25-34,White - English/Welsh/Scottish/Northern Irish/British,White,Misuse of Drugs Act 1971 (section 23),Controlled drugs,Suspect arrested,True,False
Person search,2018-03-29T17:50:00+00:00,,,51.516814,-0.081620,Male,18-24,White - English/Welsh/Scottish/Northern Irish/British,White,Misuse of Drugs Act 1971 (section 23),Controlled drugs,Nothing found - no further action,False,False
Person and Vehicle search,2018-03-29T17:59:00+00:00,,,51.516814,-0.081620,Male,25-34,Black/African/Caribbean/Black British - Caribbean,Black,Misuse of Drugs Act 1971 (section 23),Controlled drugs,Nothing found - no further action,False,False
Person search,2018-03-29T21:20:00+00:00,,,,,Male,25-34,Other ethnic group - Not stated,Asian,Misuse of Drugs Act 1971 (section 23),Controlled drugs,Offender given drugs possession warning,True,False
Person search,2018-03-29T22:00:00+00:00,,,,,Male,18-24,White - Any other White background,White,Misuse of Drugs Act 1971 (section 23),Controlled drugs,Offender given drugs possession warning,True,False
Person search,2018-03-30T00:45:00+00:00,,,51.509757,-0.083386,Male,25-34,Other ethnic group - Not stated,White,Police and Criminal Evidence Act 1984 (section 1),Anything to threaten or harm anyone,Suspect arrested,True,False
Person and Vehicle search,2018-03-30T23:55:00+00:00,,,,,Male,25-34,Black/African/Caribbean/Black British - Caribbean,Black,Misuse of Drugs Act 1971 (section 23),Controlled drugs,Suspect arrested,True,False
Person search,2018-03-31T22:50:00+00:00,,,51.512528,-0.081281,Female,over 34,Black/African/Caribbean/Black British - Caribbean,Black,Misuse of Drugs Act 1971 (section 23),Controlled drugs,Offender given penalty notice,True,False
