Type,Date,Part of a policing operation,Policing operation,Latitude,Longitude,Gender,Age range,Self-defined ethnicity,Officer-defined ethnicity,Legislation,Object of search,Outcome,Outcome linked to object of search,Removal of more than just outer clothing
Person search,2018-06-01T08:55:00+00:00,False,,51.333773,-0.534502,Male,over 34,White - English/Welsh/Scottish/Northern Irish/British,White,,Stolen goods,A no further action disposal,False,
Person search,2018-06-01T09:50:00+00:00,False,,51.321290,-0.559067,Male,25-34,White - English/Welsh/Scottish/Northern Irish/British,White,,Controlled drugs,A no further action disposal,False,
Person search,2018-06-01T09:50:00+00:00,False,,51.321089,-0.555155,Male,25-34,White - English/Welsh/Scottish/Northern Irish/British,White,,Controlled drugs,A no further action disposal,False,
Person search,2018-06-01T10:00:00+00:00,False,,51.321089,-0.555155,Male,over 34,Mixed/Multiple ethnic groups - Any other Mixed/Multiple ethnic background,Black,,Controlled drugs,A no further action disposal,False,
Person search,2018-06-01T14:00:00+00:00,False,,51.237151,-0.571037,Male,25-34,White - English/Welsh/Scottish/Northern Irish/British,White,,Stolen goods,A no further action disposal,False,
Person search,2018-06-01T14:05:00+00:00,False,,51.239503,-0.576622,Male,25-34,White - Any other White background,White,,Stolen goods,A no further action disposal,False,
Person search,2018-06-01T14:10:00+00:00,False,,51.239503,-0.576622,Female,25-34,White - Any other White background,White,,Stolen goods,A no further action disposal,False,
Person search,2018-06-01T15:59:00+00:00,False,,51.284488,-0.518964,Male,10-17,White - English/Welsh/Scottish/Northern Irish/British,White,,Article for use in theft,A no further action disposal,False,
Person search,2018-06-01T16:00:00+00:00,False,,51.284488,-0.518964,Male,10-17,White - English/Welsh/Scottish/Northern Irish/British,White,,Article for use in theft,A no further action disposal,False,
Person search,2018-06-01T16:00:00+00:00,False,,51.284488,-0.518964,Male,10-17,White - English/Welsh/Scottish/Northern Irish/British,White,,Article for use in theft,A no further action disposal,False,
Person search,2018-06-01T16:02:00+00:00,False,,51.284488,-0.518964,Male,10-17,Black/African/Caribbean/Black British - African,White,,Article for use in theft,A no further action disposal,False,
Person search,2018-06-01T19:29:00+00:00,False,,51.219187,-0.632235,Male,over 34,Other ethnic group - Any other ethnic group,Asian,,Controlled drugs,A no further action disposal,False,
Person search,2018-06-01T19:44:00+00:00,False,,,,Male,18-24,Black/African/Caribbean/Black British - African,Black,,Controlled drugs,Khat or Cannabis warning,True,
Person search,2018-06-01T20:40:00+00:00,False,,,,Male,18-24,Asian/Asian British - Pakistani,Asian,,Controlled drugs,Penalty Notice for Disorder,True,
Person search,2018-06-01T21:42:00+00:00,False,,51.237631,-0.186875,Male,25-34,White - English/Welsh/Scottish/Northern Irish/British,White,,Article for use in theft,A no further action disposal,False,
Person search,2018-06-01T21:45:00+00:00,False,,51.260288,-0.006852,Male,10-17,Other ethnic group - Not stated,White,,Controlled drugs,A no further action disposal,False,
Person search,2018-06-01T21:45:00+00:00,False,,51.260288,-0.006852,Male,10-17,Other ethnic group - Not stated,White,,Controlled drugs,A no further action disposal,False,
Person search,2018-06-01T21:45:00+00:00,False,,51.260288,-0.006852,Male,18-24,White - English/Welsh/Scottish/Northern Irish/British,White,,Controlled drugs,A no further action disposal,False,
Person search,2018-06-01T21:45:00+00:00,False,,51.260288,-0.006852,Male,10-17,Other ethnic group - Not stated,White,,Controlled drugs,A no further action disposal,False,
Person search,2018-06-01T22:00:00+00:00,False,,51.334284,-0.263341,Male,18-24,Other ethnic group - Not stated,White,,Controlled drugs,A no further action disposal,False,
Person search,2018-06-02T02:21:00+00:00,False,,51.446654,-0.469156,Male,25-34,White - English/Welsh/Scottish/Northern Irish/British,White,,Article for use in theft,Arrest,True,
Person search,2018-06-02T02:21:00+00:00,False,,51.446654,-0.469156,Male,over 34,White - English/Welsh/Scottish/Northern Irish/British,White,,Article for use in theft,Arrest,True,
Person search,2018-06-02T07:34:00+00:00,False,,51.307693,-0.705313,Male,18-24,White - English/Welsh/Scottish/Northern Irish/British,White,,Firearms,A no further action disposal,False,
Person search,2018-06-02T10:54:00+00:00,True,,51.312539,-0.249412,Male,18-24,White - English/Welsh/Scottish/Northern Irish/British,White,,Controlled drugs,A no further action disposal,False,
Person search,2018-06-02T10:58:00+00:00,False,,51.312539,-0.249412,Male,18-24,White - English/Welsh/Scottish/Northern Irish/British,White,,Controlled drugs,A no further action disposal,False,
Person search,2018-06-02T11:47:00+00:00,True,,51.320442,-0.242739,Male,18-24,White - English/Welsh/Scottish/Northern Irish/British,White,,Firearms,A no further action disposal,False,
Person search,2018-06-02T12:35:00+00:00,False,,51.307901,-0.243591,Male,10-17,Mixed/Multiple ethnic groups - Any other Mixed/Multiple ethnic background,Black,,Controlled drugs,A no further action disposal,False,
Person search,2018-06-02T12:44:00+00:00,False,,51.348220,-0.721618,Male,18-24,White - English/Welsh/Scottish/Northern Irish/British,White,,Controlled drugs,A no further action disposal,False,
Person search,2018-06-02T12:44:00+00:00,False,,51.348220,-0.721618,Male,18-24,White - English/Welsh/Scottish/Northern Irish/British,White,,Controlled drugs,Penalty Notice for Disorder,True,
Person search,2018-06-02T12:44:00+00:00,False,,51.348220,-0.721618,Male,10-17,White - English/Welsh/Scottish/Northern Irish/British,White,,Controlled drugs,Community resolution,True,
Person search,2018-06-02T12:45:00+00:00,False,,51.307901,-0.243591,Male,10-17,Black/African/Caribbean/Black British - Any other Black/African/Caribbean background,Black,,Firearms,A no further action disposal,False,
Person search,2018-06-02T14:20:00+00:00,False,,51.320442,-0.242739,Male,25-34,White - English/Welsh/Scottish/Northern Irish/British,White,,Controlled drugs,A no further action disposal,False,
Person search,2018-06-02T14:27:00+00:00,False,,51.320442,-0.242739,Male,25-34,White - English/Welsh/Scottish/Northern Irish/British,White,,Controlled drugs,A no further action disposal,False,
Person search,2018-06-02T14:28:00+00:00,False,,51.320442,-0.242739,Female,25-34,White - English/Welsh/Scottish/Northern Irish/British,White,,Controlled drugs,A no further action disposal,False,
Person search,2018-06-02T14:30:00+00:00,False,,51.324100,-0.238394,Male,18-24,White - Any other White background,White,,Controlled drugs,A no further action disposal,False,
Person search,2018-06-02T14:30:00+00:00,False,,51.324100,-0.238394,Male,18-24,White - English/Welsh/Scottish/Northern Irish/British,,,Controlled drugs,Summons / charged by post,True,
Person search,2018-06-02T14:39:00+00:00,False,,51.324100,-0.238394,Male,18-24,White - English/Welsh/Scottish/Northern Irish/British,White,,Controlled drugs,A no further action disposal,False,
Person search,2018-06-02T15:05:00+00:00,False,,51.324100,-0.238394,Male,18-24,Black/African/Caribbean/Black British - Any other Black/African/Caribbean background,Black,,Controlled drugs,A no further action disposal,False,
Person search,2018-06-02T16:57:00+00:00,False,,51.235523,-0.326095,Male,25-34,Black/African/Caribbean/Black British - Caribbean,Black,,Controlled drugs,A no further action disposal,False,
Person search,2018-06-02T18:59:00+00:00,False,,51.282516,-0.075997,Male,18-24,Other ethnic group - Not stated,Asian,,Controlled drugs,A no further action disposal,False,
Person search,2018-06-02T20:00:00+00:00,False,,51.333056,-0.267292,Male,18-24,White - English/Welsh/Scottish/Northern Irish/British,White,,Controlled drugs,A no further action disposal,False,
Person search,2018-06-02T20:11:00+00:00,False,,51.235523,-0.326095,Female,over 34,White - Any other White background,White,,Firearms,A no further action disposal,False,
Person search,2018-06-02T20:23:00+00:00,False,,51.333056,-0.267292,Male,25-34,White - English/Welsh/Scottish/Northern Irish/British,White,,Controlled drugs,A no further action disposal,False,
Person search,2018-06-02T20:24:00+00:00,False,,51.333537,-0.268207,Male,over 34,White - English/Welsh/Scottish/Northern Irish/British,White,,Controlled drugs,A no further action disposal,False,
Person search,2018-06-02T20:24:00+00:00,False,,51.235523,-0.326095,Male,25-34,Black/African/Caribbean/Black British - Caribbean,Black,,Controlled drugs,A no further action disposal,False,
Person search,2018-06-02T20:25:00+00:00,False,,51.333056,-0.267292,Male,25-34,White - English/Welsh/Scottish/Northern Irish/British,White,,Controlled drugs,A no further action disposal,False,
Person search,2018-06-02T22:45:00+00:00,False,,51.307635,-0.509840,Male,18-24,Black/African/Caribbean/Black British - Any other Black/African/Caribbean background,Black,,Controlled drugs,A no further action disposal,False,
Person search,2018-06-02T22:45:00+00:00,False,,51.282529,-0.514840,Male,18-24,White - English/Welsh/Scottish/Northern Irish/British,White,,Controlled drugs,A no further action disposal,False,
Person search,2018-06-02T22:45:00+00:00,False,,51.282529,-0.514840,Male,18-24,Black/African/Caribbean/Black British - African,Black,,Controlled drugs,Khat or Cannabis warning,True,
Person search,2018-06-02T23:15:00+00:00,False,,54.189096,-2.844566,Male,18-24,White - English/Welsh/Scottish/Northern Irish/British,White,,Controlled drugs,Arrest,True,
Person search,2018-06-03T01:46:00+00:00,False,,51.217610,-0.792120,Female,over 34,White - English/Welsh/Scottish/Northern Irish/British,White,,Controlled drugs,A no further action disposal,False,
Person search,2018-06-03T01:50:00+00:00,False,,51.336929,-0.272558,Male,over 34,White - English/Welsh/Scottish/Northern Irish/British,White,,Article for use in theft,Summons / charged by post,False,
Person search,2018-06-03T14:00:00+00:00,False,,51.282516,-0.075997,Male,18-24,White - Any other White background,White,,Controlled drugs,Arrest,True,
Person search,2018-06-03T14:40:00+00:00,False,,51.310493,-0.623611,Female,25-34,White - Any other White background,White,,Controlled drugs,A no further action disposal,False,
Person search,2018-06-03T15:15:00+00:00,False,,51.304362,-0.321109,Female,18-24,White - English/Welsh/Scottish/Northern Irish/British,White,,Controlled drugs,A no further action disposal,False,
Person search,2018-06-03T15:24:00+00:00,False,,51.236849,-0.323267,Male,over 34,White - English/Welsh/Scottish/Northern Irish/British,White,,Controlled drugs,A no further action disposal,False,
Person search,2018-06-03T15:51:00+00:00,False,,51.235523,-0.326095,Male,over 34,White - English/Welsh/Scottish/Northern Irish/British,White,,Controlled drugs,A no further action disposal,False,
Person search,2018-06-03T16:20:00+00:00,False,,51.347432,-0.263433,Male,10-17,White - Any other White background,White,,Controlled drugs,A no further action disposal,False,
Person search,2018-06-03T16:20:00+00:00,False,,51.347432,-0.263433,Male,10-17,White - English/Welsh/Scottish/Northern Irish/British,White,,Controlled drugs,A no further action disposal,False,
Person search,2018-06-03T16:29:00+00:00,False,,51.235523,-0.326095,Male,10-17,White - English/Welsh/Scottish/Northern Irish/British,White,,Controlled drugs,A no further action disposal,False,
Person search,2018-06-03T17:00:00+00:00,False,,51.241515,-0.166077,Male,18-24,Black/African/Caribbean/Black British - Any other Black/African/Caribbean background,Black,,Controlled drugs,A no further action disposal,False,
Person search,2018-06-03T17:45:00+00:00,False,,51.240814,-0.167824,Male,10-17,White - English/Welsh/Scottish/Northern Irish/British,White,,Controlled drugs,Community resolution,True,
Person search,2018-06-03T18:10:00+00:00,False,,51.347615,-0.250330,Male,over 34,Asian/Asian British - Any other Asian background,Asian,,Controlled drugs,A no further action disposal,False,
Person search,2018-06-03T18:30:00+00:00,False,,51.259185,-0.727915,Female,18-24,White - English/Welsh/Scottish/Northern Irish/British,White,,Controlled drugs,A no further action disposal,False,
Person search,2018-06-03T18:30:00+00:00,False,,51.259185,-0.727915,Male,18-24,White - English/Welsh/Scottish/Northern Irish/British,White,,Controlled drugs,Summons / charged by post,True,
Person search,2018-06-03T19:30:00+00:00,False,,,,Male,10-17,Other ethnic group - Not stated,Asian,,Controlled drugs,Summons / charged by post,True,
Person search,2018-06-03T22:00:00+00:00,False,,51.236008,-0.187225,Male,25-34,White - English/Welsh/Scottish/Northern Irish/British,White,,Controlled drugs,Khat or Cannabis warning,True,
Person search,2018-06-03T22:11:00+00:00,False,,51.307311,-0.329825,Female,18-24,White - English/Welsh/Scottish/Northern Irish/British,White,,Controlled drugs,A no further action disposal,False,
Person search,2018-06-03T22:15:00+00:00,False,,51.236502,-0.326618,Female,10-17,White - English/Welsh/Scottish/Northern Irish/British,White,,Controlled drugs,Arrest,True,
Person search,2018-06-03T22:22:00+00:00,False,,51.307311,-0.329825,Female,10-17,White - English/Welsh/Scottish/Northern Irish/British,White,,Controlled drugs,A no further action disposal,False,
Person search,2018-06-03T22:30:00+00:00,False,,52.130627,-0.339945,Male,25-34,Other ethnic group - Not stated,White,,Article for use in theft,A no further action disposal,False,
Person search,2018-06-03T22:30:00+00:00,False,,51.236008,-0.187225,Male,,Black/African/Caribbean/Black British - Caribbean,Black,,Controlled drugs,A no further action disposal,False,
Person search,2018-06-03T23:02:00+00:00,False,,51.422540,-0.440088,Male,18-24,White - English/Welsh/Scottish/Northern Irish/British,White,,Controlled drugs,Arrest,False,
Person search,2018-06-03T23:02:00+00:00,False,,51.421859,-0.440270,Male,18-24,White - English/Welsh/Scottish/Northern Irish/British,White,,Controlled drugs,A no further action disposal,False,
Person search,2018-06-03T23:05:00+00:00,False,,51.242693,-0.169512,Male,10-17,Black/African/Caribbean/Black British - Any other Black/African/Caribbean background,Black,,Article for use in theft,A no further action disposal,False,
Person search,2018-06-03T23:19:00+00:00,False,,51.421859,-0.440270,Male,18-24,White - English/Welsh/Scottish/Northern Irish/British,White,,Controlled drugs,A no further action disposal,False,
Person search,2018-06-03T23:20:00+00:00,False,,51.361712,-0.693377,Male,10-17,White - Any other White background,White,,Stolen goods,A no further action disposal,False,
Person search,2018-06-03T23:21:00+00:00,False,,51.415967,-0.429325,Male,18-24,White - English/Welsh/Scottish/Northern Irish/British,White,,Controlled drugs,A no further action disposal,False,
Person search,2018-06-03T23:25:00+00:00,False,,51.361712,-0.693377,Female,18-24,White - Any other White background,White,,Article for use in theft,A no further action disposal,False,
Person search,2018-06-03T23:28:00+00:00,False,,51.361712,-0.693377,Male,18-24,Other ethnic group - Not stated,White,,Article for use in theft,A no further action disposal,False,
Person search,2018-06-04T01:00:00+00:00,False,,51.428282,-0.559214,Male,18-24,Asian/Asian British - Indian,Asian,,Controlled drugs,A no further action disposal,False,
Person search,2018-06-04T01:00:00+00:00,False,,51.428282,-0.559214,Male,18-24,Other ethnic group - Not stated,Other,,Controlled drugs,A no further action disposal,False,
Person search,2018-06-04T02:00:00+00:00,False,,51.377626,-0.282148,Male,10-17,White - Any other White background,,,Controlled drugs,Arrest,False,
Person search,2018-06-04T02:00:00+00:00,False,,51.296139,-0.485025,Male,18-24,Other ethnic group - Not stated,White,,Controlled drugs,A no further action disposal,False,
Person search,2018-06-04T09:54:00+00:00,False,,51.433482,-0.504800,Male,10-17,Mixed/Multiple ethnic groups - White and Black Caribbean,Black,,Stolen goods,A no further action disposal,False,
Person search,2018-06-04T12:30:00+00:00,False,,51.419970,-0.428066,Male,over 34,White - English/Welsh/Scottish/Northern Irish/British,White,,Stolen goods,A no further action disposal,False,
Person search,2018-06-04T13:00:00+00:00,False,,51.339483,-0.742678,Male,over 34,White - English/Welsh/Scottish/Northern Irish/British,White,,Controlled drugs,Arrest,True,
Person search,2018-06-04T13:00:00+00:00,False,,51.339196,-0.744394,Male,18-24,White - English/Welsh/Scottish/Northern Irish/British,White,,Controlled drugs,Arrest,True,
Person search,2018-06-04T20:10:00+00:00,False,,51.223898,-0.168925,Male,10-17,Other ethnic group - Not stated,White,,Controlled drugs,A no further action disposal,False,
Person search,2018-06-04T20:38:00+00:00,False,,51.232070,-0.334972,Male,25-34,Other ethnic group - Not stated,White,,Controlled drugs,A no further action disposal,False,
Person search,2018-06-04T21:53:00+00:00,False,,51.300003,-0.237437,Female,10-17,White - English/Welsh/Scottish/Northern Irish/British,White,,Controlled drugs,A no further action disposal,False,
Person search,2018-06-04T21:53:00+00:00,False,,51.300003,-0.237437,Male,10-17,White - English/Welsh/Scottish/Northern Irish/British,White,,Controlled drugs,A no further action disposal,False,
Person search,2018-06-04T22:30:00+00:00,False,,51.236008,-0.187225,Male,,Black/African/Caribbean/Black British - Caribbean,Black,,Controlled drugs,A no further action disposal,False,
Person search,2018-06-04T22:57:00+00:00,False,,51.241648,-0.535483,Male,18-24,White - English/Welsh/Scottish/Northern Irish/British,White,,Controlled drugs,A no further action disposal,False,
Person search,2018-06-04T23:00:00+00:00,False,,51.241648,-0.535483,Male,18-24,White - English/Welsh/Scottish/Northern Irish/British,White,,Controlled drugs,A no further action disposal,False,
Person search,2018-06-04T23:38:00+00:00,False,,51.243541,0.046927,Male,10-17,White - English/Welsh/Scottish/Northern Irish/British,White,,Controlled drugs,Arrest,True,
Person search,2018-06-05T09:30:00+00:00,False,,51.339196,-0.744394,Male,18-24,White - English/Welsh/Scottish/Northern Irish/British,White,,Firearms,Arrest,True,
Person search,2018-06-05T12:45:00+00:00,False,,51.240718,-0.570024,Female,25-34,White - English/Welsh/Scottish/Northern Irish/British,White,,Controlled drugs,A no further action disposal,False,
Person search,2018-06-05T12:45:00+00:00,False,,51.240718,-0.570024,Male,25-34,Other ethnic group - Not stated,White,,Controlled drugs,A no further action disposal,False,
Person search,2018-06-05T15:22:00+00:00,False,,51.319168,-0.613450,Male,18-24,Other ethnic group - Not stated,Asian,,Controlled drugs,A no further action disposal,False,
Person search,2018-06-05T15:22:00+00:00,False,,51.319168,-0.613450,Male,25-34,Asian/Asian British - Pakistani,Asian,,Controlled drugs,A no further action disposal,False,
Person search,2018-06-05T15:58:00+00:00,False,,51.232119,-0.761562,Male,over 34,Black/African/Caribbean/Black British - Caribbean,Black,,Article for use in theft,A no further action disposal,False,
Person search,2018-06-05T15:58:00+00:00,False,,51.241291,-0.734684,Male,over 34,White - English/Welsh/Scottish/Northern Irish/British,White,,Article for use in theft,A no further action disposal,False,
Person search,2018-06-05T16:45:00+00:00,False,,51.240814,-0.167824,Male,25-34,White - English/Welsh/Scottish/Northern Irish/British,White,,Stolen goods,Caution (simple or conditional),False,
Person search,2018-06-05T17:26:00+00:00,False,,51.236311,-0.575145,Male,25-34,Other ethnic group - Not stated,Black,,Article for use in theft,Arrest,True,
Person search,2018-06-05T18:35:00+00:00,False,,51.238543,-0.210534,Male,25-34,Black/African/Caribbean/Black British - Any other Black/African/Caribbean background,Black,,Controlled drugs,Arrest,False,
Person search,2018-06-05T18:58:00+00:00,False,,51.321089,-0.555155,Male,10-17,Asian/Asian British - Pakistani,Asian,,Controlled drugs,A no further action disposal,False,
Person search,2018-06-05T19:02:00+00:00,False,,51.321089,-0.555155,Male,10-17,Asian/Asian British - Pakistani,Asian,,Controlled drugs,A no further action disposal,False,
Person search,2018-06-05T20:30:00+00:00,False,,51.445639,-0.472716,Male,10-17,White - English/Welsh/Scottish/Northern Irish/British,White,,Controlled drugs,A no further action disposal,False,
Person search,2018-06-05T22:01:00+00:00,False,,51.334160,-0.527384,Male,18-24,White - English/Welsh/Scottish/Northern Irish/British,White,,Controlled drugs,A no further action disposal,False,
Person search,2018-06-05T22:34:00+00:00,False,,51.346360,-0.729940,Male,18-24,White - English/Welsh/Scottish/Northern Irish/British,White,,Controlled drugs,A no further action disposal,False,
Person search,2018-06-05T22:35:00+00:00,False,,51.346360,-0.729940,Male,10-17,White - English/Welsh/Scottish/Northern Irish/British,White,,Controlled drugs,A no further action disposal,False,
Person search,2018-06-05T22:45:00+00:00,False,,51.236008,-0.187225,Male,18-24,White - English/Welsh/Scottish/Northern Irish/British,White,,Controlled drugs,A no further action disposal,False,
Person search,2018-06-05T22:45:00+00:00,False,,51.236008,-0.187225,Male,18-24,Black/African/Caribbean/Black British - Caribbean,Black,,Controlled drugs,A no further action disposal,False,
Person search,2018-06-05T23:21:00+00:00,False,,51.301322,-0.312326,Male,18-24,White - English/Welsh/Scottish/Northern Irish/British,White,,Controlled drugs,A no further action disposal,False,
Person search,2018-06-05T23:35:00+00:00,False,,51.240509,-0.604899,Male,10-17,White - English/Welsh/Scottish/Northern Irish/British,White,,Controlled drugs,A no further action disposal,False,
Person search,2018-06-05T23:50:00+00:00,False,,51.244850,-0.613020,Male,18-24,White - English/Welsh/Scottish/Northern Irish/British,White,,Controlled drugs,A no further action disposal,False,
Person search,2018-06-05T23:54:00+00:00,False,,51.240509,-0.604899,Male,10-17,White - English/Welsh/Scottish/Northern Irish/British,White,,Controlled drugs,A no further action disposal,False,
Person search,2018-06-06T00:20:00+00:00,False,,51.204792,-0.798725,Female,over 34,Other ethnic group - Not stated,White,,Controlled drugs,A no further action disposal,False,
Person search,2018-06-06T10:10:00+00:00,False,,51.293127,-0.489886,Male,18-24,Asian/Asian British - Any other Asian background,Asian,,Controlled drugs,Khat or Cannabis warning,True,
Person search,2018-06-06T14:25:00+00:00,False,,,,Male,18-24,White - English/Welsh/Scottish/Northern Irish/British,White,,Controlled drugs,A no further action disposal,False,
Person search,2018-06-06T22:30:00+00:00,False,,51.289814,-0.090020,Male,over 34,White - English/Welsh/Scottish/Northern Irish/British,White,,Controlled drugs,Penalty Notice for Disorder,True,
Person search,2018-06-07T01:20:00+00:00,False,,51.340039,-0.742534,Male,18-24,White - English/Welsh/Scottish/Northern Irish/British,White,,Controlled drugs,A no further action disposal,False,
Person search,2018-06-07T01:20:00+00:00,False,,51.338283,-0.748970,Male,18-24,White - English/Welsh/Scottish/Northern Irish/British,White,,Controlled drugs,A no further action disposal,False,
Person search,2018-06-07T01:20:00+00:00,False,,51.338283,-0.748970,Male,18-24,White - English/Welsh/Scottish/Northern Irish/British,White,,Controlled drugs,A no further action disposal,False,
Person search,2018-06-07T02:15:00+00:00,False,,51.422741,-0.386533,Female,18-24,Other ethnic group - Not stated,White,,Controlled drugs,A no further action disposal,False,
Person search,2018-06-07T18:21:00+00:00,False,,51.339637,-0.741956,Male,10-17,White - English/Welsh/Scottish/Northern Irish/British,White,,Firearms,Arrest,True,
Person search,2018-06-07T18:30:00+00:00,False,,51.336714,-0.744390,Male,10-17,White - English/Welsh/Scottish/Northern Irish/British,White,,Controlled drugs,A no further action disposal,False,
Person search,2018-06-07T20:59:00+00:00,False,,51.431395,-0.552758,Male,18-24,Other ethnic group - Not stated,Other,,Controlled drugs,A no further action disposal,False,
Person search,2018-06-07T22:40:00+00:00,False,,51.396040,-0.383678,Male,10-17,White - English/Welsh/Scottish/Northern Irish/British,White,,Controlled drugs,Arrest,True,
Person search,2018-06-07T23:05:00+00:00,False,,51.237268,-0.577680,Male,18-24,White - English/Welsh/Scottish/Northern Irish/British,White,,Controlled drugs,A no further action disposal,False,
Person search,2018-06-08T00:39:00+00:00,False,,51.279678,-0.321164,Female,18-24,White - English/Welsh/Scottish/Northern Irish/British,White,,Controlled drugs,A no further action disposal,False,
Person search,2018-06-08T12:05:00+00:00,False,,51.425048,-0.481759,Male,10-17,White - English/Welsh/Scottish/Northern Irish/British,White,,Controlled drugs,A no further action disposal,False,
Person search,2018-06-08T14:37:00+00:00,False,,51.336742,-0.258123,Male,10-17,White - English/Welsh/Scottish/Northern Irish/British,White,,Articles for use in criminal damage,A no further action disposal,False,
Person search,2018-06-08T14:55:00+00:00,False,,51.336742,-0.258123,Male,10-17,White - English/Welsh/Scottish/Northern Irish/British,White,,Controlled drugs,A no further action disposal,False,
Person search,2018-06-08T14:57:00+00:00,False,,51.336742,-0.258123,Male,10-17,White - English/Welsh/Scottish/Northern Irish/British,White,,Articles for use in criminal damage,A no further action disposal,False,
Person search,2018-06-08T15:00:00+00:00,False,,51.336742,-0.258123,Male,10-17,Black/African/Caribbean/Black British - Caribbean,White,,Controlled drugs,A no further action disposal,False,
Person search,2018-06-08T15:01:00+00:00,False,,51.336742,-0.258123,Male,10-17,White - English/Welsh/Scottish/Northern Irish/British,White,,Articles for use in criminal damage,A no further action disposal,False,
Person search,2018-06-08T15:05:00+00:00,False,,51.336742,-0.258123,Male,10-17,Other ethnic group - Not stated,White,,Controlled drugs,A no further action disposal,False,
Person search,2018-06-08T19:00:00+00:00,False,,51.321290,-0.559067,Male,18-24,Asian/Asian British - Any other Asian background,Asian,,Controlled drugs,Arrest,True,
Person search,2018-06-08T19:57:00+00:00,False,,51.171116,-0.164208,Male,18-24,White - English/Welsh/Scottish/Northern Irish/British,White,,Controlled drugs,Arrest,True,
Person search,2018-06-08T21:00:00+00:00,False,,51.281632,-0.076980,Male,18-24,White - English/Welsh/Scottish/Northern Irish/British,White,,Controlled drugs,A no further action disposal,False,
Person search,2018-06-08T21:36:00+00:00,False,,51.237268,-0.577680,Male,18-24,White - English/Welsh/Scottish/Northern Irish/British,White,,Controlled drugs,A no further action disposal,False,
Person search,2018-06-08T21:38:00+00:00,False,,51.274045,-0.146861,Male,18-24,White - English/Welsh/Scottish/Northern Irish/British,White,,Controlled drugs,Arrest,True,
Person search,2018-06-08T23:45:00+00:00,False,,51.313913,-0.333747,Male,18-24,White - English/Welsh/Scottish/Northern Irish/British,White,,Controlled drugs,A no further action disposal,False,
Person search,2018-06-08T23:45:00+00:00,False,,51.313913,-0.333747,Male,18-24,White - English/Welsh/Scottish/Northern Irish/British,White,,Controlled drugs,Khat or Cannabis warning,True,
Person search,2018-06-08T23:51:00+00:00,False,,51.313913,-0.333747,Male,18-24,Mixed/Multiple ethnic groups - White and Asian,Asian,,Controlled drugs,A no further action disposal,False,
Person search,2018-06-09T00:00:00+00:00,False,,51.302088,-0.074060,Male,18-24,White - English/Welsh/Scottish/Northern Irish/British,White,,Controlled drugs,A no further action disposal,False,
Person search,2018-06-09T00:00:00+00:00,False,,51.303143,-0.074747,Male,10-17,Other ethnic group - Not stated,Black,,Controlled drugs,A no further action disposal,False,
Person search,2018-06-09T00:13:00+00:00,False,,51.302088,-0.074060,Male,18-24,Mixed/Multiple ethnic groups - White and Black African,Black,,Controlled drugs,A no further action disposal,False,
Person search,2018-06-09T10:30:00+00:00,False,,51.167504,-0.177596,Male,25-34,White - English/Welsh/Scottish/Northern Irish/British,White,,Controlled drugs,A no further action disposal,False,
Person search,2018-06-09T10:40:00+00:00,False,,51.193908,-0.556517,Male,25-34,White - English/Welsh/Scottish/Northern Irish/British,White,,Controlled drugs,A no further action disposal,False,
Person search,2018-06-09T12:30:00+00:00,False,,51.327173,-0.329649,Male,25-34,White - English/Welsh/Scottish/Northern Irish/British,White,,Controlled drugs,Arrest,True,
Person search,2018-06-09T17:15:00+00:00,False,,51.254669,-0.598610,Male,18-24,White - English/Welsh/Scottish/Northern Irish/British,White,,Article for use in theft,A no further action disposal,False,
Person search,2018-06-10T01:15:00+00:00,False,,51.309588,-0.295064,Male,25-34,White - Any other White background,White,,Controlled drugs,Khat or Cannabis warning,False,
Person search,2018-06-10T01:50:00+00:00,False,,51.375693,-0.673195,Male,18-24,White - English/Welsh/Scottish/Northern Irish/British,White,,Controlled drugs,A no further action disposal,False,
Person search,2018-06-10T02:40:00+00:00,False,,51.320735,-0.560735,Male,over 34,Other ethnic group - Not stated,Asian,,Article for use in theft,A no further action disposal,False,
Person search,2018-06-10T02:40:00+00:00,False,,51.321290,-0.559067,Male,25-34,Other ethnic group - Not stated,Asian,,Article for use in theft,A no further action disposal,False,
Person search,2018-06-10T10:30:00+00:00,False,,51.334739,-0.269813,Male,18-24,White - Any other White background,White,,Firearms,A no further action disposal,False,
Person search,2018-06-10T12:50:00+00:00,False,,51.202944,-0.163186,Female,10-17,White - English/Welsh/Scottish/Northern Irish/British,White,,Article for use in theft,A no further action disposal,False,
Person search,2018-06-10T14:45:00+00:00,False,,51.202944,-0.163186,Male,10-17,White - English/Welsh/Scottish/Northern Irish/British,White,,Article for use in theft,A no further action disposal,False,
Person search,2018-06-10T15:00:00+00:00,False,,51.282516,-0.075997,Male,over 34,White - English/Welsh/Scottish/Northern Irish/British,White,,Controlled drugs,A no further action disposal,False,
Person search,2018-06-10T15:15:00+00:00,False,,53.347828,-0.489105,Male,10-17,White - English/Welsh/Scottish/Northern Irish/British,White,,Firearms,A no further action disposal,False,
Person search,2018-06-10T15:15:00+00:00,False,,53.347828,-0.489105,Male,10-17,White - English/Welsh/Scottish/Northern Irish/British,White,,Firearms,A no further action disposal,False,
Person search,2018-06-10T15:15:00+00:00,False,,53.347828,-0.489105,Male,10-17,White - English/Welsh/Scottish/Northern Irish/British,White,,Firearms,A no further action disposal,False,
Person search,2018-06-10T15:15:00+00:00,False,,53.347828,-0.489105,Male,10-17,White - English/Welsh/Scottish/Northern Irish/British,White,,Firearms,A no further action disposal,False,
Person search,2018-06-10T15:15:00+00:00,False,,53.347828,-0.489105,Male,10-17,White - English/Welsh/Scottish/Northern Irish/British,White,,Firearms,A no further action disposal,False,
Person search,2018-06-10T15:27:00+00:00,False,,51.302088,-0.074060,Female,25-34,Other ethnic group - Not stated,White,,Controlled drugs,A no further action disposal,False,
Person search,2018-06-10T21:00:00+00:00,False,,51.349222,-0.712859,Male,18-24,White - English/Welsh/Scottish/Northern Irish/British,White,,Controlled drugs,A no further action disposal,False,
Person search,2018-06-10T23:25:00+00:00,False,,51.401450,-0.343535,Male,25-34,White - English/Welsh/Scottish/Northern Irish/British,White,,Controlled drugs,Summons / charged by post,False,
Person search,2018-06-11T01:20:00+00:00,False,,51.246611,-0.158438,Male,10-17,Black/African/Caribbean/Black British - Caribbean,Black,,Article for use in theft,Arrest,False,
Person search,2018-06-11T01:23:00+00:00,False,,51.245089,-0.165161,Male,18-24,White - English/Welsh/Scottish/Northern Irish/British,White,,Article for use in theft,Arrest,True,
Person search,2018-06-11T12:30:00+00:00,False,,,,Male,18-24,White - English/Welsh/Scottish/Northern Irish/British,White,,Controlled drugs,Arrest,False,
Person search,2018-06-11T13:30:00+00:00,False,,51.268424,-0.573063,Male,over 34,Other ethnic group - Not stated,White,,Article for use in theft,A no further action disposal,False,
Person search,2018-06-11T14:20:00+00:00,False,,51.213411,-0.794779,Female,10-17,Other ethnic group - Not stated,White,,Firearms,A no further action disposal,False,
Person search,2018-06-11T16:00:00+00:00,False,,51.201282,-0.811642,Male,10-17,White - English/Welsh/Scottish/Northern Irish/British,White,,Controlled drugs,A no further action disposal,True,
Person search,2018-06-11T16:30:00+00:00,False,,51.247198,-0.772533,Female,over 34,White - English/Welsh/Scottish/Northern Irish/British,White,,Stolen goods,Arrest,False,
Person search,2018-06-11T18:17:00+00:00,False,,51.339483,-0.742678,Male,25-34,White - English/Welsh/Scottish/Northern Irish/British,White,,Controlled drugs,Khat or Cannabis warning,True,
Person search,2018-06-11T20:15:00+00:00,False,,51.127367,-0.534427,Male,18-24,Other ethnic group - Not stated,Black,,Controlled drugs,A no further action disposal,False,
Person search,2018-06-11T20:20:00+00:00,False,,51.155605,-0.575359,Male,18-24,Other ethnic group - Not stated,Black,,Controlled drugs,A no further action disposal,True,
Person search,2018-06-11T20:20:00+00:00,False,,51.131982,-0.551946,Male,18-24,Other ethnic group - Not stated,Black,,Controlled drugs,A no further action disposal,False,
Person search,2018-06-11T22:00:00+00:00,False,,51.237631,-0.186875,Male,18-24,Other ethnic group - Not stated,,,Stolen goods,Khat or Cannabis warning,False,
Person search,2018-06-11T22:45:00+00:00,False,,51.309766,-0.407975,Male,18-24,White - English/Welsh/Scottish/Northern Irish/British,White,,Controlled drugs,A no further action disposal,False,
Person search,2018-06-11T22:45:00+00:00,False,,51.309766,-0.407975,Male,18-24,White - English/Welsh/Scottish/Northern Irish/British,White,,Controlled drugs,A no further action disposal,False,
Person search,2018-06-11T22:45:00+00:00,False,,51.340028,-0.269312,Male,18-24,White - English/Welsh/Scottish/Northern Irish/British,White,,Controlled drugs,A no further action disposal,False,
Person search,2018-06-11T22:56:00+00:00,True,,51.310001,-0.578617,Male,10-17,White - English/Welsh/Scottish/Northern Irish/British,White,,Controlled drugs,Khat or Cannabis warning,True,
Person search,2018-06-11T23:20:00+00:00,False,,51.455088,-0.475999,Male,18-24,Black/African/Caribbean/Black British - African,Black,,Controlled drugs,A no further action disposal,False,
Person search,2018-06-11T23:30:00+00:00,False,,51.235757,-0.573228,Female,18-24,White - Any other White background,White,,Controlled drugs,A no further action disposal,False,
Person search,2018-06-11T23:35:00+00:00,False,,51.238437,-0.578403,Male,18-24,White - English/Welsh/Scottish/Northern Irish/British,White,,Controlled drugs,Community resolution,True,
Person search,2018-06-12T08:29:00+00:00,False,,51.435597,-0.503522,Male,10-17,White - English/Welsh/Scottish/Northern Irish/British,White,,Controlled drugs,Summons / charged by post,True,
Person search,2018-06-12T08:32:00+00:00,False,,51.435597,-0.503522,Male,10-17,White - English/Welsh/Scottish/Northern Irish/British,White,,Controlled drugs,A no further action disposal,False,
Person search,2018-06-12T12:30:00+00:00,False,,51.322235,-0.253750,Male,18-24,Other ethnic group - Not stated,White,,Article for use in theft,A no further action disposal,False,
Person search,2018-06-12T12:30:00+00:00,False,,51.323425,-0.254566,Male,18-24,Other ethnic group - Not stated,White,,Article for use in theft,A no further action disposal,False,
Person search,2018-06-12T14:45:00+00:00,False,,51.310478,-0.558760,Male,10-17,White - English/Welsh/Scottish/Northern Irish/British,White,,Controlled drugs,A no further action disposal,False,
Person search,2018-06-12T14:45:00+00:00,False,,51.310478,-0.558760,Male,10-17,White - English/Welsh/Scottish/Northern Irish/British,White,,Controlled drugs,A no further action disposal,False,
Person search,2018-06-12T17:20:00+00:00,False,,51.332656,-0.530819,Male,25-34,White - English/Welsh/Scottish/Northern Irish/British,White,,Controlled drugs,A no further action disposal,False,
Person search,2018-06-12T18:45:00+00:00,False,,51.236824,-0.576676,Male,10-17,White - English/Welsh/Scottish/Northern Irish/British,White,,Controlled drugs,A no further action disposal,False,
Person search,2018-06-12T18:47:00+00:00,False,,51.237268,-0.577680,Male,10-17,Other ethnic group - Not stated,White,,Controlled drugs,A no further action disposal,False,
Person search,2018-06-12T20:20:00+00:00,False,,51.379813,-0.353628,Male,25-34,White - English/Welsh/Scottish/Northern Irish/British,White,,Controlled drugs,A no further action disposal,False,
Person search,2018-06-13T00:08:00+00:00,False,,51.314510,-0.218543,Male,18-24,White - English/Welsh/Scottish/Northern Irish/British,White,,Controlled drugs,A no further action disposal,False,
Person search,2018-06-13T00:14:00+00:00,False,,51.316737,-0.221857,Male,18-24,White - English/Welsh/Scottish/Northern Irish/British,White,,Controlled drugs,A no further action disposal,False,
Person search,2018-06-13T00:24:00+00:00,False,,51.237631,-0.186875,Male,18-24,White - English/Welsh/Scottish/Northern Irish/British,White,,Controlled drugs,Khat or Cannabis warning,True,
Person search,2018-06-13T13:00:00+00:00,False,,51.321290,-0.559067,Male,25-34,White - English/Welsh/Scottish/Northern Irish/British,White,,Controlled drugs,A no further action disposal,False,
Person search,2018-06-13T14:20:00+00:00,False,,51.235986,-0.580985,Male,over 34,White - English/Welsh/Scottish/Northern Irish/British,White,,Controlled drugs,A no further action disposal,False,
Person search,2018-06-13T14:30:00+00:00,False,,51.254435,-0.722787,Female,over 34,Other ethnic group - Not stated,White,,Controlled drugs,A no further action disposal,False,
Person search,2018-06-13T16:38:00+00:00,False,,,,Male,18-24,White - English/Welsh/Scottish/Northern Irish/British,White,,Controlled drugs,A no further action disposal,False,
Person search,2018-06-13T21:30:00+00:00,False,,51.427988,-0.548449,Male,10-17,Other ethnic group - Not stated,White,,Controlled drugs,A no further action disposal,False,
Person search,2018-06-13T21:30:00+00:00,False,,51.430037,-0.521081,Male,10-17,Other ethnic group - Not stated,White,,Controlled drugs,A no further action disposal,False,
Person search,2018-06-13T22:00:00+00:00,False,,51.236008,-0.187225,Male,18-24,White - English/Welsh/Scottish/Northern Irish/British,White,,Controlled drugs,Khat or Cannabis warning,True,
Person search,2018-06-13T22:00:00+00:00,False,,51.236008,-0.187225,Male,18-24,White - English/Welsh/Scottish/Northern Irish/British,White,,Controlled drugs,Khat or Cannabis warning,True,
Person search,2018-06-13T22:10:00+00:00,False,,51.236008,-0.187225,Male,18-24,White - Any other White background,White,,Controlled drugs,Khat or Cannabis warning,True,
Person search,2018-06-14T13:30:00+00:00,False,,51.239459,-0.575234,Male,,White - English/Welsh/Scottish/Northern Irish/British,White,,Controlled drugs,A no further action disposal,True,
Person search,2018-06-14T15:55:00+00:00,False,,51.238267,-0.324333,Male,25-34,Mixed/Multiple ethnic groups - White and Black Caribbean,,,Controlled drugs,Arrest,True,
Person search,2018-06-14T19:06:00+00:00,False,,51.334794,-0.545063,Male,18-24,Asian/Asian British - Pakistani,Asian,,Controlled drugs,A no further action disposal,False,
Person search,2018-06-14T19:15:00+00:00,False,,51.334794,-0.545063,Male,18-24,Asian/Asian British - Any other Asian background,Asian,,Controlled drugs,A no further action disposal,False,
Person search,2018-06-14T19:52:00+00:00,False,,51.325318,-0.547330,Male,18-24,Asian/Asian British - Pakistani,Asian,,Controlled drugs,A no further action disposal,False,
Person search,2018-06-15T01:30:00+00:00,False,,51.238437,-0.578403,Male,18-24,Asian/Asian British - Indian,Asian,,Controlled drugs,A no further action disposal,False,
Person search,2018-06-15T07:35:00+00:00,False,,51.327277,-0.569874,Male,10-17,White - English/Welsh/Scottish/Northern Irish/British,White,,Firearms,A no further action disposal,False,
Person search,2018-06-15T08:57:00+00:00,True,,51.293893,-0.153692,Male,25-34,Black/African/Caribbean/Black British - African,Black,,Controlled drugs,Khat or Cannabis warning,True,
Person search,2018-06-15T13:30:00+00:00,False,,51.235467,-0.575243,Male,10-17,White - English/Welsh/Scottish/Northern Irish/British,White,,Firearms,Arrest,True,
Person search,2018-06-15T16:00:00+00:00,False,,51.335208,-0.528470,Male,25-34,Other ethnic group - Not stated,Asian,,Controlled drugs,A no further action disposal,False,
Person search,2018-06-15T16:10:00+00:00,False,,51.335208,-0.528470,Male,25-34,Asian/Asian British - Pakistani,Asian,,Controlled drugs,A no further action disposal,False,
Person search,2018-06-15T16:59:00+00:00,False,,51.320179,-0.553577,Male,25-34,Asian/Asian British - Pakistani,Asian,,Controlled drugs,Khat or Cannabis warning,True,
Person search,2018-06-15T23:27:00+00:00,False,,51.142070,-0.494148,Male,18-24,White - English/Welsh/Scottish/Northern Irish/British,White,,Controlled drugs,A no further action disposal,False,
Person search,2018-06-16T09:30:00+00:00,False,,51.088646,-0.719077,Male,10-17,White - Any other White background,White,,Stolen goods,A no further action disposal,False,
Person search,2018-06-16T09:35:00+00:00,False,,51.088646,-0.719077,Male,10-17,White - English/Welsh/Scottish/Northern Irish/British,White,,Stolen goods,A no further action disposal,False,
Person search,2018-06-16T09:41:00+00:00,False,,51.088646,-0.719077,Male,10-17,White - English/Welsh/Scottish/Northern Irish/British,White,,Stolen goods,A no further action disposal,False,
Person search,2018-06-16T14:43:00+00:00,False,,51.324354,-0.561038,Male,18-24,White - English/Welsh/Scottish/Northern Irish/British,White,,Controlled drugs,A no further action disposal,False,
Person search,2018-06-16T15:45:00+00:00,False,,,,Male,10-17,Other ethnic group - Not stated,Black,,Firearms,A no further action disposal,False,
Person search,2018-06-16T15:45:00+00:00,False,,,,Male,10-17,Other ethnic group - Not stated,Black,,Firearms,A no further action disposal,False,
Person search,2018-06-16T15:45:00+00:00,False,,,,Male,10-17,Other ethnic group - Not stated,Black,,Firearms,A no further action disposal,False,
Person search,2018-06-16T15:50:00+00:00,False,,51.324730,-0.549286,Male,18-24,White - Any other White background,White,,Controlled drugs,A no further action disposal,False,
Person search,2018-06-16T16:22:00+00:00,False,,51.238625,-0.574658,Male,10-17,White - English/Welsh/Scottish/Northern Irish/British,White,,Article for use in theft,A no further action disposal,False,
Person search,2018-06-16T17:02:00+00:00,False,,51.247035,-0.166531,Male,18-24,White - English/Welsh/Scottish/Northern Irish/British,White,,Controlled drugs,A no further action disposal,False,
Person search,2018-06-16T18:35:00+00:00,False,,51.236008,-0.187225,Male,10-17,White - English/Welsh/Scottish/Northern Irish/British,White,,Controlled drugs,Summons / charged by post,True,
Person search,2018-06-16T20:40:00+00:00,False,,51.247035,-0.166531,Male,10-17,Other ethnic group - Not stated,Black,,Firearms,A no further action disposal,False,
Person search,2018-06-16T20:51:00+00:00,False,,51.242139,-0.164548,Male,10-17,White - English/Welsh/Scottish/Northern Irish/British,White,,Firearms,A no further action disposal,False,
Person search,2018-06-16T20:54:00+00:00,False,,51.240814,-0.167824,Male,18-24,White - English/Welsh/Scottish/Northern Irish/British,White,,Firearms,A no further action disposal,False,
Person search,2018-06-16T22:00:00+00:00,False,,51.317063,-0.747438,Male,18-24,White - English/Welsh/Scottish/Northern Irish/British,White,,Controlled drugs,Khat or Cannabis warning,True,
Person search,2018-06-17T00:48:00+00:00,False,,51.338328,-0.742279,Male,18-24,White - English/Welsh/Scottish/Northern Irish/British,White,,Controlled drugs,A no further action disposal,False,
Person search,2018-06-17T01:55:00+00:00,False,,51.254920,-0.154996,Male,25-34,White - English/Welsh/Scottish/Northern Irish/British,White,,Articles for use in criminal damage,A no further action disposal,False,
Person search,2018-06-17T15:00:00+00:00,False,,,,Male,18-24,White - English/Welsh/Scottish/Northern Irish/British,White,,Firearms,Caution (simple or conditional),True,
Person search,2018-06-17T15:16:00+00:00,False,,51.220005,-0.331383,Male,18-24,White - English/Welsh/Scottish/Northern Irish/British,White,,Stolen goods,Penalty Notice for Disorder,False,
Person search,2018-06-17T16:00:00+00:00,False,,51.370090,-0.491105,Female,18-24,White - English/Welsh/Scottish/Northern Irish/British,White,,Controlled drugs,A no further action disposal,False,
Person search,2018-06-17T16:04:00+00:00,False,,51.370090,-0.491105,Female,18-24,Black/African/Caribbean/Black British - Any other Black/African/Caribbean background,Black,,Controlled drugs,A no further action disposal,False,
Person search,2018-06-17T16:37:00+00:00,False,,51.381667,-0.498355,Male,18-24,Mixed/Multiple ethnic groups - Any other Mixed/Multiple ethnic background,White,,Controlled drugs,A no further action disposal,False,
Person search,2018-06-17T16:50:00+00:00,False,,51.375482,-0.506216,Male,25-34,Black/African/Caribbean/Black British - Any other Black/African/Caribbean background,Black,,Controlled drugs,A no further action disposal,False,
Person search,2018-06-17T16:50:00+00:00,False,,51.375482,-0.506216,Male,18-24,Black/African/Caribbean/Black British - Any other Black/African/Caribbean background,Black,,Controlled drugs,A no further action disposal,False,
Person search,2018-06-17T19:43:00+00:00,False,,51.323469,-0.551277,Male,18-24,White - Any other White background,White,,Controlled drugs,A no further action disposal,False,
Person search,2018-06-17T19:49:00+00:00,False,,51.324730,-0.549286,Male,18-24,White - Any other White background,White,,Controlled drugs,A no further action disposal,False,
Person search,2018-06-17T22:50:00+00:00,False,,51.220678,-0.185679,Male,25-34,Asian/Asian British - Pakistani,Asian,,Controlled drugs,Arrest,False,
Person search,2018-06-17T22:50:00+00:00,False,,51.220678,-0.185679,Male,18-24,Asian/Asian British - Pakistani,Asian,,Controlled drugs,Khat or Cannabis warning,True,
Person search,2018-06-18T00:00:00+00:00,False,,51.370773,-0.684284,Male,10-17,White - English/Welsh/Scottish/Northern Irish/British,White,,Controlled drugs,Arrest,True,
Person search,2018-06-18T00:16:00+00:00,False,,51.293127,-0.489886,Male,over 34,White - English/Welsh/Scottish/Northern Irish/British,White,,Controlled drugs,A no further action disposal,False,
Person search,2018-06-18T00:16:00+00:00,False,,51.293127,-0.489886,Male,over 34,White - English/Welsh/Scottish/Northern Irish/British,White,,Controlled drugs,A no further action disposal,False,
Person search,2018-06-18T00:30:00+00:00,False,,51.293127,-0.489886,Male,25-34,Other ethnic group - Not stated,Asian,,Controlled drugs,A no further action disposal,False,
Person search,2018-06-18T08:40:00+00:00,False,,51.290170,-0.076079,Female,18-24,White - English/Welsh/Scottish/Northern Irish/British,White,,Firearms,A no further action disposal,False,
Person search,2018-06-18T16:22:00+00:00,False,,51.224835,-0.188666,Male,18-24,White - English/Welsh/Scottish/Northern Irish/British,White,,Controlled drugs,A no further action disposal,False,
Person search,2018-06-18T16:30:00+00:00,False,,51.333908,-0.269585,Male,18-24,White - English/Welsh/Scottish/Northern Irish/British,White,,Controlled drugs,A no further action disposal,False,
Person search,2018-06-18T16:35:00+00:00,False,,51.333694,-0.269105,Male,18-24,White - English/Welsh/Scottish/Northern Irish/British,White,,Controlled drugs,Khat or Cannabis warning,True,
Person search,2018-06-18T19:15:00+00:00,False,,51.344106,-0.272647,Male,10-17,White - English/Welsh/Scottish/Northern Irish/British,White,,Stolen goods,A no further action disposal,False,
Person search,2018-06-18T20:05:00+00:00,False,,51.386280,-0.384784,Male,10-17,White - English/Welsh/Scottish/Northern Irish/British,White,,Article for use in theft,A no further action disposal,False,
Person search,2018-06-18T23:41:00+00:00,False,,51.322188,-0.724939,Male,18-24,White - English/Welsh/Scottish/Northern Irish/British,White,,Controlled drugs,A no further action disposal,False,
Person search,2018-06-18T23:43:00+00:00,False,,51.322188,-0.724939,Male,18-24,White - English/Welsh/Scottish/Northern Irish/British,White,,Controlled drugs,A no further action disposal,False,
Person search,2018-06-19T17:37:00+00:00,False,,,,Male,over 34,White - English/Welsh/Scottish/Northern Irish/British,White,,Controlled drugs,A no further action disposal,False,
Person search,2018-06-19T20:45:00+00:00,False,,51.223063,-0.196827,Male,10-17,Mixed/Multiple ethnic groups - Any other Mixed/Multiple ethnic background,White,,Firearms,A no further action disposal,False,
Person search,2018-06-19T23:10:00+00:00,False,,51.329772,-0.532390,Male,25-34,Asian/Asian British - Pakistani,Asian,,Controlled drugs,Summons / charged by post,True,
Person search,2018-06-20T00:10:00+00:00,False,,51.318049,-0.616942,Male,18-24,Asian/Asian British - Any other Asian background,Asian,,Controlled drugs,A no further action disposal,False,
Person search,2018-06-20T01:50:00+00:00,False,,51.370090,-0.491105,Male,18-24,Other ethnic group - Not stated,Black,,Controlled drugs,A no further action disposal,False,
Person search,2018-06-20T01:50:00+00:00,False,,51.384039,-0.494038,Male,18-24,Black/African/Caribbean/Black British - Any other Black/African/Caribbean background,Black,,Controlled drugs,Penalty Notice for Disorder,True,
Person search,2018-06-20T02:12:00+00:00,False,,51.138236,-0.037258,Male,18-24,White - English/Welsh/Scottish/Northern Irish/British,White,,Controlled drugs,Arrest,True,
Person search,2018-06-20T04:30:00+00:00,False,,51.381064,-0.337158,Male,18-24,Other ethnic group - Not stated,White,,Firearms,A no further action disposal,True,
Person search,2018-06-20T10:40:00+00:00,False,,51.384006,-0.419182,Male,10-17,White - English/Welsh/Scottish/Northern Irish/British,White,,Controlled drugs,A no further action disposal,False,
Person search,2018-06-20T12:15:00+00:00,False,,51.362580,-0.461216,Male,18-24,Other ethnic group - Not stated,White,,Controlled drugs,A no further action disposal,False,
Person search,2018-06-20T12:20:00+00:00,False,,51.362580,-0.461216,Male,10-17,White - English/Welsh/Scottish/Northern Irish/British,White,,Controlled drugs,A no further action disposal,False,
Person search,2018-06-20T12:30:00+00:00,False,,51.362580,-0.461216,Male,10-17,White - Any other White background,White,,Controlled drugs,A no further action disposal,False,
Person search,2018-06-20T12:50:00+00:00,False,,51.362580,-0.461216,Male,18-24,Other ethnic group - Not stated,White,,Controlled drugs,A no further action disposal,True,
Person search,2018-06-20T15:18:00+00:00,False,,51.404064,-0.504465,Male,18-24,Asian/Asian British - Bangladeshi,Asian,,Controlled drugs,Arrest,False,
Person search,2018-06-20T15:20:00+00:00,False,,51.404064,-0.504465,Male,25-34,Asian/Asian British - Bangladeshi,Asian,,Controlled drugs,A no further action disposal,False,
Person search,2018-06-20T15:30:00+00:00,False,,51.404064,-0.504465,Male,18-24,Asian/Asian British - Bangladeshi,Asian,,Controlled drugs,Arrest,False,
Person search,2018-06-20T15:45:00+00:00,False,,51.407665,-0.512615,Male,18-24,Asian/Asian British - Any other Asian background,Asian,,Controlled drugs,A no further action disposal,False,
Person search,2018-06-20T16:22:00+00:00,False,,51.382872,-0.400553,Male,25-34,Black/African/Caribbean/Black British - Any other Black/African/Caribbean background,Black,,Controlled drugs,A no further action disposal,False,
Person search,2018-06-20T19:15:00+00:00,False,,51.314510,-0.218543,Female,18-24,White - English/Welsh/Scottish/Northern Irish/British,White,,Controlled drugs,Penalty Notice for Disorder,True,
Person search,2018-06-20T19:28:00+00:00,False,,51.316737,-0.221857,Male,18-24,White - English/Welsh/Scottish/Northern Irish/British,White,,Controlled drugs,A no further action disposal,False,
Person search,2018-06-20T20:46:00+00:00,False,,51.235245,-0.577728,Male,10-17,Mixed/Multiple ethnic groups - Any other Mixed/Multiple ethnic background,White,,Controlled drugs,Community resolution,True,
Person search,2018-06-20T20:52:00+00:00,False,,51.235245,-0.577728,Female,18-24,White - Any other White background,White,,Controlled drugs,A no further action disposal,False,
Person search,2018-06-20T21:45:00+00:00,False,,51.260438,-0.575173,Male,18-24,White - English/Welsh/Scottish/Northern Irish/British,White,,Controlled drugs,A no further action disposal,False,
Person search,2018-06-20T23:36:00+00:00,False,,51.256345,-0.545090,Male,over 34,White - English/Welsh/Scottish/Northern Irish/British,White,,Controlled drugs,A no further action disposal,True,
Person search,2018-06-21T10:11:00+00:00,False,,,,Male,over 34,Other ethnic group - Not stated,White,,Stolen goods,Arrest,False,
Person search,2018-06-21T15:15:00+00:00,False,,51.183946,-0.699354,Male,over 34,White - English/Welsh/Scottish/Northern Irish/British,White,,Controlled drugs,Summons / charged by post,False,
Person search,2018-06-21T16:17:00+00:00,False,,51.337720,-0.260986,Male,10-17,White - English/Welsh/Scottish/Northern Irish/British,White,,Controlled drugs,A no further action disposal,False,
Person search,2018-06-21T16:20:00+00:00,False,,51.332619,-0.265098,Male,18-24,White - English/Welsh/Scottish/Northern Irish/British,White,,Controlled drugs,A no further action disposal,False,
Person search,2018-06-21T16:25:00+00:00,False,,51.332811,-0.262909,Male,18-24,White - English/Welsh/Scottish/Northern Irish/British,White,,Controlled drugs,A no further action disposal,False,
Person search,2018-06-21T16:27:00+00:00,False,,51.332609,-0.266878,Male,18-24,Black/African/Caribbean/Black British - Any other Black/African/Caribbean background,Black,,Controlled drugs,A no further action disposal,False,
Person search,2018-06-21T16:30:00+00:00,False,,51.339004,-0.261497,Male,18-24,White - English/Welsh/Scottish/Northern Irish/British,White,,Controlled drugs,Khat or Cannabis warning,True,
Person search,2018-06-21T18:13:00+00:00,False,,51.331870,-0.272820,Male,25-34,White - Any other White background,,,Controlled drugs,Khat or Cannabis warning,True,
Person search,2018-06-21T20:18:00+00:00,False,,51.238437,-0.578403,Male,10-17,Other ethnic group - Not stated,White,,Articles for use in criminal damage,A no further action disposal,False,
Person search,2018-06-21T20:31:00+00:00,False,,51.342194,-0.274098,Male,10-17,White - English/Welsh/Scottish/Northern Irish/British,White,,Controlled drugs,A no further action disposal,False,
Person search,2018-06-21T23:20:00+00:00,False,,51.239938,-0.580620,Male,18-24,White - English/Welsh/Scottish/Northern Irish/British,White,,Controlled drugs,Arrest,True,
Person search,2018-06-21T23:20:00+00:00,False,,51.239938,-0.580620,Male,18-24,Black/African/Caribbean/Black British - Any other Black/African/Caribbean background,Black,,Controlled drugs,Arrest,True,
Person search,2018-06-22T02:00:00+00:00,False,,51.643657,-0.454321,Male,25-34,White - English/Welsh/Scottish/Northern Irish/British,White,,Article for use in theft,A no further action disposal,True,
Person search,2018-06-22T06:52:00+00:00,False,,51.312006,-0.625302,Male,25-34,Other ethnic group - Not stated,White,,Article for use in theft,Arrest,True,
Person search,2018-06-22T09:55:00+00:00,False,,51.242933,-0.582118,Male,over 34,White - Any other White background,White,,Article for use in theft,A no further action disposal,False,
Person search,2018-06-22T11:40:00+00:00,False,,51.275328,-0.073157,Male,18-24,White - English/Welsh/Scottish/Northern Irish/British,White,,Controlled drugs,Arrest,True,
Person search,2018-06-22T14:36:00+00:00,False,,51.338470,-0.741284,Male,18-24,Asian/Asian British - Indian,Asian,,Controlled drugs,A no further action disposal,False,
Person search,2018-06-22T16:05:00+00:00,False,,51.236008,-0.187225,Male,25-34,Asian/Asian British - Any other Asian background,Other,,Controlled drugs,Caution (simple or conditional),True,
Person search,2018-06-22T16:05:00+00:00,False,,51.236008,-0.187225,Female,25-34,White - English/Welsh/Scottish/Northern Irish/British,White,,Controlled drugs,Khat or Cannabis warning,True,
Person search,2018-06-22T16:15:00+00:00,False,,51.236008,-0.187225,Male,over 34,White - English/Welsh/Scottish/Northern Irish/British,White,,Controlled drugs,Summons / charged by post,True,
Person search,2018-06-22T18:55:00+00:00,False,,51.282516,-0.075997,Male,,Other ethnic group - Not stated,Black,,Controlled drugs,Arrest,True,
Person search,2018-06-22T18:57:00+00:00,False,,51.187043,-0.610492,Male,25-34,Other ethnic group - Not stated,White,,Controlled drugs,A no further action disposal,False,
Person search,2018-06-22T18:57:00+00:00,False,,51.145916,-0.478568,Male,25-34,White - Any other White background,White,,Controlled drugs,A no further action disposal,False,
Person search,2018-06-22T21:46:00+00:00,False,,51.278864,-0.214488,Female,over 34,White - English/Welsh/Scottish/Northern Irish/British,White,,Stolen goods,A no further action disposal,True,
Person search,2018-06-22T22:50:00+00:00,False,,51.292804,-0.327182,Male,10-17,White - English/Welsh/Scottish/Northern Irish/British,White,,Controlled drugs,A no further action disposal,False,
Person search,2018-06-22T22:50:00+00:00,False,,51.292804,-0.327182,Male,10-17,White - English/Welsh/Scottish/Northern Irish/British,White,,Controlled drugs,A no further action disposal,False,
Person search,2018-06-22T22:50:00+00:00,False,,51.307063,-0.330781,Female,10-17,White - English/Welsh/Scottish/Northern Irish/British,White,,Controlled drugs,A no further action disposal,False,
Person search,2018-06-22T23:08:00+00:00,False,,51.236171,-0.577656,Male,18-24,White - English/Welsh/Scottish/Northern Irish/British,White,,Controlled drugs,A no further action disposal,False,
Person search,2018-06-22T23:08:00+00:00,False,,51.236171,-0.577656,Male,18-24,White - English/Welsh/Scottish/Northern Irish/British,White,,Controlled drugs,A no further action disposal,False,
Person search,2018-06-22T23:48:00+00:00,False,,,,Male,10-17,White - Any other White background,White,,Controlled drugs,A no further action disposal,False,
Person search,2018-06-23T00:18:00+00:00,False,,51.257500,-0.195910,Male,18-24,White - English/Welsh/Scottish/Northern Irish/British,White,,Controlled drugs,A no further action disposal,False,
Person search,2018-06-23T00:18:00+00:00,False,,51.257500,-0.195910,Male,10-17,White - English/Welsh/Scottish/Northern Irish/British,White,,Controlled drugs,A no further action disposal,False,
Person search,2018-06-23T00:18:00+00:00,False,,51.263504,-0.194485,Male,18-24,White - English/Welsh/Scottish/Northern Irish/British,White,,Controlled drugs,A no further action disposal,False,
Person search,2018-06-23T00:18:00+00:00,False,,51.257500,-0.195910,Male,10-17,White - English/Welsh/Scottish/Northern Irish/British,White,,Controlled drugs,Community resolution,True,
Person search,2018-06-23T00:56:00+00:00,False,,51.236311,-0.575145,Male,25-34,Black/African/Caribbean/Black British - Caribbean,White,,Controlled drugs,A no further action disposal,False,
Person search,2018-06-23T01:00:00+00:00,False,,51.236311,-0.575145,Male,25-34,White - English/Welsh/Scottish/Northern Irish/British,White,,Controlled drugs,A no further action disposal,False,
Person search,2018-06-23T01:42:00+00:00,False,,51.213947,-0.538710,Male,18-24,Black/African/Caribbean/Black British - Any other Black/African/Caribbean background,Black,,Controlled drugs,A no further action disposal,True,
Person search,2018-06-23T02:29:00+00:00,False,,51.340608,-0.501219,Male,10-17,White - English/Welsh/Scottish/Northern Irish/British,White,,Article for use in theft,A no further action disposal,False,
Person search,2018-06-23T14:15:00+00:00,False,,51.369000,-0.488110,Male,over 34,Other ethnic group - Not stated,White,,Controlled drugs,A no further action disposal,False,
Vehicle search,2018-06-23T16:20:00+00:00,False,,51.404064,-0.504465,,,Other ethnic group - Not stated,,,Firearms,A no further action disposal,False,
Person search,2018-06-23T16:45:00+00:00,False,,51.394895,-0.363407,Male,18-24,Mixed/Multiple ethnic groups - Any other Mixed/Multiple ethnic background,White,,Firearms,A no further action disposal,False,
Person search,2018-06-23T16:45:00+00:00,False,,51.394895,-0.363407,Male,18-24,Mixed/Multiple ethnic groups - White and Black Caribbean,White,,Firearms,A no further action disposal,False,
Person search,2018-06-23T16:45:00+00:00,False,,51.394895,-0.363407,Male,18-24,White - English/Welsh/Scottish/Northern Irish/British,White,,Firearms,A no further action disposal,False,
Person search,2018-06-23T16:49:00+00:00,False,,51.395374,-0.359710,Male,18-24,White - English/Welsh/Scottish/Northern Irish/British,White,,Controlled drugs,A no further action disposal,False,
Person search,2018-06-23T16:49:00+00:00,False,,51.396828,-0.360823,Male,10-17,White - English/Welsh/Scottish/Northern Irish/British,White,,Controlled drugs,A no further action disposal,False,
Person search,2018-06-23T16:49:00+00:00,False,,51.395374,-0.359710,Male,18-24,White - English/Welsh/Scottish/Northern Irish/British,White,,Controlled drugs,Khat or Cannabis warning,True,
Person search,2018-06-23T19:25:00+00:00,False,,51.310873,-0.562435,Male,25-34,Asian/Asian British - Any other Asian background,Asian,,Firearms,Arrest,False,
Person search,2018-06-23T20:20:00+00:00,False,,51.234585,-0.323421,Male,18-24,White - English/Welsh/Scottish/Northern Irish/British,White,,Controlled drugs,Khat or Cannabis warning,True,
Person search,2018-06-23T20:20:00+00:00,False,,51.235523,-0.326095,Male,18-24,White - English/Welsh/Scottish/Northern Irish/British,White,,Controlled drugs,Khat or Cannabis warning,True,
Person search,2018-06-23T21:33:00+00:00,False,,51.237086,-0.562788,Male,18-24,White - English/Welsh/Scottish/Northern Irish/British,White,,Controlled drugs,Community resolution,True,
Person search,2018-06-23T21:40:00+00:00,False,,51.288082,-0.384775,Female,18-24,White - English/Welsh/Scottish/Northern Irish/British,White,,Controlled drugs,A no further action disposal,False,
Person search,2018-06-23T21:40:00+00:00,False,,51.278253,-0.382166,Female,10-17,White - English/Welsh/Scottish/Northern Irish/British,White,,Controlled drugs,A no further action disposal,False,
Person search,2018-06-23T23:50:00+00:00,False,,51.385133,-0.331176,Male,25-34,Black/African/Caribbean/Black British - Caribbean,Black,,Controlled drugs,A no further action disposal,False,
Person search,2018-06-23T23:56:00+00:00,False,,51.385884,-0.426418,Male,18-24,White - English/Welsh/Scottish/Northern Irish/British,White,,Firearms,A no further action disposal,False,
Person search,2018-06-24T00:15:00+00:00,False,,51.187043,-0.610492,Male,18-24,White - English/Welsh/Scottish/Northern Irish/British,White,,Article for use in theft,Summons / charged by post,False,
Person search,2018-06-24T15:20:00+00:00,False,,51.238437,-0.578403,Female,10-17,White - English/Welsh/Scottish/Northern Irish/British,White,,Firearms,A no further action disposal,False,
Person search,2018-06-24T15:50:00+00:00,False,,51.203587,-0.058202,Male,25-34,White - English/Welsh/Scottish/Northern Irish/British,White,,Article for use in theft,A no further action disposal,False,
Person and Vehicle search,2018-06-24T20:05:00+00:00,False,,51.223898,-0.168925,Male,25-34,White - English/Welsh/Scottish/Northern Irish/British,White,,Anything to threaten or harm anyone,A no further action disposal,,
Person search,2018-06-24T20:05:00+00:00,False,,51.223898,-0.168925,Male,25-34,White - English/Welsh/Scottish/Northern Irish/British,White,,Controlled drugs,Khat or Cannabis warning,True,
Person search,2018-06-24T20:05:00+00:00,False,,51.223898,-0.168925,Male,25-34,White - English/Welsh/Scottish/Northern Irish/British,White,,Controlled drugs,A no further action disposal,False,
Person search,2018-06-24T20:05:00+00:00,False,,51.223898,-0.168925,Male,25-34,White - English/Welsh/Scottish/Northern Irish/British,White,,Controlled drugs,Arrest,True,
Person search,2018-06-24T22:28:00+00:00,False,,51.220678,-0.185679,Male,10-17,Other ethnic group - Not stated,White,,Controlled drugs,A no further action disposal,False,
Person search,2018-06-24T22:30:00+00:00,False,,51.220678,-0.185679,Male,10-17,White - English/Welsh/Scottish/Northern Irish/British,White,,Controlled drugs,A no further action disposal,False,
Person search,2018-06-24T22:40:00+00:00,False,,51.239495,-0.578170,Male,10-17,White - English/Welsh/Scottish/Northern Irish/British,White,,Articles for use in criminal damage,A no further action disposal,False,
Person search,2018-06-25T00:26:00+00:00,False,,51.404756,-0.355407,Male,25-34,White - English/Welsh/Scottish/Northern Irish/British,White,,Article for use in theft,A no further action disposal,False,
Person search,2018-06-25T02:27:00+00:00,False,,51.232787,-0.508091,Male,25-34,White - English/Welsh/Scottish/Northern Irish/British,Black,,Controlled drugs,A no further action disposal,False,
Person search,2018-06-25T12:40:00+00:00,False,,51.339483,-0.742678,Male,18-24,White - English/Welsh/Scottish/Northern Irish/British,White,,Controlled drugs,Summons / charged by post,True,
Person search,2018-06-25T16:05:00+00:00,False,,51.238437,-0.578403,Female,10-17,White - English/Welsh/Scottish/Northern Irish/British,White,,Controlled drugs,Community resolution,True,
Person search,2018-06-25T16:50:00+00:00,False,,51.263480,-0.150898,Male,10-17,White - English/Welsh/Scottish/Northern Irish/British,White,,Controlled drugs,A no further action disposal,False,
Person search,2018-06-25T16:50:00+00:00,False,,51.263480,-0.150898,Male,10-17,White - English/Welsh/Scottish/Northern Irish/British,White,,Controlled drugs,A no further action disposal,False,
Person search,2018-06-25T16:50:00+00:00,False,,51.263480,-0.150898,Male,10-17,Black/African/Caribbean/Black British - Any other Black/African/Caribbean background,Black,,Controlled drugs,A no further action disposal,False,
Person search,2018-06-25T17:54:00+00:00,False,,51.214750,-0.172839,Male,10-17,White - English/Welsh/Scottish/Northern Irish/British,White,,Controlled drugs,A no further action disposal,False,
Person search,2018-06-25T19:39:00+00:00,False,,51.242309,-0.163337,Male,25-34,Other ethnic group - Not stated,Black,,Controlled drugs,A no further action disposal,False,
Person search,2018-06-26T05:30:00+00:00,False,,51.175748,-0.268017,Male,10-17,White - English/Welsh/Scottish/Northern Irish/British,White,,Article for use in theft,A no further action disposal,False,
Person search,2018-06-26T13:00:00+00:00,False,,51.330927,-0.254726,Female,25-34,Black/African/Caribbean/Black British - Caribbean,Black,,Controlled drugs,Arrest,True,
Person search,2018-06-26T20:10:00+00:00,False,,51.237631,-0.186875,Female,18-24,White - English/Welsh/Scottish/Northern Irish/British,White,,Controlled drugs,A no further action disposal,True,
Person search,2018-06-26T20:11:00+00:00,False,,51.241798,-0.292342,Male,18-24,White - English/Welsh/Scottish/Northern Irish/British,White,,Controlled drugs,A no further action disposal,False,
Person search,2018-06-26T22:10:00+00:00,False,,51.414066,-0.532396,Male,18-24,Other ethnic group - Not stated,White,,Article for use in theft,A no further action disposal,False,
Person search,2018-06-27T00:50:00+00:00,False,,51.321936,-0.201937,Male,25-34,Black/African/Caribbean/Black British - African,Black,,Controlled drugs,Arrest,False,
Person search,2018-06-27T01:15:00+00:00,False,,51.227944,-0.175210,Female,10-17,White - English/Welsh/Scottish/Northern Irish/British,White,,Controlled drugs,A no further action disposal,False,
Person search,2018-06-27T03:00:00+00:00,False,,51.282516,-0.075997,Male,18-24,White - English/Welsh/Scottish/Northern Irish/British,White,,Controlled drugs,A no further action disposal,False,
Person search,2018-06-27T03:03:00+00:00,False,,51.261508,0.011218,Male,18-24,White - English/Welsh/Scottish/Northern Irish/British,White,,Controlled drugs,A no further action disposal,False,
Person search,2018-06-27T14:10:00+00:00,False,,51.326281,-0.543783,Male,18-24,White - English/Welsh/Scottish/Northern Irish/British,White,,Controlled drugs,Arrest,True,
Person search,2018-06-27T16:00:00+00:00,False,,51.240808,-0.169758,Female,over 34,White - English/Welsh/Scottish/Northern Irish/British,White,,Stolen goods,Arrest,True,
Person search,2018-06-27T16:46:00+00:00,False,,51.237995,-0.580508,Male,18-24,Other ethnic group - Any other ethnic group,,,Controlled drugs,Caution (simple or conditional),True,
Person search,2018-06-27T16:52:00+00:00,False,,51.237268,-0.577680,Male,18-24,Asian/Asian British - Any other Asian background,Asian,,Controlled drugs,A no further action disposal,False,
Person search,2018-06-27T18:20:00+00:00,False,,51.283080,-0.076977,Male,10-17,Other ethnic group - Not stated,,,Firearms,Arrest,False,
Person search,2018-06-27T19:12:00+00:00,False,,51.433673,-0.519842,Female,25-34,White - English/Welsh/Scottish/Northern Irish/British,White,,Article for use in theft,A no further action disposal,False,
Person search,2018-06-27T19:12:00+00:00,False,,51.433673,-0.519842,Female,18-24,White - Irish,White,,Article for use in theft,A no further action disposal,False,
Person search,2018-06-27T22:37:00+00:00,False,,51.223898,-0.168925,Male,over 34,White - English/Welsh/Scottish/Northern Irish/British,White,,Controlled drugs,A no further action disposal,False,
Person search,2018-06-28T00:02:00+00:00,False,,51.321290,-0.559067,Male,10-17,Other ethnic group - Not stated,Black,,Controlled drugs,Arrest,True,
Person search,2018-06-28T09:30:00+00:00,False,,51.199971,-0.165666,Male,25-34,Black/African/Caribbean/Black British - African,Black,,Controlled drugs,A no further action disposal,False,
Person search,2018-06-28T12:43:00+00:00,False,,51.517124,-0.205748,Female,over 34,Other ethnic group - Not stated,White,,Stolen goods,Summons / charged by post,True,
Person search,2018-06-28T13:15:00+00:00,False,,51.431767,-0.457814,Male,18-24,Black/African/Caribbean/Black British - Any other Black/African/Caribbean background,Black,,Controlled drugs,Arrest,True,
Person search,2018-06-28T19:45:00+00:00,False,,51.199971,-0.165666,Male,25-34,White - English/Welsh/Scottish/Northern Irish/British,White,,Firearms,Arrest,True,
Person search,2018-06-28T22:54:00+00:00,False,,51.237434,-0.574294,Female,25-34,Other ethnic group - Not stated,White,,Firearms,A no further action disposal,True,
Person search,2018-06-28T22:55:00+00:00,False,,51.170602,-0.176158,Male,18-24,White - English/Welsh/Scottish/Northern Irish/British,White,,Controlled drugs,Arrest,True,
Person search,2018-06-29T01:45:00+00:00,False,,51.237268,-0.577680,Male,18-24,White - English/Welsh/Scottish/Northern Irish/British,White,,Controlled drugs,Khat or Cannabis warning,True,
Person search,2018-06-29T09:00:00+00:00,False,,51.269168,-0.188028,Male,,Other ethnic group - Not stated,Black,,Controlled drugs,A no further action disposal,False,
Person search,2018-06-29T09:01:00+00:00,False,,51.269168,-0.188028,Male,18-24,Other ethnic group - Not stated,White,,Controlled drugs,A no further action disposal,False,
Person search,2018-06-29T11:40:00+00:00,False,,51.238321,-0.572576,Male,10-17,Black/African/Caribbean/Black British - African,Black,,Controlled drugs,A no further action disposal,False,
Person search,2018-06-29T12:15:00+00:00,False,,51.314392,-0.250675,Male,18-24,White - English/Welsh/Scottish/Northern Irish/British,White,,Controlled drugs,A no further action disposal,False,
Person search,2018-06-29T12:15:00+00:00,False,,51.314392,-0.250675,Male,18-24,White - English/Welsh/Scottish/Northern Irish/British,White,,Controlled drugs,A no further action disposal,False,
Person search,2018-06-29T12:15:00+00:00,False,,51.314392,-0.250675,Male,18-24,White - English/Welsh/Scottish/Northern Irish/British,White,,Controlled drugs,A no further action disposal,False,
Person search,2018-06-29T14:25:00+00:00,False,,51.314392,-0.250675,Male,18-24,White - English/Welsh/Scottish/Northern Irish/British,White,,Controlled drugs,Khat or Cannabis warning,True,
Person search,2018-06-29T15:23:00+00:00,False,,51.378243,-0.435287,Male,25-34,Mixed/Multiple ethnic groups - White and Black African,White,,Controlled drugs,A no further action disposal,False,
Person search,2018-06-29T20:38:00+00:00,False,,51.335518,-0.742700,Male,25-34,White - English/Welsh/Scottish/Northern Irish/British,White,,Controlled drugs,A no further action disposal,False,
Person search,2018-06-29T21:30:00+00:00,False,,51.231079,-0.335437,Male,25-34,White - English/Welsh/Scottish/Northern Irish/British,White,,Firearms,Arrest,False,
Person search,2018-06-29T23:42:00+00:00,False,,51.175230,-0.179409,Male,10-17,White - English/Welsh/Scottish/Northern Irish/British,White,,Controlled drugs,Arrest,True,
Person search,2018-06-30T01:42:00+00:00,False,,51.237231,0.006248,Male,10-17,White - English/Welsh/Scottish/Northern Irish/British,White,,Controlled drugs,A no further action disposal,False,
Person search,2018-06-30T01:42:00+00:00,False,,51.237231,0.006248,Male,10-17,White - English/Welsh/Scottish/Northern Irish/British,White,,Controlled drugs,A no further action disposal,True,
Person search,2018-06-30T01:42:00+00:00,False,,51.237231,0.006248,Male,10-17,White - English/Welsh/Scottish/Northern Irish/British,White,,Controlled drugs,A no further action disposal,False,
Person search,2018-06-30T01:42:00+00:00,False,,51.237231,0.006248,Male,10-17,White - English/Welsh/Scottish/Northern Irish/British,White,,Controlled drugs,A no further action disposal,False,
Person search,2018-06-30T16:20:00+00:00,False,,51.451382,-0.476626,Male,25-34,White - English/Welsh/Scottish/Northern Irish/British,White,,Article for use in theft,A no further action disposal,False,
Person search,2018-06-30T16:29:00+00:00,False,,51.428189,-0.562612,Male,over 34,White - English/Welsh/Scottish/Northern Irish/British,White,,Article for use in theft,Arrest,True,
Person search,2018-06-30T17:15:00+00:00,False,,51.239503,-0.576622,Male,over 34,White - English/Welsh/Scottish/Northern Irish/British,White,,Controlled drugs,Arrest,True,
Person search,2018-06-30T17:15:00+00:00,False,,51.239503,-0.576622,Male,over 34,White - English/Welsh/Scottish/Northern Irish/British,White,,Controlled drugs,Arrest,True,
Person search,2018-06-30T19:00:00+00:00,False,,51.370090,-0.491105,Male,25-34,White - Any other White background,White,,Firearms,A no further action disposal,True,
Person and Vehicle search,2018-06-30T20:35:00+00:00,False,,51.240617,-0.099064,Male,over 34,Black/African/Caribbean/Black British - African,Black,,Anything to threaten or harm anyone,A no further action disposal,,
Person search,2018-06-30T21:30:00+00:00,False,,51.257500,-0.195910,Male,18-24,White - English/Welsh/Scottish/Northern Irish/British,White,,Controlled drugs,A no further action disposal,False,
Person search,2018-06-30T22:11:00+00:00,False,,51.257500,-0.195910,Male,18-24,White - English/Welsh/Scottish/Northern Irish/British,White,,Controlled drugs,A no further action disposal,False,
Person search,2018-06-30T22:14:00+00:00,False,,51.257500,-0.195910,Male,18-24,White - English/Welsh/Scottish/Northern Irish/British,White,,Controlled drugs,A no further action disposal,False,
Person search,2018-06-30T22:30:00+00:00,False,,51.260965,-0.582266,Male,25-34,Other ethnic group - Not stated,White,,Article for use in theft,A no further action disposal,False,
