Type,Date,Part of a policing operation,Policing operation,Latitude,Longitude,Gender,Age range,Self-defined ethnicity,Officer-defined ethnicity,Legislation,Object of search,Outcome,Outcome linked to object of search,Removal of more than just outer clothing
Person search,2018-05-01T00:00:00+00:00,,,51.581176,-2.958003,Male,10-17,White - English/Welsh/Scottish/Northern Irish/British,White,Misuse of Drugs Act 1971 (section 23),Controlled drugs,A no further action disposal,,
Person search,2018-05-01T00:00:00+00:00,,,51.581176,-2.958003,Male,10-17,Other ethnic group - Not stated,,Misuse of Drugs Act 1971 (section 23),Controlled drugs,A no further action disposal,,
Person search,2018-05-01T00:00:00+00:00,,,51.581176,-2.958003,Male,18-24,,,Misuse of Drugs Act 1971 (section 23),,,,
Person search,2018-05-01T17:00:00+00:00,,,51.582263,-2.972285,Male,18-24,White - English/Welsh/Scottish/Northern Irish/British,White,Misuse of Drugs Act 1971 (section 23),Controlled drugs,A no further action disposal,,
Person search,2018-05-01T20:00:00+00:00,,,51.790403,-3.173653,Male,over 34,White - English/Welsh/Scottish/Northern Irish/British,White,Police and Criminal Evidence Act 1984 (section 1),,A no further action disposal,,
Person search,2018-05-02T00:00:00+00:00,,,51.578014,-3.004910,Male,18-24,White - English/Welsh/Scottish/Northern Irish/British,White,Misuse of Drugs Act 1971 (section 23),Controlled drugs,A no further action disposal,,
Person search,2018-05-02T00:00:00+00:00,,,51.612142,-3.026143,Male,10-17,White - English/Welsh/Scottish/Northern Irish/British,White,Misuse of Drugs Act 1971 (section 23),Controlled drugs,A no further action disposal,,
Person search,2018-05-02T01:00:00+00:00,,,,,Male,25-34,White - English/Welsh/Scottish/Northern Irish/British,White,Misuse of Drugs Act 1971 (section 23),Controlled drugs,A no further action disposal,,
Person search,2018-05-02T01:00:00+00:00,,,51.612142,-3.026143,Male,25-34,White - English/Welsh/Scottish/Northern Irish/British,White,Misuse of Drugs Act 1971 (section 23),Controlled drugs,A no further action disposal,,
Person search,2018-05-02T16:00:00+00:00,,,51.602022,-3.079830,Male,10-17,White - English/Welsh/Scottish/Northern Irish/British,White,Misuse of Drugs Act 1971 (section 23),Controlled drugs,,,
Person search,2018-05-02T23:00:00+00:00,,,51.764213,-3.290944,Male,18-24,White - English/Welsh/Scottish/Northern Irish/British,White,Police and Criminal Evidence Act 1984 (section 1),,A no further action disposal,,
Person search,2018-05-03T12:00:00+00:00,,,51.716194,-3.232644,Male,over 34,,,Misuse of Drugs Act 1971 (section 23),,A no further action disposal,,
Person search,2018-05-04T00:00:00+00:00,,,51.659693,-3.018572,Female,25-34,White - English/Welsh/Scottish/Northern Irish/British,White,Misuse of Drugs Act 1971 (section 23),Controlled drugs,A no further action disposal,,
Person search,2018-05-04T00:00:00+00:00,,,51.659693,-3.018572,Male,25-34,White - English/Welsh/Scottish/Northern Irish/British,White,Misuse of Drugs Act 1971 (section 23),Controlled drugs,A no further action disposal,,
Person search,2018-05-04T00:00:00+00:00,,,51.659693,-3.018572,Female,10-17,White - English/Welsh/Scottish/Northern Irish/British,White,Misuse of Drugs Act 1971 (section 23),Controlled drugs,A no further action disposal,,
Person search,2018-05-04T00:00:00+00:00,,,51.659693,-3.018572,Male,25-34,White - English/Welsh/Scottish/Northern Irish/British,White,Misuse of Drugs Act 1971 (section 23),Controlled drugs,A no further action disposal,,
Person search,2018-05-04T02:00:00+00:00,,,,,Male,over 34,White - English/Welsh/Scottish/Northern Irish/British,White,Police and Criminal Evidence Act 1984 (section 1),,A no further action disposal,,
Person search,2018-05-04T02:00:00+00:00,,,51.591136,-2.982204,Male,over 34,White - English/Welsh/Scottish/Northern Irish/British,White,Police and Criminal Evidence Act 1984 (section 1),,A no further action disposal,,
Person search,2018-05-04T02:00:00+00:00,,,,,Male,over 34,White - English/Welsh/Scottish/Northern Irish/British,White,Police and Criminal Evidence Act 1984 (section 1),,A no further action disposal,,
Person search,2018-05-04T02:00:00+00:00,,,,,Male,over 34,White - English/Welsh/Scottish/Northern Irish/British,White,Police and Criminal Evidence Act 1984 (section 1),,A no further action disposal,,
Person search,2018-05-04T02:00:00+00:00,,,,,Male,over 34,White - English/Welsh/Scottish/Northern Irish/British,White,Police and Criminal Evidence Act 1984 (section 1),,A no further action disposal,,
Person search,2018-05-04T13:00:00+00:00,,,51.587567,-2.997067,Male,10-17,White - English/Welsh/Scottish/Northern Irish/British,White,Misuse of Drugs Act 1971 (section 23),Controlled drugs,,,
Person search,2018-05-04T13:00:00+00:00,,,51.587567,-2.997067,Male,10-17,White - English/Welsh/Scottish/Northern Irish/British,White,Misuse of Drugs Act 1971 (section 23),Controlled drugs,A no further action disposal,,
Person search,2018-05-04T22:00:00+00:00,,,51.579444,-2.964172,Male,10-17,,,Misuse of Drugs Act 1971 (section 23),,A no further action disposal,,
Person search,2018-05-04T22:00:00+00:00,,,51.579444,-2.964172,Male,18-24,White - English/Welsh/Scottish/Northern Irish/British,White,Misuse of Drugs Act 1971 (section 23),Controlled drugs,A no further action disposal,,
Person search,2018-05-04T22:00:00+00:00,,,51.577144,-2.969376,Male,18-24,White - English/Welsh/Scottish/Northern Irish/British,White,Misuse of Drugs Act 1971 (section 23),Controlled drugs,,,
Person search,2018-05-05T23:00:00+00:00,,,51.591276,-2.990190,Male,10-17,,,Misuse of Drugs Act 1971 (section 23),,,,
Person search,2018-05-05T23:00:00+00:00,,,51.591276,-2.990190,Male,10-17,,,Misuse of Drugs Act 1971 (section 23),,,,
Person search,2018-05-05T23:00:00+00:00,,,51.591276,-2.990190,Male,10-17,Other ethnic group - Not stated,,Misuse of Drugs Act 1971 (section 23),Controlled drugs,A no further action disposal,,
Person search,2018-05-05T23:00:00+00:00,,,51.462572,-3.174766,Male,18-24,,,Misuse of Drugs Act 1971 (section 23),,,,
Person search,2018-05-05T23:00:00+00:00,,,51.591276,-2.990190,Male,18-24,Other ethnic group - Not stated,,Misuse of Drugs Act 1971 (section 23),Controlled drugs,A no further action disposal,,
Person search,2018-05-05T23:00:00+00:00,,,51.506876,-3.132707,Male,18-24,Asian/Asian British - Any other Asian background,Asian,Misuse of Drugs Act 1971 (section 23),Controlled drugs,A no further action disposal,,
Person search,2018-05-05T23:00:00+00:00,,,51.464607,-3.182534,Male,18-24,Asian/Asian British - Any other Asian background,Asian,Misuse of Drugs Act 1971 (section 23),Controlled drugs,A no further action disposal,,
Person search,2018-05-06T19:00:00+00:00,,,51.582113,-2.992315,Male,10-17,,,Misuse of Drugs Act 1971 (section 23),,,,
Person search,2018-05-06T20:00:00+00:00,,,,,Male,25-34,White - English/Welsh/Scottish/Northern Irish/British,White,Misuse of Drugs Act 1971 (section 23),Controlled drugs,A no further action disposal,,
Person search,2018-05-06T20:00:00+00:00,,,51.574745,-3.010697,Male,25-34,White - English/Welsh/Scottish/Northern Irish/British,White,Misuse of Drugs Act 1971 (section 23),Controlled drugs,A no further action disposal,,
Person search,2018-05-06T20:00:00+00:00,,,51.553445,-3.048490,Male,18-24,White - English/Welsh/Scottish/Northern Irish/British,White,Misuse of Drugs Act 1971 (section 23),Controlled drugs,A no further action disposal,,
Person search,2018-05-06T20:00:00+00:00,,,,,Male,25-34,White - English/Welsh/Scottish/Northern Irish/British,White,Misuse of Drugs Act 1971 (section 23),Controlled drugs,A no further action disposal,,
Person search,2018-05-06T20:00:00+00:00,,,,,Male,25-34,White - English/Welsh/Scottish/Northern Irish/British,White,Misuse of Drugs Act 1971 (section 23),Controlled drugs,A no further action disposal,,
Person search,2018-05-06T22:00:00+00:00,,,51.481327,-3.160602,Male,25-34,,,Police and Criminal Evidence Act 1984 (section 1),Stolen goods,A no further action disposal,,
Person search,2018-05-06T22:00:00+00:00,,,51.481327,-3.160602,Male,25-34,,,Police and Criminal Evidence Act 1984 (section 1),Stolen goods,,,
Person search,2018-05-06T22:00:00+00:00,,,51.481327,-3.160602,Male,25-34,,,Police and Criminal Evidence Act 1984 (section 1),Stolen goods,A no further action disposal,,
Person search,2018-05-08T02:00:00+00:00,,,51.589969,-2.995820,Male,over 34,White - English/Welsh/Scottish/Northern Irish/British,White,Police and Criminal Evidence Act 1984 (section 1),,A no further action disposal,,
Person search,2018-05-08T23:00:00+00:00,,,51.591929,-3.198759,Male,18-24,White - English/Welsh/Scottish/Northern Irish/British,White,Misuse of Drugs Act 1971 (section 23),Controlled drugs,A no further action disposal,,
Person search,2018-05-09T12:00:00+00:00,,,51.821953,-3.024709,Male,10-17,,,Misuse of Drugs Act 1971 (section 23),,,,
Person search,2018-05-09T16:00:00+00:00,,,51.611845,-3.028274,Male,10-17,White - English/Welsh/Scottish/Northern Irish/British,White,Misuse of Drugs Act 1971 (section 23),Controlled drugs,A no further action disposal,,
Person search,2018-05-09T17:00:00+00:00,,,51.580353,-2.985681,Male,18-24,White - English/Welsh/Scottish/Northern Irish/British,White,Misuse of Drugs Act 1971 (section 23),Controlled drugs,A no further action disposal,,
Person search,2018-05-10T20:00:00+00:00,,,51.611845,-3.028274,Male,18-24,White - English/Welsh/Scottish/Northern Irish/British,White,Misuse of Drugs Act 1971 (section 23),Controlled drugs,A no further action disposal,,
Person search,2018-05-11T15:00:00+00:00,,,51.591438,-2.984795,Male,25-34,Black/African/Caribbean/Black British - Caribbean,Black,Firearms Act 1968 (section 47),Firearms,,,
Person search,2018-05-11T22:00:00+00:00,,,51.649968,-3.198121,Male,25-34,White - English/Welsh/Scottish/Northern Irish/British,White,Misuse of Drugs Act 1971 (section 23),Controlled drugs,,,
Person search,2018-05-12T10:00:00+00:00,,,51.588274,-2.997443,Male,10-17,,,Misuse of Drugs Act 1971 (section 23),,A no further action disposal,,
Person search,2018-05-13T13:00:00+00:00,,,51.506876,-3.132707,Male,25-34,White - English/Welsh/Scottish/Northern Irish/British,White,Misuse of Drugs Act 1971 (section 23),Controlled drugs,Summons / charged by post,,
Person search,2018-05-13T21:00:00+00:00,,,51.466821,-3.183239,Male,18-24,Asian/Asian British - Any other Asian background,Asian,Misuse of Drugs Act 1971 (section 23),Controlled drugs,,,
Person search,2018-05-15T17:00:00+00:00,,,51.604225,-2.988956,Male,10-17,White - English/Welsh/Scottish/Northern Irish/British,White,Misuse of Drugs Act 1971 (section 23),Controlled drugs,A no further action disposal,,
Person search,2018-05-15T17:00:00+00:00,,,51.604225,-2.988956,Male,10-17,White - English/Welsh/Scottish/Northern Irish/British,White,Misuse of Drugs Act 1971 (section 23),Controlled drugs,A no further action disposal,,
Person search,2018-05-15T20:00:00+00:00,,,51.582263,-2.972285,Male,18-24,Other ethnic group - Not stated,,Misuse of Drugs Act 1971 (section 23),Controlled drugs,A no further action disposal,,
Person search,2018-05-16T21:00:00+00:00,,,51.821592,-3.022771,Male,10-17,,,Police and Criminal Evidence Act 1984 (section 1),Article for use in theft,,,
Person search,2018-05-18T14:00:00+00:00,,,51.582113,-2.992315,Male,over 34,,,Misuse of Drugs Act 1971 (section 23),,,,
Person search,2018-05-19T18:00:00+00:00,,,51.570565,-2.989451,Male,10-17,,,Misuse of Drugs Act 1971 (section 23),,A no further action disposal,,
Person search,2018-05-20T01:00:00+00:00,,,51.478931,-3.160988,Male,over 34,White - English/Welsh/Scottish/Northern Irish/British,White,Firearms Act 1968 (section 47),Firearms,A no further action disposal,,
Person search,2018-05-20T02:00:00+00:00,,,51.581074,-2.990849,Male,,Other ethnic group - Not stated,,Police and Criminal Evidence Act 1984 (section 1),,A no further action disposal,,
Person search,2018-05-20T03:00:00+00:00,,,51.606415,-3.099559,Male,25-34,Black/African/Caribbean/Black British - African,Black,Police and Criminal Evidence Act 1984 (section 1),,,,
Person search,2018-05-20T14:00:00+00:00,,,51.477446,-3.203919,Male,over 34,Other ethnic group - Not stated,,Police and Criminal Evidence Act 1984 (section 1),,,,
Person search,2018-05-20T20:00:00+00:00,,,,,Male,over 34,White - English/Welsh/Scottish/Northern Irish/British,White,Misuse of Drugs Act 1971 (section 23),Controlled drugs,A no further action disposal,,
Person search,2018-05-20T20:00:00+00:00,,,,,Male,over 34,White - English/Welsh/Scottish/Northern Irish/British,White,Misuse of Drugs Act 1971 (section 23),Controlled drugs,A no further action disposal,,
Person search,2018-05-20T20:00:00+00:00,,,,,Male,over 34,White - English/Welsh/Scottish/Northern Irish/British,White,Misuse of Drugs Act 1971 (section 23),Controlled drugs,A no further action disposal,,
Person search,2018-05-20T20:00:00+00:00,,,,,Male,over 34,White - English/Welsh/Scottish/Northern Irish/British,White,Misuse of Drugs Act 1971 (section 23),Controlled drugs,A no further action disposal,,
Person search,2018-05-20T20:00:00+00:00,,,,,Male,over 34,White - English/Welsh/Scottish/Northern Irish/British,White,Misuse of Drugs Act 1971 (section 23),Controlled drugs,A no further action disposal,,
Person search,2018-05-20T20:00:00+00:00,,,,,Male,over 34,White - English/Welsh/Scottish/Northern Irish/British,White,Misuse of Drugs Act 1971 (section 23),Controlled drugs,A no further action disposal,,
Person search,2018-05-20T20:00:00+00:00,,,,,Male,over 34,White - English/Welsh/Scottish/Northern Irish/British,White,Misuse of Drugs Act 1971 (section 23),Controlled drugs,A no further action disposal,,
Person search,2018-05-20T20:00:00+00:00,,,51.777986,-3.201249,Male,over 34,White - English/Welsh/Scottish/Northern Irish/British,White,Misuse of Drugs Act 1971 (section 23),Controlled drugs,A no further action disposal,,
Person search,2018-05-22T01:00:00+00:00,,,51.697986,-3.046388,Male,25-34,White - English/Welsh/Scottish/Northern Irish/British,White,Police and Criminal Evidence Act 1984 (section 1),Stolen goods,A no further action disposal,,
Person search,2018-05-22T11:00:00+00:00,,,51.590257,-2.999017,Male,25-34,,,Misuse of Drugs Act 1971 (section 23),,,,
Person search,2018-05-22T11:00:00+00:00,,,51.590257,-2.999017,Male,over 34,White - English/Welsh/Scottish/Northern Irish/British,White,Misuse of Drugs Act 1971 (section 23),Controlled drugs,A no further action disposal,,
Person search,2018-05-22T12:00:00+00:00,,,51.581124,-2.952171,Male,10-17,White - English/Welsh/Scottish/Northern Irish/British,White,Police and Criminal Evidence Act 1984 (section 1),,A no further action disposal,,
Person search,2018-05-22T19:00:00+00:00,,,51.588274,-2.997443,Male,10-17,,,Misuse of Drugs Act 1971 (section 23),,,,
Person search,2018-05-22T20:00:00+00:00,,,51.594859,-2.998208,Male,25-34,Mixed/Multiple ethnic groups - Any other Mixed/Multiple ethnic background,,Misuse of Drugs Act 1971 (section 23),,A no further action disposal,,
Person search,2018-05-22T20:00:00+00:00,,,,,Male,25-34,Mixed/Multiple ethnic groups - Any other Mixed/Multiple ethnic background,,Misuse of Drugs Act 1971 (section 23),,A no further action disposal,,
Person search,2018-05-22T20:00:00+00:00,,,,,Male,25-34,Mixed/Multiple ethnic groups - Any other Mixed/Multiple ethnic background,,Misuse of Drugs Act 1971 (section 23),,A no further action disposal,,
Person search,2018-05-22T20:00:00+00:00,,,,,Male,25-34,Mixed/Multiple ethnic groups - Any other Mixed/Multiple ethnic background,,Misuse of Drugs Act 1971 (section 23),,A no further action disposal,,
Person search,2018-05-22T20:00:00+00:00,,,,,Male,25-34,Mixed/Multiple ethnic groups - Any other Mixed/Multiple ethnic background,,Misuse of Drugs Act 1971 (section 23),,A no further action disposal,,
Person search,2018-05-22T20:00:00+00:00,,,,,Male,25-34,Mixed/Multiple ethnic groups - Any other Mixed/Multiple ethnic background,,Misuse of Drugs Act 1971 (section 23),,A no further action disposal,,
Person search,2018-05-22T20:00:00+00:00,,,,,Male,25-34,Mixed/Multiple ethnic groups - Any other Mixed/Multiple ethnic background,,Misuse of Drugs Act 1971 (section 23),,A no further action disposal,,
Person search,2018-05-22T20:00:00+00:00,,,51.594859,-2.998208,Male,25-34,Mixed/Multiple ethnic groups - Any other Mixed/Multiple ethnic background,,Misuse of Drugs Act 1971 (section 23),,A no further action disposal,,
Person search,2018-05-22T20:00:00+00:00,,,51.594859,-2.998208,Male,25-34,Mixed/Multiple ethnic groups - Any other Mixed/Multiple ethnic background,,Misuse of Drugs Act 1971 (section 23),,A no further action disposal,,
Person search,2018-05-23T16:00:00+00:00,,,51.588698,-2.997250,Female,10-17,White - English/Welsh/Scottish/Northern Irish/British,White,Misuse of Drugs Act 1971 (section 23),,A no further action disposal,,
Person search,2018-05-23T16:00:00+00:00,,,51.588698,-2.997250,Female,10-17,,,Misuse of Drugs Act 1971 (section 23),,A no further action disposal,,
Person search,2018-05-24T20:00:00+00:00,,,51.587530,-2.939459,Male,10-17,Other ethnic group - Not stated,,Misuse of Drugs Act 1971 (section 23),Controlled drugs,A no further action disposal,,
Person search,2018-05-24T20:00:00+00:00,,,51.586312,-2.944485,Male,25-34,Other ethnic group - Not stated,,Misuse of Drugs Act 1971 (section 23),Controlled drugs,A no further action disposal,,
Person search,2018-05-24T23:00:00+00:00,,,51.652760,-3.048179,Male,18-24,White - English/Welsh/Scottish/Northern Irish/British,White,Police and Criminal Evidence Act 1984 (section 1),,A no further action disposal,,
Person search,2018-05-25T00:00:00+00:00,,,51.563685,-3.017030,Male,10-17,White - English/Welsh/Scottish/Northern Irish/British,White,,,A no further action disposal,,
Person search,2018-05-25T19:00:00+00:00,,,51.634128,-2.676266,Male,10-17,White - English/Welsh/Scottish/Northern Irish/British,White,Misuse of Drugs Act 1971 (section 23),Controlled drugs,A no further action disposal,,
Person search,2018-05-25T19:00:00+00:00,,,51.634128,-2.676266,Male,10-17,White - English/Welsh/Scottish/Northern Irish/British,White,Misuse of Drugs Act 1971 (section 23),Controlled drugs,,,
Person search,2018-05-27T00:00:00+00:00,,,51.588274,-2.997443,Male,25-34,White - English/Welsh/Scottish/Northern Irish/British,White,Police and Criminal Evidence Act 1984 (section 1),,A no further action disposal,,
Person search,2018-05-27T17:00:00+00:00,,,51.608525,-2.951705,Male,10-17,,,Misuse of Drugs Act 1971 (section 23),,A no further action disposal,,
Person search,2018-05-27T23:00:00+00:00,,,51.573138,-3.223877,Male,18-24,,,Police and Criminal Evidence Act 1984 (section 1),Article for use in theft,,,
Person search,2018-05-27T23:00:00+00:00,,,51.573138,-3.223877,Male,18-24,White - English/Welsh/Scottish/Northern Irish/British,White,Police and Criminal Evidence Act 1984 (section 1),Article for use in theft,A no further action disposal,,
Person search,2018-05-28T02:00:00+00:00,,,51.573138,-3.223877,Male,25-34,,,Police and Criminal Evidence Act 1984 (section 1),Article for use in theft,,,
Person search,2018-05-28T10:00:00+00:00,,,51.747680,-3.281665,Male,25-34,White - English/Welsh/Scottish/Northern Irish/British,White,Police and Criminal Evidence Act 1984 (section 1),Article for use in theft,A no further action disposal,,
Person search,2018-05-28T16:00:00+00:00,,,51.634172,-2.679604,Male,18-24,,,Misuse of Drugs Act 1971 (section 23),,,,
Person search,2018-05-28T23:00:00+00:00,,,51.582113,-2.992315,Female,25-34,White - Irish,White,Police and Criminal Evidence Act 1984 (section 1),,A no further action disposal,,
Person search,2018-05-29T19:00:00+00:00,,,51.486174,-3.137609,Male,18-24,White - English/Welsh/Scottish/Northern Irish/British,White,Firearms Act 1968 (section 47),Firearms,,,
Person search,2018-05-30T12:00:00+00:00,,,51.591136,-2.982204,Male,18-24,White - English/Welsh/Scottish/Northern Irish/British,White,Misuse of Drugs Act 1971 (section 23),,A no further action disposal,,
Person search,2018-05-30T12:00:00+00:00,,,51.591136,-2.982204,Male,18-24,White - English/Welsh/Scottish/Northern Irish/British,White,Misuse of Drugs Act 1971 (section 23),Controlled drugs,,,
Person search,2018-05-31T01:00:00+00:00,,,51.587567,-2.997067,Male,10-17,Mixed/Multiple ethnic groups - White and Asian,,Police and Criminal Evidence Act 1984 (section 1),,A no further action disposal,,
Person search,2018-05-31T01:00:00+00:00,,,,,Male,25-34,White - English/Welsh/Scottish/Northern Irish/British,White,Police and Criminal Evidence Act 1984 (section 1),Offensive weapons,A no further action disposal,,
Person search,2018-05-31T01:00:00+00:00,,,51.587567,-2.997067,Male,10-17,White - English/Welsh/Scottish/Northern Irish/British,White,Police and Criminal Evidence Act 1984 (section 1),,A no further action disposal,,
Person search,2018-05-31T12:00:00+00:00,,,51.588779,-2.995231,Male,10-17,White - English/Welsh/Scottish/Northern Irish/British,White,Misuse of Drugs Act 1971 (section 23),Controlled drugs,A no further action disposal,,
Person search,2018-05-31T14:00:00+00:00,,,51.590529,-2.997651,Male,10-17,White - English/Welsh/Scottish/Northern Irish/British,White,Misuse of Drugs Act 1971 (section 23),Controlled drugs,A no further action disposal,,
