Type,Date,Part of a policing operation,Policing operation,Latitude,Longitude,Gender,Age range,Self-defined ethnicity,Officer-defined ethnicity,Legislation,Object of search,Outcome,Outcome linked to object of search,Removal of more than just outer clothing
Person search,2018-12-01T00:13:33+00:00,False,,52.252301,0.715430,Male,18-24,Other ethnic group - Arab,Black,Misuse of Drugs Act 1971 (section 23),Controlled drugs,A no further action disposal,True,False
Person search,2018-12-01T00:37:50+00:00,False,,52.246903,0.711218,Male,18-24,White - English/Welsh/Scottish/Northern Irish/British,White,Misuse of Drugs Act 1971 (section 23),Controlled drugs,Community resolution,False,False
Person search,2018-12-01T18:53:06+00:00,False,,52.179208,0.998201,Male,over 34,Other ethnic group - Not stated,White,Misuse of Drugs Act 1971 (section 23),Controlled drugs,A no further action disposal,False,False
Person search,2018-12-01T21:10:36+00:00,True,,52.049896,1.154588,Male,18-24,White - Any other White background,White,Police and Criminal Evidence Act 1984 (section 1),Stolen goods,A no further action disposal,False,False
Person search,2018-12-01T21:18:22+00:00,False,,52.049170,1.155500,Male,18-24,Mixed/Multiple ethnic groups - Any other Mixed/Multiple ethnic background,Mixed,Police and Criminal Evidence Act 1984 (section 1),Article for use in theft,A no further action disposal,False,False
Person search,2018-12-01T21:26:21+00:00,False,,52.315838,1.203828,Male,25-34,White - English/Welsh/Scottish/Northern Irish/British,White,Misuse of Drugs Act 1971 (section 23),Controlled drugs,A no further action disposal,False,False
Person search,2018-12-01T22:02:17+00:00,False,,51.955045,1.337470,Male,over 34,Other ethnic group - Any other ethnic group,White,Misuse of Drugs Act 1971 (section 23),Controlled drugs,A no further action disposal,False,False
Person search,2018-12-01T22:05:22+00:00,True,,52.061170,1.143331,Female,10-17,White - Any other White background,Black,Police and Criminal Evidence Act 1984 (section 1),Article for use in theft,A no further action disposal,False,False
Person search,2018-12-01T22:10:00+00:00,False,,52.046800,0.957512,Male,10-17,White - English/Welsh/Scottish/Northern Irish/British,White,Police and Criminal Evidence Act 1984 (section 1),Stolen goods,A no further action disposal,False,False
Person search,2018-12-01T23:05:41+00:00,False,,52.057372,1.139358,Other,18-24,White - Any other White background,White,Police and Criminal Evidence Act 1984 (section 1),Stolen goods,Caution (simple or conditional),True,False
Person search,2018-12-02T01:15:00+00:00,False,,52.038614,0.731971,Male,25-34,White - English/Welsh/Scottish/Northern Irish/British,White,Misuse of Drugs Act 1971 (section 23),Controlled drugs,A no further action disposal,True,False
Person search,2018-12-02T01:57:00+00:00,False,,52.465942,1.722211,Male,18-24,Other ethnic group - Not stated,Black,Misuse of Drugs Act 1971 (section 23),Controlled drugs,A no further action disposal,False,False
Person search,2018-12-02T14:10:00+00:00,False,,52.465942,1.722211,Male,18-24,White - English/Welsh/Scottish/Northern Irish/British,White,Misuse of Drugs Act 1971 (section 23),Controlled drugs,Community resolution,True,False
Person search,2018-12-02T20:08:54+00:00,False,,52.174690,0.998336,Male,over 34,White - English/Welsh/Scottish/Northern Irish/British,White,Misuse of Drugs Act 1971 (section 23),Controlled drugs,A no further action disposal,False,False
Person search,2018-12-02T23:19:29+00:00,False,,52.050158,1.140063,Male,10-17,Other ethnic group - Not stated,White,Misuse of Drugs Act 1971 (section 23),Controlled drugs,A no further action disposal,False,False
Person search,2018-12-02T23:19:29+00:00,False,,52.050158,1.140063,Male,10-17,White - Any other White background,White,Misuse of Drugs Act 1971 (section 23),Controlled drugs,A no further action disposal,False,False
Person search,2018-12-03T13:35:49+00:00,False,,52.047865,1.152855,Male,25-34,White - English/Welsh/Scottish/Northern Irish/British,White,Misuse of Drugs Act 1971 (section 23),Controlled drugs,Khat or Cannabis warning,True,False
Person search,2018-12-03T16:30:00+00:00,False,,52.036528,1.205651,Male,over 34,White - English/Welsh/Scottish/Northern Irish/British,White,Police and Criminal Evidence Act 1984 (section 1),Stolen goods,A no further action disposal,True,False
Person search,2018-12-03T18:01:10+00:00,False,,52.344322,0.511118,Male,over 34,White - Any other White background,White,Misuse of Drugs Act 1971 (section 23),Controlled drugs,Khat or Cannabis warning,True,False
Person search,2018-12-04T00:10:00+00:00,False,,52.081566,0.425854,Male,10-17,White - English/Welsh/Scottish/Northern Irish/British,White,Misuse of Drugs Act 1971 (section 23),Controlled drugs,Community resolution,True,False
Person search,2018-12-04T00:32:11+00:00,False,,52.077772,0.431501,Male,10-17,White - English/Welsh/Scottish/Northern Irish/British,White,Misuse of Drugs Act 1971 (section 23),Controlled drugs,A no further action disposal,False,True
Person search,2018-12-04T10:13:49+00:00,False,,52.037668,1.123743,Male,over 34,Asian/Asian British - Any other Asian background,Asian,Police and Criminal Evidence Act 1984 (section 1),Stolen goods,A no further action disposal,False,False
Person search,2018-12-04T15:34:22+00:00,False,,52.253264,0.814046,Male,10-17,Other ethnic group - Not stated,White,Misuse of Drugs Act 1971 (section 23),Controlled drugs,Community resolution,True,False
Person search,2018-12-04T15:34:22+00:00,False,,52.253264,0.814046,Male,10-17,Other ethnic group - Not stated,White,Misuse of Drugs Act 1971 (section 23),Controlled drugs,A no further action disposal,False,False
Person search,2018-12-04T18:20:42+00:00,False,,52.049459,1.154470,Male,18-24,White - Any other White background,White,Misuse of Drugs Act 1971 (section 23),Psychoactive substances,A no further action disposal,False,False
Person search,2018-12-04T18:20:42+00:00,False,,52.049459,1.154470,Male,10-17,White - Any other White background,White,Misuse of Drugs Act 1971 (section 23),Psychoactive substances,A no further action disposal,False,False
Person search,2018-12-04T18:33:46+00:00,False,,52.049688,1.155288,Male,18-24,Other ethnic group - Any other ethnic group,Other,Misuse of Drugs Act 1971 (section 23),Controlled drugs,Khat or Cannabis warning,True,False
Person search,2018-12-05T23:40:25+00:00,False,,52.136974,0.510659,Male,over 34,White - English/Welsh/Scottish/Northern Irish/British,White,Misuse of Drugs Act 1971 (section 23),Controlled drugs,A no further action disposal,False,False
Person search,2018-12-05T23:40:25+00:00,False,,52.136974,0.510659,Female,25-34,White - English/Welsh/Scottish/Northern Irish/British,White,Misuse of Drugs Act 1971 (section 23),Controlled drugs,A no further action disposal,False,False
Person search,2018-12-06T10:40:18+00:00,False,,52.055458,1.158817,Male,18-24,White - English/Welsh/Scottish/Northern Irish/British,White,Police and Criminal Evidence Act 1984 (section 1),Offensive weapons,Arrest,False,False
Person search,2018-12-06T19:34:13+00:00,False,,52.057621,1.156285,Male,over 34,Black/African/Caribbean/Black British - Any other Black/African/Caribbean background,Black,Police and Criminal Evidence Act 1984 (section 1),Stolen goods,Community resolution,False,False
Person search,2018-12-07T00:45:00+00:00,False,,51.970224,1.328390,Male,over 34,Black/African/Caribbean/Black British - Any other Black/African/Caribbean background,Black,Misuse of Drugs Act 1971 (section 23),Controlled drugs,A no further action disposal,False,False
Person search,2018-12-07T13:10:00+00:00,False,,52.236154,0.724990,Male,18-24,Black/African/Caribbean/Black British - Any other Black/African/Caribbean background,Black,Misuse of Drugs Act 1971 (section 23),Controlled drugs,Arrest,True,False
Person search,2018-12-07T13:10:50+00:00,False,,52.238440,0.722171,Male,25-34,White - English/Welsh/Scottish/Northern Irish/British,White,Misuse of Drugs Act 1971 (section 23),Controlled drugs,A no further action disposal,False,False
Person search,2018-12-07T15:53:14+00:00,False,,52.060868,1.142857,Male,25-34,White - Any other White background,,Misuse of Drugs Act 1971 (section 23),Controlled drugs,A no further action disposal,False,False
Person search,2018-12-07T16:00:38+00:00,False,,52.060868,1.142857,Male,18-24,White - Any other White background,White,Misuse of Drugs Act 1971 (section 23),Controlled drugs,A no further action disposal,False,False
Person search,2018-12-07T21:04:00+00:00,False,,52.455756,1.737694,Male,18-24,White - English/Welsh/Scottish/Northern Irish/British,White,Misuse of Drugs Act 1971 (section 23),Controlled drugs,Community resolution,True,False
Person search,2018-12-08T12:25:25+00:00,False,,52.057815,1.149398,Male,25-34,White - Any other White background,White,Police and Criminal Evidence Act 1984 (section 1),Offensive weapons,A no further action disposal,False,False
Person search,2018-12-08T14:31:57+00:00,False,,52.063569,1.140041,Male,over 34,White - English/Welsh/Scottish/Northern Irish/British,White,Misuse of Drugs Act 1971 (section 23),Controlled drugs,A no further action disposal,False,False
Person search,2018-12-08T15:45:00+00:00,False,,52.485496,1.756072,Male,10-17,White - English/Welsh/Scottish/Northern Irish/British,White,Misuse of Drugs Act 1971 (section 23),Controlled drugs,Arrest,False,False
Person search,2018-12-08T22:30:00+00:00,False,,52.244054,0.403258,Male,25-34,White - English/Welsh/Scottish/Northern Irish/British,White,Misuse of Drugs Act 1971 (section 23),Controlled drugs,A no further action disposal,False,False
Person search,2018-12-09T00:29:20+00:00,False,,52.039443,0.732313,Male,18-24,White - English/Welsh/Scottish/Northern Irish/British,White,Misuse of Drugs Act 1971 (section 23),Controlled drugs,A no further action disposal,False,False
Person search,2018-12-09T15:00:00+00:00,False,,52.341716,1.062064,Male,25-34,White - English/Welsh/Scottish/Northern Irish/British,White,Poaching Prevention Act 1862 (section 2),Seals or hunting equipment,Arrest,True,False
Person search,2018-12-09T17:04:08+00:00,False,,52.059367,1.160961,Male,25-34,Other ethnic group - Not stated,White,Misuse of Drugs Act 1971 (section 23),Controlled drugs,Caution (simple or conditional),True,True
Person search,2018-12-09T19:46:10+00:00,False,,52.080361,1.138344,Female,10-17,Other ethnic group - Not stated,White,Misuse of Drugs Act 1971 (section 23),Controlled drugs,A no further action disposal,False,False
Person search,2018-12-09T19:48:07+00:00,False,,52.080361,1.138344,Female,10-17,White - English/Welsh/Scottish/Northern Irish/British,White,Misuse of Drugs Act 1971 (section 23),Controlled drugs,A no further action disposal,False,False
Person search,2018-12-09T20:00:00+00:00,False,,52.196881,0.989673,Male,25-34,Other ethnic group - Not stated,White,Police and Criminal Evidence Act 1984 (section 1),Article for use in theft,A no further action disposal,False,False
Person search,2018-12-10T12:20:00+00:00,False,,52.246903,0.711218,Male,25-34,White - English/Welsh/Scottish/Northern Irish/British,White,Misuse of Drugs Act 1971 (section 23),Controlled drugs,Arrest,True,True
Person search,2018-12-10T12:40:00+00:00,False,,52.246903,0.711218,Male,25-34,White - English/Welsh/Scottish/Northern Irish/British,White,Misuse of Drugs Act 1971 (section 23),Controlled drugs,A no further action disposal,False,True
Person search,2018-12-10T19:59:32+00:00,False,,52.060620,1.145714,Male,25-34,White - English/Welsh/Scottish/Northern Irish/British,White,Police and Criminal Evidence Act 1984 (section 1),Anything to threaten or harm anyone,A no further action disposal,False,False
Person search,2018-12-11T08:40:00+00:00,False,,52.190345,1.004438,Male,18-24,White - English/Welsh/Scottish/Northern Irish/British,White,Misuse of Drugs Act 1971 (section 23),Controlled drugs,Khat or Cannabis warning,True,False
Person search,2018-12-11T11:05:00+00:00,False,,52.247840,0.697825,Male,over 34,White - English/Welsh/Scottish/Northern Irish/British,White,Misuse of Drugs Act 1971 (section 23),Controlled drugs,A no further action disposal,False,True
Person search,2018-12-11T20:28:47+00:00,False,,52.073706,1.129529,Female,25-34,Mixed/Multiple ethnic groups - Any other Mixed/Multiple ethnic background,Mixed,Misuse of Drugs Act 1971 (section 23),Controlled drugs,A no further action disposal,False,False
Person search,2018-12-11T20:30:00+00:00,False,,52.060620,1.145714,Male,18-24,Black/African/Caribbean/Black British - African,Black,Misuse of Drugs Act 1971 (section 23),Controlled drugs,Caution (simple or conditional),True,True
Person search,2018-12-12T02:16:44+00:00,False,,52.055348,1.154856,Male,10-17,White - English/Welsh/Scottish/Northern Irish/British,White,Police and Criminal Evidence Act 1984 (section 1),Article for use in theft,A no further action disposal,False,False
Person search,2018-12-12T02:47:21+00:00,False,,52.051303,0.718406,Male,18-24,Mixed/Multiple ethnic groups - Any other Mixed/Multiple ethnic background,Mixed,Misuse of Drugs Act 1971 (section 23),Controlled drugs,A no further action disposal,False,False
Person search,2018-12-12T02:51:13+00:00,False,,52.051303,0.718406,Female,18-24,White - English/Welsh/Scottish/Northern Irish/British,White,Misuse of Drugs Act 1971 (section 23),Controlled drugs,A no further action disposal,False,False
Person search,2018-12-12T13:00:00+00:00,False,,52.251629,0.706715,Male,over 34,Other ethnic group - Not stated,White,Misuse of Drugs Act 1971 (section 23),Controlled drugs,A no further action disposal,False,True
Person search,2018-12-12T16:01:31+00:00,False,,52.251629,0.706715,Male,18-24,White - Any other White background,White,Misuse of Drugs Act 1971 (section 23),Controlled drugs,Arrest,True,True
Person search,2018-12-14T00:11:41+00:00,False,,52.477445,1.755518,Male,over 34,White - Any other White background,White,Police and Criminal Evidence Act 1984 (section 1),Article for use in theft,Arrest,True,False
Person search,2018-12-14T09:35:07+00:00,False,,52.059365,1.132071,Female,over 34,White - English/Welsh/Scottish/Northern Irish/British,White,Misuse of Drugs Act 1971 (section 23),Psychoactive substances,A no further action disposal,False,False
Person search,2018-12-14T09:41:01+00:00,False,,52.060681,1.135008,Male,over 34,White - English/Welsh/Scottish/Northern Irish/British,White,Misuse of Drugs Act 1971 (section 23),Controlled drugs,A no further action disposal,False,False
Person search,2018-12-14T10:17:54+00:00,False,,52.059365,1.132071,Male,over 34,White - English/Welsh/Scottish/Northern Irish/British,White,Misuse of Drugs Act 1971 (section 23),Controlled drugs,A no further action disposal,False,False
Person search,2018-12-14T10:47:34+00:00,True,,52.059365,1.132071,Female,over 34,White - English/Welsh/Scottish/Northern Irish/British,White,Misuse of Drugs Act 1971 (section 23),Controlled drugs,Arrest,False,False
Person search,2018-12-14T10:47:34+00:00,True,,52.059365,1.132071,Male,25-34,White - English/Welsh/Scottish/Northern Irish/British,White,Misuse of Drugs Act 1971 (section 23),Controlled drugs,A no further action disposal,False,False
Person search,2018-12-14T10:59:50+00:00,False,,52.059365,1.132071,Male,18-24,White - English/Welsh/Scottish/Northern Irish/British,White,Misuse of Drugs Act 1971 (section 23),Controlled drugs,A no further action disposal,False,False
Person search,2018-12-14T11:04:36+00:00,False,,52.059365,1.132071,Male,25-34,White - English/Welsh/Scottish/Northern Irish/British,White,Misuse of Drugs Act 1971 (section 23),Controlled drugs,A no further action disposal,False,False
Person search,2018-12-14T14:58:12+00:00,False,,52.058441,1.135012,Male,18-24,White - English/Welsh/Scottish/Northern Irish/British,White,Misuse of Drugs Act 1971 (section 23),Controlled drugs,Community resolution,False,False
Person search,2018-12-14T23:25:00+00:00,False,,52.192608,0.990059,Male,18-24,White - Any other White background,White,Police and Criminal Evidence Act 1984 (section 1),Offensive weapons,Arrest,True,False
Person search,2018-12-15T04:15:00+00:00,False,,52.489904,1.754075,Male,18-24,White - English/Welsh/Scottish/Northern Irish/British,White,Police and Criminal Evidence Act 1984 (section 1),Anything to threaten or harm anyone,A no further action disposal,False,False
Person search,2018-12-15T21:45:00+00:00,False,,52.060259,1.193898,Male,18-24,Black/African/Caribbean/Black British - Caribbean,Black,Misuse of Drugs Act 1971 (section 23),Controlled drugs,Khat or Cannabis warning,False,True
Person search,2018-12-15T23:50:00+00:00,False,,52.303829,0.826921,Male,25-34,White - English/Welsh/Scottish/Northern Irish/British,White,Misuse of Drugs Act 1971 (section 23),Controlled drugs,A no further action disposal,False,False
Person search,2018-12-15T23:50:00+00:00,False,,52.303829,0.826921,Female,18-24,White - English/Welsh/Scottish/Northern Irish/British,White,Misuse of Drugs Act 1971 (section 23),Controlled drugs,Arrest,True,False
Person search,2018-12-16T13:43:19+00:00,False,,52.057596,1.162601,Female,25-34,White - Any other White background,White,Misuse of Drugs Act 1971 (section 23),Controlled drugs,A no further action disposal,False,True
Person search,2018-12-16T21:59:26+00:00,False,,52.050723,1.144201,Male,25-34,Black/African/Caribbean/Black British - Any other Black/African/Caribbean background,Mixed,Misuse of Drugs Act 1971 (section 23),Controlled drugs,A no further action disposal,False,False
Person search,2018-12-16T23:05:37+00:00,False,,52.050723,1.144201,Male,25-34,Asian/Asian British - Any other Asian background,Asian,Misuse of Drugs Act 1971 (section 23),Controlled drugs,A no further action disposal,False,False
Person search,2018-12-17T13:20:00+00:00,False,,52.255960,0.700208,Male,10-17,White - English/Welsh/Scottish/Northern Irish/British,White,Police and Criminal Evidence Act 1984 (section 1),Offensive weapons,A no further action disposal,True,False
Person search,2018-12-17T13:20:00+00:00,False,,52.255960,0.700208,Male,10-17,White - English/Welsh/Scottish/Northern Irish/British,White,Police and Criminal Evidence Act 1984 (section 1),Offensive weapons,A no further action disposal,True,False
Person search,2018-12-17T14:50:00+00:00,False,,52.479231,1.756480,Male,25-34,White - English/Welsh/Scottish/Northern Irish/British,White,Misuse of Drugs Act 1971 (section 23),Controlled drugs,Summons / charged by post,True,True
Person search,2018-12-18T13:50:00+00:00,False,,52.475308,1.753111,Male,18-24,White - English/Welsh/Scottish/Northern Irish/British,White,Misuse of Drugs Act 1971 (section 23),Controlled drugs,Arrest,True,True
Person search,2018-12-18T13:50:00+00:00,False,,52.475308,1.753111,Female,18-24,White - English/Welsh/Scottish/Northern Irish/British,White,Misuse of Drugs Act 1971 (section 23),Controlled drugs,Arrest,False,True
Person search,2018-12-19T11:19:40+00:00,False,,52.213907,1.490395,Male,25-34,White - Any other White background,Other,Police and Criminal Evidence Act 1984 (section 1),Article for use in theft,A no further action disposal,False,False
Person search,2018-12-19T11:28:35+00:00,False,,52.213907,1.490395,Male,25-34,White - Any other White background,White,Police and Criminal Evidence Act 1984 (section 1),Article for use in theft,A no further action disposal,False,False
Person search,2018-12-19T12:50:00+00:00,False,,52.261870,0.704026,Male,10-17,White - English/Welsh/Scottish/Northern Irish/British,White,Misuse of Drugs Act 1971 (section 23),Controlled drugs,Summons / charged by post,False,True
Person search,2018-12-21T19:15:30+00:00,False,,52.035762,1.188475,Male,10-17,Asian/Asian British - Indian,Asian,Police and Criminal Evidence Act 1984 (section 1),Offensive weapons,A no further action disposal,False,False
Person search,2018-12-21T23:12:00+00:00,False,,52.066227,1.274266,Male,18-24,White - English/Welsh/Scottish/Northern Irish/British,White,Misuse of Drugs Act 1971 (section 23),Controlled drugs,Arrest,True,False
Person search,2018-12-21T23:12:00+00:00,False,,52.066033,1.277346,Male,18-24,White - English/Welsh/Scottish/Northern Irish/British,White,Misuse of Drugs Act 1971 (section 23),Controlled drugs,A no further action disposal,True,False
Person search,2018-12-22T14:52:00+00:00,False,,52.163215,1.037649,Male,18-24,Black/African/Caribbean/Black British - African,Black,Misuse of Drugs Act 1971 (section 23),Controlled drugs,A no further action disposal,False,True
Person search,2018-12-22T18:55:00+00:00,False,,52.035762,1.188475,Male,10-17,White - English/Welsh/Scottish/Northern Irish/British,White,Police and Criminal Evidence Act 1984 (section 1),Offensive weapons,A no further action disposal,False,False
Person search,2018-12-23T04:22:27+00:00,False,,52.246903,0.711218,Male,18-24,White - English/Welsh/Scottish/Northern Irish/British,White,Misuse of Drugs Act 1971 (section 23),Controlled drugs,Arrest,True,False
Person search,2018-12-24T00:56:00+00:00,False,,52.206620,1.579818,Male,25-34,Other ethnic group - Not stated,White,Police and Criminal Evidence Act 1984 (section 1),Article for use in theft,A no further action disposal,False,False
Person search,2018-12-24T01:23:00+00:00,False,,52.247563,0.704797,Male,25-34,Other ethnic group - Not stated,White,Police and Criminal Evidence Act 1984 (section 1),Article for use in theft,Arrest,False,False
Person search,2018-12-24T02:00:20+00:00,False,,52.086373,1.111042,Male,18-24,Other ethnic group - Any other ethnic group,Other,Police and Criminal Evidence Act 1984 (section 1),Evidence of offences under the Act,A no further action disposal,False,False
Person search,2018-12-24T13:00:00+00:00,False,,52.176574,0.988603,Male,25-34,White - English/Welsh/Scottish/Northern Irish/British,White,Misuse of Drugs Act 1971 (section 23),Controlled drugs,Khat or Cannabis warning,False,False
Person search,2018-12-24T13:00:00+00:00,False,,52.176574,0.988603,Male,25-34,Other ethnic group - Not stated,White,Misuse of Drugs Act 1971 (section 23),Controlled drugs,A no further action disposal,False,False
Person search,2018-12-25T03:40:00+00:00,False,,51.957698,1.340025,Male,18-24,Asian/Asian British - Any other Asian background,Asian,Misuse of Drugs Act 1971 (section 23),Controlled drugs,A no further action disposal,False,False
Person search,2018-12-26T23:59:04+00:00,False,,52.050115,1.203123,Male,18-24,White - English/Welsh/Scottish/Northern Irish/British,White,Misuse of Drugs Act 1971 (section 23),Controlled drugs,Khat or Cannabis warning,True,False
Person search,2018-12-27T14:55:00+00:00,False,,52.260060,0.397543,Male,25-34,White - Gypsy or Irish Traveller,White,Firearms Act 1968 (section 47),Firearms,A no further action disposal,False,False
Person search,2018-12-27T15:00:00+00:00,False,,52.275037,0.709094,Male,over 34,White - English/Welsh/Scottish/Northern Irish/British,White,Misuse of Drugs Act 1971 (section 23),Controlled drugs,Arrest,True,False
Person search,2018-12-27T15:00:00+00:00,False,,52.275037,0.709094,Female,18-24,White - English/Welsh/Scottish/Northern Irish/British,White,Misuse of Drugs Act 1971 (section 23),Controlled drugs,Arrest,True,False
Person search,2018-12-27T15:00:00+00:00,False,,52.275037,0.709094,Male,18-24,White - English/Welsh/Scottish/Northern Irish/British,White,Misuse of Drugs Act 1971 (section 23),Controlled drugs,Arrest,True,False
Person search,2018-12-28T14:30:00+00:00,False,,52.041949,0.733968,Male,over 34,White - English/Welsh/Scottish/Northern Irish/British,White,Misuse of Drugs Act 1971 (section 23),Controlled drugs,A no further action disposal,False,False
Person search,2018-12-28T18:48:46+00:00,False,,52.082601,0.440185,Male,10-17,White - English/Welsh/Scottish/Northern Irish/British,White,Misuse of Drugs Act 1971 (section 23),Controlled drugs,A no further action disposal,True,False
Person search,2018-12-28T22:30:00+00:00,False,,52.251756,0.692495,Male,25-34,White - English/Welsh/Scottish/Northern Irish/British,Black,Misuse of Drugs Act 1971 (section 23),Controlled drugs,Arrest,True,False
Person search,2018-12-29T10:20:00+00:00,False,,52.060586,1.143640,Male,18-24,White - English/Welsh/Scottish/Northern Irish/British,White,Police and Criminal Evidence Act 1984 (section 1),Anything to threaten or harm anyone,A no further action disposal,False,False
Person search,2018-12-29T13:40:00+00:00,False,,52.082412,1.127481,Male,18-24,White - English/Welsh/Scottish/Northern Irish/British,White,Police and Criminal Evidence Act 1984 (section 1),Offensive weapons,Arrest,True,False
Person search,2018-12-30T01:30:00+00:00,False,,52.240414,1.488872,Male,25-34,White - English/Welsh/Scottish/Northern Irish/British,White,Misuse of Drugs Act 1971 (section 23),Controlled drugs,Khat or Cannabis warning,True,False
Person search,2018-12-30T04:40:00+00:00,False,,52.072723,1.210492,Male,over 34,Other ethnic group - Not stated,Mixed,Misuse of Drugs Act 1971 (section 23),Controlled drugs,A no further action disposal,False,True
Person search,2018-12-30T12:57:00+00:00,False,,52.270462,0.728502,Male,10-17,Other ethnic group - Not stated,Black,Police and Criminal Evidence Act 1984 (section 1),Article for use in theft,A no further action disposal,False,False
Person search,2018-12-30T12:57:00+00:00,False,,52.270462,0.728502,Male,10-17,Other ethnic group - Not stated,Mixed,Police and Criminal Evidence Act 1984 (section 1),Article for use in theft,A no further action disposal,False,False
Person search,2018-12-30T12:57:00+00:00,False,,52.270462,0.728502,Male,10-17,Other ethnic group - Not stated,White,Police and Criminal Evidence Act 1984 (section 1),Article for use in theft,A no further action disposal,False,False
Person search,2018-12-31T00:27:06+00:00,False,,52.041993,0.753338,Male,25-34,White - English/Welsh/Scottish/Northern Irish/British,White,Police and Criminal Evidence Act 1984 (section 1),Offensive weapons,A no further action disposal,False,False
Person search,2018-12-31T04:30:00+00:00,False,,52.030502,1.257742,Male,over 34,White - English/Welsh/Scottish/Northern Irish/British,White,Misuse of Drugs Act 1971 (section 23),Controlled drugs,Khat or Cannabis warning,True,False
Person search,2018-12-31T15:30:00+00:00,False,,52.452299,0.624262,Male,over 34,White - English/Welsh/Scottish/Northern Irish/British,White,Police and Criminal Evidence Act 1984 (section 1),Anything to threaten or harm anyone,A no further action disposal,False,False
