Type,Date,Part of a policing operation,Policing operation,Latitude,Longitude,Gender,Age range,Self-defined ethnicity,Officer-defined ethnicity,Legislation,Object of search,Outcome,Outcome linked to object of search,Removal of more than just outer clothing
Person search,2018-08-01T16:08:00+00:00,,,53.771220,-1.165533,,,,White,Misuse of Drugs Act 1971 (section 23),Controlled drugs,A no further action disposal,,
Person search,2018-08-01T16:08:00+00:00,,,53.771220,-1.165533,Male,25-34,White - English/Welsh/Scottish/Northern Irish/British,White,Misuse of Drugs Act 1971 (section 23),Controlled drugs,A no further action disposal,,
Person search,2018-08-02T09:08:00+00:00,,,54.285647,-0.410854,Male,over 34,White - English/Welsh/Scottish/Northern Irish/British,White,Misuse of Drugs Act 1971 (section 23),Controlled drugs,A no further action disposal,,
Person search,2018-08-02T09:08:00+00:00,,,54.285647,-0.410854,Male,over 34,White - English/Welsh/Scottish/Northern Irish/British,White,Misuse of Drugs Act 1971 (section 23),Controlled drugs,A no further action disposal,,
Person search,2018-08-02T10:08:00+00:00,,,54.286792,-0.417953,Male,25-34,White - English/Welsh/Scottish/Northern Irish/British,White,Misuse of Drugs Act 1971 (section 23),Controlled drugs,A no further action disposal,,
Person search,2018-08-02T10:08:00+00:00,,,54.286792,-0.417953,Male,18-24,White - English/Welsh/Scottish/Northern Irish/British,White,Misuse of Drugs Act 1971 (section 23),Controlled drugs,Arrest,True,
Person search,2018-08-02T10:08:00+00:00,,,54.286792,-0.417953,Male,25-34,White - English/Welsh/Scottish/Northern Irish/British,White,Misuse of Drugs Act 1971 (section 23),Controlled drugs,A no further action disposal,,
Person search,2018-08-02T11:08:00+00:00,,,54.245656,-0.779418,Male,over 34,White - English/Welsh/Scottish/Northern Irish/British,White,Misuse of Drugs Act 1971 (section 23),Offensive weapons,A no further action disposal,,
Person search,2018-08-02T13:08:00+00:00,,,54.281215,-0.408106,Male,over 34,White - English/Welsh/Scottish/Northern Irish/British,White,Misuse of Drugs Act 1971 (section 23),Controlled drugs,Arrest,True,
Person search,2018-08-02T14:08:00+00:00,,,53.825556,-0.987114,Male,18-24,White - English/Welsh/Scottish/Northern Irish/British,White,Misuse of Drugs Act 1971 (section 23),,Khat or Cannabis warning,True,
Person search,2018-08-02T14:08:00+00:00,,,53.825556,-0.987114,Male,18-24,,White,Misuse of Drugs Act 1971 (section 23),,A no further action disposal,,
Person search,2018-08-02T14:08:00+00:00,,,53.825556,-0.987114,Male,18-24,White - English/Welsh/Scottish/Northern Irish/British,White,Misuse of Drugs Act 1971 (section 23),,A no further action disposal,,
Person search,2018-08-02T17:08:00+00:00,,,53.943621,-1.119941,Male,18-24,White - English/Welsh/Scottish/Northern Irish/British,White,Misuse of Drugs Act 1971 (section 23),,A no further action disposal,,
Person search,2018-08-03T18:08:00+00:00,,,53.888435,-1.254278,Male,10-17,,White,Misuse of Drugs Act 1971 (section 23),Controlled drugs,A no further action disposal,,
Person search,2018-08-03T18:08:00+00:00,,,53.888435,-1.254278,Male,18-24,White - English/Welsh/Scottish/Northern Irish/British,White,Misuse of Drugs Act 1971 (section 23),Controlled drugs,A no further action disposal,,
Person and Vehicle search,2018-08-03T19:08:00+00:00,,,54.136974,-1.525218,Male,18-24,White - English/Welsh/Scottish/Northern Irish/British,White,Police and Criminal Evidence Act 1984 (section 1),Offensive weapons,A no further action disposal,,
Person and Vehicle search,2018-08-03T19:08:00+00:00,,,53.905627,-1.378602,Male,25-34,,White,Misuse of Drugs Act 1971 (section 23),Controlled drugs,A no further action disposal,,
Person and Vehicle search,2018-08-03T19:08:00+00:00,,,53.905627,-1.378602,Male,25-34,,White,Misuse of Drugs Act 1971 (section 23),Controlled drugs,A no further action disposal,,
Person and Vehicle search,2018-08-03T19:08:00+00:00,,,54.136974,-1.525218,Male,18-24,White - English/Welsh/Scottish/Northern Irish/British,White,Police and Criminal Evidence Act 1984 (section 1),Controlled drugs,A no further action disposal,,
Vehicle search,2018-08-03T21:08:00+00:00,,,53.768958,-0.978842,,over 34,,,Misuse of Drugs Act 1971 (section 23),Controlled drugs,,True,
Person search,2018-08-03T22:08:00+00:00,,,53.704933,-1.155438,Male,10-17,,White,Misuse of Drugs Act 1971 (section 23),,A no further action disposal,,
Person search,2018-08-03T22:08:00+00:00,,,53.704933,-1.155438,Female,10-17,,White,Misuse of Drugs Act 1971 (section 23),,A no further action disposal,,
Person search,2018-08-03T22:08:00+00:00,,,53.704933,-1.155438,Male,10-17,,White,Misuse of Drugs Act 1971 (section 23),,A no further action disposal,,
Person search,2018-08-04T00:08:00+00:00,,,54.283871,-0.400246,Male,18-24,White - English/Welsh/Scottish/Northern Irish/British,White,Misuse of Drugs Act 1971 (section 23),Controlled drugs,Arrest,True,
Person search,2018-08-04T07:08:00+00:00,,,53.969531,-1.085964,Female,over 34,White - English/Welsh/Scottish/Northern Irish/British,White,Misuse of Drugs Act 1971 (section 23),Controlled drugs,A no further action disposal,,
Person search,2018-08-04T12:08:00+00:00,,,53.973421,-1.069261,Male,25-34,White - English/Welsh/Scottish/Northern Irish/British,White,Misuse of Drugs Act 1971 (section 23),Controlled drugs,A no further action disposal,,
Person and Vehicle search,2018-08-04T20:08:00+00:00,,,54.056561,-2.294667,Male,25-34,Asian/Asian British - Pakistani,Asian,Misuse of Drugs Act 1971 (section 23),Controlled drugs,Khat or Cannabis warning,True,
Person search,2018-08-04T21:08:00+00:00,,,54.375928,-1.708969,Male,25-34,White - English/Welsh/Scottish/Northern Irish/British,White,Misuse of Drugs Act 1971 (section 23),Controlled drugs,A no further action disposal,,
Person search,2018-08-05T15:08:00+00:00,,,53.954057,-1.087583,Male,over 34,White - Irish,White,Police and Criminal Evidence Act 1984 (section 1),Offensive weapons,A no further action disposal,,
Person search,2018-08-05T16:08:00+00:00,,,53.959683,-1.080480,Male,over 34,White - English/Welsh/Scottish/Northern Irish/British,White,Misuse of Drugs Act 1971 (section 23),Controlled drugs,A no further action disposal,,
Person and Vehicle search,2018-08-05T20:08:00+00:00,,,53.713501,-1.073022,Male,25-34,White - English/Welsh/Scottish/Northern Irish/British,White,Misuse of Drugs Act 1971 (section 23),Controlled drugs,A no further action disposal,,
Person and Vehicle search,2018-08-05T21:08:00+00:00,,,53.713501,-1.073022,Male,25-34,,,Misuse of Drugs Act 1971 (section 23),Controlled drugs,A no further action disposal,,
Person search,2018-08-06T12:08:00+00:00,,,54.237020,-0.444654,Male,25-34,White - English/Welsh/Scottish/Northern Irish/British,White,Misuse of Drugs Act 1971 (section 23),Controlled drugs,A no further action disposal,,
Person and Vehicle search,2018-08-06T12:08:00+00:00,,,54.275877,-0.416375,Male,18-24,White - English/Welsh/Scottish/Northern Irish/British,White,,Offensive weapons,Arrest,True,
Person search,2018-08-07T08:08:00+00:00,,,53.952743,-1.067466,Female,18-24,White - English/Welsh/Scottish/Northern Irish/British,White,Misuse of Drugs Act 1971 (section 23),Controlled drugs,A no further action disposal,,
Person search,2018-08-07T14:08:00+00:00,,,54.478358,-0.633193,Male,25-34,White - English/Welsh/Scottish/Northern Irish/British,White,Police and Criminal Evidence Act 1984 (section 1),Offensive weapons,Arrest,True,
Person search,2018-08-08T01:08:00+00:00,,,53.956541,-1.087970,Male,25-34,White - English/Welsh/Scottish/Northern Irish/British,White,Police and Criminal Evidence Act 1984 (section 1),Stolen goods,A no further action disposal,False,
Person search,2018-08-08T07:08:00+00:00,,,53.968681,-1.088864,Female,over 34,White - English/Welsh/Scottish/Northern Irish/British,White,Misuse of Drugs Act 1971 (section 23),Controlled drugs,A no further action disposal,,
Person search,2018-08-08T07:08:00+00:00,,,53.968681,-1.088864,Male,18-24,Black/African/Caribbean/Black British - Caribbean,Black,Misuse of Drugs Act 1971 (section 23),Controlled drugs,Arrest,True,
Person search,2018-08-08T09:08:00+00:00,,,53.968681,-1.088864,Male,over 34,White - English/Welsh/Scottish/Northern Irish/British,White,Misuse of Drugs Act 1971 (section 23),Controlled drugs,A no further action disposal,,
Person search,2018-08-08T09:08:00+00:00,,,53.968681,-1.088864,Male,over 34,White - English/Welsh/Scottish/Northern Irish/British,White,Misuse of Drugs Act 1971 (section 23),Controlled drugs,A no further action disposal,,
Person and Vehicle search,2018-08-08T13:08:00+00:00,,,54.177829,-1.389085,Male,over 34,White - English/Welsh/Scottish/Northern Irish/British,White,Misuse of Drugs Act 1971 (section 23),Controlled drugs,Arrest,True,
Person search,2018-08-08T18:08:00+00:00,,,53.959098,-1.079212,Male,over 34,White - English/Welsh/Scottish/Northern Irish/British,White,Police and Criminal Evidence Act 1984 (section 1),Stolen goods,A no further action disposal,,
Person search,2018-08-08T21:08:00+00:00,,,53.705259,-1.154553,Male,over 34,White - English/Welsh/Scottish/Northern Irish/British,White,Police and Criminal Evidence Act 1984 (section 1),Offensive weapons,A no further action disposal,,
Person search,2018-08-08T21:08:00+00:00,,,53.705259,-1.154553,Male,over 34,White - English/Welsh/Scottish/Northern Irish/British,White,Police and Criminal Evidence Act 1984 (section 1),Offensive weapons,A no further action disposal,,
Person search,2018-08-09T11:08:00+00:00,,,54.290388,-1.593586,Female,10-17,,White,Police and Criminal Evidence Act 1984 (section 1),Offensive weapons,A no further action disposal,,
Person search,2018-08-09T11:08:00+00:00,,,54.290388,-1.593586,Female,10-17,White - English/Welsh/Scottish/Northern Irish/British,White,Police and Criminal Evidence Act 1984 (section 1),Offensive weapons,A no further action disposal,,
Person search,2018-08-09T12:08:00+00:00,,,54.290388,-1.593586,Female,10-17,White - English/Welsh/Scottish/Northern Irish/British,White,Police and Criminal Evidence Act 1984 (section 1),Offensive weapons,A no further action disposal,,
Person search,2018-08-09T12:08:00+00:00,,,54.290388,-1.593586,Female,10-17,White - English/Welsh/Scottish/Northern Irish/British,White,Police and Criminal Evidence Act 1984 (section 1),Offensive weapons,A no further action disposal,,
Person search,2018-08-09T14:08:00+00:00,,,53.954057,-1.087583,Male,25-34,White - English/Welsh/Scottish/Northern Irish/British,White,Misuse of Drugs Act 1971 (section 23),Controlled drugs,A no further action disposal,,
Person search,2018-08-09T14:08:00+00:00,,,54.144074,-0.725656,Male,18-24,White - English/Welsh/Scottish/Northern Irish/British,White,Police and Criminal Evidence Act 1984 (section 1),,Summons / charged by post,True,
Person search,2018-08-09T18:08:00+00:00,,,53.960291,-1.085968,Male,over 34,Other ethnic group - Not stated,Other,Police and Criminal Evidence Act 1984 (section 1),Stolen goods,A no further action disposal,,
Person search,2018-08-09T20:08:00+00:00,,,53.976724,-1.069813,Male,over 34,White - English/Welsh/Scottish/Northern Irish/British,White,Misuse of Drugs Act 1971 (section 23),Controlled drugs,A no further action disposal,,
Person search,2018-08-09T22:08:00+00:00,,,54.001406,-1.560919,Male,10-17,,White,Police and Criminal Evidence Act 1984 (section 1),Stolen goods,A no further action disposal,,
Person search,2018-08-09T22:08:00+00:00,,,54.281096,-0.401152,Male,18-24,White - English/Welsh/Scottish/Northern Irish/British,White,Police and Criminal Evidence Act 1984 (section 1),Offensive weapons,A no further action disposal,,
Person search,2018-08-09T22:08:00+00:00,,,54.002734,-1.558128,Female,10-17,White - English/Welsh/Scottish/Northern Irish/British,White,Misuse of Drugs Act 1971 (section 23),,A no further action disposal,,
Person search,2018-08-09T22:08:00+00:00,,,54.281096,-0.401152,Female,18-24,White - English/Welsh/Scottish/Northern Irish/British,White,Police and Criminal Evidence Act 1984 (section 1),Offensive weapons,A no further action disposal,,
Person search,2018-08-09T23:08:00+00:00,,,53.958164,-1.087478,Male,18-24,White - English/Welsh/Scottish/Northern Irish/British,White,Misuse of Drugs Act 1971 (section 23),Controlled drugs,A no further action disposal,,
Person search,2018-08-09T23:08:00+00:00,,,53.958164,-1.087478,Female,25-34,White - English/Welsh/Scottish/Northern Irish/British,White,Misuse of Drugs Act 1971 (section 23),Controlled drugs,Arrest,True,
Person and Vehicle search,2018-08-10T02:08:00+00:00,,,54.014093,-1.689858,Male,25-34,Other ethnic group - Not stated,White,Police and Criminal Evidence Act 1984 (section 1),Stolen goods,A no further action disposal,False,
Person and Vehicle search,2018-08-10T02:08:00+00:00,,,54.014093,-1.689858,Male,25-34,Other ethnic group - Not stated,White,Police and Criminal Evidence Act 1984 (section 1),Stolen goods,A no further action disposal,False,
Person and Vehicle search,2018-08-10T02:08:00+00:00,,,54.014093,-1.689858,Male,18-24,White - English/Welsh/Scottish/Northern Irish/British,White,Police and Criminal Evidence Act 1984 (section 1),Stolen goods,A no further action disposal,False,
Person search,2018-08-10T09:08:00+00:00,,,53.958327,-2.020599,Male,18-24,Asian/Asian British - Pakistani,Asian,Misuse of Drugs Act 1971 (section 23),,A no further action disposal,,
Person search,2018-08-10T16:08:00+00:00,,,53.936465,-1.126002,Male,10-17,White - English/Welsh/Scottish/Northern Irish/British,White,Misuse of Drugs Act 1971 (section 23),,Community resolution,True,
Person search,2018-08-10T16:08:00+00:00,,,53.936465,-1.126002,Male,10-17,White - English/Welsh/Scottish/Northern Irish/British,White,Police and Criminal Evidence Act 1984 (section 1),,Community resolution,True,
Person search,2018-08-11T13:08:00+00:00,,,54.087366,-1.759191,Male,over 34,Asian/Asian British - Pakistani,Asian,Police and Criminal Evidence Act 1984 (section 1),Offensive weapons,A no further action disposal,,
Person search,2018-08-11T22:08:00+00:00,,,54.001364,-1.574253,Male,10-17,White - English/Welsh/Scottish/Northern Irish/British,White,Police and Criminal Evidence Act 1984 (section 1),Offensive weapons,A no further action disposal,,
Person search,2018-08-11T22:08:00+00:00,,,54.001364,-1.574253,Male,10-17,White - English/Welsh/Scottish/Northern Irish/British,White,Police and Criminal Evidence Act 1984 (section 1),Offensive weapons,A no further action disposal,,
Person search,2018-08-12T09:08:00+00:00,,,53.994664,-1.546103,Male,25-34,White - English/Welsh/Scottish/Northern Irish/British,White,Police and Criminal Evidence Act 1984 (section 1),Offensive weapons,Arrest,True,
Person and Vehicle search,2018-08-12T09:08:00+00:00,,,53.897227,-1.324490,Male,25-34,White - English/Welsh/Scottish/Northern Irish/British,White,Misuse of Drugs Act 1971 (section 23),Controlled drugs,A no further action disposal,,
Person search,2018-08-12T19:08:00+00:00,,,,,Male,over 34,White - Irish,White,Police and Criminal Evidence Act 1984 (section 1),Article for use in theft,A no further action disposal,,
Person search,2018-08-12T23:08:00+00:00,,,53.974533,-1.103251,Male,10-17,White - English/Welsh/Scottish/Northern Irish/British,White,Police and Criminal Evidence Act 1984 (section 1),Stolen goods,A no further action disposal,,
Person search,2018-08-13T03:08:00+00:00,,,54.284830,-0.398688,Male,18-24,White - English/Welsh/Scottish/Northern Irish/British,White,Police and Criminal Evidence Act 1984 (section 1),Offensive weapons,A no further action disposal,,
Person search,2018-08-13T16:08:00+00:00,,,54.233903,-1.333166,Male,10-17,White - English/Welsh/Scottish/Northern Irish/British,White,,Firearms,A no further action disposal,,
Person search,2018-08-13T16:08:00+00:00,,,54.233903,-1.333166,Male,10-17,White - English/Welsh/Scottish/Northern Irish/British,White,,Firearms,A no further action disposal,,
Person search,2018-08-13T16:08:00+00:00,,,54.233903,-1.333166,Male,10-17,White - English/Welsh/Scottish/Northern Irish/British,White,,Firearms,A no further action disposal,,
Person search,2018-08-13T16:08:00+00:00,,,54.233903,-1.333166,Male,10-17,White - English/Welsh/Scottish/Northern Irish/British,White,,Firearms,A no further action disposal,False,
Person search,2018-08-13T16:08:00+00:00,,,54.233903,-1.333166,Male,10-17,White - English/Welsh/Scottish/Northern Irish/British,White,,Firearms,A no further action disposal,,
Person and Vehicle search,2018-08-13T22:08:00+00:00,,,53.974223,-1.097861,Male,25-34,White - English/Welsh/Scottish/Northern Irish/British,White,Police and Criminal Evidence Act 1984 (section 1),Stolen goods,A no further action disposal,,
Person and Vehicle search,2018-08-13T22:08:00+00:00,,,53.974223,-1.097861,Female,18-24,White - English/Welsh/Scottish/Northern Irish/British,White,Police and Criminal Evidence Act 1984 (section 1),Stolen goods,A no further action disposal,,
Person and Vehicle search,2018-08-14T01:08:00+00:00,,,53.909596,-1.986111,Male,18-24,Asian/Asian British - Pakistani,Asian,Police and Criminal Evidence Act 1984 (section 1),Stolen goods,A no further action disposal,,
Person and Vehicle search,2018-08-14T01:08:00+00:00,,,53.909596,-1.986111,Male,18-24,Asian/Asian British - Pakistani,Asian,,Controlled drugs,A no further action disposal,,
Person and Vehicle search,2018-08-14T01:08:00+00:00,,,53.909596,-1.986111,Male,25-34,Asian/Asian British - Pakistani,Asian,,Controlled drugs,Khat or Cannabis warning,True,
Person and Vehicle search,2018-08-15T12:08:00+00:00,,,54.029525,-1.751861,Male,25-34,White - English/Welsh/Scottish/Northern Irish/British,White,Police and Criminal Evidence Act 1984 (section 1),Stolen goods,A no further action disposal,False,
Person search,2018-08-15T12:08:00+00:00,,,54.137602,-0.799940,Male,over 34,White - English/Welsh/Scottish/Northern Irish/British,White,Misuse of Drugs Act 1971 (section 23),Controlled drugs,A no further action disposal,,
Person search,2018-08-15T14:08:00+00:00,,,54.135584,-0.796707,Male,over 34,White - English/Welsh/Scottish/Northern Irish/British,White,Misuse of Drugs Act 1971 (section 23),Controlled drugs,A no further action disposal,,
Person search,2018-08-16T05:08:00+00:00,,,53.979637,-1.082815,Male,10-17,White - English/Welsh/Scottish/Northern Irish/British,White,Police and Criminal Evidence Act 1984 (section 1),Article for use in theft,A no further action disposal,,
Person search,2018-08-16T05:08:00+00:00,,,53.967978,-1.092172,Male,10-17,White - English/Welsh/Scottish/Northern Irish/British,White,Police and Criminal Evidence Act 1984 (section 1),Stolen goods,A no further action disposal,,
Person search,2018-08-16T16:08:00+00:00,,,53.955156,-1.076175,Female,18-24,White - English/Welsh/Scottish/Northern Irish/British,White,Police and Criminal Evidence Act 1984 (section 1),Stolen goods,A no further action disposal,,
Person search,2018-08-16T16:08:00+00:00,,,53.955156,-1.076175,Male,18-24,White - English/Welsh/Scottish/Northern Irish/British,White,Police and Criminal Evidence Act 1984 (section 1),Stolen goods,A no further action disposal,,
Vehicle search,2018-08-17T01:08:00+00:00,,,54.005251,-1.487812,,over 34,,,Police and Criminal Evidence Act 1984 (section 1),Controlled drugs,,,
Vehicle search,2018-08-17T10:08:00+00:00,,,54.487708,-0.621566,,over 34,,,Misuse of Drugs Act 1971 (section 23),Controlled drugs,,,
Person search,2018-08-17T14:08:00+00:00,,,54.287596,-0.418983,Male,18-24,White - English/Welsh/Scottish/Northern Irish/British,White,Misuse of Drugs Act 1971 (section 23),,A no further action disposal,,
Person and Vehicle search,2018-08-17T17:08:00+00:00,,,53.730279,-0.984994,Male,over 34,Other ethnic group - Not stated,White,Misuse of Drugs Act 1971 (section 23),Controlled drugs,Arrest,True,
Person search,2018-08-17T18:08:00+00:00,,,53.954720,-1.095584,Male,over 34,White - English/Welsh/Scottish/Northern Irish/British,White,Misuse of Drugs Act 1971 (section 23),Controlled drugs,A no further action disposal,,
Person search,2018-08-17T19:08:00+00:00,,,53.954063,-1.095492,Male,over 34,White - English/Welsh/Scottish/Northern Irish/British,White,Misuse of Drugs Act 1971 (section 23),Controlled drugs,A no further action disposal,,
Person search,2018-08-17T19:08:00+00:00,,,53.954063,-1.095492,Male,over 34,White - English/Welsh/Scottish/Northern Irish/British,White,Misuse of Drugs Act 1971 (section 23),Controlled drugs,Arrest,True,
Person search,2018-08-17T19:08:00+00:00,,,53.954063,-1.095492,Female,over 34,White - English/Welsh/Scottish/Northern Irish/British,White,Misuse of Drugs Act 1971 (section 23),Controlled drugs,Arrest,True,
Person search,2018-08-18T15:08:00+00:00,,,53.922153,-1.077482,Female,over 34,Black/African/Caribbean/Black British - African,Black,Police and Criminal Evidence Act 1984 (section 1),Stolen goods,Community resolution,True,
Person and Vehicle search,2018-08-18T18:08:00+00:00,,,54.083458,-1.395944,Female,over 34,White - Any other White background,White,Police and Criminal Evidence Act 1984 (section 1),Article for use in theft,A no further action disposal,,
Person and Vehicle search,2018-08-18T18:08:00+00:00,,,54.083458,-1.395944,Female,10-17,White - Any other White background,White,Police and Criminal Evidence Act 1984 (section 1),Article for use in theft,A no further action disposal,,
Person and Vehicle search,2018-08-18T18:08:00+00:00,,,54.083458,-1.395944,Male,over 34,White - Any other White background,White,Police and Criminal Evidence Act 1984 (section 1),Article for use in theft,A no further action disposal,,
Person and Vehicle search,2018-08-18T19:08:00+00:00,,,54.207851,-1.358546,Male,25-34,White - English/Welsh/Scottish/Northern Irish/British,White,Misuse of Drugs Act 1971 (section 23),Controlled drugs,A no further action disposal,,
Person and Vehicle search,2018-08-18T19:08:00+00:00,,,54.207851,-1.358546,Male,18-24,White - English/Welsh/Scottish/Northern Irish/British,White,Misuse of Drugs Act 1971 (section 23),Controlled drugs,A no further action disposal,,
Person search,2018-08-18T20:08:00+00:00,,,54.402465,-1.739328,Male,over 34,White - English/Welsh/Scottish/Northern Irish/British,White,Misuse of Drugs Act 1971 (section 23),Controlled drugs,Arrest,True,
Person and Vehicle search,2018-08-19T11:08:00+00:00,,,54.008099,-1.524915,Male,25-34,White - English/Welsh/Scottish/Northern Irish/British,White,Misuse of Drugs Act 1971 (section 23),Controlled drugs,A no further action disposal,,
Person and Vehicle search,2018-08-19T23:08:00+00:00,,,53.977684,-1.743051,Male,25-34,Asian/Asian British - Pakistani,Asian,Police and Criminal Evidence Act 1984 (section 1),Stolen goods,A no further action disposal,,
Person and Vehicle search,2018-08-19T23:08:00+00:00,,,53.977684,-1.743051,Male,18-24,Asian/Asian British - Pakistani,Asian,Police and Criminal Evidence Act 1984 (section 1),Stolen goods,A no further action disposal,,
Person and Vehicle search,2018-08-19T23:08:00+00:00,,,53.977684,-1.743051,Male,25-34,Asian/Asian British - Pakistani,Asian,Police and Criminal Evidence Act 1984 (section 1),Stolen goods,A no further action disposal,,
Person search,2018-08-20T09:08:00+00:00,,,53.993813,-1.542177,Female,25-34,White - English/Welsh/Scottish/Northern Irish/British,White,Police and Criminal Evidence Act 1984 (section 1),Stolen goods,Community resolution,True,
Person search,2018-08-20T14:08:00+00:00,,,54.210357,-0.289213,Male,18-24,White - English/Welsh/Scottish/Northern Irish/British,White,Misuse of Drugs Act 1971 (section 23),Controlled drugs,A no further action disposal,,
Person search,2018-08-20T14:08:00+00:00,,,54.208705,-0.286828,Male,18-24,White - English/Welsh/Scottish/Northern Irish/British,White,Police and Criminal Evidence Act 1984 (section 1),Firearms,A no further action disposal,,
Person and Vehicle search,2018-08-20T19:08:00+00:00,,,54.006058,-1.452724,Male,25-34,White - English/Welsh/Scottish/Northern Irish/British,White,Misuse of Drugs Act 1971 (section 23),,Arrest,True,
Person search,2018-08-21T10:08:00+00:00,,,54.281536,-0.412640,Male,25-34,White - English/Welsh/Scottish/Northern Irish/British,White,Misuse of Drugs Act 1971 (section 23),Controlled drugs,A no further action disposal,,
Person search,2018-08-21T10:08:00+00:00,,,54.281536,-0.412640,Male,over 34,White - English/Welsh/Scottish/Northern Irish/British,White,Misuse of Drugs Act 1971 (section 23),Controlled drugs,A no further action disposal,,
Person search,2018-08-21T11:08:00+00:00,,,53.998365,-1.536223,Male,over 34,White - English/Welsh/Scottish/Northern Irish/British,White,Misuse of Drugs Act 1971 (section 23),Controlled drugs,A no further action disposal,,
Person search,2018-08-21T11:08:00+00:00,,,53.998365,-1.536223,Male,over 34,White - English/Welsh/Scottish/Northern Irish/British,White,Misuse of Drugs Act 1971 (section 23),Controlled drugs,A no further action disposal,,
Person search,2018-08-21T11:08:00+00:00,,,53.998365,-1.536223,Male,18-24,White - English/Welsh/Scottish/Northern Irish/British,White,Misuse of Drugs Act 1971 (section 23),Controlled drugs,A no further action disposal,,
Person and Vehicle search,2018-08-21T16:08:00+00:00,,,53.981075,-1.558373,Male,over 34,White - English/Welsh/Scottish/Northern Irish/British,White,,Offensive weapons,Arrest,True,
Person and Vehicle search,2018-08-21T17:08:00+00:00,,,53.981075,-1.558373,Male,25-34,White - English/Welsh/Scottish/Northern Irish/British,White,,Offensive weapons,Arrest,True,
Vehicle search,2018-08-21T19:08:00+00:00,,,54.002407,-1.559642,,over 34,,,Misuse of Drugs Act 1971 (section 23),,,,
Person search,2018-08-22T08:08:00+00:00,,,53.959718,-1.078010,Male,over 34,White - English/Welsh/Scottish/Northern Irish/British,White,Misuse of Drugs Act 1971 (section 23),Controlled drugs,Arrest,True,
Person search,2018-08-22T09:08:00+00:00,,,53.959718,-1.078010,Female,over 34,White - English/Welsh/Scottish/Northern Irish/British,White,Misuse of Drugs Act 1971 (section 23),Controlled drugs,A no further action disposal,,
Person search,2018-08-22T19:08:00+00:00,,,53.959834,-1.083692,Male,25-34,White - English/Welsh/Scottish/Northern Irish/British,White,Misuse of Drugs Act 1971 (section 23),Controlled drugs,A no further action disposal,,
Vehicle search,2018-08-22T21:08:00+00:00,,,53.998214,-1.536804,,over 34,,,Misuse of Drugs Act 1971 (section 23),,,True,
Person search,2018-08-23T00:08:00+00:00,,,53.917443,-2.006054,Male,over 34,Asian/Asian British - Pakistani,Asian,Police and Criminal Evidence Act 1984 (section 1),Stolen goods,A no further action disposal,,
Person search,2018-08-23T01:08:00+00:00,,,53.957318,-1.077941,Female,18-24,White - English/Welsh/Scottish/Northern Irish/British,White,Misuse of Drugs Act 1971 (section 23),Controlled drugs,A no further action disposal,,
Person search,2018-08-23T01:08:00+00:00,,,53.957318,-1.077941,Male,18-24,White - English/Welsh/Scottish/Northern Irish/British,White,Misuse of Drugs Act 1971 (section 23),Controlled drugs,A no further action disposal,,
Person search,2018-08-23T01:08:00+00:00,,,53.957318,-1.077941,Female,18-24,White - English/Welsh/Scottish/Northern Irish/British,White,Misuse of Drugs Act 1971 (section 23),Controlled drugs,A no further action disposal,,
Person search,2018-08-23T02:08:00+00:00,,,53.957318,-1.077941,Male,18-24,White - English/Welsh/Scottish/Northern Irish/British,White,Misuse of Drugs Act 1971 (section 23),Controlled drugs,A no further action disposal,,
Person search,2018-08-23T09:08:00+00:00,,,54.286202,-0.391691,Male,25-34,White - English/Welsh/Scottish/Northern Irish/British,White,Police and Criminal Evidence Act 1984 (section 1),Stolen goods,Arrest,True,
Person search,2018-08-23T15:08:00+00:00,,,53.940965,-1.091570,Male,over 34,Other ethnic group - Not stated,,Misuse of Drugs Act 1971 (section 23),Controlled drugs,A no further action disposal,,
Person search,2018-08-23T16:08:00+00:00,,,53.940965,-1.091570,Male,25-34,White - English/Welsh/Scottish/Northern Irish/British,White,Misuse of Drugs Act 1971 (section 23),Controlled drugs,Arrest,True,
Person and Vehicle search,2018-08-23T18:08:00+00:00,,,53.856023,-1.298897,Male,18-24,White - English/Welsh/Scottish/Northern Irish/British,White,Misuse of Drugs Act 1971 (section 23),,Arrest,True,
Person and Vehicle search,2018-08-23T18:08:00+00:00,,,53.856023,-1.298897,Female,18-24,White - English/Welsh/Scottish/Northern Irish/British,White,Misuse of Drugs Act 1971 (section 23),,Arrest,True,
Person search,2018-08-23T19:08:00+00:00,,,54.487747,-0.631337,Male,18-24,White - English/Welsh/Scottish/Northern Irish/British,White,Police and Criminal Evidence Act 1984 (section 1),Offensive weapons,A no further action disposal,,
Person search,2018-08-23T23:08:00+00:00,,,53.726412,-1.014870,Male,18-24,White - English/Welsh/Scottish/Northern Irish/British,White,Police and Criminal Evidence Act 1984 (section 1),Stolen goods,A no further action disposal,,
Person and Vehicle search,2018-08-24T12:08:00+00:00,,,53.978352,-1.568480,Male,over 34,White - English/Welsh/Scottish/Northern Irish/British,White,Misuse of Drugs Act 1971 (section 23),Controlled drugs,A no further action disposal,,
Person search,2018-08-24T15:08:00+00:00,,,54.001557,-1.548514,Male,10-17,Other ethnic group - Not stated,White,Misuse of Drugs Act 1971 (section 23),,Arrest,True,
Person search,2018-08-24T15:08:00+00:00,,,54.001557,-1.548514,Male,10-17,White - English/Welsh/Scottish/Northern Irish/British,White,Misuse of Drugs Act 1971 (section 23),,A no further action disposal,,
Person search,2018-08-24T15:08:00+00:00,,,54.001557,-1.548514,Male,10-17,Other ethnic group - Not stated,White,Misuse of Drugs Act 1971 (section 23),,A no further action disposal,,
Person search,2018-08-25T22:08:00+00:00,,,53.994262,-1.544536,Male,10-17,Other ethnic group - Not stated,,Misuse of Drugs Act 1971 (section 23),Controlled drugs,A no further action disposal,,
Person search,2018-08-25T22:08:00+00:00,,,53.994262,-1.544536,Male,10-17,White - English/Welsh/Scottish/Northern Irish/British,,Misuse of Drugs Act 1971 (section 23),Controlled drugs,A no further action disposal,,
Person search,2018-08-25T22:08:00+00:00,,,53.994262,-1.544536,Male,18-24,White - English/Welsh/Scottish/Northern Irish/British,White,Misuse of Drugs Act 1971 (section 23),Controlled drugs,A no further action disposal,,
Person search,2018-08-25T22:08:00+00:00,,,53.957601,-1.082065,Male,25-34,White - English/Welsh/Scottish/Northern Irish/British,White,Misuse of Drugs Act 1971 (section 23),Controlled drugs,A no further action disposal,,
Vehicle search,2018-08-26T06:08:00+00:00,,,53.928286,-1.088449,,over 34,,,Misuse of Drugs Act 1971 (section 23),,,True,
Person search,2018-08-26T11:08:00+00:00,,,53.967797,-1.081338,Female,10-17,White - English/Welsh/Scottish/Northern Irish/British,White,Police and Criminal Evidence Act 1984 (section 1),Article for use in theft,Arrest,True,
Person search,2018-08-27T09:08:00+00:00,,,53.957808,-1.080932,Male,over 34,White - English/Welsh/Scottish/Northern Irish/British,White,Police and Criminal Evidence Act 1984 (section 1),Offensive weapons,A no further action disposal,,
Person search,2018-08-27T12:08:00+00:00,,,53.922153,-1.077482,Female,25-34,White - English/Welsh/Scottish/Northern Irish/British,White,Police and Criminal Evidence Act 1984 (section 1),Stolen goods,A no further action disposal,,
Person search,2018-08-27T12:08:00+00:00,,,53.922153,-1.077482,Female,10-17,Mixed/Multiple ethnic groups - White and Black African,Other,Police and Criminal Evidence Act 1984 (section 1),Stolen goods,A no further action disposal,,
Person search,2018-08-27T16:08:00+00:00,,,53.963219,-1.136615,Male,18-24,White - English/Welsh/Scottish/Northern Irish/British,White,Police and Criminal Evidence Act 1984 (section 1),Offensive weapons,A no further action disposal,,
Vehicle search,2018-08-27T22:08:00+00:00,,,54.286792,-0.417953,,over 34,,,Police and Criminal Evidence Act 1984 (section 1),Stolen goods,,,
Person search,2018-08-27T22:08:00+00:00,,,54.283981,-0.402469,Male,18-24,White - English/Welsh/Scottish/Northern Irish/British,White,Misuse of Drugs Act 1971 (section 23),,Arrest,True,
Person search,2018-08-27T22:08:00+00:00,,,53.959683,-1.080480,Male,25-34,White - English/Welsh/Scottish/Northern Irish/British,White,Misuse of Drugs Act 1971 (section 23),,Arrest,True,
Person search,2018-08-28T01:08:00+00:00,,,53.984970,-1.549487,Male,25-34,White - English/Welsh/Scottish/Northern Irish/British,White,Misuse of Drugs Act 1971 (section 23),Controlled drugs,A no further action disposal,,
Person and Vehicle search,2018-08-28T14:08:00+00:00,,,53.942588,-1.126209,Male,over 34,White - English/Welsh/Scottish/Northern Irish/British,White,Misuse of Drugs Act 1971 (section 23),Controlled drugs,Arrest,True,
Vehicle search,2018-08-28T14:08:00+00:00,,,54.131261,-1.523585,,over 34,,,Misuse of Drugs Act 1971 (section 23),,,,
Person search,2018-08-28T14:08:00+00:00,,,54.137014,-1.523825,Male,over 34,White - English/Welsh/Scottish/Northern Irish/British,White,Misuse of Drugs Act 1971 (section 23),Controlled drugs,A no further action disposal,,
Person search,2018-08-28T15:08:00+00:00,,,53.955124,-1.075475,Male,over 34,White - English/Welsh/Scottish/Northern Irish/British,White,Police and Criminal Evidence Act 1984 (section 1),Offensive weapons,Arrest,True,
Person search,2018-08-28T17:08:00+00:00,,,53.957786,-1.082777,Male,18-24,White - English/Welsh/Scottish/Northern Irish/British,White,Police and Criminal Evidence Act 1984 (section 1),Offensive weapons,Arrest,False,
Person search,2018-08-28T17:08:00+00:00,,,53.959827,-1.085186,Male,25-34,White - English/Welsh/Scottish/Northern Irish/British,,Police and Criminal Evidence Act 1984 (section 1),Offensive weapons,A no further action disposal,,
Person and Vehicle search,2018-08-28T20:08:00+00:00,,,54.156046,-1.215605,Male,18-24,White - English/Welsh/Scottish/Northern Irish/British,White,Misuse of Drugs Act 1971 (section 23),Controlled drugs,A no further action disposal,,
Person search,2018-08-29T04:08:00+00:00,,,53.944881,-1.125186,Male,18-24,White - English/Welsh/Scottish/Northern Irish/British,White,Police and Criminal Evidence Act 1984 (section 1),Stolen goods,A no further action disposal,,
Person search,2018-08-29T09:08:00+00:00,,,53.958647,-1.076570,Female,over 34,White - English/Welsh/Scottish/Northern Irish/British,White,Misuse of Drugs Act 1971 (section 23),Controlled drugs,Community resolution,True,
Person search,2018-08-29T18:08:00+00:00,,,53.955124,-1.075475,Male,25-34,White - English/Welsh/Scottish/Northern Irish/British,White,Misuse of Drugs Act 1971 (section 23),Controlled drugs,A no further action disposal,,
Person search,2018-08-29T18:08:00+00:00,,,53.955124,-1.075475,Male,over 34,Other ethnic group - Not stated,Black,Misuse of Drugs Act 1971 (section 23),Controlled drugs,A no further action disposal,,
Person search,2018-08-30T10:08:00+00:00,,,54.270030,-0.396958,Male,18-24,White - English/Welsh/Scottish/Northern Irish/British,White,Misuse of Drugs Act 1971 (section 23),Controlled drugs,Summons / charged by post,True,
Person search,2018-08-30T12:08:00+00:00,,,54.286849,-0.405922,Male,,,White,Misuse of Drugs Act 1971 (section 23),Controlled drugs,A no further action disposal,,
Person search,2018-08-30T12:08:00+00:00,,,54.286793,-0.406416,Male,over 34,White - English/Welsh/Scottish/Northern Irish/British,White,Misuse of Drugs Act 1971 (section 23),Controlled drugs,A no further action disposal,,
Person search,2018-08-30T14:08:00+00:00,,,53.958707,-1.079769,Female,10-17,,White,Police and Criminal Evidence Act 1984 (section 1),Stolen goods,Community resolution,True,
Person search,2018-08-30T14:08:00+00:00,,,53.958707,-1.079769,Female,10-17,White - English/Welsh/Scottish/Northern Irish/British,White,Police and Criminal Evidence Act 1984 (section 1),Stolen goods,Community resolution,True,
Person search,2018-08-30T15:08:00+00:00,,,53.958707,-1.079769,Female,10-17,,White,Police and Criminal Evidence Act 1984 (section 1),Stolen goods,Community resolution,True,
Person and Vehicle search,2018-08-30T16:08:00+00:00,,,53.922153,-1.077482,Male,over 34,White - English/Welsh/Scottish/Northern Irish/British,White,Misuse of Drugs Act 1971 (section 23),Controlled drugs,A no further action disposal,True,
Person search,2018-08-31T09:08:00+00:00,,,54.284612,-0.421048,Male,over 34,White - English/Welsh/Scottish/Northern Irish/British,White,Misuse of Drugs Act 1971 (section 23),Controlled drugs,A no further action disposal,,
Person and Vehicle search,2018-08-31T10:08:00+00:00,,,54.479952,-0.635101,Male,18-24,Other ethnic group - Not stated,White,Misuse of Drugs Act 1971 (section 23),Controlled drugs,A no further action disposal,,
Person search,2018-08-31T20:08:00+00:00,,,54.290679,-0.410107,Male,18-24,,,Misuse of Drugs Act 1971 (section 23),Controlled drugs,Khat or Cannabis warning,True,
