Type,Date,Part of a policing operation,Policing operation,Latitude,Longitude,Gender,Age range,Self-defined ethnicity,Officer-defined ethnicity,Legislation,Object of search,Outcome,Outcome linked to object of search,Removal of more than just outer clothing
Person search,2018-12-01T00:32:00+00:00,False,,51.334000,-0.264213,Male,10-17,White - English/Welsh/Scottish/Northern Irish/British,White,,Offensive weapons,A no further action disposal,False,
Person search,2018-12-01T12:57:00+00:00,False,,51.458454,-0.474821,Male,over 34,White - English/Welsh/Scottish/Northern Irish/British,White,,Controlled drugs,A no further action disposal,False,
Person search,2018-12-01T13:25:00+00:00,False,,51.457453,-0.465009,Male,25-34,White - English/Welsh/Scottish/Northern Irish/British,White,,Controlled drugs,A no further action disposal,False,
Person search,2018-12-01T13:45:00+00:00,False,,51.458454,-0.474821,Male,over 34,Other ethnic group - Not stated,Asian,,Controlled drugs,A no further action disposal,False,
Person search,2018-12-01T17:00:00+00:00,False,,51.448259,-0.473621,Female,10-17,White - English/Welsh/Scottish/Northern Irish/British,White,,Offensive weapons,A no further action disposal,False,
Person search,2018-12-01T21:16:00+00:00,False,,51.250901,-0.156747,Male,18-24,Black/African/Caribbean/Black British - Any other Black/African/Caribbean background,White,,Controlled drugs,Arrest,False,
Person search,2018-12-01T21:21:00+00:00,False,,51.239315,-0.033360,Male,over 34,Black/African/Caribbean/Black British - Any other Black/African/Caribbean background,Black,,Article for use in theft,A no further action disposal,False,
Person search,2018-12-01T21:25:00+00:00,False,,51.402750,-0.467517,Male,18-24,White - English/Welsh/Scottish/Northern Irish/British,White,,Controlled drugs,A no further action disposal,False,
Person search,2018-12-01T22:40:00+00:00,False,,51.423083,-0.442400,Male,10-17,White - English/Welsh/Scottish/Northern Irish/British,White,,Article for use in theft,A no further action disposal,False,
Person search,2018-12-02T02:00:00+00:00,False,,51.424936,-0.414936,Male,18-24,White - English/Welsh/Scottish/Northern Irish/British,White,,Offensive weapons,A no further action disposal,False,
Person search,2018-12-02T10:00:00+00:00,False,,51.334618,-0.268324,Male,25-34,White - English/Welsh/Scottish/Northern Irish/British,White,,Offensive weapons,A no further action disposal,False,
Person search,2018-12-02T12:18:00+00:00,False,,51.210910,-0.169369,Male,18-24,White - English/Welsh/Scottish/Northern Irish/British,White,,Offensive weapons,Khat or Cannabis warning,False,
Person search,2018-12-02T15:59:00+00:00,False,,51.430229,-0.455708,Male,10-17,White - English/Welsh/Scottish/Northern Irish/British,White,,Article for use in theft,A no further action disposal,False,
Person search,2018-12-02T16:07:00+00:00,False,,51.431359,-0.456231,Male,10-17,White - English/Welsh/Scottish/Northern Irish/British,White,,Article for use in theft,A no further action disposal,False,
Person search,2018-12-02T20:42:00+00:00,False,,51.237631,-0.186875,Male,10-17,White - English/Welsh/Scottish/Northern Irish/British,White,,Offensive weapons,A no further action disposal,False,
Person search,2018-12-02T20:50:00+00:00,False,,51.237631,-0.186875,Male,10-17,White - English/Welsh/Scottish/Northern Irish/British,White,,Offensive weapons,A no further action disposal,False,
Person search,2018-12-02T22:04:00+00:00,False,,51.235523,-0.326095,Male,18-24,White - English/Welsh/Scottish/Northern Irish/British,White,,Offensive weapons,A no further action disposal,False,
Person search,2018-12-02T22:08:00+00:00,False,,51.235523,-0.326095,Male,18-24,White - English/Welsh/Scottish/Northern Irish/British,White,,Offensive weapons,A no further action disposal,False,
Person search,2018-12-03T12:15:00+00:00,False,,51.237624,-0.188164,Male,25-34,Other ethnic group - Not stated,Black,,Controlled drugs,A no further action disposal,False,
Person search,2018-12-03T13:50:00+00:00,False,,51.456646,-0.331491,Male,over 34,White - English/Welsh/Scottish/Northern Irish/British,White,,Controlled drugs,A no further action disposal,False,
Person search,2018-12-03T13:55:00+00:00,False,,51.456646,-0.331491,Male,25-34,White - English/Welsh/Scottish/Northern Irish/British,White,,Controlled drugs,A no further action disposal,False,
Person search,2018-12-03T16:32:00+00:00,False,,51.168659,-0.166923,Female,25-34,Other ethnic group - Not stated,White,,Controlled drugs,Summons / charged by post,True,
Person search,2018-12-03T16:36:00+00:00,False,,51.168659,-0.166923,Male,over 34,Other ethnic group - Not stated,White,,Controlled drugs,Summons / charged by post,True,
Person search,2018-12-03T17:50:00+00:00,False,,51.335670,-0.760353,Female,25-34,White - English/Welsh/Scottish/Northern Irish/British,White,,Controlled drugs,Arrest,True,
Person search,2018-12-03T21:09:00+00:00,False,,51.126426,-0.758546,Male,over 34,White - Irish,White,,Article for use in theft,A no further action disposal,False,
Person search,2018-12-03T21:10:00+00:00,False,,51.125171,-0.756393,Male,over 34,White - Irish,White,,Article for use in theft,A no further action disposal,False,
Person search,2018-12-04T00:38:00+00:00,False,,54.288842,-5.883423,Male,25-34,White - English/Welsh/Scottish/Northern Irish/British,White,,Controlled drugs,Arrest,False,
Person search,2018-12-04T08:20:00+00:00,False,,51.307116,-0.170565,Male,25-34,White - Any other White background,White,,Article for use in theft,Arrest,False,
Person search,2018-12-04T14:40:00+00:00,False,,51.217838,-0.165543,Female,25-34,Other ethnic group - Not stated,White,,Controlled drugs,Arrest,True,
Person search,2018-12-04T14:40:00+00:00,False,,51.217838,-0.165543,Male,18-24,Other ethnic group - Not stated,,,Controlled drugs,Arrest,True,
Person search,2018-12-04T22:15:00+00:00,False,,50.822089,-0.144224,Male,,White - English/Welsh/Scottish/Northern Irish/British,White,,Offensive weapons,A no further action disposal,False,
Person search,2018-12-04T22:28:00+00:00,False,,51.403198,-0.372643,Male,18-24,Other ethnic group - Not stated,White,,Controlled drugs,Arrest,True,
Person search,2018-12-04T23:15:00+00:00,False,,51.437990,-0.494538,Male,18-24,White - English/Welsh/Scottish/Northern Irish/British,White,,Controlled drugs,A no further action disposal,False,
Person and Vehicle search,2018-12-05T00:01:00+00:00,False,,51.319666,-0.388186,Male,18-24,White - Any other White background,White,,Anything to threaten or harm anyone,A no further action disposal,,
Person search,2018-12-05T00:01:00+00:00,False,,51.370179,-0.364389,Female,18-24,White - Any other White background,White,,Controlled drugs,A no further action disposal,False,
Person and Vehicle search,2018-12-05T00:01:00+00:00,False,,51.319666,-0.388186,Male,25-34,White - Any other White background,White,,Anything to threaten or harm anyone,A no further action disposal,,
Person search,2018-12-05T00:44:00+00:00,False,,51.332807,-0.660365,Male,over 34,White - English/Welsh/Scottish/Northern Irish/British,White,,Article for use in theft,A no further action disposal,False,
Person search,2018-12-05T00:44:00+00:00,False,,51.339483,-0.742678,Male,over 34,White - English/Welsh/Scottish/Northern Irish/British,White,,Article for use in theft,A no further action disposal,False,
Person search,2018-12-05T09:20:00+00:00,False,,51.322357,-0.210618,Male,over 34,White - English/Welsh/Scottish/Northern Irish/British,White,,Offensive weapons,Arrest,True,
Person search,2018-12-05T10:30:00+00:00,False,,51.385478,-0.514470,Male,25-34,White - English/Welsh/Scottish/Northern Irish/British,White,,Controlled drugs,A no further action disposal,False,
Person search,2018-12-05T12:00:00+00:00,False,,51.241912,-0.167881,Male,18-24,Black/African/Caribbean/Black British - African,Black,,Controlled drugs,Arrest,True,
Person search,2018-12-05T12:00:00+00:00,False,,51.241912,-0.167881,Male,over 34,Black/African/Caribbean/Black British - Any other Black/African/Caribbean background,Black,,Controlled drugs,Arrest,True,
Person search,2018-12-05T13:16:00+00:00,False,,51.266712,-0.456493,Male,over 34,Other ethnic group - Not stated,White,,Controlled drugs,Arrest,True,
Person search,2018-12-05T15:30:00+00:00,True,,51.319898,-0.583535,Male,over 34,White - English/Welsh/Scottish/Northern Irish/British,White,,Controlled drugs,A no further action disposal,False,
Vehicle search,2018-12-05T15:30:00+00:00,False,,51.331459,-0.268730,,,Other ethnic group - Not stated,,,Controlled drugs,Summons / charged by post,True,
Person search,2018-12-05T17:40:00+00:00,True,,51.316340,-0.555075,Male,18-24,Asian/Asian British - Any other Asian background,Asian,,Controlled drugs,Arrest,True,
Person search,2018-12-05T17:40:00+00:00,True,,51.316340,-0.555075,Male,18-24,Asian/Asian British - Any other Asian background,Asian,,Controlled drugs,A no further action disposal,False,
Person search,2018-12-05T17:40:00+00:00,True,,51.239503,-0.576622,Male,18-24,Other ethnic group - Not stated,Asian,,Controlled drugs,A no further action disposal,False,
Person search,2018-12-05T17:40:00+00:00,True,,51.316340,-0.555075,Male,18-24,Asian/Asian British - Pakistani,Asian,,Controlled drugs,A no further action disposal,False,
Person search,2018-12-05T17:40:00+00:00,True,,51.240086,-0.577263,Male,10-17,Asian/Asian British - Any other Asian background,,,Controlled drugs,A no further action disposal,False,
Person search,2018-12-05T17:40:00+00:00,True,,51.316340,-0.555075,Male,18-24,Asian/Asian British - Pakistani,Asian,,Controlled drugs,A no further action disposal,False,
Person search,2018-12-05T17:40:00+00:00,True,,51.316340,-0.555075,Male,18-24,Asian/Asian British - Pakistani,Asian,,Controlled drugs,A no further action disposal,False,
Person search,2018-12-05T17:50:00+00:00,False,,51.335670,-0.760353,Male,over 34,White - English/Welsh/Scottish/Northern Irish/British,White,,Controlled drugs,Arrest,False,
Person search,2018-12-05T20:05:00+00:00,False,,51.133297,-0.689343,Male,18-24,White - English/Welsh/Scottish/Northern Irish/British,White,,Stolen goods,Summons / charged by post,True,
Person search,2018-12-05T20:05:00+00:00,False,,51.133297,-0.689343,Male,25-34,White - English/Welsh/Scottish/Northern Irish/British,White,,Stolen goods,Summons / charged by post,True,
Person search,2018-12-05T20:15:00+00:00,False,,51.195729,-0.604391,Male,10-17,White - English/Welsh/Scottish/Northern Irish/British,White,,Controlled drugs,A no further action disposal,False,
Person search,2018-12-05T20:15:00+00:00,False,,51.133297,-0.689343,Male,10-17,Other ethnic group - Not stated,White,,Controlled drugs,A no further action disposal,False,
Person search,2018-12-05T20:26:00+00:00,False,,51.195729,-0.604391,Male,10-17,White - Any other White background,,,Controlled drugs,A no further action disposal,False,
Person search,2018-12-05T21:25:00+00:00,False,,51.314826,-0.247818,Male,18-24,Mixed/Multiple ethnic groups - White and Black Caribbean,Black,,Controlled drugs,A no further action disposal,False,
Person search,2018-12-05T21:30:00+00:00,False,,51.314826,-0.247818,Female,18-24,White - English/Welsh/Scottish/Northern Irish/British,White,,Controlled drugs,A no further action disposal,False,
Person search,2018-12-06T00:05:00+00:00,False,,51.320084,-0.612590,Male,25-34,Asian/Asian British - Any other Asian background,Asian,,Controlled drugs,Summons / charged by post,True,
Person search,2018-12-06T00:10:00+00:00,False,,51.236008,-0.187225,Male,18-24,White - English/Welsh/Scottish/Northern Irish/British,White,,Controlled drugs,Khat or Cannabis warning,True,
Person search,2018-12-06T00:10:00+00:00,False,,51.236008,-0.187225,Female,18-24,Other ethnic group - Not stated,White,,Controlled drugs,Caution (simple or conditional),True,
Person search,2018-12-07T00:00:00+00:00,False,,51.321290,-0.559067,Male,18-24,White - English/Welsh/Scottish/Northern Irish/British,White,,Offensive weapons,Arrest,True,
Person search,2018-12-07T00:49:00+00:00,True,,51.339989,-0.818927,Male,over 34,White - English/Welsh/Scottish/Northern Irish/British,White,,Controlled drugs,Arrest,True,
Vehicle search,2018-12-07T07:53:00+00:00,False,,51.238099,-0.795180,,,Other ethnic group - Not stated,,,Controlled drugs,A no further action disposal,False,
Vehicle search,2018-12-07T07:56:00+00:00,True,,51.238099,-0.795180,,,Other ethnic group - Not stated,,,Controlled drugs,A no further action disposal,False,
Vehicle search,2018-12-07T12:45:00+00:00,False,,51.111425,-0.744047,,,Other ethnic group - Not stated,,,Firearms,A no further action disposal,False,
Person search,2018-12-07T14:20:00+00:00,False,,51.260075,-0.155090,Female,25-34,Black/African/Caribbean/Black British - Caribbean,Black,,Controlled drugs,A no further action disposal,False,
Person search,2018-12-07T15:50:00+00:00,False,,51.337927,-0.744285,Male,18-24,Other ethnic group - Not stated,White,,Controlled drugs,A no further action disposal,False,
Person search,2018-12-07T16:50:00+00:00,False,,51.339483,-0.742678,Male,over 34,Other ethnic group - Not stated,White,,Controlled drugs,A no further action disposal,False,
Person search,2018-12-07T16:50:00+00:00,False,,51.339483,-0.742678,Male,,Other ethnic group - Not stated,White,,Controlled drugs,A no further action disposal,False,
Person search,2018-12-07T18:42:00+00:00,False,,51.236008,-0.187225,Male,25-34,White - English/Welsh/Scottish/Northern Irish/British,White,,Controlled drugs,A no further action disposal,False,
Person search,2018-12-07T18:42:00+00:00,False,,51.236008,-0.187225,Male,over 34,Other ethnic group - Not stated,White,,Controlled drugs,A no further action disposal,False,
Person search,2018-12-07T21:50:00+00:00,True,,51.256068,-0.583362,Male,18-24,Asian/Asian British - Any other Asian background,Asian,,Controlled drugs,A no further action disposal,False,
Person search,2018-12-07T23:00:00+00:00,False,,,,Male,10-17,White - Any other White background,White,,Controlled drugs,Summons / charged by post,True,
Person search,2018-12-08T00:11:00+00:00,False,,51.291503,-0.333712,Male,10-17,White - English/Welsh/Scottish/Northern Irish/British,White,,Controlled drugs,Summons / charged by post,True,
Person search,2018-12-08T14:55:00+00:00,True,,51.240814,-0.167824,Male,10-17,White - English/Welsh/Scottish/Northern Irish/British,White,,Controlled drugs,A no further action disposal,False,
Person search,2018-12-08T15:30:00+00:00,True,,51.321290,-0.559067,Male,10-17,Asian/Asian British - Pakistani,Asian,,Controlled drugs,Khat or Cannabis warning,True,
Person search,2018-12-08T15:30:00+00:00,True,,51.324446,-0.558265,Male,18-24,Asian/Asian British - Pakistani,Asian,,Controlled drugs,Khat or Cannabis warning,True,
Person search,2018-12-08T15:30:00+00:00,True,,51.321290,-0.559067,Male,over 34,White - English/Welsh/Scottish/Northern Irish/British,White,,Controlled drugs,Arrest,True,
Person search,2018-12-08T23:50:00+00:00,True,,51.325160,-0.544005,Male,18-24,White - Any other White background,White,,Controlled drugs,A no further action disposal,False,
Person search,2018-12-09T00:44:00+00:00,False,,51.339483,-0.742678,Male,25-34,White - English/Welsh/Scottish/Northern Irish/British,White,,Controlled drugs,Khat or Cannabis warning,True,
Person search,2018-12-09T00:44:00+00:00,False,,51.374639,-0.602651,Male,25-34,White - English/Welsh/Scottish/Northern Irish/British,White,,Controlled drugs,A no further action disposal,False,
Person search,2018-12-09T02:40:00+00:00,False,,51.234585,-0.323421,Male,18-24,White - English/Welsh/Scottish/Northern Irish/British,White,,Controlled drugs,Khat or Cannabis warning,True,
Person search,2018-12-09T12:50:00+00:00,False,,51.237631,-0.186875,Female,18-24,Other ethnic group - Not stated,White,,Article for use in theft,Arrest,True,
Person search,2018-12-09T12:50:00+00:00,False,,51.236256,-0.186370,Male,18-24,Other ethnic group - Not stated,White,,Article for use in theft,Arrest,True,
Person search,2018-12-09T12:50:00+00:00,False,,51.237631,-0.186875,Female,18-24,Other ethnic group - Not stated,White,,Article for use in theft,Arrest,True,
Person search,2018-12-09T13:43:00+00:00,False,,51.437069,-0.470599,Male,over 34,White - English/Welsh/Scottish/Northern Irish/British,White,,Stolen goods,A no further action disposal,False,
Person search,2018-12-09T17:45:00+00:00,False,,51.337012,-0.749579,Male,10-17,White - English/Welsh/Scottish/Northern Irish/British,White,,Offensive weapons,A no further action disposal,False,
Person search,2018-12-09T20:35:00+00:00,False,,51.457413,-0.476382,Male,25-34,White - English/Welsh/Scottish/Northern Irish/British,White,,Controlled drugs,A no further action disposal,False,
Person search,2018-12-09T21:44:00+00:00,False,,51.250701,-0.152600,Male,25-34,White - English/Welsh/Scottish/Northern Irish/British,White,,Article for use in theft,Summons / charged by post,False,
Person search,2018-12-09T22:30:00+00:00,False,,51.457206,-0.477770,Male,over 34,White - English/Welsh/Scottish/Northern Irish/British,White,,Controlled drugs,A no further action disposal,False,
Person search,2018-12-09T22:30:00+00:00,False,,51.457206,-0.477770,Male,over 34,White - English/Welsh/Scottish/Northern Irish/British,White,,Controlled drugs,A no further action disposal,False,
Person search,2018-12-09T22:30:00+00:00,False,,51.457206,-0.477770,Male,over 34,Other ethnic group - Not stated,Asian,,Controlled drugs,A no further action disposal,False,
Person search,2018-12-09T22:30:00+00:00,False,,51.457206,-0.477770,Male,over 34,Other ethnic group - Not stated,Asian,,Controlled drugs,A no further action disposal,False,
Person search,2018-12-09T23:00:00+00:00,False,,51.262433,-0.083587,Male,25-34,White - English/Welsh/Scottish/Northern Irish/British,White,,Controlled drugs,Khat or Cannabis warning,True,
Person search,2018-12-09T23:00:00+00:00,False,,51.262433,-0.083587,Male,18-24,White - English/Welsh/Scottish/Northern Irish/British,White,,Controlled drugs,Khat or Cannabis warning,True,
Person search,2018-12-09T23:37:00+00:00,False,,51.183121,-0.619510,Male,10-17,White - English/Welsh/Scottish/Northern Irish/British,White,,Article for use in theft,A no further action disposal,False,
Person search,2018-12-10T00:01:00+00:00,False,,51.240536,-0.756537,Male,,White - English/Welsh/Scottish/Northern Irish/British,White,,Stolen goods,Arrest,False,
Person search,2018-12-10T00:05:00+00:00,False,,51.434112,-0.505570,Male,25-34,Asian/Asian British - Any other Asian background,Asian,,Articles for use in criminal damage,Arrest,False,
Person search,2018-12-10T02:34:00+00:00,False,,51.461338,-0.501817,Male,over 34,White - English/Welsh/Scottish/Northern Irish/British,White,,Article for use in theft,Arrest,True,
Person search,2018-12-10T14:15:00+00:00,False,,51.330358,-0.400630,Male,10-17,Other ethnic group - Not stated,White,,Articles for use in criminal damage,Arrest,False,
Person search,2018-12-10T14:56:00+00:00,True,,51.318566,-0.556928,Male,10-17,White - English/Welsh/Scottish/Northern Irish/British,White,,Controlled drugs,A no further action disposal,False,
Person search,2018-12-10T15:30:00+00:00,False,,51.444906,-0.471632,Female,25-34,White - English/Welsh/Scottish/Northern Irish/British,White,,Controlled drugs,Arrest,True,
Person search,2018-12-10T15:50:00+00:00,False,,51.375383,-0.339907,Male,10-17,Asian/Asian British - Any other Asian background,Asian,,Controlled drugs,A no further action disposal,False,
Person search,2018-12-10T15:50:00+00:00,False,,51.375383,-0.339907,Male,18-24,White - English/Welsh/Scottish/Northern Irish/British,White,,Controlled drugs,A no further action disposal,False,
Person search,2018-12-10T15:50:00+00:00,False,,51.375383,-0.339907,Male,10-17,Black/African/Caribbean/Black British - Caribbean,Black,,Controlled drugs,A no further action disposal,False,
Person search,2018-12-10T16:00:00+00:00,False,,51.379293,-0.281138,Male,25-34,White - English/Welsh/Scottish/Northern Irish/British,White,,Controlled drugs,A no further action disposal,False,
Person search,2018-12-10T16:15:00+00:00,False,,51.375383,-0.339907,Male,10-17,White - English/Welsh/Scottish/Northern Irish/British,White,,Controlled drugs,Arrest,True,
Person search,2018-12-10T16:15:00+00:00,False,,51.375383,-0.339907,Male,10-17,White - English/Welsh/Scottish/Northern Irish/British,White,,Controlled drugs,A no further action disposal,False,
Person search,2018-12-10T17:40:00+00:00,False,,51.444906,-0.471632,Female,18-24,White - English/Welsh/Scottish/Northern Irish/British,White,,Controlled drugs,A no further action disposal,False,
Person search,2018-12-10T18:20:00+00:00,False,,,,Male,25-34,White - English/Welsh/Scottish/Northern Irish/British,White,,Controlled drugs,Arrest,False,
Person search,2018-12-10T18:30:00+00:00,False,,51.235243,-0.570895,Female,25-34,White - English/Welsh/Scottish/Northern Irish/British,White,,Controlled drugs,Summons / charged by post,True,
Person search,2018-12-10T21:01:00+00:00,False,,51.334337,-0.266339,Male,,Other ethnic group - Not stated,White,,Controlled drugs,A no further action disposal,False,
Person search,2018-12-10T21:39:00+00:00,False,,51.250684,-0.058224,Male,18-24,White - Any other White background,White,,Controlled drugs,Khat or Cannabis warning,True,
Person search,2018-12-10T22:40:00+00:00,False,,51.284471,-0.092177,Male,18-24,White - English/Welsh/Scottish/Northern Irish/British,White,,Controlled drugs,Summons / charged by post,True,
Person search,2018-12-10T22:40:00+00:00,False,,51.283082,-0.095261,Male,18-24,White - English/Welsh/Scottish/Northern Irish/British,White,,Controlled drugs,Penalty Notice for Disorder,True,
Person search,2018-12-10T22:59:00+00:00,False,,51.431779,-0.546013,Male,18-24,White - English/Welsh/Scottish/Northern Irish/British,White,,Article for use in theft,A no further action disposal,False,
Person search,2018-12-10T23:00:00+00:00,False,,51.284471,-0.092177,Female,18-24,White - English/Welsh/Scottish/Northern Irish/British,White,,Controlled drugs,A no further action disposal,False,
Person search,2018-12-10T23:45:00+00:00,False,,51.185677,-0.605253,Male,18-24,White - English/Welsh/Scottish/Northern Irish/British,White,,Controlled drugs,A no further action disposal,False,
Person search,2018-12-11T00:01:00+00:00,False,,51.236008,-0.187225,Male,25-34,White - English/Welsh/Scottish/Northern Irish/British,White,,Controlled drugs,Arrest,True,
Person search,2018-12-11T00:01:00+00:00,False,,51.241011,-0.205481,Male,over 34,White - English/Welsh/Scottish/Northern Irish/British,White,,Controlled drugs,Arrest,True,
Person search,2018-12-11T00:01:00+00:00,False,,51.237631,-0.186875,Male,18-24,White - English/Welsh/Scottish/Northern Irish/British,White,,Controlled drugs,Arrest,True,
Person search,2018-12-11T12:00:00+00:00,False,,51.321290,-0.559067,Male,10-17,Other ethnic group - Any other ethnic group,,,Controlled drugs,Summons / charged by post,True,
Person search,2018-12-11T12:00:00+00:00,False,,51.321290,-0.559067,Male,18-24,Other ethnic group - Not stated,Asian,,Controlled drugs,A no further action disposal,False,
Person search,2018-12-11T12:09:00+00:00,False,,51.323843,-0.553863,Male,,Other ethnic group - Not stated,,,Controlled drugs,Summons / charged by post,True,
Person search,2018-12-11T12:54:00+00:00,False,,51.303459,-0.559109,Male,18-24,White - English/Welsh/Scottish/Northern Irish/British,White,,Controlled drugs,Arrest,False,
Person search,2018-12-11T16:38:00+00:00,True,,51.318527,-0.555910,Male,25-34,White - English/Welsh/Scottish/Northern Irish/British,White,,Controlled drugs,Summons / charged by post,True,
Person search,2018-12-11T17:21:00+00:00,True,,51.318527,-0.555910,Male,18-24,White - English/Welsh/Scottish/Northern Irish/British,White,,Controlled drugs,A no further action disposal,False,
Person search,2018-12-11T17:30:00+00:00,True,,51.320786,-0.558279,Male,,White - English/Welsh/Scottish/Northern Irish/British,White,,Controlled drugs,A no further action disposal,False,
Person search,2018-12-11T19:30:00+00:00,False,,51.515887,-0.214242,Male,18-24,White - English/Welsh/Scottish/Northern Irish/British,White,,Offensive weapons,Khat or Cannabis warning,False,
Person search,2018-12-11T22:15:00+00:00,False,,51.309766,-0.407975,Male,over 34,White - Any other White background,White,,Firearms,Arrest,True,
Person search,2018-12-11T23:30:00+00:00,False,,51.240539,-0.596145,Male,18-24,Other ethnic group - Not stated,,,Controlled drugs,A no further action disposal,True,
Person search,2018-12-11T23:30:00+00:00,False,,51.240539,-0.596145,Male,18-24,White - English/Welsh/Scottish/Northern Irish/British,White,,Controlled drugs,A no further action disposal,True,
Person search,2018-12-11T23:47:00+00:00,False,,51.236924,-0.208118,Male,18-24,White - English/Welsh/Scottish/Northern Irish/British,White,,Controlled drugs,Khat or Cannabis warning,True,
Person search,2018-12-12T00:49:00+00:00,False,,51.376723,-0.256304,Male,10-17,White - Any other White background,White,,Controlled drugs,A no further action disposal,False,
Person search,2018-12-12T10:00:00+00:00,False,,51.429691,-0.548007,Male,18-24,Asian/Asian British - Any other Asian background,Asian,,Controlled drugs,Community resolution,True,
Person search,2018-12-12T10:49:00+00:00,False,,51.319464,-0.555364,Male,over 34,White - English/Welsh/Scottish/Northern Irish/British,White,,Controlled drugs,A no further action disposal,False,
Person search,2018-12-12T11:23:00+00:00,False,,51.325318,-0.547330,Male,10-17,Asian/Asian British - Pakistani,Asian,,Offensive weapons,A no further action disposal,False,
Person search,2018-12-12T11:30:00+00:00,False,,51.321290,-0.559067,Male,10-17,Asian/Asian British - Pakistani,Asian,,Offensive weapons,Arrest,True,
Person search,2018-12-12T14:00:00+00:00,False,,51.241997,-0.168694,Male,10-17,White - English/Welsh/Scottish/Northern Irish/British,Black,,Controlled drugs,Community resolution,False,
Person search,2018-12-12T14:22:00+00:00,True,,51.318566,-0.556928,Male,10-17,White - English/Welsh/Scottish/Northern Irish/British,White,,Controlled drugs,A no further action disposal,False,
Person search,2018-12-12T14:26:00+00:00,True,,51.317957,-0.556373,Male,over 34,White - English/Welsh/Scottish/Northern Irish/British,White,,Controlled drugs,A no further action disposal,False,
Person search,2018-12-12T14:30:00+00:00,True,,51.318566,-0.556928,Male,10-17,White - English/Welsh/Scottish/Northern Irish/British,White,,Controlled drugs,A no further action disposal,False,
Person search,2018-12-12T14:37:00+00:00,True,,51.318566,-0.556928,Male,25-34,White - English/Welsh/Scottish/Northern Irish/British,White,,Controlled drugs,A no further action disposal,False,
Person search,2018-12-12T14:52:00+00:00,False,,51.317700,-0.561088,Male,over 34,White - English/Welsh/Scottish/Northern Irish/British,White,,Firearms,A no further action disposal,False,
Person search,2018-12-12T15:12:00+00:00,True,,51.318566,-0.556928,Male,25-34,White - English/Welsh/Scottish/Northern Irish/British,White,,Controlled drugs,A no further action disposal,False,
Person search,2018-12-12T15:21:00+00:00,True,,51.318566,-0.556928,Male,25-34,White - Any other White background,White,,Controlled drugs,A no further action disposal,False,
Person search,2018-12-12T15:30:00+00:00,True,,51.318566,-0.556928,Male,18-24,White - Any other White background,White,,Controlled drugs,A no further action disposal,False,
Person search,2018-12-12T15:45:00+00:00,False,,51.337927,-0.744285,Male,25-34,White - English/Welsh/Scottish/Northern Irish/British,White,,Controlled drugs,A no further action disposal,False,
Person search,2018-12-12T15:52:00+00:00,True,,51.318566,-0.556928,Male,25-34,White - Any other White background,White,,Controlled drugs,Arrest,False,
Person search,2018-12-12T16:16:00+00:00,True,,51.317957,-0.556373,Male,18-24,White - Any other White background,White,,Controlled drugs,A no further action disposal,False,
Person search,2018-12-12T16:20:00+00:00,True,,51.318566,-0.556928,Male,25-34,Mixed/Multiple ethnic groups - White and Black African,White,,Controlled drugs,A no further action disposal,False,
Person search,2018-12-12T17:00:00+00:00,False,,51.187043,-0.610492,Male,over 34,Other ethnic group - Not stated,White,,Controlled drugs,A no further action disposal,False,
Person search,2018-12-12T18:31:00+00:00,False,,51.322783,-0.581911,Male,18-24,White - English/Welsh/Scottish/Northern Irish/British,White,,Article for use in theft,A no further action disposal,False,
Person search,2018-12-12T19:42:00+00:00,False,,51.302303,-0.231295,Male,10-17,White - English/Welsh/Scottish/Northern Irish/British,White,,Controlled drugs,Khat or Cannabis warning,True,
Person search,2018-12-12T20:15:00+00:00,False,,51.237116,-0.742734,Male,18-24,Asian/Asian British - Any other Asian background,White,,Controlled drugs,Arrest,False,
Person search,2018-12-12T23:00:00+00:00,False,,51.196182,-0.307483,Male,25-34,White - English/Welsh/Scottish/Northern Irish/British,White,,Controlled drugs,Khat or Cannabis warning,True,
Person search,2018-12-12T23:00:00+00:00,False,,51.374629,-0.615453,Male,18-24,White - English/Welsh/Scottish/Northern Irish/British,White,,Controlled drugs,A no further action disposal,False,
Person search,2018-12-12T23:00:00+00:00,False,,51.374629,-0.615453,Male,18-24,White - English/Welsh/Scottish/Northern Irish/British,White,,Controlled drugs,A no further action disposal,False,
Person search,2018-12-12T23:42:00+00:00,False,,51.374629,-0.615453,Male,18-24,White - English/Welsh/Scottish/Northern Irish/British,White,,Controlled drugs,Khat or Cannabis warning,True,
Person search,2018-12-12T23:48:00+00:00,False,,51.374629,-0.615453,Male,18-24,White - English/Welsh/Scottish/Northern Irish/British,White,,Controlled drugs,Khat or Cannabis warning,True,
Person search,2018-12-13T00:39:00+00:00,False,,51.389387,-0.527077,Female,18-24,White - Any other White background,White,,Controlled drugs,A no further action disposal,False,
Person search,2018-12-13T01:05:00+00:00,False,,51.187043,-0.610492,Male,18-24,Other ethnic group - Any other ethnic group,,,Controlled drugs,Arrest,False,
Person search,2018-12-13T02:21:00+00:00,False,,51.320690,-0.557048,Male,18-24,White - English/Welsh/Scottish/Northern Irish/British,White,,Offensive weapons,A no further action disposal,False,
Person search,2018-12-13T03:02:00+00:00,False,,51.332836,-0.251897,Male,10-17,White - English/Welsh/Scottish/Northern Irish/British,White,,Controlled drugs,A no further action disposal,True,
Person search,2018-12-13T03:02:00+00:00,False,,51.332836,-0.251897,Male,10-17,White - English/Welsh/Scottish/Northern Irish/British,White,,Controlled drugs,A no further action disposal,True,
Person and Vehicle search,2018-12-13T03:30:00+00:00,False,,51.332836,-0.251897,Male,18-24,White - English/Welsh/Scottish/Northern Irish/British,White,,Anything to threaten or harm anyone,A no further action disposal,,
Person search,2018-12-13T03:35:00+00:00,False,,51.332836,-0.251897,Female,18-24,White - English/Welsh/Scottish/Northern Irish/British,White,,Controlled drugs,A no further action disposal,False,
Person search,2018-12-13T04:18:00+00:00,False,,51.428189,-0.562612,Male,18-24,Mixed/Multiple ethnic groups - White and Asian,Asian,,Controlled drugs,A no further action disposal,False,
Person search,2018-12-13T04:19:00+00:00,False,,51.428189,-0.562612,Male,18-24,Asian/Asian British - Any other Asian background,Asian,,Controlled drugs,A no further action disposal,False,
Person search,2018-12-13T04:20:00+00:00,False,,51.428189,-0.562612,Male,18-24,Asian/Asian British - Any other Asian background,Asian,,Offensive weapons,A no further action disposal,False,
Person search,2018-12-13T04:21:00+00:00,False,,51.428189,-0.562612,Female,18-24,Mixed/Multiple ethnic groups - White and Asian,Asian,,Offensive weapons,A no further action disposal,False,
Person search,2018-12-13T11:35:00+00:00,False,,51.363655,-0.248957,Male,25-34,White - English/Welsh/Scottish/Northern Irish/British,White,,Controlled drugs,Arrest,True,
Person search,2018-12-13T14:02:00+00:00,False,,51.237631,-0.186875,Male,over 34,White - Any other White background,White,,Stolen goods,A no further action disposal,False,
Person search,2018-12-13T15:00:00+00:00,False,,51.313925,-0.313227,Male,18-24,White - English/Welsh/Scottish/Northern Irish/British,White,,Offensive weapons,Arrest,False,
Person search,2018-12-13T16:17:00+00:00,True,,51.318566,-0.556928,Male,over 34,White - English/Welsh/Scottish/Northern Irish/British,White,,Controlled drugs,A no further action disposal,False,
Person search,2018-12-13T16:21:00+00:00,True,,51.318566,-0.556928,Male,18-24,Black/African/Caribbean/Black British - Any other Black/African/Caribbean background,Black,,Controlled drugs,A no further action disposal,False,
Person search,2018-12-13T17:03:00+00:00,True,,51.318566,-0.556928,Male,18-24,Black/African/Caribbean/Black British - Any other Black/African/Caribbean background,Black,,Controlled drugs,A no further action disposal,False,
Person search,2018-12-13T17:12:00+00:00,True,,51.318566,-0.556928,Male,10-17,Mixed/Multiple ethnic groups - White and Black African,Black,,Controlled drugs,A no further action disposal,False,
Person search,2018-12-13T17:18:00+00:00,True,,51.318566,-0.556928,Male,10-17,White - English/Welsh/Scottish/Northern Irish/British,White,,Controlled drugs,A no further action disposal,True,
Person search,2018-12-13T17:55:00+00:00,True,,51.318566,-0.556928,Male,18-24,White - English/Welsh/Scottish/Northern Irish/British,White,,Controlled drugs,A no further action disposal,False,
Person search,2018-12-13T19:21:00+00:00,False,,51.235373,-0.580818,Male,18-24,White - English/Welsh/Scottish/Northern Irish/British,White,,Controlled drugs,A no further action disposal,False,
Person search,2018-12-13T19:40:00+00:00,False,,51.251428,-0.528667,Male,25-34,Other ethnic group - Not stated,White,,Stolen goods,Arrest,False,
Person search,2018-12-13T19:40:00+00:00,False,,51.251428,-0.528667,Male,18-24,Other ethnic group - Not stated,White,,Stolen goods,Arrest,False,
Person search,2018-12-14T00:35:00+00:00,False,,51.231559,-0.762995,Male,25-34,Other ethnic group - Not stated,White,,Controlled drugs,Arrest,True,
Person search,2018-12-14T00:50:00+00:00,False,,51.275587,-0.523365,Male,over 34,White - English/Welsh/Scottish/Northern Irish/British,White,,Controlled drugs,A no further action disposal,False,
Person search,2018-12-14T00:52:00+00:00,False,,51.200970,0.063176,Male,18-24,White - Any other White background,White,,Controlled drugs,A no further action disposal,True,
Person search,2018-12-14T01:17:00+00:00,False,,51.200970,0.063176,Male,25-34,White - Any other White background,White,,Controlled drugs,Khat or Cannabis warning,True,
Person search,2018-12-14T01:45:00+00:00,False,,51.323914,-0.196621,Male,18-24,White - English/Welsh/Scottish/Northern Irish/British,White,,Controlled drugs,Khat or Cannabis warning,True,
Person search,2018-12-14T01:55:00+00:00,False,,51.323914,-0.196621,Male,18-24,White - English/Welsh/Scottish/Northern Irish/British,White,,Controlled drugs,Summons / charged by post,True,
Person search,2018-12-14T16:44:00+00:00,False,,51.456927,-0.469446,Male,25-34,Other ethnic group - Any other ethnic group,Asian,,Controlled drugs,A no further action disposal,False,
Person search,2018-12-14T16:48:00+00:00,False,,51.213374,-0.175686,Female,10-17,White - English/Welsh/Scottish/Northern Irish/British,White,,Controlled drugs,A no further action disposal,False,
Person search,2018-12-14T16:52:00+00:00,False,,51.213374,-0.175686,Male,18-24,White - English/Welsh/Scottish/Northern Irish/British,White,,Controlled drugs,A no further action disposal,False,
Person search,2018-12-14T17:00:00+00:00,False,,51.348559,-0.244291,Female,18-24,White - English/Welsh/Scottish/Northern Irish/British,White,,Controlled drugs,Khat or Cannabis warning,True,
Person search,2018-12-14T17:23:00+00:00,True,,51.325318,-0.547330,Female,10-17,Asian/Asian British - Any other Asian background,Asian,,Controlled drugs,A no further action disposal,False,
Person search,2018-12-14T17:30:00+00:00,True,,51.325318,-0.547330,Male,10-17,Asian/Asian British - Pakistani,Asian,,Controlled drugs,A no further action disposal,False,
Person search,2018-12-14T17:42:00+00:00,False,,51.281854,-0.121639,Male,18-24,Mixed/Multiple ethnic groups - White and Black Caribbean,Black,,Controlled drugs,Khat or Cannabis warning,True,
Person search,2018-12-14T17:44:00+00:00,False,,51.281854,-0.121639,Male,18-24,White - English/Welsh/Scottish/Northern Irish/British,White,,Controlled drugs,A no further action disposal,True,
Person search,2018-12-14T19:24:00+00:00,True,,51.318566,-0.556928,Male,10-17,White - English/Welsh/Scottish/Northern Irish/British,White,,Controlled drugs,A no further action disposal,False,
Person search,2018-12-14T19:57:00+00:00,False,,51.173860,-0.179249,Male,25-34,White - English/Welsh/Scottish/Northern Irish/British,White,,Controlled drugs,Penalty Notice for Disorder,True,
Person search,2018-12-14T20:11:00+00:00,False,,51.173860,-0.179249,Male,18-24,White - English/Welsh/Scottish/Northern Irish/British,White,,Controlled drugs,Caution (simple or conditional),True,
Person search,2018-12-14T20:31:00+00:00,True,,51.318566,-0.556928,Male,10-17,White - English/Welsh/Scottish/Northern Irish/British,White,,Controlled drugs,A no further action disposal,False,
Person search,2018-12-14T20:45:00+00:00,False,,51.236256,-0.186370,Male,18-24,White - English/Welsh/Scottish/Northern Irish/British,White,,Controlled drugs,A no further action disposal,False,
Person search,2018-12-14T20:45:00+00:00,False,,51.237631,-0.186875,Male,10-17,White - English/Welsh/Scottish/Northern Irish/British,White,,Controlled drugs,A no further action disposal,True,
Person search,2018-12-14T20:45:00+00:00,False,,51.237631,-0.186875,Male,10-17,White - English/Welsh/Scottish/Northern Irish/British,White,,Controlled drugs,A no further action disposal,True,
Person search,2018-12-14T20:50:00+00:00,True,,51.224030,-1.142815,Male,18-24,Black/African/Caribbean/Black British - Any other Black/African/Caribbean background,Black,,Controlled drugs,Arrest,True,
Person search,2018-12-14T20:53:00+00:00,True,,51.318566,-0.556928,Male,10-17,White - English/Welsh/Scottish/Northern Irish/British,White,,Controlled drugs,A no further action disposal,False,
Person search,2018-12-14T21:16:00+00:00,False,,51.321264,-0.554016,Male,10-17,White - English/Welsh/Scottish/Northern Irish/British,White,,Article for use in theft,A no further action disposal,False,
Person search,2018-12-14T23:00:00+00:00,False,,51.236008,-0.187225,Male,18-24,Other ethnic group - Not stated,Asian,,Controlled drugs,A no further action disposal,True,
Person search,2018-12-14T23:00:00+00:00,False,,51.236008,-0.187225,Male,18-24,Other ethnic group - Not stated,Asian,,Controlled drugs,Caution (simple or conditional),True,
Person search,2018-12-14T23:30:00+00:00,False,,51.240814,-0.167824,Female,18-24,White - English/Welsh/Scottish/Northern Irish/British,White,,Controlled drugs,A no further action disposal,False,
Person search,2018-12-15T03:42:00+00:00,False,,51.296698,-0.573205,Female,18-24,White - English/Welsh/Scottish/Northern Irish/British,White,,Offensive weapons,A no further action disposal,False,
Person search,2018-12-15T15:06:00+00:00,False,,51.340039,-0.742534,Male,10-17,White - English/Welsh/Scottish/Northern Irish/British,White,,Stolen goods,Community resolution,True,
Person search,2018-12-15T15:30:00+00:00,False,,51.339196,-0.744394,Male,10-17,White - English/Welsh/Scottish/Northern Irish/British,White,,Stolen goods,Community resolution,True,
Person search,2018-12-15T17:24:00+00:00,False,,51.383924,-0.417043,Male,10-17,White - English/Welsh/Scottish/Northern Irish/British,White,,Article for use in theft,A no further action disposal,False,
Person search,2018-12-15T17:25:00+00:00,True,,51.383924,-0.417043,Male,18-24,White - English/Welsh/Scottish/Northern Irish/British,White,,Article for use in theft,A no further action disposal,False,
Person search,2018-12-15T20:15:00+00:00,False,,51.281854,-0.121639,Male,,Other ethnic group - Not stated,Black,,Article for use in theft,A no further action disposal,False,
Person search,2018-12-15T20:15:00+00:00,False,,51.281854,-0.121639,Male,25-34,Other ethnic group - Not stated,White,,Article for use in theft,A no further action disposal,False,
Person search,2018-12-15T23:00:00+00:00,False,,51.371686,-0.490751,Male,18-24,White - English/Welsh/Scottish/Northern Irish/British,White,,Controlled drugs,Community resolution,True,
Person search,2018-12-15T23:10:00+00:00,False,,,,Male,18-24,White - English/Welsh/Scottish/Northern Irish/British,White,,Controlled drugs,A no further action disposal,False,
Person search,2018-12-15T23:16:00+00:00,False,,51.261413,-0.142510,Male,25-34,White - English/Welsh/Scottish/Northern Irish/British,White,,Offensive weapons,Arrest,True,
Person search,2018-12-16T00:25:00+00:00,False,,51.325318,-0.547330,Male,18-24,White - Any other White background,White,,Controlled drugs,A no further action disposal,False,
Person search,2018-12-16T03:00:00+00:00,False,,51.237268,-0.577680,Male,18-24,Asian/Asian British - Indian,Asian,,Controlled drugs,Community resolution,True,
Person search,2018-12-16T03:10:00+00:00,False,,51.296698,-0.573205,Male,25-34,Black/African/Caribbean/Black British - Caribbean,Black,,Controlled drugs,Summons / charged by post,True,
Person search,2018-12-16T03:42:00+00:00,False,,51.296698,-0.573205,Female,18-24,White - English/Welsh/Scottish/Northern Irish/British,White,,Offensive weapons,A no further action disposal,False,
Person search,2018-12-16T12:15:00+00:00,False,,51.310274,-0.464903,Male,18-24,Other ethnic group - Not stated,,,Controlled drugs,A no further action disposal,False,
Person search,2018-12-16T12:15:00+00:00,False,,51.310274,-0.464903,Male,10-17,White - English/Welsh/Scottish/Northern Irish/British,White,,Controlled drugs,A no further action disposal,False,
Person search,2018-12-16T12:20:00+00:00,False,,51.310419,-0.463636,Male,10-17,Black/African/Caribbean/Black British - Caribbean,Black,,Controlled drugs,A no further action disposal,False,
Person search,2018-12-16T16:00:00+00:00,False,,51.318888,-0.207208,Male,18-24,White - English/Welsh/Scottish/Northern Irish/British,White,,Stolen goods,A no further action disposal,False,
Person search,2018-12-16T20:00:00+00:00,False,,51.434424,-0.505373,Male,18-24,White - English/Welsh/Scottish/Northern Irish/British,White,,Controlled drugs,A no further action disposal,True,
Person search,2018-12-16T20:32:00+00:00,False,,51.434424,-0.505373,Male,25-34,Other ethnic group - Not stated,Asian,,Controlled drugs,A no further action disposal,False,
Person search,2018-12-16T21:00:00+00:00,False,,,,Male,18-24,White - English/Welsh/Scottish/Northern Irish/British,White,,Controlled drugs,Community resolution,True,
Person search,2018-12-16T21:31:00+00:00,False,,51.433105,-0.463869,Male,,White - English/Welsh/Scottish/Northern Irish/British,White,,Controlled drugs,A no further action disposal,False,
Person search,2018-12-16T22:00:00+00:00,False,,51.433482,-0.504800,Male,18-24,White - English/Welsh/Scottish/Northern Irish/British,White,,Controlled drugs,A no further action disposal,True,
Person search,2018-12-16T22:46:00+00:00,False,,51.434112,-0.505570,Male,10-17,White - English/Welsh/Scottish/Northern Irish/British,White,,Controlled drugs,A no further action disposal,True,
Person search,2018-12-16T23:30:00+00:00,False,,51.439232,-0.473764,Male,25-34,Black/African/Caribbean/Black British - African,Black,,Controlled drugs,Arrest,True,
Person search,2018-12-16T23:50:00+00:00,False,,51.439232,-0.473764,Female,18-24,Black/African/Caribbean/Black British - Caribbean,Black,,Controlled drugs,A no further action disposal,False,
Person search,2018-12-17T00:15:00+00:00,False,,51.307811,-0.414355,Male,over 34,White - English/Welsh/Scottish/Northern Irish/British,White,,Controlled drugs,Khat or Cannabis warning,False,
Person search,2018-12-17T00:20:00+00:00,False,,51.307811,-0.414355,Female,18-24,White - English/Welsh/Scottish/Northern Irish/British,White,,Controlled drugs,Khat or Cannabis warning,True,
Person search,2018-12-17T00:20:00+00:00,False,,51.307811,-0.414355,Female,18-24,White - English/Welsh/Scottish/Northern Irish/British,White,,Controlled drugs,A no further action disposal,False,
Person search,2018-12-17T00:20:00+00:00,False,,51.307811,-0.414355,Female,18-24,White - English/Welsh/Scottish/Northern Irish/British,White,,Controlled drugs,A no further action disposal,False,
Person search,2018-12-17T00:32:00+00:00,False,,51.319966,-0.555219,Male,25-34,Other ethnic group - Not stated,Asian,,Offensive weapons,A no further action disposal,False,
Person search,2018-12-17T00:39:00+00:00,False,,51.316975,-0.241178,Male,25-34,Asian/Asian British - Pakistani,White,,Controlled drugs,A no further action disposal,False,
Person search,2018-12-17T02:21:00+00:00,False,,51.203102,-0.063633,Male,18-24,White - English/Welsh/Scottish/Northern Irish/British,White,,Stolen goods,Arrest,False,
Person search,2018-12-17T02:39:00+00:00,False,,51.203102,-0.063633,Female,18-24,White - English/Welsh/Scottish/Northern Irish/British,White,,Stolen goods,A no further action disposal,False,
Person search,2018-12-17T03:41:00+00:00,False,,51.300046,-0.093239,Male,25-34,Black/African/Caribbean/Black British - African,Black,,Article for use in theft,A no further action disposal,False,
Person search,2018-12-17T10:20:00+00:00,False,,51.457931,-0.474076,Male,over 34,Other ethnic group - Not stated,,,Controlled drugs,A no further action disposal,False,
Person search,2018-12-17T10:20:00+00:00,True,,51.457931,-0.474076,Male,over 34,Other ethnic group - Not stated,Asian,,Controlled drugs,A no further action disposal,False,
Person search,2018-12-17T10:20:00+00:00,False,,51.457931,-0.474076,Male,over 34,Other ethnic group - Not stated,White,,Controlled drugs,A no further action disposal,False,
Person search,2018-12-17T12:40:00+00:00,False,,51.366540,-0.489857,Male,25-34,Black/African/Caribbean/Black British - African,Black,,Controlled drugs,Arrest,False,
Person search,2018-12-17T13:02:00+00:00,False,,51.441827,-0.420496,Male,25-34,White - English/Welsh/Scottish/Northern Irish/British,White,,Controlled drugs,Arrest,True,
Person search,2018-12-17T13:40:00+00:00,True,,53.710528,-1.683443,Male,over 34,Asian/Asian British - Any other Asian background,Asian,,Controlled drugs,Arrest,True,
Person search,2018-12-17T14:00:00+00:00,False,,51.448382,-0.428501,Female,over 34,White - English/Welsh/Scottish/Northern Irish/British,White,,Controlled drugs,A no further action disposal,False,
Person search,2018-12-17T14:00:00+00:00,False,,51.358821,-0.277739,Male,18-24,Other ethnic group - Not stated,Black,,Controlled drugs,A no further action disposal,False,
Person search,2018-12-17T14:10:00+00:00,True,,51.449565,-0.427496,Male,over 34,White - English/Welsh/Scottish/Northern Irish/British,White,,Controlled drugs,Community resolution,True,
Person search,2018-12-17T14:15:00+00:00,False,,51.448382,-0.428501,Female,over 34,White - English/Welsh/Scottish/Northern Irish/British,White,,Controlled drugs,A no further action disposal,False,
Person search,2018-12-17T16:30:00+00:00,False,,51.448382,-0.428501,Female,25-34,White - English/Welsh/Scottish/Northern Irish/British,White,,Controlled drugs,A no further action disposal,False,
Person search,2018-12-17T21:55:00+00:00,False,,51.310572,-0.320854,Male,10-17,Asian/Asian British - Any other Asian background,Asian,,Article for use in theft,Arrest,True,
Person search,2018-12-17T21:58:00+00:00,False,,51.310572,-0.320854,Male,10-17,Black/African/Caribbean/Black British - African,Black,,Article for use in theft,Arrest,True,
Person search,2018-12-17T22:00:00+00:00,False,,51.310572,-0.320854,Male,10-17,Black/African/Caribbean/Black British - African,Black,,Article for use in theft,Arrest,False,
Person search,2018-12-17T22:02:00+00:00,False,,51.310572,-0.320854,Male,10-17,Black/African/Caribbean/Black British - African,Black,,Article for use in theft,A no further action disposal,False,
Person search,2018-12-17T22:30:00+00:00,False,,51.236060,-0.188827,Male,over 34,White - English/Welsh/Scottish/Northern Irish/British,White,,Offensive weapons,Arrest,False,
Person search,2018-12-17T22:53:00+00:00,False,,51.300570,-0.166608,Male,18-24,White - English/Welsh/Scottish/Northern Irish/British,White,,Controlled drugs,A no further action disposal,False,
Person search,2018-12-18T01:00:00+00:00,False,,51.321290,-0.559067,Male,10-17,White - English/Welsh/Scottish/Northern Irish/British,White,,Offensive weapons,A no further action disposal,False,
Person search,2018-12-18T01:00:00+00:00,False,,51.334738,-0.170887,Male,25-34,White - English/Welsh/Scottish/Northern Irish/British,White,,Controlled drugs,A no further action disposal,False,
Person search,2018-12-18T01:20:00+00:00,False,,51.320690,-0.557048,Male,10-17,White - English/Welsh/Scottish/Northern Irish/British,White,,Article for use in theft,A no further action disposal,False,
Person search,2018-12-18T01:20:00+00:00,False,,51.334738,-0.170887,Male,over 34,White - English/Welsh/Scottish/Northern Irish/British,White,,Controlled drugs,A no further action disposal,False,
Person search,2018-12-18T12:50:00+00:00,False,,51.245898,-0.177795,Male,10-17,Other ethnic group - Not stated,Black,,Controlled drugs,A no further action disposal,False,
Person search,2018-12-18T16:30:00+00:00,False,,51.236008,-0.187225,Male,18-24,White - English/Welsh/Scottish/Northern Irish/British,White,,Controlled drugs,Summons / charged by post,True,
Person search,2018-12-18T16:30:00+00:00,False,,51.236256,-0.186370,Male,18-24,White - English/Welsh/Scottish/Northern Irish/British,White,,Controlled drugs,A no further action disposal,False,
Person search,2018-12-18T21:00:00+00:00,False,,,,Male,18-24,White - English/Welsh/Scottish/Northern Irish/British,White,,Controlled drugs,A no further action disposal,True,
Person search,2018-12-18T21:00:00+00:00,False,,,,Male,18-24,White - English/Welsh/Scottish/Northern Irish/British,White,,Controlled drugs,A no further action disposal,True,
Person search,2018-12-18T21:00:00+00:00,False,,,,Male,18-24,White - English/Welsh/Scottish/Northern Irish/British,White,,Controlled drugs,A no further action disposal,True,
Person search,2018-12-18T21:57:00+00:00,False,,51.251301,-0.709219,Male,18-24,White - English/Welsh/Scottish/Northern Irish/British,White,,Controlled drugs,A no further action disposal,False,
Person search,2018-12-18T23:10:00+00:00,False,,51.146336,-0.062464,Male,18-24,White - English/Welsh/Scottish/Northern Irish/British,White,,Controlled drugs,A no further action disposal,False,
Person search,2018-12-18T23:58:00+00:00,False,,51.280983,-0.102789,Male,18-24,White - English/Welsh/Scottish/Northern Irish/British,White,,Controlled drugs,A no further action disposal,False,
Person search,2018-12-18T23:58:00+00:00,False,,51.287297,-0.098385,Male,18-24,White - English/Welsh/Scottish/Northern Irish/British,White,,Controlled drugs,A no further action disposal,False,
Person search,2018-12-18T23:58:00+00:00,False,,51.287297,-0.098385,Male,18-24,White - English/Welsh/Scottish/Northern Irish/British,White,,Controlled drugs,A no further action disposal,False,
Person search,2018-12-19T00:30:00+00:00,False,,51.385531,-0.339583,Male,25-34,White - Any other White background,White,,Controlled drugs,Arrest,True,
Person search,2018-12-19T00:50:00+00:00,False,,51.314337,-0.610238,Male,18-24,White - English/Welsh/Scottish/Northern Irish/British,White,,Controlled drugs,A no further action disposal,False,
Person search,2018-12-19T01:00:00+00:00,False,,51.320818,-0.557948,Male,18-24,White - English/Welsh/Scottish/Northern Irish/British,White,,Controlled drugs,Khat or Cannabis warning,True,
Person search,2018-12-19T10:40:00+00:00,False,,51.237525,-0.169144,Male,over 34,White - English/Welsh/Scottish/Northern Irish/British,White,,Stolen goods,Arrest,True,
Person search,2018-12-19T11:00:00+00:00,False,,51.362163,-0.457596,Female,10-17,White - English/Welsh/Scottish/Northern Irish/British,White,,Offensive weapons,A no further action disposal,False,
Person search,2018-12-19T11:01:00+00:00,False,,51.306240,-0.229422,Male,18-24,White - English/Welsh/Scottish/Northern Irish/British,White,,Controlled drugs,Penalty Notice for Disorder,True,
Person search,2018-12-19T13:15:00+00:00,False,,51.316894,-0.615039,Male,25-34,White - English/Welsh/Scottish/Northern Irish/British,White,,Controlled drugs,Summons / charged by post,True,
Person search,2018-12-19T13:15:00+00:00,False,,51.373422,-0.262320,Male,18-24,White - English/Welsh/Scottish/Northern Irish/British,White,,Controlled drugs,Khat or Cannabis warning,True,
Person search,2018-12-19T13:15:00+00:00,False,,51.236542,-0.572703,Male,over 34,White - English/Welsh/Scottish/Northern Irish/British,White,,Controlled drugs,A no further action disposal,True,
Person search,2018-12-19T15:42:00+00:00,False,,51.322603,-0.550286,Female,18-24,White - English/Welsh/Scottish/Northern Irish/British,White,,Controlled drugs,A no further action disposal,False,
Person search,2018-12-19T16:30:00+00:00,False,,51.386047,-0.413765,Male,18-24,White - English/Welsh/Scottish/Northern Irish/British,White,,Offensive weapons,A no further action disposal,False,
Person search,2018-12-19T17:36:00+00:00,False,,51.451382,-0.476626,Male,over 34,White - English/Welsh/Scottish/Northern Irish/British,White,,Controlled drugs,A no further action disposal,False,
Person search,2018-12-19T21:30:00+00:00,False,,51.345403,-0.603196,Male,25-34,Asian/Asian British - Pakistani,Asian,,Controlled drugs,A no further action disposal,False,
Person search,2018-12-19T21:33:00+00:00,False,,51.168013,-0.176260,Male,25-34,White - English/Welsh/Scottish/Northern Irish/British,White,,Offensive weapons,A no further action disposal,False,
Person search,2018-12-19T22:30:00+00:00,False,,51.283446,-0.089954,Male,18-24,Asian/Asian British - Indian,Asian,,Controlled drugs,A no further action disposal,True,
Person search,2018-12-19T22:44:00+00:00,False,,51.283446,-0.089954,Male,18-24,Asian/Asian British - Any other Asian background,Asian,,Controlled drugs,A no further action disposal,False,
Person search,2018-12-19T23:15:00+00:00,False,,51.253560,-0.705387,Male,25-34,Mixed/Multiple ethnic groups - Any other Mixed/Multiple ethnic background,,,Controlled drugs,Khat or Cannabis warning,True,
Person search,2018-12-19T23:30:00+00:00,False,,51.253560,-0.705387,Female,18-24,White - English/Welsh/Scottish/Northern Irish/British,White,,Controlled drugs,A no further action disposal,False,
Person search,2018-12-19T23:35:00+00:00,False,,51.263402,-0.596467,Male,25-34,White - English/Welsh/Scottish/Northern Irish/British,White,,Article for use in theft,A no further action disposal,False,
Person search,2018-12-20T01:44:00+00:00,False,,51.282516,-0.075997,Female,25-34,White - English/Welsh/Scottish/Northern Irish/British,White,,Controlled drugs,Khat or Cannabis warning,True,
Person search,2018-12-20T02:18:00+00:00,False,,,,Male,25-34,Asian/Asian British - Bangladeshi,Asian,,Controlled drugs,Arrest,False,
Person search,2018-12-20T10:00:00+00:00,False,,51.339483,-0.742678,Male,25-34,Other ethnic group - Not stated,Black,,Controlled drugs,A no further action disposal,False,
Person search,2018-12-20T10:00:00+00:00,False,,51.318575,-0.752620,Male,,Black/African/Caribbean/Black British - Caribbean,Black,,Controlled drugs,A no further action disposal,False,
Person search,2018-12-20T10:30:00+00:00,True,,51.308070,-0.553082,Male,18-24,Asian/Asian British - Pakistani,Asian,,Controlled drugs,A no further action disposal,False,
Person search,2018-12-20T10:57:00+00:00,False,,51.448356,-0.447484,Male,over 34,White - English/Welsh/Scottish/Northern Irish/British,White,,Controlled drugs,A no further action disposal,False,
Person search,2018-12-20T12:10:00+00:00,False,,51.399725,-0.343626,Male,18-24,White - English/Welsh/Scottish/Northern Irish/British,White,,Controlled drugs,A no further action disposal,False,
Person search,2018-12-20T12:30:00+00:00,False,,51.408241,-0.591979,Male,25-34,White - English/Welsh/Scottish/Northern Irish/British,White,,Controlled drugs,Khat or Cannabis warning,True,
Person search,2018-12-20T12:30:00+00:00,False,,51.408241,-0.591979,Male,25-34,White - English/Welsh/Scottish/Northern Irish/British,White,,Controlled drugs,A no further action disposal,False,
Person search,2018-12-20T14:30:00+00:00,False,,51.349274,-0.236854,Male,18-24,Other ethnic group - Not stated,Black,,Controlled drugs,A no further action disposal,False,
Person search,2018-12-20T16:19:00+00:00,False,,51.208217,-0.166212,Male,18-24,Other ethnic group - Not stated,White,,Controlled drugs,Arrest,False,
Person search,2018-12-20T18:00:00+00:00,False,,51.284471,-0.092177,Male,18-24,White - English/Welsh/Scottish/Northern Irish/British,White,,Controlled drugs,Khat or Cannabis warning,True,
Person search,2018-12-20T18:10:00+00:00,False,,51.321089,-0.555155,Male,over 34,Other ethnic group - Not stated,Black,,Offensive weapons,A no further action disposal,False,
Person search,2018-12-20T21:24:00+00:00,False,,51.434371,-0.506123,Male,10-17,Other ethnic group - Not stated,White,,Article for use in theft,A no further action disposal,False,
Person search,2018-12-20T21:35:00+00:00,False,,51.432964,-0.503018,Male,18-24,Other ethnic group - Not stated,White,,Article for use in theft,A no further action disposal,False,
Person search,2018-12-20T23:30:00+00:00,False,,51.262433,-0.083587,Male,25-34,White - English/Welsh/Scottish/Northern Irish/British,White,,Controlled drugs,Khat or Cannabis warning,True,
Person search,2018-12-20T23:35:00+00:00,False,,51.239503,-0.576622,Male,25-34,White - English/Welsh/Scottish/Northern Irish/British,Asian,,Controlled drugs,A no further action disposal,False,
Person search,2018-12-20T23:35:00+00:00,False,,51.239503,-0.576622,Female,25-34,White - Any other White background,White,,Controlled drugs,A no further action disposal,False,
Person search,2018-12-21T00:05:00+00:00,False,,51.275705,-0.610156,Female,over 34,White - English/Welsh/Scottish/Northern Irish/British,White,,Controlled drugs,A no further action disposal,False,
Person search,2018-12-21T00:14:00+00:00,False,,51.275705,-0.610156,Male,over 34,White - English/Welsh/Scottish/Northern Irish/British,White,,Controlled drugs,A no further action disposal,False,
Person search,2018-12-21T00:30:00+00:00,False,,51.332619,-0.265098,Male,25-34,White - English/Welsh/Scottish/Northern Irish/British,White,,Article for use in theft,A no further action disposal,False,
Person search,2018-12-21T08:41:00+00:00,False,,51.213030,-0.169800,Male,over 34,White - English/Welsh/Scottish/Northern Irish/British,White,,Offensive weapons,Community resolution,True,
Person search,2018-12-21T14:00:00+00:00,False,,51.223601,-0.199656,Male,10-17,White - English/Welsh/Scottish/Northern Irish/British,White,,Articles for use in criminal damage,A no further action disposal,False,
Person search,2018-12-21T14:30:00+00:00,False,,51.236008,-0.187225,Male,18-24,White - Any other White background,White,,Controlled drugs,Arrest,True,
Person search,2018-12-21T14:30:00+00:00,False,,51.362092,-0.272057,Male,18-24,White - Any other White background,White,,Controlled drugs,Arrest,True,
Person search,2018-12-21T15:11:00+00:00,False,,51.243042,-0.191361,Male,18-24,White - English/Welsh/Scottish/Northern Irish/British,White,,Controlled drugs,Khat or Cannabis warning,True,
Person search,2018-12-21T16:00:00+00:00,False,,51.236256,-0.186370,Male,18-24,White - Any other White background,White,,Controlled drugs,Khat or Cannabis warning,True,
Person search,2018-12-21T16:40:00+00:00,False,,51.321290,-0.559067,Male,18-24,White - English/Welsh/Scottish/Northern Irish/British,White,,Controlled drugs,Khat or Cannabis warning,True,
Person search,2018-12-21T18:29:00+00:00,True,,51.338733,-0.479200,Male,10-17,White - English/Welsh/Scottish/Northern Irish/British,White,,Controlled drugs,Summons / charged by post,True,
Person search,2018-12-21T18:45:00+00:00,True,,51.338733,-0.479200,Male,18-24,White - English/Welsh/Scottish/Northern Irish/British,White,,Controlled drugs,Arrest,True,
Person search,2018-12-22T00:20:00+00:00,False,,51.434979,-0.539365,Male,25-34,White - English/Welsh/Scottish/Northern Irish/British,White,,Article for use in theft,Arrest,True,
Person search,2018-12-22T00:20:00+00:00,False,,51.434979,-0.539365,Male,25-34,White - English/Welsh/Scottish/Northern Irish/British,White,,Article for use in theft,Arrest,True,
Person search,2018-12-22T02:15:00+00:00,False,,51.305052,-0.056978,Male,25-34,Mixed/Multiple ethnic groups - Any other Mixed/Multiple ethnic background,,,Article for use in theft,A no further action disposal,False,
Person search,2018-12-22T04:30:00+00:00,False,,51.309245,-0.725441,Male,18-24,Other ethnic group - Not stated,Asian,,Controlled drugs,A no further action disposal,True,
Person search,2018-12-22T04:30:00+00:00,False,,51.309245,-0.725441,Male,18-24,White - English/Welsh/Scottish/Northern Irish/British,White,,Controlled drugs,Arrest,True,
Person search,2018-12-22T14:15:00+00:00,False,,51.259245,-0.140763,Male,18-24,White - English/Welsh/Scottish/Northern Irish/British,White,,Controlled drugs,Khat or Cannabis warning,True,
Person search,2018-12-22T14:45:00+00:00,False,,51.309375,-0.231540,Male,18-24,White - English/Welsh/Scottish/Northern Irish/British,White,,Controlled drugs,Caution (simple or conditional),True,
Person search,2018-12-22T15:40:00+00:00,False,,51.369442,-0.275329,Male,25-34,White - English/Welsh/Scottish/Northern Irish/British,White,,Controlled drugs,A no further action disposal,False,
Person search,2018-12-22T16:17:00+00:00,False,,51.369065,-0.363783,Male,10-17,White - English/Welsh/Scottish/Northern Irish/British,White,,Controlled drugs,A no further action disposal,False,
Person search,2018-12-22T17:05:00+00:00,False,,51.434112,-0.505570,Male,25-34,White - English/Welsh/Scottish/Northern Irish/British,White,,Controlled drugs,Arrest,True,
Person search,2018-12-22T18:15:00+00:00,False,,51.196091,-0.606055,Male,25-34,White - English/Welsh/Scottish/Northern Irish/British,White,,Controlled drugs,Arrest,True,
Person search,2018-12-22T18:25:00+00:00,True,,51.423325,-0.433532,Female,over 34,White - English/Welsh/Scottish/Northern Irish/British,White,,Article for use in theft,A no further action disposal,False,
Person search,2018-12-22T20:09:00+00:00,False,,51.173889,-0.014643,Male,18-24,White - English/Welsh/Scottish/Northern Irish/British,White,,Article for use in theft,A no further action disposal,False,
Person search,2018-12-22T20:15:00+00:00,False,,51.419416,-0.445876,Male,18-24,White - English/Welsh/Scottish/Northern Irish/British,White,,Controlled drugs,A no further action disposal,False,
Person search,2018-12-22T21:40:00+00:00,False,,51.233209,-0.587803,Male,under 10,Black/African/Caribbean/Black British - Caribbean,Black,,Controlled drugs,A no further action disposal,False,
Person search,2018-12-22T21:40:00+00:00,False,,51.233209,-0.587803,Male,over 34,Black/African/Caribbean/Black British - Caribbean,Black,,Controlled drugs,Khat or Cannabis warning,True,
Person search,2018-12-22T22:38:00+00:00,False,,51.397544,-0.471687,Male,25-34,Other ethnic group - Not stated,White,,Controlled drugs,A no further action disposal,False,
Person search,2018-12-22T22:52:00+00:00,False,,51.313023,-0.748064,Male,18-24,White - English/Welsh/Scottish/Northern Irish/British,White,,Controlled drugs,A no further action disposal,False,
Person search,2018-12-22T22:55:00+00:00,False,,51.313082,-0.746858,Male,18-24,White - English/Welsh/Scottish/Northern Irish/British,White,,Controlled drugs,A no further action disposal,False,
Person search,2018-12-22T23:03:00+00:00,False,,51.336929,-0.272558,Male,18-24,White - English/Welsh/Scottish/Northern Irish/British,White,,Controlled drugs,Khat or Cannabis warning,True,
Person search,2018-12-22T23:05:00+00:00,False,,51.316894,-0.615039,Male,25-34,White - English/Welsh/Scottish/Northern Irish/British,White,,Controlled drugs,A no further action disposal,False,
Person search,2018-12-22T23:11:00+00:00,False,,51.336929,-0.272558,Male,18-24,White - English/Welsh/Scottish/Northern Irish/British,White,,Controlled drugs,A no further action disposal,False,
Person search,2018-12-22T23:14:00+00:00,False,,51.336929,-0.272558,Male,18-24,White - English/Welsh/Scottish/Northern Irish/British,White,,Controlled drugs,A no further action disposal,False,
Person search,2018-12-22T23:15:00+00:00,False,,51.316894,-0.615039,Male,18-24,White - English/Welsh/Scottish/Northern Irish/British,White,,Controlled drugs,A no further action disposal,False,
Person search,2018-12-22T23:16:00+00:00,False,,51.337927,-0.744285,Male,18-24,White - English/Welsh/Scottish/Northern Irish/British,White,,Controlled drugs,A no further action disposal,False,
Person search,2018-12-22T23:19:00+00:00,False,,51.337927,-0.744285,Male,18-24,White - English/Welsh/Scottish/Northern Irish/British,White,,Controlled drugs,A no further action disposal,False,
Person search,2018-12-22T23:27:00+00:00,False,,51.337927,-0.744285,Male,18-24,White - English/Welsh/Scottish/Northern Irish/British,White,,Controlled drugs,A no further action disposal,False,
Person search,2018-12-22T23:29:00+00:00,False,,51.172559,-0.165009,Male,18-24,Black/African/Caribbean/Black British - Caribbean,Black,,Offensive weapons,A no further action disposal,False,
Person search,2018-12-22T23:37:00+00:00,False,,51.316894,-0.615039,Male,18-24,White - English/Welsh/Scottish/Northern Irish/British,White,,Controlled drugs,A no further action disposal,False,
Person search,2018-12-22T23:40:00+00:00,False,,51.316894,-0.615039,Male,18-24,White - English/Welsh/Scottish/Northern Irish/British,White,,Controlled drugs,A no further action disposal,False,
Person search,2018-12-22T23:55:00+00:00,False,,51.237631,-0.186875,Male,over 34,White - English/Welsh/Scottish/Northern Irish/British,White,,Controlled drugs,Arrest,True,
Person search,2018-12-22T23:55:00+00:00,False,,51.237631,-0.186875,Male,25-34,Black/African/Caribbean/Black British - African,Black,,Controlled drugs,Arrest,True,
Person search,2018-12-22T23:55:00+00:00,False,,51.237631,-0.186875,Male,25-34,Black/African/Caribbean/Black British - Caribbean,Black,,Controlled drugs,Arrest,True,
Person search,2018-12-23T00:04:00+00:00,False,,51.339196,-0.744394,Male,,White - Any other White background,White,,Controlled drugs,A no further action disposal,False,
Person search,2018-12-23T00:05:00+00:00,False,,51.237352,-0.580184,Male,18-24,White - English/Welsh/Scottish/Northern Irish/British,White,,Controlled drugs,A no further action disposal,False,
Person search,2018-12-23T00:11:00+00:00,False,,51.338196,-0.745039,Female,18-24,White - English/Welsh/Scottish/Northern Irish/British,White,,Controlled drugs,A no further action disposal,False,
Person search,2018-12-23T00:14:00+00:00,False,,51.316894,-0.615039,Male,18-24,White - English/Welsh/Scottish/Northern Irish/British,White,,Controlled drugs,A no further action disposal,False,
Person search,2018-12-23T00:15:00+00:00,False,,51.339196,-0.744394,Male,18-24,White - English/Welsh/Scottish/Northern Irish/British,White,,Controlled drugs,A no further action disposal,False,
Person search,2018-12-23T00:15:00+00:00,False,,51.337927,-0.744285,Male,18-24,White - English/Welsh/Scottish/Northern Irish/British,White,,Controlled drugs,A no further action disposal,False,
Person search,2018-12-23T00:17:00+00:00,False,,51.337927,-0.744285,Male,18-24,White - English/Welsh/Scottish/Northern Irish/British,White,,Controlled drugs,A no further action disposal,False,
Person search,2018-12-23T00:20:00+00:00,False,,51.297390,-0.070527,Male,18-24,Asian/Asian British - Any other Asian background,Asian,,Controlled drugs,A no further action disposal,False,
Person search,2018-12-23T00:29:00+00:00,False,,51.339196,-0.744394,Male,18-24,Mixed/Multiple ethnic groups - Any other Mixed/Multiple ethnic background,White,,Controlled drugs,A no further action disposal,False,
Person search,2018-12-23T00:41:00+00:00,False,,51.298501,-0.071929,Male,18-24,Asian/Asian British - Indian,Asian,,Controlled drugs,Khat or Cannabis warning,True,
Person search,2018-12-23T00:43:00+00:00,False,,51.339065,-0.746451,Male,18-24,White - English/Welsh/Scottish/Northern Irish/British,White,,Controlled drugs,A no further action disposal,False,
Person search,2018-12-23T01:00:00+00:00,False,,51.253143,-0.323191,Male,10-17,White - English/Welsh/Scottish/Northern Irish/British,White,,Controlled drugs,A no further action disposal,False,
Person search,2018-12-23T03:30:00+00:00,False,,51.236849,-0.323267,Male,18-24,Other ethnic group - Not stated,White,,Offensive weapons,A no further action disposal,False,
Person search,2018-12-23T06:10:00+00:00,False,,51.105411,-0.466043,Male,18-24,White - English/Welsh/Scottish/Northern Irish/British,White,,Article for use in theft,A no further action disposal,False,
Person search,2018-12-23T11:23:00+00:00,True,,51.457206,-0.477770,Male,10-17,White - English/Welsh/Scottish/Northern Irish/British,White,,Controlled drugs,A no further action disposal,False,
Person search,2018-12-23T11:23:00+00:00,False,,51.457206,-0.477770,Male,10-17,White - English/Welsh/Scottish/Northern Irish/British,White,,Controlled drugs,A no further action disposal,False,
Person search,2018-12-23T13:00:00+00:00,False,,51.240377,-0.318426,Female,18-24,White - English/Welsh/Scottish/Northern Irish/British,White,,Controlled drugs,A no further action disposal,False,
Person search,2018-12-23T13:00:00+00:00,False,,51.240377,-0.318426,Female,18-24,White - English/Welsh/Scottish/Northern Irish/British,White,,Controlled drugs,A no further action disposal,False,
Person search,2018-12-23T13:10:00+00:00,False,,51.240377,-0.318426,Male,18-24,Other ethnic group - Not stated,White,,Controlled drugs,A no further action disposal,False,
Person search,2018-12-23T22:25:00+00:00,False,,51.228110,-0.163989,Male,,Black/African/Caribbean/Black British - Caribbean,Black,,Controlled drugs,A no further action disposal,False,
Person search,2018-12-23T22:56:00+00:00,False,,51.397544,-0.471687,Female,25-34,Other ethnic group - Not stated,White,,Controlled drugs,A no further action disposal,False,
Person search,2018-12-23T23:45:00+00:00,False,,51.236256,-0.186370,Male,25-34,Asian/Asian British - Any other Asian background,Asian,,Controlled drugs,Khat or Cannabis warning,True,
Person search,2018-12-23T23:45:00+00:00,False,,51.237155,-0.191019,Male,25-34,Asian/Asian British - Any other Asian background,White,,Controlled drugs,Arrest,True,
Person search,2018-12-24T00:10:00+00:00,False,,51.202968,-0.790986,Male,18-24,White - English/Welsh/Scottish/Northern Irish/British,White,,Controlled drugs,Caution (simple or conditional),True,
Person search,2018-12-24T00:15:00+00:00,False,,51.202968,-0.790986,Male,18-24,White - English/Welsh/Scottish/Northern Irish/British,White,,Controlled drugs,A no further action disposal,False,
Person search,2018-12-24T01:30:00+00:00,False,,51.317063,-0.747438,Male,18-24,White - English/Welsh/Scottish/Northern Irish/British,White,,Controlled drugs,A no further action disposal,False,
Person search,2018-12-24T19:10:00+00:00,False,,51.434424,-0.505373,Male,18-24,White - English/Welsh/Scottish/Northern Irish/British,White,,Controlled drugs,Arrest,True,
Person search,2018-12-24T19:35:00+00:00,False,,51.305763,-0.730243,Male,18-24,Other ethnic group - Not stated,White,,Article for use in theft,A no further action disposal,False,
Person search,2018-12-25T00:48:00+00:00,False,,51.367550,-0.477556,Male,18-24,Other ethnic group - Not stated,Asian,,Controlled drugs,A no further action disposal,False,
Person search,2018-12-25T00:48:00+00:00,False,,51.367550,-0.477556,Male,25-34,Other ethnic group - Not stated,Asian,,Controlled drugs,A no further action disposal,False,
Person search,2018-12-25T00:48:00+00:00,False,,51.367550,-0.477556,Male,18-24,Other ethnic group - Not stated,Asian,,Controlled drugs,A no further action disposal,False,
Person search,2018-12-25T01:00:00+00:00,False,,51.386274,-0.322267,Male,over 34,White - English/Welsh/Scottish/Northern Irish/British,White,,Article for use in theft,A no further action disposal,False,
Person search,2018-12-25T02:12:00+00:00,False,,51.325253,-0.754908,Male,18-24,White - English/Welsh/Scottish/Northern Irish/British,White,,Controlled drugs,A no further action disposal,False,
Person search,2018-12-26T04:41:00+00:00,False,,51.296457,-0.356540,,,Other ethnic group - Not stated,White,,Article for use in theft,A no further action disposal,False,
Person search,2018-12-26T12:38:00+00:00,False,,51.450182,-0.481113,Male,25-34,White - Any other White background,White,,Controlled drugs,A no further action disposal,False,
Person search,2018-12-26T17:58:00+00:00,False,,51.450786,-0.434118,Male,18-24,White - English/Welsh/Scottish/Northern Irish/British,White,,Controlled drugs,A no further action disposal,False,
Person search,2018-12-27T00:30:00+00:00,False,,51.362835,-0.404325,Male,18-24,White - English/Welsh/Scottish/Northern Irish/British,White,,Article for use in theft,Arrest,False,
Person search,2018-12-27T01:52:00+00:00,False,,51.232311,-0.162933,Male,18-24,White - English/Welsh/Scottish/Northern Irish/British,White,,Controlled drugs,A no further action disposal,False,
Person search,2018-12-27T04:45:00+00:00,False,,51.237857,-0.583220,Male,18-24,White - English/Welsh/Scottish/Northern Irish/British,White,,Controlled drugs,Community resolution,True,
Person search,2018-12-27T05:16:00+00:00,False,,51.236461,-0.555158,Male,18-24,White - English/Welsh/Scottish/Northern Irish/British,White,,Stolen goods,A no further action disposal,False,
Person search,2018-12-27T13:30:00+00:00,False,,51.457413,-0.476382,Male,18-24,Other ethnic group - Not stated,White,,Controlled drugs,A no further action disposal,False,
Person search,2018-12-27T13:38:00+00:00,True,,51.457413,-0.476382,Male,18-24,White - Irish,White,,Controlled drugs,A no further action disposal,False,
Person search,2018-12-27T14:21:00+00:00,False,,51.235523,-0.326095,Male,10-17,White - English/Welsh/Scottish/Northern Irish/British,White,,Controlled drugs,A no further action disposal,False,
Person search,2018-12-27T14:25:00+00:00,False,,51.235219,-0.327481,Female,10-17,White - English/Welsh/Scottish/Northern Irish/British,White,,Controlled drugs,A no further action disposal,False,
Person search,2018-12-27T19:42:00+00:00,False,,51.324224,-0.545427,Male,10-17,Asian/Asian British - Pakistani,Asian,,Controlled drugs,Arrest,True,
Person search,2018-12-28T00:25:00+00:00,False,,51.304745,-0.218619,Male,18-24,White - English/Welsh/Scottish/Northern Irish/British,White,,Offensive weapons,A no further action disposal,False,
Person search,2018-12-28T00:40:00+00:00,False,,51.359704,-0.239743,Male,18-24,Black/African/Caribbean/Black British - African,Black,,Controlled drugs,A no further action disposal,False,
Person search,2018-12-28T00:47:00+00:00,False,,51.304745,-0.218619,Female,10-17,White - English/Welsh/Scottish/Northern Irish/British,White,,Controlled drugs,A no further action disposal,False,
Person search,2018-12-28T00:54:00+00:00,False,,51.304745,-0.218619,Male,10-17,Other ethnic group - Not stated,White,,Articles for use in criminal damage,Community resolution,True,
Vehicle search,2018-12-28T11:40:00+00:00,False,,51.421486,-0.427856,,,Other ethnic group - Not stated,,,Article for use in theft,A no further action disposal,False,
Person search,2018-12-28T17:20:00+00:00,False,,51.345589,-0.232802,Male,25-34,White - English/Welsh/Scottish/Northern Irish/British,White,,Controlled drugs,A no further action disposal,False,
Person search,2018-12-28T20:37:00+00:00,False,,51.372036,-0.458888,Male,10-17,White - English/Welsh/Scottish/Northern Irish/British,White,,Controlled drugs,A no further action disposal,True,
Person search,2018-12-28T20:40:00+00:00,False,,51.372036,-0.458888,Male,10-17,White - English/Welsh/Scottish/Northern Irish/British,White,,Controlled drugs,A no further action disposal,True,
Person search,2018-12-28T23:30:00+00:00,False,,51.316737,-0.221857,Male,18-24,White - English/Welsh/Scottish/Northern Irish/British,White,,Controlled drugs,A no further action disposal,True,
Person search,2018-12-28T23:35:00+00:00,False,,51.314510,-0.218543,Male,18-24,White - English/Welsh/Scottish/Northern Irish/British,White,,Controlled drugs,Khat or Cannabis warning,True,
Person search,2018-12-28T23:36:00+00:00,False,,51.316737,-0.221857,Male,18-24,White - English/Welsh/Scottish/Northern Irish/British,White,,Controlled drugs,A no further action disposal,False,
Person search,2018-12-29T00:40:00+00:00,False,,51.349236,-0.252336,Male,,White - Any other White background,White,,Controlled drugs,Khat or Cannabis warning,True,
Person search,2018-12-29T00:45:00+00:00,False,,51.349236,-0.252336,Male,18-24,White - English/Welsh/Scottish/Northern Irish/British,White,,Controlled drugs,Khat or Cannabis warning,True,
Person search,2018-12-29T00:45:00+00:00,False,,51.349236,-0.252336,Male,10-17,White - English/Welsh/Scottish/Northern Irish/British,White,,Controlled drugs,Khat or Cannabis warning,True,
Person search,2018-12-29T11:07:00+00:00,False,,51.422748,-0.486121,Male,18-24,White - English/Welsh/Scottish/Northern Irish/British,White,,Article for use in theft,A no further action disposal,False,
Person search,2018-12-29T19:40:00+00:00,False,,51.249785,-0.729350,Female,18-24,White - English/Welsh/Scottish/Northern Irish/British,White,,Controlled drugs,A no further action disposal,False,
Person search,2018-12-29T20:01:00+00:00,False,,51.249785,-0.729350,Male,18-24,White - English/Welsh/Scottish/Northern Irish/British,White,,Controlled drugs,Khat or Cannabis warning,True,
Person search,2018-12-29T21:22:00+00:00,False,,51.425853,-0.556888,Male,10-17,White - English/Welsh/Scottish/Northern Irish/British,White,,Controlled drugs,A no further action disposal,False,
Person search,2018-12-29T21:26:00+00:00,False,,51.425853,-0.556888,Male,10-17,White - English/Welsh/Scottish/Northern Irish/British,White,,Controlled drugs,A no further action disposal,False,
Person search,2018-12-29T21:35:00+00:00,False,,51.225512,-0.484309,Male,18-24,White - English/Welsh/Scottish/Northern Irish/British,White,,Controlled drugs,A no further action disposal,False,
Person search,2018-12-29T22:08:00+00:00,False,,51.351084,-0.663997,Female,18-24,White - English/Welsh/Scottish/Northern Irish/British,White,,Controlled drugs,A no further action disposal,False,
Person search,2018-12-29T22:08:00+00:00,False,,51.351084,-0.663997,Female,18-24,White - English/Welsh/Scottish/Northern Irish/British,White,,Controlled drugs,A no further action disposal,False,
Person search,2018-12-29T22:08:00+00:00,False,,51.351084,-0.663997,Female,18-24,White - English/Welsh/Scottish/Northern Irish/British,White,,Controlled drugs,A no further action disposal,False,
Person search,2018-12-29T22:31:00+00:00,False,,51.282516,-0.075997,Male,18-24,White - English/Welsh/Scottish/Northern Irish/British,White,,Controlled drugs,A no further action disposal,False,
Person search,2018-12-29T22:34:00+00:00,False,,51.282516,-0.075997,Male,18-24,White - English/Welsh/Scottish/Northern Irish/British,White,,Controlled drugs,A no further action disposal,False,
Person search,2018-12-29T22:38:00+00:00,False,,51.282516,-0.075997,Male,18-24,White - English/Welsh/Scottish/Northern Irish/British,White,,Controlled drugs,A no further action disposal,False,
Person search,2018-12-29T22:38:00+00:00,False,,51.282516,-0.075997,Male,18-24,White - English/Welsh/Scottish/Northern Irish/British,White,,Controlled drugs,A no further action disposal,False,
Person search,2018-12-29T23:15:00+00:00,False,,51.362092,-0.272057,Male,18-24,White - English/Welsh/Scottish/Northern Irish/British,White,,Controlled drugs,Khat or Cannabis warning,True,
Person search,2018-12-30T00:20:00+00:00,False,,51.283446,-0.089954,Female,18-24,White - English/Welsh/Scottish/Northern Irish/British,White,,Controlled drugs,Khat or Cannabis warning,True,
Person search,2018-12-30T00:20:00+00:00,False,,51.283446,-0.089954,Female,18-24,White - English/Welsh/Scottish/Northern Irish/British,White,,Controlled drugs,Khat or Cannabis warning,True,
Person search,2018-12-30T00:39:00+00:00,False,,,,Male,18-24,Other ethnic group - Not stated,Asian,,Controlled drugs,Khat or Cannabis warning,True,
Person search,2018-12-30T15:08:00+00:00,False,,51.245258,-0.167332,Male,25-34,White - English/Welsh/Scottish/Northern Irish/British,White,,Controlled drugs,Khat or Cannabis warning,True,
Person search,2018-12-30T16:15:00+00:00,False,,51.237384,-0.590225,Male,over 34,White - English/Welsh/Scottish/Northern Irish/British,White,,Article for use in theft,Arrest,False,
Person search,2018-12-30T16:27:00+00:00,False,,51.237384,-0.590225,Male,over 34,White - English/Welsh/Scottish/Northern Irish/British,White,,Article for use in theft,Arrest,True,
Person search,2018-12-30T17:00:00+00:00,False,,51.397032,-0.246892,Male,18-24,Black/African/Caribbean/Black British - Any other Black/African/Caribbean background,Black,,Controlled drugs,A no further action disposal,True,
Person search,2018-12-30T17:00:00+00:00,False,,51.235523,-0.326095,Male,18-24,Black/African/Caribbean/Black British - Caribbean,Black,,Controlled drugs,Khat or Cannabis warning,True,
Person search,2018-12-30T17:00:00+00:00,False,,51.243503,-0.307552,Male,18-24,White - English/Welsh/Scottish/Northern Irish/British,White,,Controlled drugs,Community resolution,True,
Person search,2018-12-30T17:00:00+00:00,False,,51.397032,-0.246892,Male,18-24,Black/African/Caribbean/Black British - African,Black,,Controlled drugs,A no further action disposal,True,
Person search,2018-12-30T17:15:00+00:00,False,,51.397032,-0.246892,Male,18-24,Mixed/Multiple ethnic groups - White and Black Caribbean,Black,,Controlled drugs,A no further action disposal,True,
Person search,2018-12-30T21:05:00+00:00,False,,,,Male,18-24,Other ethnic group - Not stated,White,,Offensive weapons,Arrest,False,
Person search,2018-12-30T23:15:00+00:00,False,,51.237631,-0.186875,Male,18-24,Other ethnic group - Any other ethnic group,,,Controlled drugs,Summons / charged by post,False,
Person search,2018-12-30T23:32:00+00:00,False,,51.235115,-0.578119,Male,18-24,White - English/Welsh/Scottish/Northern Irish/British,White,,Controlled drugs,A no further action disposal,False,
Person search,2018-12-30T23:32:00+00:00,False,,51.235115,-0.578119,Male,18-24,White - English/Welsh/Scottish/Northern Irish/British,White,,Controlled drugs,A no further action disposal,False,
Person search,2018-12-30T23:32:00+00:00,False,,51.235115,-0.578119,Male,18-24,White - English/Welsh/Scottish/Northern Irish/British,White,,Controlled drugs,A no further action disposal,False,
Person search,2018-12-30T23:50:00+00:00,False,,51.281062,-0.077305,Male,18-24,White - English/Welsh/Scottish/Northern Irish/British,White,,Controlled drugs,A no further action disposal,False,
Person search,2018-12-30T23:50:00+00:00,False,,51.282516,-0.075997,Male,18-24,White - English/Welsh/Scottish/Northern Irish/British,White,,Controlled drugs,A no further action disposal,False,
Person search,2018-12-31T00:06:00+00:00,False,,,,Male,18-24,Asian/Asian British - Indian,Asian,,Controlled drugs,Community resolution,True,
Person search,2018-12-31T02:06:00+00:00,False,,51.255803,-0.722076,Female,over 34,White - English/Welsh/Scottish/Northern Irish/British,White,,Controlled drugs,A no further action disposal,False,
Person search,2018-12-31T13:15:00+00:00,False,,51.445639,-0.472716,Male,18-24,White - Any other White background,White,,Stolen goods,A no further action disposal,False,
Person search,2018-12-31T13:15:00+00:00,False,,51.445639,-0.472716,Male,10-17,White - English/Welsh/Scottish/Northern Irish/British,White,,Stolen goods,A no further action disposal,False,
Person search,2018-12-31T17:40:00+00:00,False,,51.249144,-0.587057,Female,over 34,White - English/Welsh/Scottish/Northern Irish/British,White,,Controlled drugs,A no further action disposal,False,
Person search,2018-12-31T17:40:00+00:00,False,,51.249144,-0.587057,Male,25-34,White - English/Welsh/Scottish/Northern Irish/British,White,,Controlled drugs,A no further action disposal,False,
Person search,2018-12-31T17:42:00+00:00,False,,51.249144,-0.587057,Male,over 34,White - English/Welsh/Scottish/Northern Irish/British,White,,Controlled drugs,A no further action disposal,False,
Person search,2018-12-31T22:26:00+00:00,False,,51.236824,-0.576676,Male,18-24,White - English/Welsh/Scottish/Northern Irish/British,Black,,Controlled drugs,A no further action disposal,False,
Person search,2018-12-31T22:30:00+00:00,False,,51.236171,-0.577656,Male,18-24,White - English/Welsh/Scottish/Northern Irish/British,White,,Controlled drugs,A no further action disposal,False,
Person search,2018-12-31T23:15:00+00:00,False,,51.235706,-0.577155,Male,18-24,White - English/Welsh/Scottish/Northern Irish/British,White,,Controlled drugs,Summons / charged by post,True,
Person search,2018-12-31T23:32:00+00:00,False,,51.235115,-0.578119,Male,18-24,White - Any other White background,Black,,Controlled drugs,Khat or Cannabis warning,True,
