Type,Date,Part of a policing operation,Policing operation,Latitude,Longitude,Gender,Age range,Self-defined ethnicity,Officer-defined ethnicity,Legislation,Object of search,Outcome,Outcome linked to object of search,Removal of more than just outer clothing
Person search,2018-03-01T17:10:00+00:00,,,53.320200,-3.828050,Male,18-24,White - English/Welsh/Scottish/Northern Irish/British,White,Police and Criminal Evidence Act 1984 (section 1),Offensive weapons,A no further action disposal,True,False
Person search,2018-03-02T13:00:00+00:00,,,,,Male,25-34,Black/African/Caribbean/Black British - African,Black,Police and Criminal Evidence Act 1984 (section 1),Stolen goods,Arrest,True,False
Person search,2018-03-03T08:45:00+00:00,,,,,Male,25-34,White - Any other White background,White,Police and Criminal Evidence Act 1984 (section 1),Stolen goods,Arrest,True,False
Person search,2018-03-03T20:45:00+00:00,,,53.357900,-2.043550,Male,18-24,White - English/Welsh/Scottish/Northern Irish/British,White,Police and Criminal Evidence Act 1984 (section 1),Stolen goods,A no further action disposal,True,False
Person search,2018-03-03T22:45:00+00:00,,,,,Male,18-24,Mixed/Multiple ethnic groups - Any other Mixed/Multiple ethnic background,White,Misuse of Drugs Act 1971 (section 23),Controlled drugs,Summons / charged by post,True,False
Person search,2018-03-04T13:50:00+00:00,,,,,Male,18-24,White - Any other White background,White,Misuse of Drugs Act 1971 (section 23),Controlled drugs,,True,False
Person search,2018-03-04T21:15:00+00:00,,,53.357900,-2.043550,Male,18-24,White - English/Welsh/Scottish/Northern Irish/British,White,Misuse of Drugs Act 1971 (section 23),Controlled drugs,Summons / charged by post,True,False
Person search,2018-03-05T12:50:00+00:00,,,,,Male,over 34,Other ethnic group - Not stated,Black,Misuse of Drugs Act 1971 (section 23),Controlled drugs,A no further action disposal,True,False
Person search,2018-03-05T13:58:00+00:00,,,,,Male,18-24,Mixed/Multiple ethnic groups - White and Black Caribbean,Black,Misuse of Drugs Act 1971 (section 23),Controlled drugs,A no further action disposal,True,False
Person search,2018-03-05T15:05:00+00:00,,,,,Male,25-34,White - English/Welsh/Scottish/Northern Irish/British,White,Police and Criminal Evidence Act 1984 (section 1),Stolen goods,Community resolution,True,False
Person search,2018-03-05T17:10:00+00:00,,,,,,25-34,Other ethnic group - Not stated,White,Police and Criminal Evidence Act 1984 (section 1),Offensive weapons,Arrest,True,False
Person search,2018-03-05T19:54:00+00:00,,,52.866100,-2.190560,Male,25-34,Other ethnic group - Not stated,White,Misuse of Drugs Act 1971 (section 23),Controlled drugs,Summons / charged by post,True,False
Person search,2018-03-05T20:00:00+00:00,,,52.866100,-2.190560,Male,18-24,White - English/Welsh/Scottish/Northern Irish/British,White,Misuse of Drugs Act 1971 (section 23),Controlled drugs,Summons / charged by post,True,False
Person search,2018-03-06T10:10:00+00:00,,,,,Male,10-17,Black/African/Caribbean/Black British - Any other Black/African/Caribbean background,Black,Police and Criminal Evidence Act 1984 (section 1),Article for use in theft,Arrest,True,False
Person search,2018-03-06T11:55:00+00:00,,,,,Male,25-34,Other ethnic group - Not stated,Black,Misuse of Drugs Act 1971 (section 23),Controlled drugs,A no further action disposal,True,False
Person search,2018-03-06T16:22:00+00:00,,,53.357900,-2.043550,Female,over 34,Other ethnic group - Not stated,White,Misuse of Drugs Act 1971 (section 23),Controlled drugs,Summons / charged by post,True,False
Person search,2018-03-06T16:29:00+00:00,,,,,,10-17,Black/African/Caribbean/Black British - African,Black,Police and Criminal Evidence Act 1984 (section 1),Offensive weapons,A no further action disposal,True,False
Person search,2018-03-06T16:46:00+00:00,,,53.357900,-2.043550,Male,25-34,White - English/Welsh/Scottish/Northern Irish/British,White,Misuse of Drugs Act 1971 (section 23),Controlled drugs,A no further action disposal,True,False
Person search,2018-03-06T16:55:00+00:00,,,,,,,Other ethnic group - Not stated,White,Misuse of Drugs Act 1971 (section 23),Controlled drugs,A no further action disposal,True,False
Person search,2018-03-06T17:00:00+00:00,,,,,,over 34,White - Any other White background,White,Police and Criminal Evidence Act 1984 (section 1),Stolen goods,,True,False
Person search,2018-03-06T17:09:00+00:00,,,,,Male,over 34,Other ethnic group - Not stated,White,Police and Criminal Evidence Act 1984 (section 1),Stolen goods,Arrest,True,False
Person search,2018-03-06T17:25:00+00:00,,,53.359500,-2.007940,,over 34,White - Irish,White,Police and Criminal Evidence Act 1984 (section 1),Stolen goods,A no further action disposal,True,False
Person search,2018-03-07T09:05:00+00:00,,,,,Male,18-24,White - English/Welsh/Scottish/Northern Irish/British,White,Misuse of Drugs Act 1971 (section 23),Controlled drugs,A no further action disposal,True,False
Person search,2018-03-07T09:10:00+00:00,,,,,Male,10-17,White - Any other White background,White,Misuse of Drugs Act 1971 (section 23),Controlled drugs,A no further action disposal,True,False
Person search,2018-03-07T09:10:00+00:00,,,,,Male,10-17,White - English/Welsh/Scottish/Northern Irish/British,White,Misuse of Drugs Act 1971 (section 23),Controlled drugs,Summons / charged by post,True,False
Person search,2018-03-07T09:20:00+00:00,,,,,Male,10-17,White - English/Welsh/Scottish/Northern Irish/British,White,Misuse of Drugs Act 1971 (section 23),Controlled drugs,Summons / charged by post,True,False
Person search,2018-03-07T14:15:00+00:00,,,,,Male,18-24,White - English/Welsh/Scottish/Northern Irish/British,White,Misuse of Drugs Act 1971 (section 23),Controlled drugs,A no further action disposal,True,False
Person search,2018-03-07T16:15:00+00:00,,,53.359500,-2.007940,Male,25-34,White - English/Welsh/Scottish/Northern Irish/British,White,Misuse of Drugs Act 1971 (section 23),Controlled drugs,A no further action disposal,True,False
Person search,2018-03-07T16:15:00+00:00,,,53.359500,-2.007940,Male,over 34,Other ethnic group - Not stated,White,Misuse of Drugs Act 1971 (section 23),Controlled drugs,A no further action disposal,True,False
Person search,2018-03-07T16:20:00+00:00,,,53.359500,-2.007940,,18-24,Other ethnic group - Not stated,White,Misuse of Drugs Act 1971 (section 23),Controlled drugs,A no further action disposal,True,False
Person search,2018-03-07T17:45:00+00:00,,,52.897600,-1.471960,,10-17,Other ethnic group - Not stated,White,Police and Criminal Evidence Act 1984 (section 1),Offensive weapons,A no further action disposal,True,False
Person search,2018-03-07T17:45:00+00:00,,,52.897600,-1.471960,,10-17,Other ethnic group - Not stated,White,Police and Criminal Evidence Act 1984 (section 1),,A no further action disposal,True,False
Person search,2018-03-07T22:14:00+00:00,,,,,Male,,Asian/Asian British - Pakistani,Asian,Misuse of Drugs Act 1971 (section 23),Controlled drugs,Khat or Cannabis warning,True,False
Person search,2018-03-09T19:55:00+00:00,,,,,Male,18-24,Black/African/Caribbean/Black British - African,Black,Misuse of Drugs Act 1971 (section 23),Controlled drugs,A no further action disposal,True,False
Person search,2018-03-09T21:45:00+00:00,,,,,Male,18-24,White - English/Welsh/Scottish/Northern Irish/British,White,Misuse of Drugs Act 1971 (section 23),Controlled drugs,Khat or Cannabis warning,True,False
Person search,2018-03-10T19:30:00+00:00,,,,,,10-17,White - English/Welsh/Scottish/Northern Irish/British,White,Misuse of Drugs Act 1971 (section 23),Controlled drugs,A no further action disposal,True,False
Person search,2018-03-10T20:10:00+00:00,,,,,,,White - Any other White background,White,Misuse of Drugs Act 1971 (section 23),Controlled drugs,A no further action disposal,True,False
Person search,2018-03-10T20:10:00+00:00,,,,,Male,10-17,White - Any other White background,White,Misuse of Drugs Act 1971 (section 23),Controlled drugs,A no further action disposal,True,False
Person search,2018-03-10T22:04:00+00:00,,,55.246400,-4.848410,Female,25-34,White - English/Welsh/Scottish/Northern Irish/British,White,Misuse of Drugs Act 1971 (section 23),Controlled drugs,A no further action disposal,True,False
Person search,2018-03-11T20:20:00+00:00,,,,,,,Other ethnic group - Not stated,White,Police and Criminal Evidence Act 1984 (section 1),Stolen goods,A no further action disposal,True,False
Person search,2018-03-14T09:25:00+00:00,,,,,Male,25-34,Other ethnic group - Not stated,White,Police and Criminal Evidence Act 1984 (section 1),Stolen goods,Arrest,True,False
Person search,2018-03-15T13:10:00+00:00,,,53.835000,-2.213780,Male,25-34,White - English/Welsh/Scottish/Northern Irish/British,White,Police and Criminal Evidence Act 1984 (section 1),Stolen goods,Arrest,True,False
Person search,2018-03-15T22:10:00+00:00,,,53.320200,-3.828050,,25-34,White - English/Welsh/Scottish/Northern Irish/British,White,Misuse of Drugs Act 1971 (section 23),Controlled drugs,A no further action disposal,True,False
Person search,2018-03-16T23:10:00+00:00,,,,,Male,18-24,Other ethnic group - Not stated,Other,Police and Criminal Evidence Act 1984 (section 1),Stolen goods,A no further action disposal,True,False
Person search,2018-03-16T23:10:00+00:00,,,,,,,Other ethnic group - Not stated,Other,Police and Criminal Evidence Act 1984 (section 1),Stolen goods,A no further action disposal,True,False
Person search,2018-03-16T23:10:00+00:00,,,,,Male,18-24,Other ethnic group - Not stated,Other,Police and Criminal Evidence Act 1984 (section 1),Stolen goods,A no further action disposal,True,False
Person search,2018-03-16T23:10:00+00:00,,,,,Male,,Other ethnic group - Not stated,Other,Police and Criminal Evidence Act 1984 (section 1),Stolen goods,A no further action disposal,True,False
Person search,2018-03-17T09:15:00+00:00,,,,,Male,18-24,White - Any other White background,White,Misuse of Drugs Act 1971 (section 23),Controlled drugs,A no further action disposal,True,False
Person search,2018-03-17T09:18:00+00:00,,,,,Male,25-34,White - Any other White background,White,Misuse of Drugs Act 1971 (section 23),Controlled drugs,A no further action disposal,True,False
Person search,2018-03-17T14:05:00+00:00,,,,,Male,25-34,White - Any other White background,White,Police and Criminal Evidence Act 1984 (section 1),Stolen goods,A no further action disposal,True,False
Person search,2018-03-17T14:10:00+00:00,,,,,Male,over 34,White - Any other White background,White,Police and Criminal Evidence Act 1984 (section 1),Stolen goods,A no further action disposal,True,False
Person search,2018-03-17T20:30:00+00:00,,,53.601900,-3.042710,,10-17,White - English/Welsh/Scottish/Northern Irish/British,White,Police and Criminal Evidence Act 1984 (section 1),Article for use in theft,A no further action disposal,True,False
Person search,2018-03-17T20:30:00+00:00,,,53.601900,-3.042710,Male,10-17,White - English/Welsh/Scottish/Northern Irish/British,White,Police and Criminal Evidence Act 1984 (section 1),Article for use in theft,A no further action disposal,True,False
Person search,2018-03-17T20:30:00+00:00,,,,,Male,18-24,Black/African/Caribbean/Black British - Any other Black/African/Caribbean background,Black,Misuse of Drugs Act 1971 (section 23),Controlled drugs,A no further action disposal,True,False
Person search,2018-03-18T18:15:00+00:00,,,,,Male,10-17,Black/African/Caribbean/Black British - Caribbean,Black,Criminal Justice and Public Order Act 1994 (section 60),,A no further action disposal,True,False
Person search,2018-03-19T17:40:00+00:00,,,,,Male,25-34,Other ethnic group - Not stated,Black,Misuse of Drugs Act 1971 (section 23),Controlled drugs,A no further action disposal,True,False
Person search,2018-03-19T18:15:00+00:00,,,,,Male,18-24,White - English/Welsh/Scottish/Northern Irish/British,White,Police and Criminal Evidence Act 1984 (section 1),Offensive weapons,A no further action disposal,True,False
Person search,2018-03-19T21:05:00+00:00,,,,,Male,10-17,White - English/Welsh/Scottish/Northern Irish/British,White,Police and Criminal Evidence Act 1984 (section 1),Offensive weapons,A no further action disposal,True,False
Person search,2018-03-19T22:35:00+00:00,,,,,Male,10-17,White - English/Welsh/Scottish/Northern Irish/British,White,Misuse of Drugs Act 1971 (section 23),Controlled drugs,A no further action disposal,True,False
Person search,2018-03-20T13:45:00+00:00,,,54.553800,-3.587290,,18-24,Black/African/Caribbean/Black British - Any other Black/African/Caribbean background,Black,Misuse of Drugs Act 1971 (section 23),Controlled drugs,Arrest,False,False
Person search,2018-03-20T13:57:00+00:00,,,,,Female,25-34,Other ethnic group - Not stated,White,Misuse of Drugs Act 1971 (section 23),Controlled drugs,A no further action disposal,True,False
Person search,2018-03-20T14:00:00+00:00,,,,,Male,,Other ethnic group - Not stated,White,Police and Criminal Evidence Act 1984 (section 1),Offensive weapons,A no further action disposal,True,False
Person search,2018-03-20T17:47:00+00:00,,,52.908200,-2.155060,Male,over 34,White - English/Welsh/Scottish/Northern Irish/British,White,Misuse of Drugs Act 1971 (section 23),Controlled drugs,A no further action disposal,True,False
Person search,2018-03-20T20:48:00+00:00,,,,,Male,over 34,White - Any other White background,White,Police and Criminal Evidence Act 1984 (section 1),Stolen goods,A no further action disposal,True,False
Person search,2018-03-20T21:15:00+00:00,,,52.864000,-1.681360,Male,25-34,White - English/Welsh/Scottish/Northern Irish/British,White,Misuse of Drugs Act 1971 (section 23),Controlled drugs,Khat or Cannabis warning,True,False
Person search,2018-03-21T15:23:00+00:00,,,52.010600,-4.986390,Male,over 34,White - English/Welsh/Scottish/Northern Irish/British,White,Police and Criminal Evidence Act 1984 (section 1),Offensive weapons,A no further action disposal,True,False
Person search,2018-03-21T16:14:00+00:00,,,,,,,Other ethnic group - Not stated,White,Misuse of Drugs Act 1971 (section 23),Controlled drugs,A no further action disposal,True,False
Person search,2018-03-21T17:00:00+00:00,,,,,,10-17,Black/African/Caribbean/Black British - African,Black,Criminal Justice and Public Order Act 1994 (section 60),Offensive weapons,A no further action disposal,True,False
Person search,2018-03-21T17:15:00+00:00,,,53.359500,-2.007940,Male,over 34,Other ethnic group - Not stated,White,Misuse of Drugs Act 1971 (section 23),Controlled drugs,Arrest,True,False
Person search,2018-03-21T17:23:00+00:00,,,,,Male,10-17,Mixed/Multiple ethnic groups - White and Black African,White,Criminal Justice and Public Order Act 1994 (section 60),Offensive weapons,A no further action disposal,True,False
Person search,2018-03-21T17:30:00+00:00,,,,,Male,18-24,Other ethnic group - Not stated,Black,Criminal Justice and Public Order Act 1994 (section 60),Offensive weapons,A no further action disposal,True,False
Person search,2018-03-21T17:32:00+00:00,,,,,Male,18-24,Other ethnic group - Not stated,Black,Criminal Justice and Public Order Act 1994 (section 60),Offensive weapons,A no further action disposal,True,False
Person search,2018-03-21T17:35:00+00:00,,,,,Male,10-17,White - English/Welsh/Scottish/Northern Irish/British,White,Criminal Justice and Public Order Act 1994 (section 60),Offensive weapons,A no further action disposal,True,False
Person search,2018-03-21T17:40:00+00:00,,,,,Male,over 34,Other ethnic group - Any other ethnic group,Black,Criminal Justice and Public Order Act 1994 (section 60),Offensive weapons,A no further action disposal,True,False
Person search,2018-03-21T17:45:00+00:00,,,,,Male,10-17,White - English/Welsh/Scottish/Northern Irish/British,White,Criminal Justice and Public Order Act 1994 (section 60),Offensive weapons,A no further action disposal,True,False
Person search,2018-03-21T18:00:00+00:00,,,,,Male,over 34,Other ethnic group - Not stated,Black,Criminal Justice and Public Order Act 1994 (section 60),,A no further action disposal,True,False
Person search,2018-03-21T18:03:00+00:00,,,,,Male,18-24,Black/African/Caribbean/Black British - African,Black,Criminal Justice and Public Order Act 1994 (section 60),Offensive weapons,A no further action disposal,True,False
Person search,2018-03-21T18:05:00+00:00,,,,,Male,10-17,Black/African/Caribbean/Black British - Caribbean,Black,Criminal Justice and Public Order Act 1994 (section 60),Offensive weapons,A no further action disposal,True,False
Person search,2018-03-21T18:13:00+00:00,,,,,Male,10-17,Black/African/Caribbean/Black British - Caribbean,Black,Criminal Justice and Public Order Act 1994 (section 60),Offensive weapons,A no further action disposal,True,False
Person search,2018-03-21T18:13:00+00:00,,,,,Male,10-17,Black/African/Caribbean/Black British - Caribbean,Black,Criminal Justice and Public Order Act 1994 (section 60),Offensive weapons,A no further action disposal,True,False
Person search,2018-03-21T18:25:00+00:00,,,,,Male,10-17,Other ethnic group - Not stated,Black,Criminal Justice and Public Order Act 1994 (section 60),Offensive weapons,A no further action disposal,True,False
Person search,2018-03-21T18:27:00+00:00,,,,,Male,10-17,Black/African/Caribbean/Black British - African,Black,Criminal Justice and Public Order Act 1994 (section 60),Offensive weapons,A no further action disposal,True,False
Person search,2018-03-21T18:30:00+00:00,,,,,Male,10-17,Black/African/Caribbean/Black British - African,Black,Criminal Justice and Public Order Act 1994 (section 60),Offensive weapons,A no further action disposal,True,False
Person search,2018-03-21T18:30:00+00:00,,,,,Male,18-24,Other ethnic group - Not stated,Black,Criminal Justice and Public Order Act 1994 (section 60),Offensive weapons,A no further action disposal,True,False
Person search,2018-03-21T18:35:00+00:00,,,,,Male,18-24,Black/African/Caribbean/Black British - African,Black,Criminal Justice and Public Order Act 1994 (section 60),Offensive weapons,A no further action disposal,True,False
Person search,2018-03-21T18:35:00+00:00,,,,,Male,10-17,Mixed/Multiple ethnic groups - White and Black African,Black,Criminal Justice and Public Order Act 1994 (section 60),Offensive weapons,,True,False
Person search,2018-03-21T18:45:00+00:00,,,,,Male,18-24,Black/African/Caribbean/Black British - Any other Black/African/Caribbean background,Black,Criminal Justice and Public Order Act 1994 (section 60),Offensive weapons,A no further action disposal,True,False
Person search,2018-03-21T18:55:00+00:00,,,,,Male,10-17,Other ethnic group - Not stated,Black,Criminal Justice and Public Order Act 1994 (section 60),Offensive weapons,A no further action disposal,True,False
Person search,2018-03-21T18:59:00+00:00,,,,,Male,18-24,Black/African/Caribbean/Black British - African,Black,Criminal Justice and Public Order Act 1994 (section 60),Offensive weapons,A no further action disposal,True,False
Person search,2018-03-21T19:09:00+00:00,,,,,Male,10-17,Other ethnic group - Not stated,Black,Criminal Justice and Public Order Act 1994 (section 60),Offensive weapons,A no further action disposal,True,False
Person search,2018-03-21T19:10:00+00:00,,,,,Male,10-17,Other ethnic group - Any other ethnic group,Black,Criminal Justice and Public Order Act 1994 (section 60),Offensive weapons,A no further action disposal,True,False
Person search,2018-03-21T19:12:00+00:00,,,,,Male,18-24,Black/African/Caribbean/Black British - African,Black,Criminal Justice and Public Order Act 1994 (section 60),Offensive weapons,A no further action disposal,True,False
Person search,2018-03-21T21:00:00+00:00,,,,,Male,18-24,Other ethnic group - Not stated,White,Criminal Justice and Public Order Act 1994 (section 60),,A no further action disposal,True,False
Person search,2018-03-22T09:00:00+00:00,,,,,Female,10-17,White - Any other White background,Asian,Police and Criminal Evidence Act 1984 (section 1),Stolen goods,A no further action disposal,True,False
Person search,2018-03-22T16:25:00+00:00,,,,,Male,18-24,White - English/Welsh/Scottish/Northern Irish/British,White,Criminal Justice and Public Order Act 1994 (section 60),Offensive weapons,A no further action disposal,True,False
Person search,2018-03-22T16:30:00+00:00,,,,,Male,10-17,Other ethnic group - Not stated,White,Criminal Justice and Public Order Act 1994 (section 60),Offensive weapons,A no further action disposal,True,False
Person search,2018-03-22T16:35:00+00:00,,,,,Male,25-34,Other ethnic group - Not stated,White,Misuse of Drugs Act 1971 (section 23),,A no further action disposal,True,False
Person search,2018-03-22T17:00:00+00:00,,,,,Male,,Mixed/Multiple ethnic groups - White and Black Caribbean,Black,Criminal Justice and Public Order Act 1994 (section 60),Offensive weapons,A no further action disposal,True,False
Person search,2018-03-22T17:00:00+00:00,,,,,Male,18-24,Black/African/Caribbean/Black British - Caribbean,Black,Criminal Justice and Public Order Act 1994 (section 60),Offensive weapons,A no further action disposal,True,False
Person search,2018-03-22T17:07:00+00:00,,,,,Male,10-17,Other ethnic group - Not stated,Black,Criminal Justice and Public Order Act 1994 (section 60),Offensive weapons,A no further action disposal,True,False
Person search,2018-03-22T17:09:00+00:00,,,,,Male,18-24,Black/African/Caribbean/Black British - Caribbean,Black,Criminal Justice and Public Order Act 1994 (section 60),Offensive weapons,Arrest,True,False
Person search,2018-03-22T17:15:00+00:00,,,,,Male,18-24,Other ethnic group - Not stated,Black,Criminal Justice and Public Order Act 1994 (section 60),Offensive weapons,Summons / charged by post,True,False
Person search,2018-03-22T17:30:00+00:00,,,,,Male,10-17,Other ethnic group - Not stated,White,Criminal Justice and Public Order Act 1994 (section 60),Offensive weapons,A no further action disposal,True,False
Person search,2018-03-22T17:35:00+00:00,,,,,Male,10-17,Other ethnic group - Not stated,Black,Criminal Justice and Public Order Act 1994 (section 60),Offensive weapons,A no further action disposal,True,False
Person search,2018-03-22T17:55:00+00:00,,,,,Male,10-17,Other ethnic group - Not stated,Black,Criminal Justice and Public Order Act 1994 (section 60),Offensive weapons,A no further action disposal,True,False
Person search,2018-03-22T17:55:00+00:00,,,53.318200,-3.488920,,18-24,Black/African/Caribbean/Black British - African,Black,Misuse of Drugs Act 1971 (section 23),Controlled drugs,Arrest,True,False
Person search,2018-03-22T18:00:00+00:00,,,,,Male,18-24,Asian/Asian British - Bangladeshi,Asian,Criminal Justice and Public Order Act 1994 (section 60),Offensive weapons,A no further action disposal,True,False
Person search,2018-03-22T18:00:00+00:00,,,,,Male,18-24,Black/African/Caribbean/Black British - Any other Black/African/Caribbean background,Black,Criminal Justice and Public Order Act 1994 (section 60),Offensive weapons,A no further action disposal,True,False
Person search,2018-03-22T18:00:00+00:00,,,,,Male,,Other ethnic group - Not stated,White,Criminal Justice and Public Order Act 1994 (section 60),Offensive weapons,A no further action disposal,True,False
Person search,2018-03-22T18:05:00+00:00,,,,,Male,18-24,Black/African/Caribbean/Black British - Caribbean,Black,Criminal Justice and Public Order Act 1994 (section 60),Offensive weapons,A no further action disposal,True,False
Person search,2018-03-22T18:10:00+00:00,,,,,Male,10-17,Mixed/Multiple ethnic groups - Any other Mixed/Multiple ethnic background,Black,Criminal Justice and Public Order Act 1994 (section 60),Offensive weapons,,True,False
Person search,2018-03-22T18:10:00+00:00,,,,,Male,10-17,Other ethnic group - Not stated,Black,Criminal Justice and Public Order Act 1994 (section 60),Offensive weapons,A no further action disposal,True,False
Person search,2018-03-22T18:15:00+00:00,,,,,Male,10-17,Other ethnic group - Not stated,Asian,Criminal Justice and Public Order Act 1994 (section 60),Offensive weapons,A no further action disposal,True,False
Person search,2018-03-22T18:15:00+00:00,,,,,Male,10-17,Black/African/Caribbean/Black British - Caribbean,Black,Criminal Justice and Public Order Act 1994 (section 60),Offensive weapons,A no further action disposal,True,False
Person search,2018-03-22T18:21:00+00:00,,,,,Female,10-17,Black/African/Caribbean/Black British - Any other Black/African/Caribbean background,Black,Criminal Justice and Public Order Act 1994 (section 60),Offensive weapons,A no further action disposal,True,False
Person search,2018-03-22T18:25:00+00:00,,,,,Male,over 34,Other ethnic group - Not stated,Black,Criminal Justice and Public Order Act 1994 (section 60),,A no further action disposal,True,False
Person search,2018-03-22T18:30:00+00:00,,,,,Male,18-24,Other ethnic group - Not stated,Black,Criminal Justice and Public Order Act 1994 (section 60),Offensive weapons,A no further action disposal,True,False
Person search,2018-03-22T18:35:00+00:00,,,53.320200,-3.828050,,25-34,Black/African/Caribbean/Black British - Caribbean,Black,Police and Criminal Evidence Act 1984 (section 1),Firearms,Arrest,True,False
Person search,2018-03-22T18:55:00+00:00,,,,,Male,10-17,Asian/Asian British - Indian,Asian,Criminal Justice and Public Order Act 1994 (section 60),Offensive weapons,A no further action disposal,True,False
Person search,2018-03-22T19:10:00+00:00,,,,,Male,,Other ethnic group - Not stated,Black,Criminal Justice and Public Order Act 1994 (section 60),Offensive weapons,A no further action disposal,True,False
Person search,2018-03-22T19:15:00+00:00,,,53.260900,-1.912880,Male,,White - English/Welsh/Scottish/Northern Irish/British,White,Misuse of Drugs Act 1971 (section 23),Controlled drugs,A no further action disposal,True,False
Person search,2018-03-22T19:15:00+00:00,,,53.260900,-1.912880,Male,18-24,White - English/Welsh/Scottish/Northern Irish/British,White,Misuse of Drugs Act 1971 (section 23),,A no further action disposal,True,False
Person search,2018-03-22T20:20:00+00:00,,,,,Male,18-24,Black/African/Caribbean/Black British - Caribbean,Black,Criminal Justice and Public Order Act 1994 (section 60),,A no further action disposal,True,False
Person search,2018-03-22T20:24:00+00:00,,,,,Male,,Other ethnic group - Not stated,Black,Criminal Justice and Public Order Act 1994 (section 60),Offensive weapons,A no further action disposal,True,False
Person search,2018-03-22T20:50:00+00:00,,,,,Male,18-24,Other ethnic group - Not stated,White,Police and Criminal Evidence Act 1984 (section 1),Stolen goods,A no further action disposal,True,False
Person search,2018-03-22T21:25:00+00:00,,,,,Male,25-34,White - English/Welsh/Scottish/Northern Irish/British,White,Police and Criminal Evidence Act 1984 (section 1),Stolen goods,A no further action disposal,True,False
Person search,2018-03-23T10:00:00+00:00,,,53.756700,-1.443000,Male,over 34,White - English/Welsh/Scottish/Northern Irish/British,White,Police and Criminal Evidence Act 1984 (section 1),Stolen goods,Arrest,False,False
Person search,2018-03-23T11:15:00+00:00,,,,,Male,,White - Irish,White,Police and Criminal Evidence Act 1984 (section 1),Stolen goods,Arrest,True,False
Person search,2018-03-23T17:26:00+00:00,,,53.019400,-2.595660,Male,10-17,White - English/Welsh/Scottish/Northern Irish/British,White,Misuse of Drugs Act 1971 (section 23),Controlled drugs,A no further action disposal,True,False
Person search,2018-03-23T17:28:00+00:00,,,53.019400,-2.595660,Male,18-24,Other ethnic group - Not stated,White,Misuse of Drugs Act 1971 (section 23),Controlled drugs,Summons / charged by post,True,False
Person search,2018-03-23T17:45:00+00:00,,,,,Male,,Other ethnic group - Not stated,Black,Criminal Justice and Public Order Act 1994 (section 60),Offensive weapons,A no further action disposal,True,False
Person search,2018-03-23T17:45:00+00:00,,,,,Male,,Other ethnic group - Not stated,Black,Criminal Justice and Public Order Act 1994 (section 60),Offensive weapons,A no further action disposal,True,False
Person search,2018-03-23T18:20:00+00:00,,,,,Male,10-17,Black/African/Caribbean/Black British - Caribbean,Black,Criminal Justice and Public Order Act 1994 (section 60),Offensive weapons,A no further action disposal,True,False
Person search,2018-03-23T18:20:00+00:00,,,,,Female,10-17,Black/African/Caribbean/Black British - Caribbean,Black,Criminal Justice and Public Order Act 1994 (section 60),Offensive weapons,A no further action disposal,True,False
Person search,2018-03-23T18:23:00+00:00,,,,,Male,10-17,Black/African/Caribbean/Black British - Caribbean,Black,Criminal Justice and Public Order Act 1994 (section 60),Offensive weapons,A no further action disposal,True,False
Person search,2018-03-23T18:30:00+00:00,,,,,Male,10-17,Asian/Asian British - Bangladeshi,Asian,Criminal Justice and Public Order Act 1994 (section 60),Offensive weapons,A no further action disposal,True,False
Person search,2018-03-23T18:50:00+00:00,,,,,Male,18-24,Black/African/Caribbean/Black British - Caribbean,Black,Criminal Justice and Public Order Act 1994 (section 60),Offensive weapons,A no further action disposal,True,False
Person search,2018-03-23T18:54:00+00:00,,,,,Male,over 34,White - English/Welsh/Scottish/Northern Irish/British,White,Misuse of Drugs Act 1971 (section 23),Controlled drugs,A no further action disposal,True,False
Person search,2018-03-23T19:14:00+00:00,,,,,Male,10-17,Other ethnic group - Not stated,Black,Criminal Justice and Public Order Act 1994 (section 60),Offensive weapons,Arrest,True,False
Person search,2018-03-23T19:35:00+00:00,,,,,Male,over 34,Other ethnic group - Not stated,Black,Criminal Justice and Public Order Act 1994 (section 60),,A no further action disposal,True,False
Person search,2018-03-23T19:45:00+00:00,,,,,,,Black/African/Caribbean/Black British - African,Black,Police and Criminal Evidence Act 1984 (section 1),Stolen goods,A no further action disposal,True,False
Person search,2018-03-23T20:30:00+00:00,,,,,Male,over 34,Other ethnic group - Not stated,White,Misuse of Drugs Act 1971 (section 23),Controlled drugs,A no further action disposal,True,False
Person search,2018-03-24T14:15:00+00:00,,,,,Male,10-17,White - English/Welsh/Scottish/Northern Irish/British,White,Police and Criminal Evidence Act 1984 (section 1),Offensive weapons,A no further action disposal,True,False
Person search,2018-03-24T18:30:00+00:00,,,,,Male,over 34,Other ethnic group - Not stated,White,Misuse of Drugs Act 1971 (section 23),Controlled drugs,A no further action disposal,True,False
Person search,2018-03-24T20:10:00+00:00,,,,,Male,10-17,White - English/Welsh/Scottish/Northern Irish/British,White,Misuse of Drugs Act 1971 (section 23),Controlled drugs,Arrest,False,False
Person search,2018-03-24T21:25:00+00:00,,,,,,over 34,Asian/Asian British - Any other Asian background,Asian,Misuse of Drugs Act 1971 (section 23),Controlled drugs,Arrest,True,False
Person search,2018-03-24T21:35:00+00:00,,,,,Male,25-34,Asian/Asian British - Any other Asian background,Asian,Misuse of Drugs Act 1971 (section 23),Controlled drugs,A no further action disposal,True,False
Person search,2018-03-24T23:50:00+00:00,,,,,Male,18-24,Other ethnic group - Not stated,Black,Police and Criminal Evidence Act 1984 (section 1),Offensive weapons,A no further action disposal,True,False
Person search,2018-03-25T09:15:00+00:00,,,53.359500,-2.007940,Male,over 34,White - English/Welsh/Scottish/Northern Irish/British,White,Police and Criminal Evidence Act 1984 (section 1),Stolen goods,Arrest,True,False
Person search,2018-03-25T10:45:00+00:00,,,,,Male,over 34,Other ethnic group - Not stated,White,Police and Criminal Evidence Act 1984 (section 1),Stolen goods,Arrest,True,False
Person search,2018-03-25T17:55:00+00:00,,,,,Male,25-34,Other ethnic group - Not stated,Black,Misuse of Drugs Act 1971 (section 23),Controlled drugs,Arrest,True,False
Person search,2018-03-26T07:06:00+00:00,,,,,Male,10-17,Other ethnic group - Not stated,Asian,Criminal Justice and Public Order Act 1994 (section 60),Offensive weapons,A no further action disposal,True,False
Person search,2018-03-26T08:48:00+00:00,,,,,,25-34,Asian/Asian British - Indian,Asian,Police and Criminal Evidence Act 1984 (section 1),Stolen goods,A no further action disposal,True,False
Person search,2018-03-26T13:30:00+00:00,,,53.105100,0.234562,Male,over 34,White - English/Welsh/Scottish/Northern Irish/British,White,Police and Criminal Evidence Act 1984 (section 1),Stolen goods,A no further action disposal,True,False
Person search,2018-03-26T17:55:00+00:00,,,,,,18-24,White - English/Welsh/Scottish/Northern Irish/British,White,Misuse of Drugs Act 1971 (section 23),,A no further action disposal,True,False
Person search,2018-03-26T18:00:00+00:00,,,,,Male,18-24,White - English/Welsh/Scottish/Northern Irish/British,White,Misuse of Drugs Act 1971 (section 23),,A no further action disposal,True,False
Person search,2018-03-26T18:01:00+00:00,,,,,Male,,White - English/Welsh/Scottish/Northern Irish/British,White,Misuse of Drugs Act 1971 (section 23),Controlled drugs,A no further action disposal,True,False
Person search,2018-03-26T18:21:00+00:00,,,,,Male,,White - English/Welsh/Scottish/Northern Irish/British,White,Misuse of Drugs Act 1971 (section 23),Controlled drugs,A no further action disposal,True,False
Person search,2018-03-26T19:15:00+00:00,,,,,Male,10-17,White - English/Welsh/Scottish/Northern Irish/British,White,Police and Criminal Evidence Act 1984 (section 1),Offensive weapons,Arrest,True,False
Person search,2018-03-26T19:17:00+00:00,,,,,Male,10-17,White - English/Welsh/Scottish/Northern Irish/British,White,Police and Criminal Evidence Act 1984 (section 1),Offensive weapons,A no further action disposal,True,False
Person search,2018-03-26T19:30:00+00:00,,,53.320200,-3.828050,Male,18-24,Black/African/Caribbean/Black British - Any other Black/African/Caribbean background,Black,Police and Criminal Evidence Act 1984 (section 1),Offensive weapons,A no further action disposal,True,False
Person search,2018-03-26T19:44:00+00:00,,,,,Male,18-24,Other ethnic group - Not stated,White,Misuse of Drugs Act 1971 (section 23),Controlled drugs,A no further action disposal,True,False
Vehicle search,2018-03-27T07:40:00+00:00,,,,,Male,,White - English/Welsh/Scottish/Northern Irish/British,White,Police and Criminal Evidence Act 1984 (section 6),,A no further action disposal,True,False
Person search,2018-03-27T08:40:00+00:00,,,54.033400,-2.913040,Male,18-24,Black/African/Caribbean/Black British - African,Black,Misuse of Drugs Act 1971 (section 23),Controlled drugs,A no further action disposal,True,False
Person search,2018-03-27T08:43:00+00:00,,,54.033400,-2.913040,,18-24,White - Any other White background,White,Misuse of Drugs Act 1971 (section 23),Controlled drugs,A no further action disposal,True,False
Person search,2018-03-27T10:05:00+00:00,,,,,Male,over 34,Asian/Asian British - Any other Asian background,Other,Police and Criminal Evidence Act 1984 (section 6),Offensive weapons,A no further action disposal,True,False
Person search,2018-03-27T13:17:00+00:00,,,,,Male,over 34,White - Any other White background,White,Misuse of Drugs Act 1971 (section 23),Controlled drugs,A no further action disposal,True,False
Person search,2018-03-27T15:10:00+00:00,,,53.756700,-1.443000,Male,25-34,White - English/Welsh/Scottish/Northern Irish/British,White,Misuse of Drugs Act 1971 (section 23),Controlled drugs,Arrest,True,False
Person search,2018-03-27T15:20:00+00:00,,,53.756700,-1.443000,Male,25-34,White - English/Welsh/Scottish/Northern Irish/British,White,Misuse of Drugs Act 1971 (section 23),Controlled drugs,Arrest,True,False
Vehicle search,2018-03-27T15:31:00+00:00,,,,,Male,25-34,White - Irish,White,Police and Criminal Evidence Act 1984 (section 6),Stolen goods,A no further action disposal,True,False
Person search,2018-03-27T16:30:00+00:00,,,,,Male,over 34,White - English/Welsh/Scottish/Northern Irish/British,White,Police and Criminal Evidence Act 1984 (section 1),Article for use in theft,A no further action disposal,True,False
Person search,2018-03-27T16:35:00+00:00,,,,,Male,over 34,Other ethnic group - Not stated,White,Police and Criminal Evidence Act 1984 (section 1),,Arrest,False,False
Person search,2018-03-27T17:19:00+00:00,,,,,Male,18-24,Asian/Asian British - Pakistani,Asian,Police and Criminal Evidence Act 1984 (section 1),Article for use in theft,Arrest,True,False
Person search,2018-03-27T23:00:00+00:00,,,,,Male,18-24,Other ethnic group - Not stated,White,Police and Criminal Evidence Act 1984 (section 1),Offensive weapons,A no further action disposal,True,False
Person search,2018-03-28T03:45:00+00:00,,,52.866100,-2.190560,Male,25-34,White - English/Welsh/Scottish/Northern Irish/British,White,Police and Criminal Evidence Act 1984 (section 1),Articles for use in criminal damage,A no further action disposal,True,False
Person search,2018-03-28T13:10:00+00:00,,,,,Female,over 34,Other ethnic group - Not stated,White,Police and Criminal Evidence Act 1984 (section 1),Article for use in theft,A no further action disposal,True,False
Person search,2018-03-28T13:30:00+00:00,,,52.908200,-2.155060,Male,25-34,White - English/Welsh/Scottish/Northern Irish/British,White,Misuse of Drugs Act 1971 (section 23),Controlled drugs,Summons / charged by post,True,False
Person search,2018-03-28T17:45:00+00:00,,,,,Male,25-34,White - Any other White background,White,Misuse of Drugs Act 1971 (section 23),Controlled drugs,A no further action disposal,True,False
Person search,2018-03-29T11:17:00+00:00,,,,,Male,25-34,White - English/Welsh/Scottish/Northern Irish/British,White,Misuse of Drugs Act 1971 (section 23),Controlled drugs,A no further action disposal,True,False
Person search,2018-03-29T15:50:00+00:00,,,53.359500,-2.007940,,over 34,White - English/Welsh/Scottish/Northern Irish/British,White,Misuse of Drugs Act 1971 (section 23),Controlled drugs,Summons / charged by post,True,False
Person search,2018-03-29T15:55:00+00:00,,,53.756700,-1.443000,,over 34,White - English/Welsh/Scottish/Northern Irish/British,White,Misuse of Drugs Act 1971 (section 23),Controlled drugs,A no further action disposal,True,False
Person search,2018-03-29T16:20:00+00:00,,,,,Male,over 34,White - English/Welsh/Scottish/Northern Irish/British,White,Police and Criminal Evidence Act 1984 (section 1),,A no further action disposal,True,False
Person search,2018-03-29T16:32:00+00:00,,,53.996600,-1.283350,Female,over 34,White - English/Welsh/Scottish/Northern Irish/British,White,Police and Criminal Evidence Act 1984 (section 1),Stolen goods,Arrest,True,False
Person search,2018-03-29T21:20:00+00:00,,,,,Male,10-17,White - English/Welsh/Scottish/Northern Irish/British,White,Misuse of Drugs Act 1971 (section 23),Controlled drugs,,True,False
Person search,2018-03-29T21:50:00+00:00,,,,,Female,18-24,White - Any other White background,White,Misuse of Drugs Act 1971 (section 23),Controlled drugs,Arrest,False,False
Person search,2018-03-29T21:50:00+00:00,,,,,Male,18-24,White - English/Welsh/Scottish/Northern Irish/British,White,Misuse of Drugs Act 1971 (section 23),Controlled drugs,Summons / charged by post,True,False
Person search,2018-03-30T00:11:00+00:00,,,52.908200,-2.155060,Male,25-34,Other ethnic group - Not stated,White,Misuse of Drugs Act 1971 (section 23),Controlled drugs,Summons / charged by post,True,False
Person search,2018-03-30T03:20:00+00:00,,,53.756700,-1.443000,Male,18-24,White - English/Welsh/Scottish/Northern Irish/British,White,Misuse of Drugs Act 1971 (section 23),Controlled drugs,Arrest,True,False
Person search,2018-03-30T15:28:00+00:00,,,,,Female,25-34,Other ethnic group - Not stated,White,Misuse of Drugs Act 1971 (section 23),Controlled drugs,A no further action disposal,True,False
Person search,2018-03-30T17:05:00+00:00,,,,,Male,18-24,White - Any other White background,White,Police and Criminal Evidence Act 1984 (section 1),Offensive weapons,Summons / charged by post,True,False
Person search,2018-03-30T18:06:00+00:00,,,,,Male,10-17,White - English/Welsh/Scottish/Northern Irish/British,White,Misuse of Drugs Act 1971 (section 23),Controlled drugs,A no further action disposal,True,False
Person search,2018-03-30T20:30:00+00:00,,,53.042100,-2.216630,Male,over 34,White - English/Welsh/Scottish/Northern Irish/British,White,Misuse of Drugs Act 1971 (section 23),Controlled drugs,A no further action disposal,True,False
Person search,2018-03-31T00:15:00+00:00,,,,,Male,25-34,Asian/Asian British - Bangladeshi,Asian,Misuse of Drugs Act 1971 (section 23),Controlled drugs,Khat or Cannabis warning,True,False
Person search,2018-03-31T00:30:00+00:00,,,,,Male,25-34,Mixed/Multiple ethnic groups - Any other Mixed/Multiple ethnic background,White,Misuse of Drugs Act 1971 (section 23),Controlled drugs,A no further action disposal,True,False
Person search,2018-03-31T08:50:00+00:00,,,,,Male,10-17,White - English/Welsh/Scottish/Northern Irish/British,White,Misuse of Drugs Act 1971 (section 23),Controlled drugs,A no further action disposal,True,False
Person search,2018-03-31T13:15:00+00:00,,,,,Male,10-17,White - English/Welsh/Scottish/Northern Irish/British,White,Police and Criminal Evidence Act 1984 (section 1),Offensive weapons,A no further action disposal,True,False
Person search,2018-03-31T13:17:00+00:00,,,,,Male,over 34,Other ethnic group - Not stated,White,Police and Criminal Evidence Act 1984 (section 1),Stolen goods,A no further action disposal,True,False
Person search,2018-03-31T13:20:00+00:00,,,,,Male,18-24,Other ethnic group - Not stated,White,Police and Criminal Evidence Act 1984 (section 1),Offensive weapons,A no further action disposal,True,False
Person search,2018-03-31T15:15:00+00:00,,,52.908200,-2.155060,Male,over 34,White - English/Welsh/Scottish/Northern Irish/British,White,Police and Criminal Evidence Act 1984 (section 1),Stolen goods,Summons / charged by post,True,False
Person search,2018-03-31T17:10:00+00:00,,,,,Male,18-24,Mixed/Multiple ethnic groups - White and Black African,,Misuse of Drugs Act 1971 (section 23),Controlled drugs,Arrest,True,False
Person search,2018-03-31T18:50:00+00:00,,,,,Male,18-24,White - Any other White background,White,Police and Criminal Evidence Act 1984 (section 1),Offensive weapons,A no further action disposal,True,False
Person search,2018-03-31T20:25:00+00:00,,,,,Male,18-24,White - English/Welsh/Scottish/Northern Irish/British,White,Police and Criminal Evidence Act 1984 (section 1),Offensive weapons,A no further action disposal,True,False
Person search,2018-03-31T21:45:00+00:00,,,,,Male,18-24,White - Any other White background,White,Misuse of Drugs Act 1971 (section 23),Controlled drugs,Summons / charged by post,True,False
