Type,Date,Part of a policing operation,Policing operation,Latitude,Longitude,Gender,Age range,Self-defined ethnicity,Officer-defined ethnicity,Legislation,Object of search,Outcome,Outcome linked to object of search,Removal of more than just outer clothing
Person search,2018-03-01T14:50:00+00:00,,,53.229306,-0.540816,Male,18-24,White - English/Welsh/Scottish/Northern Irish/British,White,Misuse of Drugs Act 1971 (section 23),Controlled drugs,A no further action disposal,True,False
Person search,2018-03-02T17:20:00+00:00,,,52.911297,-0.639147,Male,over 34,Other ethnic group - Not stated,Black,Misuse of Drugs Act 1971 (section 23),Controlled drugs,A no further action disposal,True,False
Person search,2018-03-02T17:21:00+00:00,,,52.986707,-0.032429,Male,10-17,White - English/Welsh/Scottish/Northern Irish/British,,Misuse of Drugs Act 1971 (section 23),Controlled drugs,A no further action disposal,True,False
Person search,2018-03-03T14:11:00+00:00,,,52.785670,-0.154733,Male,25-34,White - Any other White background,White,Misuse of Drugs Act 1971 (section 23),Controlled drugs,A no further action disposal,True,False
Person search,2018-03-03T22:25:00+00:00,,,53.396065,-0.771991,Male,over 34,White - English/Welsh/Scottish/Northern Irish/British,White,Police and Criminal Evidence Act 1984 (section 1),Article for use in theft,A no further action disposal,True,False
Person search,2018-03-04T16:38:00+00:00,,,52.675347,-0.170598,Male,10-17,White - English/Welsh/Scottish/Northern Irish/British,White,Misuse of Drugs Act 1971 (section 23),Controlled drugs,A no further action disposal,True,False
Person search,2018-03-04T18:36:00+00:00,,,53.237434,-0.510452,Male,over 34,,,Poaching Prevention Act 1862 (section 2),Article for use in theft,A no further action disposal,True,
Person and Vehicle search,2018-03-06T16:30:00+00:00,,,52.909158,-0.654991,Male,over 34,White - Any other White background,White,Misuse of Drugs Act 1971 (section 23),Controlled drugs,Khat or Cannabis warning,True,False
Person search,2018-03-06T19:00:00+00:00,,,53.227982,-0.540606,,over 34,,,Misuse of Drugs Act 1971 (section 23),Controlled drugs,A no further action disposal,True,False
Person search,2018-03-06T23:20:00+00:00,,,53.392622,-0.774647,Male,over 34,White - English/Welsh/Scottish/Northern Irish/British,White,,Article for use in theft,Summons / charged by post,False,False
Person and Vehicle search,2018-03-07T03:00:00+00:00,,,53.230639,-0.539602,Male,18-24,White - English/Welsh/Scottish/Northern Irish/British,White,Misuse of Drugs Act 1971 (section 23),Controlled drugs,A no further action disposal,True,False
Person and Vehicle search,2018-03-07T17:00:00+00:00,,,52.919418,-0.623096,Male,25-34,White - English/Welsh/Scottish/Northern Irish/British,White,Police and Criminal Evidence Act 1984 (section 1),Offensive weapons,A no further action disposal,True,False
Person search,2018-03-08T00:30:00+00:00,,,53.244826,-0.547077,Male,10-17,White - English/Welsh/Scottish/Northern Irish/British,White,,Article for use in theft,A no further action disposal,True,False
Person search,2018-03-08T10:25:00+00:00,,,53.233605,-0.542483,Male,18-24,White - English/Welsh/Scottish/Northern Irish/British,White,Misuse of Drugs Act 1971 (section 23),Controlled drugs,A no further action disposal,True,False
Person and Vehicle search,2018-03-08T10:25:00+00:00,,,53.236589,-0.547611,Male,18-24,White - English/Welsh/Scottish/Northern Irish/British,White,Misuse of Drugs Act 1971 (section 23),Controlled drugs,A no further action disposal,True,False
Person search,2018-03-08T10:25:00+00:00,,,53.236589,-0.547611,Male,18-24,White - English/Welsh/Scottish/Northern Irish/British,White,Misuse of Drugs Act 1971 (section 23),Controlled drugs,A no further action disposal,True,False
Person search,2018-03-08T18:30:00+00:00,,,53.230055,-0.540341,Male,18-24,White - English/Welsh/Scottish/Northern Irish/British,White,Misuse of Drugs Act 1971 (section 23),Controlled drugs,A no further action disposal,True,False
Person search,2018-03-09T06:10:00+00:00,,,53.234406,-0.546216,Male,18-24,White - English/Welsh/Scottish/Northern Irish/British,White,Misuse of Drugs Act 1971 (section 23),Controlled drugs,A no further action disposal,True,False
Person search,2018-03-10T00:00:00+00:00,,,53.123888,0.335020,Male,25-34,White - English/Welsh/Scottish/Northern Irish/British,White,Misuse of Drugs Act 1971 (section 23),Controlled drugs,Penalty Notice for Disorder,True,False
Person search,2018-03-10T00:00:00+00:00,,,53.123888,0.335020,Male,25-34,White - English/Welsh/Scottish/Northern Irish/British,White,Misuse of Drugs Act 1971 (section 23),Controlled drugs,A no further action disposal,True,False
Person search,2018-03-10T00:00:00+00:00,,,53.123888,0.335020,Male,25-34,White - English/Welsh/Scottish/Northern Irish/British,White,Misuse of Drugs Act 1971 (section 23),Controlled drugs,A no further action disposal,True,False
Person search,2018-03-10T02:40:00+00:00,,,52.652146,-0.480808,Male,25-34,White - English/Welsh/Scottish/Northern Irish/British,,Misuse of Drugs Act 1971 (section 23),Controlled drugs,A no further action disposal,True,False
Person search,2018-03-10T02:40:00+00:00,,,52.652146,-0.480808,Male,18-24,White - English/Welsh/Scottish/Northern Irish/British,White,Misuse of Drugs Act 1971 (section 23),Controlled drugs,A no further action disposal,True,False
Person search,2018-03-10T09:00:00+00:00,,,53.231394,-0.540311,Male,18-24,White - English/Welsh/Scottish/Northern Irish/British,White,Misuse of Drugs Act 1971 (section 23),Controlled drugs,A no further action disposal,True,False
Person search,2018-03-10T10:17:00+00:00,,,53.227982,-0.540606,Male,18-24,White - English/Welsh/Scottish/Northern Irish/British,White,Misuse of Drugs Act 1971 (section 23),Controlled drugs,A no further action disposal,True,False
Person search,2018-03-10T20:58:00+00:00,,,53.255941,0.174697,Male,over 34,White - English/Welsh/Scottish/Northern Irish/British,White,Misuse of Drugs Act 1971 (section 23),Controlled drugs,A no further action disposal,True,False
Person search,2018-03-10T21:50:00+00:00,,,53.154174,0.318670,Male,25-34,White - English/Welsh/Scottish/Northern Irish/British,White,Misuse of Drugs Act 1971 (section 23),Controlled drugs,A no further action disposal,True,True
Person search,2018-03-10T22:00:00+00:00,,,53.144145,0.334549,Male,25-34,White - English/Welsh/Scottish/Northern Irish/British,White,Misuse of Drugs Act 1971 (section 23),Controlled drugs,A no further action disposal,True,False
Person search,2018-03-11T07:15:00+00:00,,,53.220821,-0.544594,Male,25-34,White - English/Welsh/Scottish/Northern Irish/British,White,,Article for use in theft,A no further action disposal,True,False
Person search,2018-03-11T07:15:00+00:00,,,53.220821,-0.544594,Male,25-34,White - English/Welsh/Scottish/Northern Irish/British,White,,Article for use in theft,A no further action disposal,True,False
Person search,2018-03-11T15:10:00+00:00,,,53.227689,-0.541680,Male,18-24,White - English/Welsh/Scottish/Northern Irish/British,White,Misuse of Drugs Act 1971 (section 23),Controlled drugs,A no further action disposal,False,False
Person search,2018-03-11T23:50:00+00:00,,,53.230011,-0.538215,Male,18-24,White - English/Welsh/Scottish/Northern Irish/British,White,Misuse of Drugs Act 1971 (section 23),Controlled drugs,A no further action disposal,True,False
Person search,2018-03-11T23:52:00+00:00,,,53.230055,-0.540341,Male,over 34,White - English/Welsh/Scottish/Northern Irish/British,White,Misuse of Drugs Act 1971 (section 23),Controlled drugs,A no further action disposal,True,False
Person search,2018-03-12T00:05:00+00:00,,,53.229813,-0.540379,Female,25-34,White - English/Welsh/Scottish/Northern Irish/British,White,Misuse of Drugs Act 1971 (section 23),Controlled drugs,A no further action disposal,True,False
Person search,2018-03-12T01:20:00+00:00,,,53.199980,-0.586965,Male,over 34,White - English/Welsh/Scottish/Northern Irish/British,White,,Article for use in theft,A no further action disposal,True,False
Person search,2018-03-12T09:16:00+00:00,,,53.211002,-0.117008,Female,25-34,White - English/Welsh/Scottish/Northern Irish/British,White,Police and Criminal Evidence Act 1984 (section 1),Stolen goods,Community resolution,False,False
Person search,2018-03-12T09:16:00+00:00,,,53.211002,-0.117008,Female,25-34,White - English/Welsh/Scottish/Northern Irish/British,White,,Stolen goods,Community resolution,False,False
Person search,2018-03-13T02:49:00+00:00,,,53.143167,0.345876,Male,18-24,White - English/Welsh/Scottish/Northern Irish/British,White,,Evidence of offences under the Act,A no further action disposal,True,False
Person search,2018-03-13T02:49:00+00:00,,,53.143167,0.345876,Male,18-24,White - English/Welsh/Scottish/Northern Irish/British,White,,Evidence of offences under the Act,A no further action disposal,True,False
Person search,2018-03-13T02:58:00+00:00,,,53.144958,0.343521,Male,18-24,White - English/Welsh/Scottish/Northern Irish/British,White,,Article for use in theft,A no further action disposal,True,False
Person search,2018-03-13T13:33:00+00:00,,,53.228826,-0.533986,Male,over 34,White - English/Welsh/Scottish/Northern Irish/British,White,Misuse of Drugs Act 1971 (section 23),Controlled drugs,A no further action disposal,True,False
Person search,2018-03-13T16:45:00+00:00,,,53.000121,-0.395080,Male,18-24,White - English/Welsh/Scottish/Northern Irish/British,White,Misuse of Drugs Act 1971 (section 23),Controlled drugs,A no further action disposal,True,False
Person search,2018-03-13T16:50:00+00:00,,,53.000121,-0.395080,Male,18-24,White - English/Welsh/Scottish/Northern Irish/British,White,Misuse of Drugs Act 1971 (section 23),Controlled drugs,A no further action disposal,True,False
Person search,2018-03-13T18:47:00+00:00,,,53.228606,-0.537289,Female,over 34,White - English/Welsh/Scottish/Northern Irish/British,White,Misuse of Drugs Act 1971 (section 23),Controlled drugs,A no further action disposal,True,False
Person and Vehicle search,2018-03-14T03:00:00+00:00,,,53.209252,-0.549838,Male,18-24,White - English/Welsh/Scottish/Northern Irish/British,White,Misuse of Drugs Act 1971 (section 23),Controlled drugs,A no further action disposal,True,False
Person search,2018-03-14T04:00:00+00:00,,,53.209252,-0.549838,Male,18-24,Other ethnic group - Not stated,,Misuse of Drugs Act 1971 (section 23),Evidence of offences under the Act,A no further action disposal,True,False
Person search,2018-03-14T06:20:00+00:00,,,53.149046,0.326679,Male,over 34,White - English/Welsh/Scottish/Northern Irish/British,White,Misuse of Drugs Act 1971 (section 23),Controlled drugs,A no further action disposal,True,False
Person and Vehicle search,2018-03-14T15:12:00+00:00,,,52.675695,-0.317287,Male,18-24,White - English/Welsh/Scottish/Northern Irish/British,White,Misuse of Drugs Act 1971 (section 23),Controlled drugs,Khat or Cannabis warning,True,False
Person search,2018-03-14T18:04:00+00:00,,,52.780418,-0.169753,Male,10-17,,White,Misuse of Drugs Act 1971 (section 23),Controlled drugs,A no further action disposal,True,False
Person search,2018-03-14T18:32:00+00:00,,,52.782992,-0.146187,Male,10-17,White - English/Welsh/Scottish/Northern Irish/British,White,Police and Criminal Evidence Act 1984 (section 1),Offensive weapons,A no further action disposal,True,False
Person and Vehicle search,2018-03-15T01:25:00+00:00,,,52.652175,-0.472588,Male,18-24,White - English/Welsh/Scottish/Northern Irish/British,White,Misuse of Drugs Act 1971 (section 23),Controlled drugs,A no further action disposal,True,False
Person search,2018-03-15T01:25:00+00:00,,,52.652175,-0.472588,Male,18-24,White - English/Welsh/Scottish/Northern Irish/British,White,Misuse of Drugs Act 1971 (section 23),Controlled drugs,A no further action disposal,True,False
Person search,2018-03-15T16:10:00+00:00,,,53.230639,-0.539602,Male,25-34,Other ethnic group - Not stated,White,Misuse of Drugs Act 1971 (section 23),Controlled drugs,A no further action disposal,True,False
Person search,2018-03-15T21:35:00+00:00,,,53.198422,-0.111721,Male,18-24,White - English/Welsh/Scottish/Northern Irish/British,White,Misuse of Drugs Act 1971 (section 23),Controlled drugs,Khat or Cannabis warning,True,False
Person search,2018-03-15T22:39:00+00:00,,,52.987759,-0.066931,Male,18-24,White - English/Welsh/Scottish/Northern Irish/British,White,Misuse of Drugs Act 1971 (section 23),Controlled drugs,A no further action disposal,True,False
Person search,2018-03-15T22:39:00+00:00,,,52.987759,-0.066931,Male,25-34,White - English/Welsh/Scottish/Northern Irish/British,White,Misuse of Drugs Act 1971 (section 23),Controlled drugs,A no further action disposal,True,False
Person search,2018-03-15T22:49:00+00:00,,,52.987759,-0.066931,Male,10-17,Black/African/Caribbean/Black British - African,Black,Misuse of Drugs Act 1971 (section 23),Evidence of offences under the Act,A no further action disposal,True,False
Person search,2018-03-16T01:00:00+00:00,,,53.250264,-0.515642,Male,over 34,White - English/Welsh/Scottish/Northern Irish/British,White,Police and Criminal Evidence Act 1984 (section 1),Article for use in theft,A no further action disposal,True,False
Person search,2018-03-16T05:25:00+00:00,,,53.148503,0.322702,Male,25-34,White - English/Welsh/Scottish/Northern Irish/British,White,,Article for use in theft,A no further action disposal,True,False
Person search,2018-03-16T13:20:00+00:00,,,53.312910,0.280352,Male,over 34,White - English/Welsh/Scottish/Northern Irish/British,White,Police and Criminal Evidence Act 1984 (section 1),Offensive weapons,A no further action disposal,True,False
Person and Vehicle search,2018-03-16T13:20:00+00:00,,,53.337632,0.252575,Male,over 34,White - English/Welsh/Scottish/Northern Irish/British,White,Police and Criminal Evidence Act 1984 (section 1),Stolen goods,A no further action disposal,True,False
Person search,2018-03-16T15:38:00+00:00,,,53.207708,-0.558875,Male,10-17,White - English/Welsh/Scottish/Northern Irish/British,White,Misuse of Drugs Act 1971 (section 23),Controlled drugs,A no further action disposal,True,False
Person search,2018-03-17T00:01:00+00:00,,,52.784925,-0.157137,Male,10-17,White - English/Welsh/Scottish/Northern Irish/British,White,,Article for use in theft,A no further action disposal,True,False
Person search,2018-03-18T00:50:00+00:00,,,53.399527,-0.777411,Male,25-34,White - English/Welsh/Scottish/Northern Irish/British,White,,Offensive weapons,A no further action disposal,True,False
Person search,2018-03-18T03:00:00+00:00,,,53.148503,0.322702,Male,over 34,White - Irish,White,Police and Criminal Evidence Act 1984 (section 1),Article for use in theft,A no further action disposal,True,False
Person search,2018-03-18T03:00:00+00:00,,,53.148503,0.322702,Male,over 34,White - English/Welsh/Scottish/Northern Irish/British,White,Police and Criminal Evidence Act 1984 (section 1),Article for use in theft,A no further action disposal,True,False
Person search,2018-03-18T11:52:00+00:00,,,52.757477,-0.379548,Male,25-34,White - English/Welsh/Scottish/Northern Irish/British,White,Misuse of Drugs Act 1971 (section 23),Controlled drugs,A no further action disposal,True,False
Person search,2018-03-18T16:17:00+00:00,,,52.935034,-0.150855,Male,over 34,White - Any other White background,,,Offensive weapons,A no further action disposal,True,False
Vehicle search,2018-03-18T16:31:00+00:00,,,52.925966,-0.163292,,,,,Poaching Prevention Act 1862 (section 2),Offensive weapons,A no further action disposal,,
Person search,2018-03-18T23:30:00+00:00,,,53.230719,-0.536588,Male,25-34,,White,Police and Criminal Evidence Act 1984 (section 1),Article for use in theft,A no further action disposal,True,False
Person search,2018-03-19T00:05:00+00:00,,,53.227435,-0.542977,Male,18-24,White - English/Welsh/Scottish/Northern Irish/British,White,,Article for use in theft,A no further action disposal,False,False
Person search,2018-03-19T00:55:00+00:00,,,53.233498,-0.544030,,25-34,,,Misuse of Drugs Act 1971 (section 23),Controlled drugs,A no further action disposal,True,True
Person and Vehicle search,2018-03-19T01:00:00+00:00,,,53.223043,-0.554375,Male,25-34,White - English/Welsh/Scottish/Northern Irish/British,White,Misuse of Drugs Act 1971 (section 23),Controlled drugs,A no further action disposal,True,False
Person search,2018-03-19T06:45:00+00:00,,,52.999594,-0.046239,,25-34,,,Police and Criminal Evidence Act 1984 (section 1),Article for use in theft,A no further action disposal,True,False
Person search,2018-03-19T15:10:00+00:00,,,52.658738,-0.471915,Male,18-24,White - English/Welsh/Scottish/Northern Irish/British,White,Misuse of Drugs Act 1971 (section 23),Controlled drugs,Khat or Cannabis warning,True,False
Person search,2018-03-19T18:23:00+00:00,,,53.227042,-0.541657,Male,25-34,White - English/Welsh/Scottish/Northern Irish/British,White,Misuse of Drugs Act 1971 (section 23),Controlled drugs,A no further action disposal,True,False
Person search,2018-03-19T23:40:00+00:00,,,52.922693,-0.627916,Male,over 34,White - English/Welsh/Scottish/Northern Irish/British,White,Misuse of Drugs Act 1971 (section 23),Controlled drugs,A no further action disposal,True,False
Person search,2018-03-20T00:05:00+00:00,,,52.910164,-0.640729,Male,over 34,White - English/Welsh/Scottish/Northern Irish/British,White,Misuse of Drugs Act 1971 (section 23),Controlled drugs,A no further action disposal,True,False
Person search,2018-03-20T01:20:00+00:00,,,52.981843,-0.041111,Male,25-34,White - Any other White background,White,,Offensive weapons,A no further action disposal,True,False
Person search,2018-03-20T06:15:00+00:00,,,52.971374,-0.036566,Male,18-24,Mixed/Multiple ethnic groups - White and Black Caribbean,Black,Misuse of Drugs Act 1971 (section 23),Evidence of offences under the Act,A no further action disposal,True,False
Person search,2018-03-20T06:15:00+00:00,,,52.978496,-0.026874,Male,18-24,Mixed/Multiple ethnic groups - White and Black Caribbean,Black,Misuse of Drugs Act 1971 (section 23),Controlled drugs,A no further action disposal,True,True
Person search,2018-03-20T06:40:00+00:00,,,52.978496,-0.026874,Female,25-34,White - English/Welsh/Scottish/Northern Irish/British,White,Misuse of Drugs Act 1971 (section 23),Controlled drugs,A no further action disposal,True,True
Person search,2018-03-20T18:00:00+00:00,,,53.244745,-0.538238,Male,over 34,White - English/Welsh/Scottish/Northern Irish/British,White,Misuse of Drugs Act 1971 (section 23),Controlled drugs,A no further action disposal,True,False
Person search,2018-03-21T02:00:00+00:00,,,52.909066,-0.671619,Male,18-24,White - English/Welsh/Scottish/Northern Irish/British,White,,Offensive weapons,A no further action disposal,True,False
Person search,2018-03-21T04:15:00+00:00,,,52.985585,-0.041255,Male,25-34,White - English/Welsh/Scottish/Northern Irish/British,White,Misuse of Drugs Act 1971 (section 23),Controlled drugs,A no further action disposal,True,False
Person and Vehicle search,2018-03-21T22:30:00+00:00,,,53.193582,0.334331,Male,25-34,White - English/Welsh/Scottish/Northern Irish/British,White,Misuse of Drugs Act 1971 (section 23),Controlled drugs,Penalty Notice for Disorder,True,False
Person search,2018-03-21T23:19:00+00:00,,,53.143485,0.335620,,over 34,White - English/Welsh/Scottish/Northern Irish/British,White,,Article for use in theft,A no further action disposal,True,False
Person search,2018-03-22T13:15:00+00:00,,,52.683584,-0.318862,Male,10-17,White - English/Welsh/Scottish/Northern Irish/British,White,Misuse of Drugs Act 1971 (section 23),Controlled drugs,A no further action disposal,True,False
Person search,2018-03-22T13:30:00+00:00,,,52.683584,-0.318862,Male,18-24,White - English/Welsh/Scottish/Northern Irish/British,White,Misuse of Drugs Act 1971 (section 23),Controlled drugs,A no further action disposal,True,False
Person search,2018-03-22T13:30:00+00:00,,,52.683584,-0.318862,Male,10-17,White - English/Welsh/Scottish/Northern Irish/British,White,Misuse of Drugs Act 1971 (section 23),Controlled drugs,A no further action disposal,True,False
Person and Vehicle search,2018-03-23T17:30:00+00:00,,,53.219564,-0.538826,Male,25-34,White - English/Welsh/Scottish/Northern Irish/British,White,Misuse of Drugs Act 1971 (section 23),Controlled drugs,Khat or Cannabis warning,True,False
Person and Vehicle search,2018-03-23T23:40:00+00:00,,,52.876647,-0.268832,Male,over 34,White - English/Welsh/Scottish/Northern Irish/British,,Misuse of Drugs Act 1971 (section 23),Controlled drugs,A no further action disposal,True,False
Person search,2018-03-24T00:10:00+00:00,,,53.220626,-0.594239,Male,10-17,Other ethnic group - Not stated,White,Misuse of Drugs Act 1971 (section 23),Controlled drugs,A no further action disposal,True,False
Person and Vehicle search,2018-03-24T00:20:00+00:00,,,53.215762,-0.614212,Male,18-24,White - English/Welsh/Scottish/Northern Irish/British,White,Misuse of Drugs Act 1971 (section 23),Controlled drugs,A no further action disposal,True,False
Person search,2018-03-24T11:00:00+00:00,,,53.214514,-0.546366,Male,25-34,White - English/Welsh/Scottish/Northern Irish/British,White,,Stolen goods,A no further action disposal,True,False
Person search,2018-03-24T11:30:00+00:00,,,53.247316,-0.495541,,25-34,,,Misuse of Drugs Act 1971 (section 23),Controlled drugs,A no further action disposal,False,False
Person search,2018-03-24T11:55:00+00:00,,,53.247316,-0.495541,,over 34,,,Misuse of Drugs Act 1971 (section 23),Controlled drugs,A no further action disposal,False,False
Person search,2018-03-24T11:55:00+00:00,,,53.247316,-0.495541,,18-24,,,Misuse of Drugs Act 1971 (section 23),Controlled drugs,A no further action disposal,False,False
Person search,2018-03-24T12:00:00+00:00,,,53.247316,-0.495541,,over 34,,,Misuse of Drugs Act 1971 (section 23),Controlled drugs,A no further action disposal,False,False
Person search,2018-03-24T12:00:00+00:00,,,53.247316,-0.495541,,25-34,,,Misuse of Drugs Act 1971 (section 23),Controlled drugs,A no further action disposal,False,False
Person and Vehicle search,2018-03-24T21:10:00+00:00,,,52.774831,0.134430,Male,18-24,White - English/Welsh/Scottish/Northern Irish/British,White,Misuse of Drugs Act 1971 (section 23),Controlled drugs,A no further action disposal,True,False
Person search,2018-03-24T21:10:00+00:00,,,52.774831,0.134430,Female,18-24,White - English/Welsh/Scottish/Northern Irish/British,White,Misuse of Drugs Act 1971 (section 23),Controlled drugs,A no further action disposal,True,False
Person and Vehicle search,2018-03-24T21:10:00+00:00,,,52.774831,0.134430,Male,18-24,White - English/Welsh/Scottish/Northern Irish/British,White,Misuse of Drugs Act 1971 (section 23),Controlled drugs,A no further action disposal,True,False
Person search,2018-03-24T23:50:00+00:00,,,53.172021,-0.765621,Male,18-24,White - English/Welsh/Scottish/Northern Irish/British,White,Misuse of Drugs Act 1971 (section 23),Controlled drugs,A no further action disposal,True,False
Person search,2018-03-25T00:30:00+00:00,,,53.394157,-0.773535,Male,over 34,White - English/Welsh/Scottish/Northern Irish/British,White,,Article for use in theft,A no further action disposal,True,False
Person search,2018-03-25T13:25:00+00:00,,,53.150360,0.340390,Male,over 34,White - English/Welsh/Scottish/Northern Irish/British,White,Police and Criminal Evidence Act 1984 (section 1),Offensive weapons,A no further action disposal,True,False
Person search,2018-03-25T16:00:00+00:00,,,53.207844,-0.617447,Male,25-34,Other ethnic group - Not stated,White,Misuse of Drugs Act 1971 (section 23),Controlled drugs,A no further action disposal,True,False
Person and Vehicle search,2018-03-25T19:10:00+00:00,,,53.154174,0.318670,Male,25-34,,,,Offensive weapons,A no further action disposal,,
Person and Vehicle search,2018-03-25T19:10:00+00:00,,,53.154174,0.318670,Male,25-34,,,,Offensive weapons,A no further action disposal,,
Person and Vehicle search,2018-03-25T19:10:00+00:00,,,53.154174,0.318670,Male,25-34,,,,Offensive weapons,A no further action disposal,,
Person search,2018-03-25T20:15:00+00:00,,,52.976241,-0.022091,,10-17,,,Police and Criminal Evidence Act 1984 (section 1),Stolen goods,A no further action disposal,True,False
Person search,2018-03-25T20:15:00+00:00,,,52.976241,-0.022091,,10-17,,,Police and Criminal Evidence Act 1984 (section 1),Stolen goods,A no further action disposal,True,False
Person search,2018-03-25T23:25:00+00:00,,,52.978058,-0.024838,Male,25-34,White - Any other White background,White,,Stolen goods,A no further action disposal,True,False
Person search,2018-03-25T23:28:00+00:00,,,52.978058,-0.024838,Male,18-24,Mixed/Multiple ethnic groups - Any other Mixed/Multiple ethnic background,White,,Article for use in theft,A no further action disposal,True,False
Person search,2018-03-26T00:25:00+00:00,,,52.909425,-0.636633,Male,18-24,White - Any other White background,White,Misuse of Drugs Act 1971 (section 23),Controlled drugs,A no further action disposal,True,False
Person search,2018-03-26T00:33:00+00:00,,,52.909425,-0.636633,,18-24,,,Misuse of Drugs Act 1971 (section 23),Controlled drugs,A no further action disposal,True,False
Person search,2018-03-26T00:35:00+00:00,,,52.909425,-0.636633,Female,10-17,White - English/Welsh/Scottish/Northern Irish/British,White,Misuse of Drugs Act 1971 (section 23),Controlled drugs,A no further action disposal,True,False
Person search,2018-03-26T00:38:00+00:00,,,52.909425,-0.636633,Male,10-17,White - English/Welsh/Scottish/Northern Irish/British,White,Misuse of Drugs Act 1971 (section 23),Controlled drugs,A no further action disposal,True,False
Person search,2018-03-26T00:42:00+00:00,,,52.909425,-0.636633,Male,10-17,White - Any other White background,White,Misuse of Drugs Act 1971 (section 23),Controlled drugs,A no further action disposal,True,False
Person search,2018-03-26T00:50:00+00:00,,,52.909425,-0.636633,Male,18-24,White - English/Welsh/Scottish/Northern Irish/British,White,Misuse of Drugs Act 1971 (section 23),Controlled drugs,A no further action disposal,True,False
Person search,2018-03-26T02:11:00+00:00,,,53.401036,-0.772059,Male,18-24,White - English/Welsh/Scottish/Northern Irish/British,White,,Article for use in theft,A no further action disposal,True,False
Person search,2018-03-26T03:00:00+00:00,,,52.918406,-0.662736,Male,18-24,White - English/Welsh/Scottish/Northern Irish/British,White,,Article for use in theft,A no further action disposal,True,False
Person search,2018-03-26T03:00:00+00:00,,,52.916952,-0.662974,Male,18-24,White - English/Welsh/Scottish/Northern Irish/British,White,Police and Criminal Evidence Act 1984 (section 1),Article for use in theft,A no further action disposal,True,False
Person search,2018-03-26T03:00:00+00:00,,,52.916952,-0.662974,Male,25-34,White - English/Welsh/Scottish/Northern Irish/British,White,,Article for use in theft,A no further action disposal,True,False
Person search,2018-03-26T14:50:00+00:00,,,53.227100,-0.539078,Male,over 34,White - English/Welsh/Scottish/Northern Irish/British,White,Misuse of Drugs Act 1971 (section 23),Controlled drugs,A no further action disposal,True,False
Person search,2018-03-26T15:25:00+00:00,,,52.978058,-0.024838,Male,18-24,White - English/Welsh/Scottish/Northern Irish/British,White,,Stolen goods,A no further action disposal,True,False
Person search,2018-03-26T16:47:00+00:00,,,53.399794,-0.774531,Male,18-24,White - English/Welsh/Scottish/Northern Irish/British,White,,Offensive weapons,Summons / charged by post,True,False
Person search,2018-03-26T16:47:00+00:00,,,53.399794,-0.774531,,18-24,,,Police and Criminal Evidence Act 1984 (section 1),Offensive weapons,A no further action disposal,True,False
Person search,2018-03-26T17:10:00+00:00,,,53.148127,0.337352,,over 34,,,Misuse of Drugs Act 1971 (section 23),Controlled drugs,A no further action disposal,True,True
Person and Vehicle search,2018-03-27T01:20:00+00:00,,,53.004651,-0.413080,Male,18-24,White - English/Welsh/Scottish/Northern Irish/British,White,Misuse of Drugs Act 1971 (section 23),Controlled drugs,A no further action disposal,True,False
Person search,2018-03-27T23:25:00+00:00,,,53.335625,0.268812,Male,25-34,White - English/Welsh/Scottish/Northern Irish/British,White,Misuse of Drugs Act 1971 (section 23),Controlled drugs,Khat or Cannabis warning,True,False
Person search,2018-03-27T23:40:00+00:00,,,53.335625,0.268812,Male,25-34,Asian/Asian British - Indian,Asian,Misuse of Drugs Act 1971 (section 23),Controlled drugs,Khat or Cannabis warning,True,False
Person search,2018-03-28T00:45:00+00:00,,,53.181862,-0.598799,Male,18-24,White - English/Welsh/Scottish/Northern Irish/British,White,,Article for use in theft,A no further action disposal,True,False
Person search,2018-03-28T03:45:00+00:00,,,52.998881,-0.021608,Male,18-24,Mixed/Multiple ethnic groups - Any other Mixed/Multiple ethnic background,White,,Article for use in theft,A no further action disposal,True,False
Person search,2018-03-28T03:50:00+00:00,,,52.998881,-0.021608,Male,25-34,White - Any other White background,White,Police and Criminal Evidence Act 1984 (section 1),Article for use in theft,A no further action disposal,True,False
Person search,2018-03-28T03:55:00+00:00,,,53.064306,-0.835022,Male,18-24,Other ethnic group - Not stated,Black,,Article for use in theft,A no further action disposal,True,False
Person search,2018-03-28T15:30:00+00:00,,,52.969813,-0.036741,Male,over 34,White - English/Welsh/Scottish/Northern Irish/British,White,Misuse of Drugs Act 1971 (section 23),Controlled drugs,A no further action disposal,True,False
Person search,2018-03-28T15:55:00+00:00,,,52.981859,-0.038846,,25-34,,,Misuse of Drugs Act 1971 (section 23),Controlled drugs,A no further action disposal,True,False
Person search,2018-03-29T01:00:00+00:00,,,53.150360,0.340390,Male,over 34,White - English/Welsh/Scottish/Northern Irish/British,White,Police and Criminal Evidence Act 1984 (section 1),Stolen goods,A no further action disposal,True,False
Person search,2018-03-29T01:52:00+00:00,,,53.233906,-0.507907,Male,25-34,White - English/Welsh/Scottish/Northern Irish/British,White,Misuse of Drugs Act 1971 (section 23),Controlled drugs,Khat or Cannabis warning,True,False
Person search,2018-03-29T10:39:00+00:00,,,53.227982,-0.540606,Male,over 34,White - English/Welsh/Scottish/Northern Irish/British,White,Misuse of Drugs Act 1971 (section 23),Controlled drugs,A no further action disposal,True,False
Person search,2018-03-29T14:00:00+00:00,,,53.196053,-0.577962,Male,25-34,White - English/Welsh/Scottish/Northern Irish/British,White,Misuse of Drugs Act 1971 (section 23),Controlled drugs,A no further action disposal,True,False
Person search,2018-03-30T01:50:00+00:00,,,52.969813,-0.036741,Male,18-24,White - English/Welsh/Scottish/Northern Irish/British,White,Misuse of Drugs Act 1971 (section 23),Controlled drugs,A no further action disposal,True,False
Person and Vehicle search,2018-03-30T02:00:00+00:00,,,52.969813,-0.036741,Male,over 34,White - English/Welsh/Scottish/Northern Irish/British,White,Misuse of Drugs Act 1971 (section 23),Controlled drugs,A no further action disposal,True,False
Person search,2018-03-30T02:00:00+00:00,,,52.969813,-0.036741,Female,18-24,White - English/Welsh/Scottish/Northern Irish/British,White,Misuse of Drugs Act 1971 (section 23),Controlled drugs,A no further action disposal,True,False
Person search,2018-03-30T03:48:00+00:00,,,52.972483,-0.037260,Male,25-34,White - English/Welsh/Scottish/Northern Irish/British,White,Misuse of Drugs Act 1971 (section 23),Controlled drugs,A no further action disposal,True,False
Person search,2018-03-30T20:50:00+00:00,,,52.981030,-0.040329,Male,18-24,White - English/Welsh/Scottish/Northern Irish/British,White,Misuse of Drugs Act 1971 (section 23),Seals or hunting equipment,A no further action disposal,True,False
Person search,2018-03-31T01:20:00+00:00,,,53.242343,-0.510461,Male,25-34,White - English/Welsh/Scottish/Northern Irish/British,White,Misuse of Drugs Act 1971 (section 23),Controlled drugs,A no further action disposal,True,False
Person and Vehicle search,2018-03-31T01:34:00+00:00,,,53.143485,0.335620,Male,18-24,White - English/Welsh/Scottish/Northern Irish/British,White,Misuse of Drugs Act 1971 (section 23),Controlled drugs,A no further action disposal,True,False
Person and Vehicle search,2018-03-31T01:34:00+00:00,,,53.143485,0.335620,Male,18-24,White - English/Welsh/Scottish/Northern Irish/British,White,Misuse of Drugs Act 1971 (section 23),Controlled drugs,A no further action disposal,True,False
Person and Vehicle search,2018-03-31T01:34:00+00:00,,,53.143485,0.335620,Male,18-24,White - English/Welsh/Scottish/Northern Irish/British,White,Misuse of Drugs Act 1971 (section 23),Controlled drugs,A no further action disposal,True,False
Person and Vehicle search,2018-03-31T01:34:00+00:00,,,53.143485,0.335620,Male,18-24,White - English/Welsh/Scottish/Northern Irish/British,White,Misuse of Drugs Act 1971 (section 23),Controlled drugs,A no further action disposal,True,False
Person search,2018-03-31T02:40:00+00:00,,,52.907236,-0.646501,Male,over 34,White - English/Welsh/Scottish/Northern Irish/British,White,Misuse of Drugs Act 1971 (section 23),Controlled drugs,A no further action disposal,True,False
