Type,Date,Part of a policing operation,Policing operation,Latitude,Longitude,Gender,Age range,Self-defined ethnicity,Officer-defined ethnicity,Legislation,Object of search,Outcome,Outcome linked to object of search,Removal of more than just outer clothing
Person search,2018-05-01T01:00:00+00:00,False,,51.332619,-0.265098,Male,18-24,Other ethnic group - Not stated,White,,Firearms,Arrest,True,
Person search,2018-05-01T01:00:00+00:00,False,,51.332619,-0.265098,Male,10-17,Other ethnic group - Not stated,White,,Firearms,Arrest,True,
Person search,2018-05-01T01:15:00+00:00,False,,51.295724,-0.328897,Male,,Asian/Asian British - Indian,Asian,,Controlled drugs,A no further action disposal,False,
Person search,2018-05-01T01:20:00+00:00,False,,51.408164,-0.583369,Male,18-24,Asian/Asian British - Indian,Asian,,Controlled drugs,Khat or Cannabis warning,True,
Person search,2018-05-01T01:30:00+00:00,False,,51.408164,-0.583369,Male,18-24,Asian/Asian British - Indian,Asian,,Controlled drugs,Summons / charged by post,True,
Person search,2018-05-01T02:00:00+00:00,False,,,,Male,18-24,White - English/Welsh/Scottish/Northern Irish/British,White,,Article for use in theft,Arrest,True,
Person search,2018-05-01T02:30:00+00:00,False,,51.332811,-0.262909,Male,18-24,Other ethnic group - Not stated,White,,Article for use in theft,Arrest,True,
Person search,2018-05-01T03:34:00+00:00,False,,51.309258,-0.723361,Male,25-34,Asian/Asian British - Pakistani,,,Controlled drugs,A no further action disposal,False,
Person search,2018-05-01T07:00:00+00:00,False,,51.425271,-0.483075,Other,,White - English/Welsh/Scottish/Northern Irish/British,White,,Controlled drugs,A no further action disposal,False,
Person search,2018-05-01T10:40:00+00:00,False,,51.244629,-0.732300,Male,25-34,White - English/Welsh/Scottish/Northern Irish/British,White,,Controlled drugs,A no further action disposal,False,
Person search,2018-05-01T11:25:00+00:00,False,,51.160248,-0.136608,Male,25-34,Mixed/Multiple ethnic groups - Any other Mixed/Multiple ethnic background,White,,Article for use in theft,Arrest,False,
Person search,2018-05-01T11:30:00+00:00,False,,51.256345,-0.545090,Male,25-34,White - Any other White background,White,,Article for use in theft,Arrest,True,
Person search,2018-05-01T14:30:00+00:00,False,,51.271844,0.037031,Female,10-17,White - English/Welsh/Scottish/Northern Irish/British,White,,Controlled drugs,A no further action disposal,False,
Person search,2018-05-01T14:33:00+00:00,False,,51.271844,0.037031,Female,18-24,White - English/Welsh/Scottish/Northern Irish/British,White,,Controlled drugs,A no further action disposal,False,
Person and Vehicle search,2018-05-01T16:20:00+00:00,False,,51.323130,-0.607833,Male,25-34,White - Any other White background,White,,Anything to threaten or harm anyone,A no further action disposal,,
Person search,2018-05-01T17:00:00+00:00,False,,51.311591,-0.246736,Male,18-24,White - English/Welsh/Scottish/Northern Irish/British,White,,Controlled drugs,A no further action disposal,False,
Person search,2018-05-01T17:06:00+00:00,False,,51.311591,-0.246736,Male,25-34,White - English/Welsh/Scottish/Northern Irish/British,White,,Controlled drugs,Khat or Cannabis warning,True,
Person search,2018-05-01T17:06:00+00:00,False,,51.311591,-0.246736,Male,18-24,White - English/Welsh/Scottish/Northern Irish/British,White,,Controlled drugs,A no further action disposal,False,
Person search,2018-05-01T19:15:00+00:00,False,,51.323635,-0.549449,Male,18-24,White - English/Welsh/Scottish/Northern Irish/British,White,,Controlled drugs,A no further action disposal,False,
Person search,2018-05-01T19:15:00+00:00,False,,51.323635,-0.549449,Male,18-24,White - English/Welsh/Scottish/Northern Irish/British,White,,Controlled drugs,A no further action disposal,False,
Person search,2018-05-01T19:51:00+00:00,False,,51.224501,-0.197960,Male,18-24,White - English/Welsh/Scottish/Northern Irish/British,White,,Article for use in theft,A no further action disposal,False,
Person search,2018-05-01T19:55:00+00:00,False,,51.332619,-0.265098,Male,18-24,White - English/Welsh/Scottish/Northern Irish/British,White,,Controlled drugs,Community resolution,True,
Person search,2018-05-01T20:00:00+00:00,False,,51.282122,-0.077218,Male,18-24,Mixed/Multiple ethnic groups - White and Black Caribbean,Black,,Controlled drugs,A no further action disposal,False,
Person search,2018-05-01T20:00:00+00:00,False,,51.282516,-0.075997,Male,18-24,White - English/Welsh/Scottish/Northern Irish/British,White,,Controlled drugs,A no further action disposal,False,
Person search,2018-05-01T23:30:00+00:00,False,,51.237631,-0.186875,Male,18-24,Other ethnic group - Not stated,Black,,Controlled drugs,A no further action disposal,False,
Person search,2018-05-01T23:30:00+00:00,False,,51.237624,-0.188164,Male,18-24,Other ethnic group - Not stated,Black,,Controlled drugs,A no further action disposal,False,
Person search,2018-05-01T23:30:00+00:00,False,,51.163974,-0.168668,Male,10-17,Other ethnic group - Not stated,Black,,Controlled drugs,A no further action disposal,False,
Person search,2018-05-01T23:30:00+00:00,False,,51.163974,-0.168668,Male,18-24,White - Any other White background,White,,Controlled drugs,A no further action disposal,False,
Person and Vehicle search,2018-05-01T23:40:00+00:00,False,,51.266126,-0.620608,Male,18-24,White - English/Welsh/Scottish/Northern Irish/British,White,,Anything to threaten or harm anyone,A no further action disposal,,
Person search,2018-05-02T00:25:00+00:00,False,,51.218430,-0.787044,Male,over 34,White - English/Welsh/Scottish/Northern Irish/British,White,,Stolen goods,Arrest,False,
Person search,2018-05-02T00:25:00+00:00,False,,51.216407,-0.792309,Male,18-24,White - English/Welsh/Scottish/Northern Irish/British,White,,Stolen goods,Arrest,True,
Person search,2018-05-02T00:25:00+00:00,False,,51.216407,-0.792309,Male,18-24,White - English/Welsh/Scottish/Northern Irish/British,White,,Stolen goods,Arrest,False,
Person search,2018-05-02T02:20:00+00:00,False,,51.227584,-0.632058,Male,over 34,Asian/Asian British - Bangladeshi,Asian,,Controlled drugs,A no further action disposal,False,
Person search,2018-05-02T08:00:00+00:00,False,,51.236008,-0.187225,Male,18-24,White - English/Welsh/Scottish/Northern Irish/British,White,,Controlled drugs,A no further action disposal,False,
Person search,2018-05-02T08:00:00+00:00,False,,51.236008,-0.187225,Male,18-24,White - English/Welsh/Scottish/Northern Irish/British,White,,Controlled drugs,A no further action disposal,False,
Person search,2018-05-02T08:00:00+00:00,False,,51.237624,-0.188164,Male,18-24,White - English/Welsh/Scottish/Northern Irish/British,White,,Controlled drugs,A no further action disposal,False,
Person search,2018-05-02T12:16:00+00:00,False,,51.336386,-0.522805,Male,,Mixed/Multiple ethnic groups - White and Asian,Asian,,Controlled drugs,A no further action disposal,False,
Person search,2018-05-02T13:15:00+00:00,False,,51.256345,-0.545090,Male,over 34,Other ethnic group - Not stated,Black,,Firearms,Arrest,False,
Person search,2018-05-02T13:30:00+00:00,False,,51.326004,-0.561373,Female,18-24,Asian/Asian British - Pakistani,Asian,,Controlled drugs,A no further action disposal,False,
Person search,2018-05-02T17:40:00+00:00,False,,51.317700,-0.561088,Male,over 34,White - English/Welsh/Scottish/Northern Irish/British,White,,Controlled drugs,A no further action disposal,False,
Person search,2018-05-02T18:40:00+00:00,False,,,,Female,10-17,Other ethnic group - Not stated,White,,Firearms,A no further action disposal,False,
Person search,2018-05-02T18:40:00+00:00,False,,,,Female,18-24,Other ethnic group - Not stated,Other,,Firearms,A no further action disposal,False,
Person search,2018-05-02T19:30:00+00:00,False,,51.308655,-0.637869,Male,18-24,White - English/Welsh/Scottish/Northern Irish/British,White,,Controlled drugs,Penalty Notice for Disorder,True,
Person search,2018-05-02T19:30:00+00:00,False,,51.308655,-0.637869,Male,,White - English/Welsh/Scottish/Northern Irish/British,White,,Controlled drugs,A no further action disposal,False,
Person search,2018-05-02T20:35:00+00:00,False,,51.259763,-0.730637,Female,18-24,White - English/Welsh/Scottish/Northern Irish/British,White,,Firearms,A no further action disposal,False,
Person search,2018-05-02T21:30:00+00:00,False,,51.388144,-0.507729,Male,18-24,White - English/Welsh/Scottish/Northern Irish/British,White,,Controlled drugs,A no further action disposal,True,
Person search,2018-05-02T21:30:00+00:00,False,,51.388144,-0.507729,Male,18-24,White - English/Welsh/Scottish/Northern Irish/British,White,,Controlled drugs,A no further action disposal,True,
Person search,2018-05-02T21:59:00+00:00,False,,51.388144,-0.507729,Male,10-17,White - English/Welsh/Scottish/Northern Irish/British,White,,Controlled drugs,A no further action disposal,False,
Person search,2018-05-02T22:04:00+00:00,False,,51.370229,-0.489980,Male,10-17,Mixed/Multiple ethnic groups - Any other Mixed/Multiple ethnic background,,,Controlled drugs,A no further action disposal,False,
Person search,2018-05-02T22:05:00+00:00,False,,51.388144,-0.507729,Male,10-17,White - English/Welsh/Scottish/Northern Irish/British,White,,Controlled drugs,A no further action disposal,False,
Person search,2018-05-02T22:45:00+00:00,False,,51.309766,-0.407975,Male,25-34,White - English/Welsh/Scottish/Northern Irish/British,White,,Article for use in theft,Arrest,True,
Person search,2018-05-02T22:45:00+00:00,False,,51.421981,-0.435217,Male,over 34,Other ethnic group - Not stated,White,,Article for use in theft,A no further action disposal,True,
Person search,2018-05-03T00:15:00+00:00,False,,51.389817,-0.404019,Male,25-34,Other ethnic group - Not stated,Black,,Controlled drugs,A no further action disposal,False,
Person search,2018-05-03T09:13:00+00:00,False,,51.422504,-0.437343,Male,18-24,White - English/Welsh/Scottish/Northern Irish/British,White,,Article for use in theft,A no further action disposal,False,
Person search,2018-05-03T11:08:00+00:00,False,,51.239503,-0.576622,Male,10-17,Black/African/Caribbean/Black British - Any other Black/African/Caribbean background,Black,,Controlled drugs,A no further action disposal,True,
Person search,2018-05-03T14:35:00+00:00,False,,51.230051,-0.732213,Female,18-24,White - English/Welsh/Scottish/Northern Irish/British,White,,Controlled drugs,Khat or Cannabis warning,True,
Person search,2018-05-03T14:35:00+00:00,False,,51.230051,-0.732213,Male,18-24,White - English/Welsh/Scottish/Northern Irish/British,White,,Controlled drugs,Khat or Cannabis warning,True,
Person search,2018-05-03T15:15:00+00:00,False,,51.460699,-0.491272,Male,over 34,White - English/Welsh/Scottish/Northern Irish/British,White,,Controlled drugs,A no further action disposal,False,
Person search,2018-05-03T19:40:00+00:00,False,,51.241809,-0.576207,Male,10-17,White - English/Welsh/Scottish/Northern Irish/British,White,,Controlled drugs,A no further action disposal,False,
Person search,2018-05-03T23:30:00+00:00,False,,51.362022,-0.694604,Male,18-24,Other ethnic group - Not stated,White,,Article for use in theft,A no further action disposal,False,
Person search,2018-05-04T01:22:00+00:00,False,,51.282516,-0.075997,Male,18-24,White - English/Welsh/Scottish/Northern Irish/British,White,,Controlled drugs,A no further action disposal,False,
Person search,2018-05-04T01:22:00+00:00,False,,51.282516,-0.075997,Male,18-24,White - English/Welsh/Scottish/Northern Irish/British,White,,Controlled drugs,A no further action disposal,False,
Person search,2018-05-04T02:00:00+00:00,False,,51.257322,-0.656140,Male,over 34,White - English/Welsh/Scottish/Northern Irish/British,White,,Controlled drugs,Caution (simple or conditional),True,
Person search,2018-05-04T10:00:00+00:00,False,,51.458361,-0.478106,Male,over 34,White - English/Welsh/Scottish/Northern Irish/British,White,,Controlled drugs,A no further action disposal,False,
Person search,2018-05-04T10:10:00+00:00,False,,51.458361,-0.478106,Male,over 34,White - English/Welsh/Scottish/Northern Irish/British,White,,Controlled drugs,A no further action disposal,False,
Person search,2018-05-04T13:20:00+00:00,False,,51.457931,-0.474076,Male,25-34,White - English/Welsh/Scottish/Northern Irish/British,White,,Controlled drugs,A no further action disposal,False,
Person search,2018-05-04T13:33:00+00:00,False,,51.384256,-0.410407,Female,10-17,Other ethnic group - Not stated,White,,Article for use in theft,Community resolution,False,
Person search,2018-05-04T15:17:00+00:00,False,,51.225714,-0.342018,Male,25-34,White - Any other White background,White,,Firearms,Arrest,False,
Person search,2018-05-04T16:35:00+00:00,False,,51.387234,-0.509038,Male,over 34,White - English/Welsh/Scottish/Northern Irish/British,White,,Controlled drugs,A no further action disposal,False,
Person search,2018-05-04T19:57:00+00:00,False,,51.323266,-0.742289,Male,10-17,White - English/Welsh/Scottish/Northern Irish/British,White,,Firearms,A no further action disposal,False,
Person search,2018-05-04T20:01:00+00:00,False,,51.323266,-0.742289,Male,10-17,White - English/Welsh/Scottish/Northern Irish/British,White,,Firearms,A no further action disposal,False,
Person search,2018-05-04T20:05:00+00:00,False,,51.323266,-0.742289,Male,10-17,White - English/Welsh/Scottish/Northern Irish/British,White,,Firearms,A no further action disposal,False,
Person search,2018-05-04T20:06:00+00:00,False,,51.323266,-0.742289,Male,10-17,White - English/Welsh/Scottish/Northern Irish/British,White,,Firearms,A no further action disposal,False,
Person search,2018-05-04T20:09:00+00:00,False,,51.323266,-0.742289,Male,10-17,White - English/Welsh/Scottish/Northern Irish/British,White,,Firearms,A no further action disposal,False,
Person search,2018-05-04T21:09:00+00:00,False,,51.236861,-0.798120,Male,10-17,White - English/Welsh/Scottish/Northern Irish/British,White,,Controlled drugs,A no further action disposal,False,
Person search,2018-05-04T23:48:00+00:00,False,,51.282516,-0.075997,Male,10-17,White - English/Welsh/Scottish/Northern Irish/British,White,,Controlled drugs,A no further action disposal,True,
Person search,2018-05-04T23:50:00+00:00,False,,51.290973,-0.099940,Male,10-17,White - English/Welsh/Scottish/Northern Irish/British,White,,Controlled drugs,A no further action disposal,False,
Person search,2018-05-05T02:30:00+00:00,False,,,,Male,18-24,Other ethnic group - Not stated,White,,Controlled drugs,Summons / charged by post,False,
Person search,2018-05-05T12:00:00+00:00,False,,51.320735,-0.560735,Male,25-34,Other ethnic group - Not stated,Asian,,Controlled drugs,Summons / charged by post,True,
Person search,2018-05-05T12:15:00+00:00,False,,51.324224,-0.545427,Male,18-24,Asian/Asian British - Pakistani,Asian,,Controlled drugs,A no further action disposal,False,
Person search,2018-05-05T12:15:00+00:00,False,,51.321290,-0.559067,Male,18-24,White - English/Welsh/Scottish/Northern Irish/British,White,,Controlled drugs,A no further action disposal,False,
Person search,2018-05-05T12:15:00+00:00,False,,51.325318,-0.547330,Male,18-24,Asian/Asian British - Pakistani,Asian,,Controlled drugs,A no further action disposal,False,
Person search,2018-05-05T16:00:00+00:00,False,,51.236008,-0.187225,Male,18-24,White - English/Welsh/Scottish/Northern Irish/British,White,,Firearms,A no further action disposal,False,
Person search,2018-05-05T19:40:00+00:00,False,,51.278942,-0.374744,Male,18-24,White - English/Welsh/Scottish/Northern Irish/British,White,,Articles for use in criminal damage,A no further action disposal,False,
Person search,2018-05-05T21:07:00+00:00,False,,51.387990,-0.415164,Male,over 34,White - English/Welsh/Scottish/Northern Irish/British,White,,Firearms,A no further action disposal,False,
Person search,2018-05-05T21:10:00+00:00,False,,51.196182,-0.307483,Male,25-34,White - English/Welsh/Scottish/Northern Irish/British,White,,Article for use in theft,A no further action disposal,False,
Person search,2018-05-05T21:15:00+00:00,False,,51.196182,-0.307483,Male,25-34,White - English/Welsh/Scottish/Northern Irish/British,White,,Article for use in theft,A no further action disposal,False,
Person search,2018-05-05T22:00:00+00:00,False,,51.311956,-0.555399,Male,10-17,Asian/Asian British - Pakistani,Asian,,Controlled drugs,A no further action disposal,False,
Person search,2018-05-05T22:00:00+00:00,False,,51.308070,-0.553082,Male,10-17,White - English/Welsh/Scottish/Northern Irish/British,White,,Controlled drugs,A no further action disposal,False,
Person search,2018-05-05T22:00:00+00:00,False,,51.308070,-0.553082,Male,10-17,Mixed/Multiple ethnic groups - White and Black African,Black,,Controlled drugs,A no further action disposal,False,
Person search,2018-05-05T22:30:00+00:00,False,,51.237268,-0.577680,Male,over 34,White - English/Welsh/Scottish/Northern Irish/British,White,,Controlled drugs,A no further action disposal,False,
Person search,2018-05-05T23:12:00+00:00,False,,51.237268,-0.577680,Female,25-34,White - English/Welsh/Scottish/Northern Irish/British,White,,Controlled drugs,A no further action disposal,False,
Person search,2018-05-06T12:20:00+00:00,False,,51.431882,-0.502752,Male,25-34,Asian/Asian British - Pakistani,Asian,,Controlled drugs,A no further action disposal,False,
Person search,2018-05-06T12:30:00+00:00,False,,51.432964,-0.503018,Female,18-24,Other ethnic group - Not stated,Asian,,Controlled drugs,A no further action disposal,False,
Person search,2018-05-06T12:30:00+00:00,False,,51.459436,-0.478459,Male,,Black/African/Caribbean/Black British - Caribbean,Black,,Controlled drugs,A no further action disposal,False,
Person search,2018-05-06T14:53:00+00:00,False,,51.450688,-0.438885,Male,25-34,White - Any other White background,White,,Controlled drugs,Arrest,True,
Person search,2018-05-06T15:23:00+00:00,False,,51.321290,-0.559067,Male,over 34,White - Any other White background,White,,Firearms,Community resolution,True,
Person search,2018-05-06T16:15:00+00:00,False,,51.438529,-0.476363,Male,10-17,White - English/Welsh/Scottish/Northern Irish/British,White,,Firearms,A no further action disposal,False,
Person search,2018-05-06T19:11:00+00:00,False,,51.235523,-0.326095,Male,18-24,Other ethnic group - Not stated,White,,Controlled drugs,A no further action disposal,False,
Person search,2018-05-06T19:11:00+00:00,False,,51.235523,-0.326095,Female,18-24,Other ethnic group - Not stated,White,,Controlled drugs,A no further action disposal,False,
Person search,2018-05-06T20:30:00+00:00,False,,51.408780,-0.397291,Male,25-34,White - English/Welsh/Scottish/Northern Irish/British,White,,Controlled drugs,A no further action disposal,False,
Person search,2018-05-06T20:30:00+00:00,False,,51.224501,-0.197960,Male,25-34,White - English/Welsh/Scottish/Northern Irish/British,White,,Controlled drugs,A no further action disposal,False,
Person search,2018-05-06T21:55:00+00:00,False,,51.343773,-0.727743,Male,18-24,White - English/Welsh/Scottish/Northern Irish/British,White,,Controlled drugs,Khat or Cannabis warning,True,
Person search,2018-05-06T22:11:00+00:00,False,,51.243503,-0.307552,Male,18-24,Other ethnic group - Not stated,White,,Controlled drugs,Khat or Cannabis warning,True,
Person search,2018-05-06T22:53:00+00:00,False,,51.320157,-0.551798,Male,25-34,White - English/Welsh/Scottish/Northern Irish/British,White,,Controlled drugs,A no further action disposal,True,
Person search,2018-05-07T17:50:00+00:00,False,,51.425623,-0.499892,Male,10-17,White - English/Welsh/Scottish/Northern Irish/British,White,,Firearms,A no further action disposal,False,
Person search,2018-05-07T17:50:00+00:00,False,,51.425623,-0.499892,Male,10-17,White - English/Welsh/Scottish/Northern Irish/British,White,,Firearms,A no further action disposal,False,
Person search,2018-05-07T17:50:00+00:00,False,,51.425623,-0.499892,Male,10-17,White - English/Welsh/Scottish/Northern Irish/British,White,,Firearms,A no further action disposal,False,
Person search,2018-05-07T20:00:00+00:00,False,,51.321290,-0.559067,Male,10-17,White - English/Welsh/Scottish/Northern Irish/British,White,,Controlled drugs,A no further action disposal,False,
Person search,2018-05-08T01:00:00+00:00,False,,51.244670,-0.782816,Male,18-24,White - English/Welsh/Scottish/Northern Irish/British,White,,Article for use in theft,Khat or Cannabis warning,False,
Person search,2018-05-08T01:00:00+00:00,False,,51.244670,-0.782816,Male,18-24,White - English/Welsh/Scottish/Northern Irish/British,White,,Article for use in theft,A no further action disposal,False,
Person search,2018-05-08T01:26:00+00:00,False,,51.244670,-0.782816,Male,18-24,White - English/Welsh/Scottish/Northern Irish/British,White,,Controlled drugs,Caution (simple or conditional),True,
Person search,2018-05-08T12:09:00+00:00,False,,51.333095,-0.545792,Male,25-34,White - English/Welsh/Scottish/Northern Irish/British,White,,Controlled drugs,A no further action disposal,False,
Person search,2018-05-08T13:30:00+00:00,False,,51.318176,-0.565450,Male,25-34,Black/African/Caribbean/Black British - African,Black,,Controlled drugs,Arrest,True,
Person search,2018-05-08T15:00:00+00:00,False,,51.382412,-0.445218,Male,25-34,White - English/Welsh/Scottish/Northern Irish/British,White,,Controlled drugs,A no further action disposal,False,
Person search,2018-05-08T16:31:00+00:00,False,,51.216126,-0.799934,Male,over 34,White - English/Welsh/Scottish/Northern Irish/British,White,,Article for use in theft,Arrest,True,
Person search,2018-05-08T19:05:00+00:00,False,,51.334203,-0.268799,Male,over 34,White - English/Welsh/Scottish/Northern Irish/British,White,,Stolen goods,Summons / charged by post,True,
Person search,2018-05-08T19:30:00+00:00,False,,51.307620,-0.043210,Male,25-34,Mixed/Multiple ethnic groups - Any other Mixed/Multiple ethnic background,Black,,Controlled drugs,Khat or Cannabis warning,True,
Person search,2018-05-08T21:30:00+00:00,False,,,,Male,18-24,Other ethnic group - Not stated,White,,Controlled drugs,A no further action disposal,True,
Person search,2018-05-08T22:00:00+00:00,False,,51.265180,-0.504047,Male,18-24,White - English/Welsh/Scottish/Northern Irish/British,White,,Controlled drugs,Khat or Cannabis warning,True,
Person search,2018-05-08T22:00:00+00:00,False,,51.265180,-0.504047,Male,10-17,White - English/Welsh/Scottish/Northern Irish/British,White,,Controlled drugs,A no further action disposal,False,
Person search,2018-05-08T23:50:00+00:00,False,,51.256345,-0.545090,Male,25-34,Other ethnic group - Not stated,White,,Firearms,A no further action disposal,False,
Person search,2018-05-08T23:55:00+00:00,True,,51.304548,-0.554828,Male,18-24,Asian/Asian British - Pakistani,Asian,,Controlled drugs,Penalty Notice for Disorder,True,
Person search,2018-05-09T00:00:00+00:00,False,,51.314392,-0.250675,Male,25-34,Asian/Asian British - Pakistani,Asian,,Firearms,A no further action disposal,False,
Person search,2018-05-09T00:00:00+00:00,False,,51.314392,-0.250675,Male,18-24,Asian/Asian British - Pakistani,Asian,,Firearms,A no further action disposal,False,
Person search,2018-05-09T00:06:00+00:00,False,,51.314392,-0.250675,Male,18-24,Asian/Asian British - Pakistani,Asian,,Stolen goods,A no further action disposal,False,
Person search,2018-05-09T09:00:00+00:00,False,,51.339558,-0.517577,Male,over 34,Other ethnic group - Not stated,White,,Article for use in theft,A no further action disposal,True,
Person search,2018-05-09T10:32:00+00:00,False,,51.320735,-0.560735,Male,18-24,Other ethnic group - Not stated,White,,Article for use in theft,A no further action disposal,True,
Person search,2018-05-09T10:55:00+00:00,False,,51.238625,-0.574658,Male,over 34,Other ethnic group - Not stated,Asian,,Stolen goods,Summons / charged by post,True,
Person search,2018-05-09T11:32:00+00:00,False,,51.226246,-0.571288,Male,25-34,White - Any other White background,White,,Controlled drugs,A no further action disposal,True,
Person search,2018-05-09T11:32:00+00:00,False,,51.226246,-0.571288,Male,25-34,White - Any other White background,White,,Controlled drugs,A no further action disposal,True,
Person search,2018-05-09T11:39:00+00:00,False,,51.226246,-0.571288,Male,25-34,White - Any other White background,White,,Controlled drugs,A no further action disposal,True,
Person search,2018-05-09T12:00:00+00:00,False,,51.239503,-0.576622,Male,25-34,White - English/Welsh/Scottish/Northern Irish/British,White,,Anything to threaten or harm anyone,Summons / charged by post,True,
Person search,2018-05-09T13:51:00+00:00,False,,51.257032,-0.149179,Male,18-24,Black/African/Caribbean/Black British - Caribbean,Black,,Controlled drugs,A no further action disposal,False,
Person search,2018-05-09T13:56:00+00:00,False,,51.257032,-0.149179,Male,18-24,Black/African/Caribbean/Black British - Caribbean,Black,,Controlled drugs,A no further action disposal,False,
Person search,2018-05-09T17:00:00+00:00,False,,51.214025,-0.159867,Male,over 34,White - English/Welsh/Scottish/Northern Irish/British,White,,Controlled drugs,A no further action disposal,False,
Person search,2018-05-09T17:00:00+00:00,False,,51.214025,-0.159867,Male,over 34,White - English/Welsh/Scottish/Northern Irish/British,White,,Controlled drugs,A no further action disposal,False,
Person search,2018-05-09T19:27:00+00:00,False,,51.227819,-0.170703,Male,10-17,White - Any other White background,White,,Controlled drugs,A no further action disposal,False,
Person search,2018-05-09T19:27:00+00:00,False,,51.227819,-0.170703,Male,10-17,Mixed/Multiple ethnic groups - Any other Mixed/Multiple ethnic background,Black,,Controlled drugs,A no further action disposal,True,
Person search,2018-05-09T20:00:00+00:00,False,,51.321492,-0.560854,Male,18-24,Other ethnic group - Not stated,Asian,,Firearms,A no further action disposal,False,
Person search,2018-05-09T20:05:00+00:00,False,,51.321290,-0.559067,Male,18-24,Other ethnic group - Not stated,Asian,,Firearms,A no further action disposal,False,
Person search,2018-05-09T23:30:00+00:00,False,,51.363199,-0.487367,Male,25-34,White - English/Welsh/Scottish/Northern Irish/British,White,,Article for use in theft,A no further action disposal,False,
Person search,2018-05-10T00:10:00+00:00,False,,51.337012,-0.749579,Male,25-34,Other ethnic group - Not stated,Black,,Controlled drugs,A no further action disposal,False,
Person search,2018-05-10T08:35:00+00:00,False,,,,Male,25-34,White - English/Welsh/Scottish/Northern Irish/British,White,,Stolen goods,Arrest,True,
Person search,2018-05-10T14:15:00+00:00,False,,,,Male,18-24,White - Irish,White,,Controlled drugs,Khat or Cannabis warning,True,
Person search,2018-05-10T17:40:00+00:00,False,,51.312006,-0.625302,Male,10-17,Asian/Asian British - Pakistani,Asian,,Firearms,A no further action disposal,False,
Person search,2018-05-10T17:40:00+00:00,False,,51.312006,-0.625302,Male,10-17,Other ethnic group - Not stated,Asian,,Firearms,A no further action disposal,False,
Person search,2018-05-10T17:40:00+00:00,False,,51.312006,-0.625302,Male,10-17,Other ethnic group - Not stated,Asian,,Firearms,A no further action disposal,False,
Person search,2018-05-10T17:40:00+00:00,False,,51.312006,-0.625302,Male,18-24,Other ethnic group - Not stated,Asian,,Firearms,A no further action disposal,False,
Person search,2018-05-10T17:41:00+00:00,False,,51.312006,-0.625302,Male,10-17,Asian/Asian British - Pakistani,Asian,,Firearms,A no further action disposal,False,
Person search,2018-05-10T20:57:00+00:00,False,,51.260678,-0.207840,Male,18-24,White - English/Welsh/Scottish/Northern Irish/British,White,,Controlled drugs,A no further action disposal,False,
Person search,2018-05-10T20:57:00+00:00,False,,51.260678,-0.207840,Male,18-24,White - English/Welsh/Scottish/Northern Irish/British,White,,Controlled drugs,Khat or Cannabis warning,True,
Person search,2018-05-10T21:15:00+00:00,False,,51.394041,-0.306487,Male,25-34,White - Any other White background,White,,Controlled drugs,Arrest,False,
Person search,2018-05-10T22:03:00+00:00,False,,51.389489,-0.510244,Male,,Other ethnic group - Not stated,White,,Controlled drugs,A no further action disposal,False,
Person search,2018-05-10T23:25:00+00:00,False,,51.428004,-0.516702,Female,10-17,White - English/Welsh/Scottish/Northern Irish/British,White,,Controlled drugs,A no further action disposal,False,
Person search,2018-05-10T23:35:00+00:00,False,,51.347370,-0.364053,Male,18-24,Asian/Asian British - Any other Asian background,Asian,,Firearms,A no further action disposal,False,
Person search,2018-05-10T23:59:00+00:00,False,,51.272347,-0.070702,Male,over 34,Black/African/Caribbean/Black British - Caribbean,Black,,Controlled drugs,A no further action disposal,True,
Person search,2018-05-11T00:06:00+00:00,False,,51.272347,-0.070702,Male,25-34,Mixed/Multiple ethnic groups - Any other Mixed/Multiple ethnic background,White,,Controlled drugs,Khat or Cannabis warning,False,
Person search,2018-05-11T00:11:00+00:00,False,,51.272347,-0.070702,Male,over 34,Mixed/Multiple ethnic groups - Any other Mixed/Multiple ethnic background,Black,,Controlled drugs,Khat or Cannabis warning,True,
Person search,2018-05-11T01:25:00+00:00,False,,,,Female,18-24,Asian/Asian British - Any other Asian background,Asian,,Controlled drugs,A no further action disposal,False,
Person search,2018-05-11T01:25:00+00:00,False,,51.232787,-0.508091,Male,18-24,Asian/Asian British - Any other Asian background,Asian,,Controlled drugs,A no further action disposal,False,
Vehicle search,2018-05-11T01:55:00+00:00,False,,51.232787,-0.508091,,,Other ethnic group - Not stated,,,Controlled drugs,Khat or Cannabis warning,True,
Person search,2018-05-11T05:43:00+00:00,False,,51.237268,-0.577680,Male,18-24,Asian/Asian British - Pakistani,Asian,,Controlled drugs,Khat or Cannabis warning,True,
Person search,2018-05-11T10:30:00+00:00,False,,51.186748,-0.650581,Male,18-24,White - Any other White background,White,,Article for use in theft,A no further action disposal,False,
Person search,2018-05-11T10:30:00+00:00,False,,51.319841,-0.561868,Female,18-24,White - Any other White background,White,,Stolen goods,Community resolution,False,
Person search,2018-05-11T10:30:00+00:00,False,,51.319841,-0.561868,Female,18-24,White - Any other White background,White,,Stolen goods,A no further action disposal,False,
Person search,2018-05-11T10:33:00+00:00,False,,51.186748,-0.650581,Male,10-17,White - Any other White background,White,,Controlled drugs,A no further action disposal,False,
Person search,2018-05-11T10:37:00+00:00,False,,51.186748,-0.650581,Male,10-17,White - English/Welsh/Scottish/Northern Irish/British,White,,Article for use in theft,A no further action disposal,False,
Person search,2018-05-11T11:30:00+00:00,False,,51.457387,-0.478513,Male,18-24,Black/African/Caribbean/Black British - Any other Black/African/Caribbean background,White,,Controlled drugs,A no further action disposal,False,
Person search,2018-05-11T11:55:00+00:00,False,,51.252411,-0.570994,Male,25-34,White - English/Welsh/Scottish/Northern Irish/British,White,,Controlled drugs,A no further action disposal,False,
Person search,2018-05-11T12:00:00+00:00,False,,51.457355,-0.485768,Male,over 34,Black/African/Caribbean/Black British - African,Black,,Controlled drugs,A no further action disposal,False,
Person search,2018-05-11T12:00:00+00:00,False,,51.252411,-0.570994,Male,over 34,White - English/Welsh/Scottish/Northern Irish/British,White,,Controlled drugs,Arrest,False,
Person search,2018-05-11T12:10:00+00:00,False,,51.457355,-0.485768,Male,18-24,Black/African/Caribbean/Black British - African,Black,,Controlled drugs,A no further action disposal,False,
Person search,2018-05-11T13:00:00+00:00,False,,51.320000,-0.600265,Male,18-24,Asian/Asian British - Pakistani,Asian,,Controlled drugs,A no further action disposal,False,
Person search,2018-05-11T13:00:00+00:00,False,,51.320000,-0.600265,Male,,Asian/Asian British - Pakistani,Asian,,Controlled drugs,A no further action disposal,False,
Person search,2018-05-11T13:50:00+00:00,False,,51.236008,-0.187225,Male,18-24,White - English/Welsh/Scottish/Northern Irish/British,White,,Controlled drugs,A no further action disposal,True,
Person search,2018-05-11T13:50:00+00:00,False,,51.456712,-0.473656,Male,over 34,White - English/Welsh/Scottish/Northern Irish/British,White,,Controlled drugs,A no further action disposal,True,
Person search,2018-05-11T17:00:00+00:00,False,,51.323919,-0.546929,Male,18-24,Asian/Asian British - Any other Asian background,Asian,,Controlled drugs,A no further action disposal,False,
Person search,2018-05-11T17:02:00+00:00,False,,51.323919,-0.546929,Male,25-34,Asian/Asian British - Pakistani,Asian,,Controlled drugs,Community resolution,False,
Person search,2018-05-11T22:30:00+00:00,False,,51.333694,-0.269105,Male,10-17,Other ethnic group - Not stated,White,,Controlled drugs,A no further action disposal,False,
Person search,2018-05-11T22:30:00+00:00,False,,51.333694,-0.269105,Male,10-17,Other ethnic group - Not stated,White,,Controlled drugs,A no further action disposal,False,
Person search,2018-05-11T22:44:00+00:00,False,,,,Female,18-24,White - English/Welsh/Scottish/Northern Irish/British,White,,Controlled drugs,A no further action disposal,False,
Person search,2018-05-11T22:45:00+00:00,False,,,,Female,10-17,White - English/Welsh/Scottish/Northern Irish/British,White,,Controlled drugs,A no further action disposal,False,
Person search,2018-05-11T22:49:00+00:00,False,,51.333694,-0.269105,Male,18-24,White - English/Welsh/Scottish/Northern Irish/British,White,,Controlled drugs,A no further action disposal,False,
Person search,2018-05-11T22:50:00+00:00,False,,51.333694,-0.269105,Male,18-24,Other ethnic group - Not stated,Black,,Controlled drugs,A no further action disposal,False,
Person search,2018-05-11T23:30:00+00:00,False,,51.249343,-0.587165,Male,10-17,White - English/Welsh/Scottish/Northern Irish/British,White,,Controlled drugs,Khat or Cannabis warning,True,
Person search,2018-05-11T23:30:00+00:00,False,,51.249343,-0.587165,Male,18-24,White - English/Welsh/Scottish/Northern Irish/British,White,,Controlled drugs,A no further action disposal,False,
Person search,2018-05-11T23:37:00+00:00,False,,51.174504,-0.018021,Male,18-24,White - English/Welsh/Scottish/Northern Irish/British,White,,Controlled drugs,Khat or Cannabis warning,True,
Person search,2018-05-11T23:40:00+00:00,False,,51.321290,-0.559067,Male,18-24,Asian/Asian British - Pakistani,White,,Firearms,A no further action disposal,False,
Person search,2018-05-11T23:45:00+00:00,False,,51.152252,0.020020,Male,18-24,White - English/Welsh/Scottish/Northern Irish/British,White,,Controlled drugs,Khat or Cannabis warning,True,
Person search,2018-05-12T00:35:00+00:00,False,,51.325559,-0.632360,Male,10-17,Other ethnic group - Not stated,White,,Firearms,A no further action disposal,False,
Person search,2018-05-12T01:00:00+00:00,False,,51.237631,-0.186875,Male,25-34,White - English/Welsh/Scottish/Northern Irish/British,White,,Controlled drugs,Arrest,True,
Person search,2018-05-12T03:00:00+00:00,False,,51.319898,-0.557001,Male,18-24,White - Any other White background,White,,Controlled drugs,Khat or Cannabis warning,True,
Person search,2018-05-12T03:30:00+00:00,False,,51.319966,-0.555219,Female,18-24,Asian/Asian British - Pakistani,Asian,,Controlled drugs,A no further action disposal,False,
Person search,2018-05-12T08:39:00+00:00,False,,51.308070,-0.553082,Male,25-34,Other ethnic group - Not stated,White,,Firearms,Arrest,False,
Person search,2018-05-12T10:30:00+00:00,False,,51.237534,-0.324575,Male,10-17,White - English/Welsh/Scottish/Northern Irish/British,White,,Controlled drugs,A no further action disposal,False,
Person search,2018-05-12T10:55:00+00:00,False,,51.237534,-0.324575,Male,10-17,White - English/Welsh/Scottish/Northern Irish/British,White,,Controlled drugs,A no further action disposal,False,
Person search,2018-05-12T12:21:00+00:00,False,,51.235024,-0.798698,Male,25-34,White - English/Welsh/Scottish/Northern Irish/British,White,,Stolen goods,A no further action disposal,False,
Person search,2018-05-12T13:00:00+00:00,False,,51.281511,-0.075623,Male,10-17,White - English/Welsh/Scottish/Northern Irish/British,White,,Controlled drugs,A no further action disposal,False,
Person search,2018-05-12T13:00:00+00:00,False,,51.281511,-0.075623,Male,18-24,White - English/Welsh/Scottish/Northern Irish/British,White,,Controlled drugs,A no further action disposal,False,
Person search,2018-05-12T14:04:00+00:00,False,,51.314392,-0.250675,Male,18-24,White - Any other White background,White,,Controlled drugs,Khat or Cannabis warning,True,
Person search,2018-05-12T14:04:00+00:00,False,,51.314392,-0.250675,Male,25-34,White - Any other White background,White,,Controlled drugs,A no further action disposal,False,
Person search,2018-05-12T14:39:00+00:00,False,,51.239612,-0.167986,Male,10-17,White - English/Welsh/Scottish/Northern Irish/British,White,,Firearms,A no further action disposal,False,
Person search,2018-05-12T15:00:00+00:00,False,,,,Male,10-17,Other ethnic group - Not stated,White,,Controlled drugs,A no further action disposal,False,
Person search,2018-05-12T15:00:00+00:00,False,,,,Male,10-17,White - English/Welsh/Scottish/Northern Irish/British,White,,Controlled drugs,A no further action disposal,False,
Person search,2018-05-12T15:00:00+00:00,False,,,,Male,10-17,Other ethnic group - Not stated,Black,,Controlled drugs,A no further action disposal,False,
Person search,2018-05-12T17:38:00+00:00,False,,,,Female,10-17,White - English/Welsh/Scottish/Northern Irish/British,White,,Stolen goods,A no further action disposal,False,
Person search,2018-05-12T17:39:00+00:00,False,,51.240487,-0.579171,Male,10-17,White - English/Welsh/Scottish/Northern Irish/British,White,,Stolen goods,A no further action disposal,False,
Person search,2018-05-12T17:39:00+00:00,False,,51.242933,-0.582118,Female,18-24,White - English/Welsh/Scottish/Northern Irish/British,White,,Article for use in theft,A no further action disposal,False,
Person search,2018-05-12T19:30:00+00:00,False,,51.333707,-0.422190,Male,18-24,White - English/Welsh/Scottish/Northern Irish/British,White,,Article for use in theft,A no further action disposal,False,
Person search,2018-05-12T21:00:00+00:00,False,,51.358954,-0.488053,Male,25-34,Black/African/Caribbean/Black British - African,Black,,Controlled drugs,A no further action disposal,False,
Person search,2018-05-12T21:20:00+00:00,False,,51.337927,-0.744285,Male,10-17,White - English/Welsh/Scottish/Northern Irish/British,White,,Firearms,A no further action disposal,False,
Person search,2018-05-12T22:40:00+00:00,False,,51.319898,-0.557001,Male,18-24,Other ethnic group - Not stated,Asian,,Firearms,A no further action disposal,False,
Person search,2018-05-12T22:45:00+00:00,False,,51.333694,-0.269105,Male,10-17,Asian/Asian British - Any other Asian background,Asian,,Controlled drugs,Summons / charged by post,True,
Person search,2018-05-12T22:45:00+00:00,False,,51.320818,-0.557948,Male,18-24,White - English/Welsh/Scottish/Northern Irish/British,White,,Firearms,A no further action disposal,False,
Person search,2018-05-12T23:46:00+00:00,False,,51.458361,-0.478106,Male,10-17,Black/African/Caribbean/Black British - Caribbean,Black,,Controlled drugs,Arrest,True,
Person search,2018-05-13T01:55:00+00:00,False,,51.376863,-0.247620,Male,18-24,White - Any other White background,White,,Controlled drugs,Community resolution,True,
Person search,2018-05-13T01:55:00+00:00,False,,51.376863,-0.247620,Male,18-24,White - English/Welsh/Scottish/Northern Irish/British,White,,Controlled drugs,Community resolution,True,
Person search,2018-05-13T16:30:00+00:00,False,,51.283386,-0.330794,Male,over 34,White - English/Welsh/Scottish/Northern Irish/British,White,,Controlled drugs,A no further action disposal,False,
Person search,2018-05-13T17:35:00+00:00,False,,51.402298,-0.413275,Male,over 34,White - English/Welsh/Scottish/Northern Irish/British,White,,Article for use in theft,A no further action disposal,False,
Vehicle search,2018-05-13T19:15:00+00:00,False,,51.288082,-0.384775,,,Other ethnic group - Not stated,,,Controlled drugs,A no further action disposal,True,
Person search,2018-05-13T23:00:00+00:00,False,,51.218501,-0.787887,Male,over 34,White - English/Welsh/Scottish/Northern Irish/British,White,,Controlled drugs,Caution (simple or conditional),True,
Person and Vehicle search,2018-05-13T23:21:00+00:00,False,,51.322267,-0.539160,Male,18-24,Asian/Asian British - Any other Asian background,Asian,,Anything to threaten or harm anyone,A no further action disposal,,
Person search,2018-05-13T23:35:00+00:00,False,,51.247775,-0.553771,Male,18-24,White - English/Welsh/Scottish/Northern Irish/British,White,,Controlled drugs,A no further action disposal,False,
Person search,2018-05-13T23:35:00+00:00,False,,51.247775,-0.553771,Male,,Other ethnic group - Not stated,White,,Controlled drugs,A no further action disposal,False,
Person search,2018-05-13T23:44:00+00:00,False,,51.322267,-0.539160,Male,,Asian/Asian British - Any other Asian background,Asian,,Article for use in theft,A no further action disposal,False,
Person search,2018-05-14T00:20:00+00:00,False,,51.309702,-0.332307,Male,,Other ethnic group - Not stated,Black,,Controlled drugs,A no further action disposal,False,
Person search,2018-05-14T00:30:00+00:00,True,,51.199971,-0.165666,Male,25-34,Asian/Asian British - Bangladeshi,Asian,,Controlled drugs,Arrest,False,
Person search,2018-05-14T02:20:00+00:00,False,,51.239503,-0.576622,Male,18-24,Black/African/Caribbean/Black British - Any other Black/African/Caribbean background,Black,,Controlled drugs,A no further action disposal,False,
Person search,2018-05-14T02:20:00+00:00,False,,51.240086,-0.577263,Male,18-24,Other ethnic group - Not stated,Other,,Controlled drugs,A no further action disposal,False,
Person search,2018-05-14T12:30:00+00:00,False,,51.436061,-0.503277,Female,over 34,White - English/Welsh/Scottish/Northern Irish/British,White,,Controlled drugs,A no further action disposal,False,
Person search,2018-05-14T13:15:00+00:00,False,,51.436061,-0.503277,Male,25-34,White - English/Welsh/Scottish/Northern Irish/British,White,,Controlled drugs,A no further action disposal,False,
Person search,2018-05-14T16:03:00+00:00,False,,51.258779,-0.007462,Male,10-17,White - English/Welsh/Scottish/Northern Irish/British,White,,Firearms,A no further action disposal,False,
Person search,2018-05-14T16:28:00+00:00,False,,51.256634,-0.009833,Male,10-17,White - English/Welsh/Scottish/Northern Irish/British,White,,Firearms,A no further action disposal,False,
Person search,2018-05-14T16:30:00+00:00,False,,51.241705,-0.740560,Male,25-34,White - English/Welsh/Scottish/Northern Irish/British,White,,Firearms,A no further action disposal,True,
Person search,2018-05-14T16:33:00+00:00,False,,51.256634,-0.009833,Male,10-17,White - English/Welsh/Scottish/Northern Irish/British,White,,Firearms,A no further action disposal,True,
Person search,2018-05-14T16:50:00+00:00,False,,51.343001,-0.278806,Male,18-24,White - English/Welsh/Scottish/Northern Irish/British,White,,Controlled drugs,A no further action disposal,False,
Person search,2018-05-14T16:50:00+00:00,False,,51.343001,-0.278806,Male,10-17,White - English/Welsh/Scottish/Northern Irish/British,White,,Controlled drugs,A no further action disposal,False,
Person search,2018-05-14T16:50:00+00:00,False,,51.343001,-0.278806,Male,10-17,Asian/Asian British - Indian,White,,Controlled drugs,A no further action disposal,False,
Person search,2018-05-14T16:50:00+00:00,False,,51.343001,-0.278806,Male,18-24,White - English/Welsh/Scottish/Northern Irish/British,White,,Controlled drugs,A no further action disposal,False,
Person search,2018-05-14T16:50:00+00:00,False,,51.343001,-0.278806,Male,10-17,Black/African/Caribbean/Black British - Caribbean,Black,,Controlled drugs,A no further action disposal,False,
Person search,2018-05-14T16:50:00+00:00,False,,51.343001,-0.278806,Male,25-34,White - Any other White background,White,,Controlled drugs,A no further action disposal,False,
Person search,2018-05-14T17:25:00+00:00,False,,51.264832,-0.017033,Male,10-17,White - English/Welsh/Scottish/Northern Irish/British,White,,Controlled drugs,A no further action disposal,True,
Person search,2018-05-14T17:25:00+00:00,False,,51.264832,-0.017033,Male,10-17,White - English/Welsh/Scottish/Northern Irish/British,White,,Controlled drugs,A no further action disposal,True,
Person search,2018-05-14T17:25:00+00:00,False,,51.264832,-0.017033,Male,10-17,White - English/Welsh/Scottish/Northern Irish/British,White,,Controlled drugs,A no further action disposal,True,
Person search,2018-05-14T17:25:00+00:00,False,,51.264832,-0.017033,Male,10-17,White - English/Welsh/Scottish/Northern Irish/British,White,,Controlled drugs,A no further action disposal,True,
Person search,2018-05-14T18:10:00+00:00,False,,51.193937,-0.755630,Male,25-34,White - English/Welsh/Scottish/Northern Irish/British,White,,Controlled drugs,Community resolution,True,
Person search,2018-05-14T19:00:00+00:00,False,,51.219679,-0.316158,Female,18-24,White - English/Welsh/Scottish/Northern Irish/British,White,,Controlled drugs,Khat or Cannabis warning,True,
Person search,2018-05-14T22:10:00+00:00,False,,51.239503,-0.576622,Male,over 34,White - English/Welsh/Scottish/Northern Irish/British,White,,Stolen goods,Arrest,True,
Person search,2018-05-15T01:02:00+00:00,False,,51.298639,-0.312669,Male,over 34,White - English/Welsh/Scottish/Northern Irish/British,White,,Controlled drugs,Arrest,False,
Person search,2018-05-15T10:41:00+00:00,False,,51.325763,-0.549181,Male,over 34,White - Any other White background,White,,Controlled drugs,A no further action disposal,False,
Person search,2018-05-15T13:18:00+00:00,False,,51.247106,-0.756188,Female,25-34,White - English/Welsh/Scottish/Northern Irish/British,White,,Controlled drugs,A no further action disposal,False,
Person search,2018-05-15T13:30:00+00:00,False,,51.249263,-0.778310,Female,over 34,White - English/Welsh/Scottish/Northern Irish/British,White,,Controlled drugs,A no further action disposal,False,
Person search,2018-05-15T20:30:00+00:00,False,,51.236008,-0.187225,Male,18-24,White - English/Welsh/Scottish/Northern Irish/British,White,,Controlled drugs,Khat or Cannabis warning,True,
Person search,2018-05-15T21:30:00+00:00,False,,51.239757,-0.608919,Female,18-24,Other ethnic group - Not stated,White,,Firearms,A no further action disposal,False,
Person search,2018-05-15T21:55:00+00:00,False,,51.374371,-0.416194,Male,18-24,White - English/Welsh/Scottish/Northern Irish/British,White,,Controlled drugs,A no further action disposal,False,
Person search,2018-05-15T22:03:00+00:00,False,,51.374371,-0.416194,Male,18-24,White - English/Welsh/Scottish/Northern Irish/British,White,,Controlled drugs,A no further action disposal,False,
Person search,2018-05-15T22:03:00+00:00,False,,51.422518,-0.482922,Male,10-17,White - English/Welsh/Scottish/Northern Irish/British,White,,Article for use in theft,A no further action disposal,False,
Person search,2018-05-15T22:48:00+00:00,False,,51.256060,-0.197543,Male,over 34,White - English/Welsh/Scottish/Northern Irish/British,White,,Firearms,Community resolution,True,
Person search,2018-05-16T01:30:00+00:00,False,,51.332405,-0.636477,Male,18-24,White - English/Welsh/Scottish/Northern Irish/British,White,,Controlled drugs,A no further action disposal,False,
Person search,2018-05-16T03:18:00+00:00,False,,51.322880,-0.757512,Male,18-24,White - English/Welsh/Scottish/Northern Irish/British,White,,Article for use in theft,A no further action disposal,False,
Person search,2018-05-16T03:30:00+00:00,False,,51.322880,-0.757512,Male,over 34,White - English/Welsh/Scottish/Northern Irish/British,White,,Article for use in theft,A no further action disposal,False,
Person search,2018-05-16T05:21:00+00:00,False,,51.238673,-0.557280,Male,18-24,White - Any other White background,White,,Stolen goods,A no further action disposal,False,
Person search,2018-05-16T10:35:00+00:00,False,,51.293332,-0.233332,Male,18-24,White - English/Welsh/Scottish/Northern Irish/British,White,,Article for use in theft,Penalty Notice for Disorder,True,
Person search,2018-05-16T16:14:00+00:00,False,,54.324685,-2.394307,Male,25-34,Other ethnic group - Not stated,White,,Firearms,Arrest,True,
Person search,2018-05-16T16:50:00+00:00,False,,51.187043,-0.610492,Male,25-34,White - English/Welsh/Scottish/Northern Irish/British,White,,Controlled drugs,A no further action disposal,False,
Person search,2018-05-16T18:50:00+00:00,False,,51.236964,-0.766531,Male,over 34,White - English/Welsh/Scottish/Northern Irish/British,White,,Controlled drugs,Summons / charged by post,True,
Vehicle search,2018-05-16T19:35:00+00:00,False,,51.256450,-0.534009,,,Other ethnic group - Not stated,,,Article for use in theft,A no further action disposal,True,
Person search,2018-05-16T19:45:00+00:00,False,,51.235523,-0.326095,Male,10-17,White - English/Welsh/Scottish/Northern Irish/British,White,,Article for use in theft,A no further action disposal,False,
Person search,2018-05-16T19:45:00+00:00,False,,51.235523,-0.326095,Male,10-17,White - Any other White background,White,,Article for use in theft,A no further action disposal,False,
Person search,2018-05-16T20:31:00+00:00,False,,51.245498,-0.057339,Male,10-17,White - English/Welsh/Scottish/Northern Irish/British,White,,Firearms,A no further action disposal,False,
Person search,2018-05-16T20:33:00+00:00,False,,51.245498,-0.057339,Male,10-17,White - English/Welsh/Scottish/Northern Irish/British,White,,Articles for use in criminal damage,A no further action disposal,False,
Person search,2018-05-16T20:35:00+00:00,False,,51.245498,-0.057339,Male,10-17,Other ethnic group - Not stated,White,,Firearms,A no further action disposal,False,
Person search,2018-05-16T20:35:00+00:00,False,,51.245498,-0.057339,Male,10-17,White - English/Welsh/Scottish/Northern Irish/British,White,,Articles for use in criminal damage,A no further action disposal,False,
Person search,2018-05-16T20:48:00+00:00,False,,51.282516,-0.075997,Male,10-17,Other ethnic group - Not stated,White,,Articles for use in criminal damage,A no further action disposal,False,
Person search,2018-05-16T23:30:00+00:00,False,,51.307114,-0.056589,Male,over 34,Black/African/Caribbean/Black British - Caribbean,Black,,Controlled drugs,Khat or Cannabis warning,True,
Person search,2018-05-17T00:44:00+00:00,False,,51.327593,-0.729956,Male,over 34,White - English/Welsh/Scottish/Northern Irish/British,White,,Article for use in theft,Community resolution,False,
Person search,2018-05-17T01:27:00+00:00,False,,51.252014,-0.152647,Male,18-24,Other ethnic group - Any other ethnic group,Other,,Controlled drugs,Khat or Cannabis warning,True,
Person search,2018-05-17T15:30:00+00:00,False,,51.320417,-0.554645,Male,10-17,Asian/Asian British - Pakistani,Asian,,Firearms,A no further action disposal,False,
Person search,2018-05-17T16:20:00+00:00,False,,51.390911,-0.635141,Male,18-24,White - English/Welsh/Scottish/Northern Irish/British,White,,Article for use in theft,A no further action disposal,False,
Person search,2018-05-17T17:32:00+00:00,False,,51.332656,-0.530819,Male,over 34,Other ethnic group - Not stated,Asian,,Controlled drugs,A no further action disposal,False,
Person search,2018-05-17T18:20:00+00:00,False,,51.254154,-0.066863,Male,18-24,White - English/Welsh/Scottish/Northern Irish/British,White,,Article for use in theft,Arrest,False,
Person search,2018-05-17T18:25:00+00:00,False,,51.236008,-0.187225,Male,10-17,White - English/Welsh/Scottish/Northern Irish/British,White,,Firearms,A no further action disposal,False,
Person search,2018-05-17T18:30:00+00:00,False,,,,Female,10-17,Other ethnic group - Not stated,White,,Stolen goods,Community resolution,True,
Person search,2018-05-17T18:30:00+00:00,False,,,,Female,10-17,Other ethnic group - Not stated,White,,Stolen goods,Community resolution,True,
Vehicle search,2018-05-17T18:46:00+00:00,False,,51.282516,-0.075997,,,Other ethnic group - Not stated,,,Article for use in theft,Arrest,False,
Person search,2018-05-17T19:00:00+00:00,False,,51.370090,-0.491105,Male,,Black/African/Caribbean/Black British - Any other Black/African/Caribbean background,Black,,Controlled drugs,A no further action disposal,False,
Person search,2018-05-17T19:00:00+00:00,False,,51.372299,-0.487340,Male,25-34,Black/African/Caribbean/Black British - Any other Black/African/Caribbean background,Black,,Controlled drugs,A no further action disposal,False,
Person search,2018-05-17T19:25:00+00:00,False,,51.236256,-0.186370,Male,over 34,White - English/Welsh/Scottish/Northern Irish/British,White,,Article for use in theft,Arrest,True,
Person search,2018-05-17T20:15:00+00:00,False,,51.307492,-0.078913,Male,10-17,Other ethnic group - Not stated,,,Controlled drugs,A no further action disposal,False,
Person search,2018-05-17T20:17:00+00:00,False,,51.307492,-0.078913,Male,10-17,White - English/Welsh/Scottish/Northern Irish/British,White,,Firearms,Summons / charged by post,True,
Person search,2018-05-17T20:25:00+00:00,False,,51.336542,-0.758650,Male,over 34,White - Any other White background,White,,Controlled drugs,A no further action disposal,False,
Person search,2018-05-17T22:45:00+00:00,False,,51.235710,-0.153200,Male,25-34,White - English/Welsh/Scottish/Northern Irish/British,White,,Controlled drugs,Arrest,True,
Person search,2018-05-17T22:55:00+00:00,False,,51.321678,-0.558395,Male,18-24,White - English/Welsh/Scottish/Northern Irish/British,White,,Firearms,A no further action disposal,False,
Person search,2018-05-18T00:40:00+00:00,False,,51.463261,-0.504604,Female,18-24,White - Any other White background,White,,Controlled drugs,A no further action disposal,False,
Person search,2018-05-18T01:00:00+00:00,False,,51.463261,-0.504604,Male,25-34,Other ethnic group - Not stated,White,,Controlled drugs,A no further action disposal,False,
Person search,2018-05-18T01:58:00+00:00,False,,51.244563,-0.205472,Male,25-34,White - English/Welsh/Scottish/Northern Irish/British,White,,Controlled drugs,Arrest,True,
Person search,2018-05-18T05:32:00+00:00,False,,51.369427,-0.502477,Male,25-34,White - English/Welsh/Scottish/Northern Irish/British,White,,Controlled drugs,A no further action disposal,False,
Person search,2018-05-18T09:15:00+00:00,False,,51.237631,-0.186875,Male,25-34,White - English/Welsh/Scottish/Northern Irish/British,White,,Controlled drugs,Arrest,True,
Person search,2018-05-18T13:00:00+00:00,False,,51.423498,-0.479452,Male,18-24,White - English/Welsh/Scottish/Northern Irish/British,White,,Controlled drugs,A no further action disposal,False,
Person search,2018-05-18T13:45:00+00:00,False,,51.455246,-0.483348,Male,over 34,White - English/Welsh/Scottish/Northern Irish/British,White,,Controlled drugs,A no further action disposal,False,
Person search,2018-05-18T15:00:00+00:00,False,,51.255736,-0.009428,Male,10-17,White - English/Welsh/Scottish/Northern Irish/British,White,,Firearms,A no further action disposal,True,
Person search,2018-05-18T15:15:00+00:00,False,,51.369065,-0.363783,Male,10-17,Other ethnic group - Not stated,White,,Firearms,Arrest,False,
Person search,2018-05-18T15:23:00+00:00,False,,51.313463,-0.558752,Male,18-24,Asian/Asian British - Pakistani,Asian,,Controlled drugs,A no further action disposal,False,
Person search,2018-05-18T15:47:00+00:00,False,,51.427271,-0.507879,Male,10-17,Asian/Asian British - Any other Asian background,Asian,,Controlled drugs,A no further action disposal,False,
Person search,2018-05-18T15:54:00+00:00,False,,51.313463,-0.558752,Male,18-24,Other ethnic group - Not stated,Asian,,Controlled drugs,Khat or Cannabis warning,True,
Person search,2018-05-18T16:30:00+00:00,False,,51.328712,-0.216930,Male,18-24,White - English/Welsh/Scottish/Northern Irish/British,White,,Controlled drugs,Caution (simple or conditional),True,
Person search,2018-05-18T16:30:00+00:00,False,,51.328712,-0.216930,Male,18-24,White - English/Welsh/Scottish/Northern Irish/British,White,,Controlled drugs,Caution (simple or conditional),True,
Person search,2018-05-18T16:30:00+00:00,False,,51.328712,-0.216930,Male,18-24,White - English/Welsh/Scottish/Northern Irish/British,White,,Controlled drugs,Caution (simple or conditional),True,
Person search,2018-05-18T17:03:00+00:00,False,,51.328712,-0.216930,Male,25-34,White - English/Welsh/Scottish/Northern Irish/British,White,,Controlled drugs,A no further action disposal,False,
Person search,2018-05-18T18:00:00+00:00,False,,,,Male,10-17,White - English/Welsh/Scottish/Northern Irish/British,White,,Controlled drugs,Summons / charged by post,True,
Person search,2018-05-18T19:45:00+00:00,False,,51.323468,-0.551880,Male,18-24,White - English/Welsh/Scottish/Northern Irish/British,White,,Controlled drugs,A no further action disposal,True,
Person search,2018-05-18T19:48:00+00:00,False,,51.309082,-0.560052,Male,18-24,White - English/Welsh/Scottish/Northern Irish/British,White,,Controlled drugs,Khat or Cannabis warning,True,
Person search,2018-05-18T19:57:00+00:00,False,,51.309082,-0.560052,Male,18-24,White - English/Welsh/Scottish/Northern Irish/British,White,,Controlled drugs,A no further action disposal,False,
Person search,2018-05-18T20:45:00+00:00,False,,51.323468,-0.551880,Male,18-24,White - English/Welsh/Scottish/Northern Irish/British,White,,Controlled drugs,Khat or Cannabis warning,True,
Person search,2018-05-18T20:45:00+00:00,False,,51.323468,-0.551880,Male,10-17,Other ethnic group - Not stated,Black,,Controlled drugs,A no further action disposal,False,
Person search,2018-05-18T22:00:00+00:00,False,,51.309005,-0.321299,Male,10-17,White - English/Welsh/Scottish/Northern Irish/British,White,,Firearms,A no further action disposal,False,
Person search,2018-05-18T22:08:00+00:00,False,,51.235523,-0.326095,Male,18-24,White - English/Welsh/Scottish/Northern Irish/British,White,,Firearms,Caution (simple or conditional),False,
Person search,2018-05-19T01:00:00+00:00,False,,51.244351,-0.186481,Male,18-24,Black/African/Caribbean/Black British - Caribbean,Black,,Firearms,Arrest,True,
Person and Vehicle search,2018-05-19T01:12:00+00:00,False,,51.245648,-0.186015,Female,18-24,White - English/Welsh/Scottish/Northern Irish/British,White,,Firearms,A no further action disposal,False,
Person search,2018-05-19T02:00:00+00:00,False,,51.402595,-0.374562,Male,10-17,Mixed/Multiple ethnic groups - White and Asian,Other,,Controlled drugs,A no further action disposal,False,
Person search,2018-05-19T05:54:00+00:00,False,,51.380555,-0.413941,Male,18-24,White - English/Welsh/Scottish/Northern Irish/British,White,,Article for use in theft,A no further action disposal,False,
Person search,2018-05-19T09:15:00+00:00,False,,51.340098,-0.740465,Male,18-24,White - English/Welsh/Scottish/Northern Irish/British,White,,Controlled drugs,A no further action disposal,False,
Person search,2018-05-19T12:42:00+00:00,False,,51.261931,0.004901,Male,10-17,White - English/Welsh/Scottish/Northern Irish/British,White,,Firearms,A no further action disposal,False,
Person search,2018-05-19T12:45:00+00:00,False,,,,Male,10-17,White - English/Welsh/Scottish/Northern Irish/British,White,,Firearms,A no further action disposal,False,
Person search,2018-05-19T12:55:00+00:00,False,,51.370229,-0.489980,Male,18-24,Asian/Asian British - Pakistani,Asian,,Controlled drugs,Arrest,False,
Person search,2018-05-19T12:55:00+00:00,False,,,,Male,25-34,Asian/Asian British - Pakistani,Asian,,Controlled drugs,Arrest,False,
Person search,2018-05-19T14:05:00+00:00,False,,51.239612,-0.167986,Male,25-34,White - English/Welsh/Scottish/Northern Irish/British,White,,Stolen goods,A no further action disposal,False,
Person search,2018-05-19T17:46:00+00:00,False,,51.425623,-0.499892,Male,10-17,White - English/Welsh/Scottish/Northern Irish/British,White,,Firearms,A no further action disposal,False,
Person search,2018-05-19T18:00:00+00:00,False,,,,Female,10-17,Other ethnic group - Not stated,Black,,Stolen goods,Community resolution,True,
Person search,2018-05-19T20:22:00+00:00,False,,51.207212,-0.739869,Male,10-17,White - English/Welsh/Scottish/Northern Irish/British,White,,Article for use in theft,A no further action disposal,False,
Person search,2018-05-19T20:28:00+00:00,False,,51.207212,-0.739869,Male,10-17,White - English/Welsh/Scottish/Northern Irish/British,White,,Article for use in theft,A no further action disposal,False,
Person search,2018-05-19T20:31:00+00:00,False,,51.207212,-0.739869,Male,10-17,White - English/Welsh/Scottish/Northern Irish/British,White,,Article for use in theft,A no further action disposal,False,
Person search,2018-05-19T23:54:00+00:00,False,,51.317167,-0.030161,Male,18-24,White - English/Welsh/Scottish/Northern Irish/British,White,,Controlled drugs,A no further action disposal,False,
Person search,2018-05-20T00:18:00+00:00,False,,51.317167,-0.030161,Male,18-24,White - English/Welsh/Scottish/Northern Irish/British,White,,Controlled drugs,Khat or Cannabis warning,True,
Person search,2018-05-20T05:36:00+00:00,False,,51.401450,-0.343535,Male,18-24,White - English/Welsh/Scottish/Northern Irish/British,White,,Stolen goods,A no further action disposal,False,
Person search,2018-05-20T09:00:00+00:00,False,,51.345056,-0.643324,Female,25-34,Mixed/Multiple ethnic groups - Any other Mixed/Multiple ethnic background,Other,,Controlled drugs,A no further action disposal,False,
Person search,2018-05-20T13:46:00+00:00,False,,51.308744,-0.222568,Male,18-24,White - English/Welsh/Scottish/Northern Irish/British,White,,Controlled drugs,Penalty Notice for Disorder,True,
Person search,2018-05-20T14:58:00+00:00,False,,51.339483,-0.742678,Male,25-34,White - English/Welsh/Scottish/Northern Irish/British,White,,Controlled drugs,A no further action disposal,False,
Person search,2018-05-20T15:27:00+00:00,False,,51.429307,-0.500433,Female,over 34,White - English/Welsh/Scottish/Northern Irish/British,White,,Stolen goods,A no further action disposal,False,
Person search,2018-05-20T15:30:00+00:00,False,,51.429307,-0.500433,Female,25-34,White - English/Welsh/Scottish/Northern Irish/British,White,,Stolen goods,A no further action disposal,False,
Person and Vehicle search,2018-05-20T15:58:00+00:00,False,,51.236256,-0.186370,Female,over 34,White - English/Welsh/Scottish/Northern Irish/British,White,,Anything to threaten or harm anyone,A no further action disposal,,
Person search,2018-05-20T16:00:00+00:00,False,,51.230251,-0.173801,Male,over 34,White - English/Welsh/Scottish/Northern Irish/British,White,,Controlled drugs,A no further action disposal,False,
Person search,2018-05-20T16:55:00+00:00,False,,51.237631,-0.186875,Male,25-34,White - English/Welsh/Scottish/Northern Irish/British,White,,Firearms,Arrest,False,
Person search,2018-05-20T19:48:00+00:00,False,,51.274622,-0.016855,Male,10-17,Other ethnic group - Not stated,White,,Controlled drugs,A no further action disposal,True,
Person search,2018-05-21T03:30:00+00:00,False,,51.303290,-0.076592,Male,18-24,White - English/Welsh/Scottish/Northern Irish/British,White,,Article for use in theft,A no further action disposal,False,
Person search,2018-05-21T04:07:00+00:00,False,,51.297938,-0.070504,Male,18-24,White - English/Welsh/Scottish/Northern Irish/British,White,,Stolen goods,A no further action disposal,False,
Vehicle search,2018-05-21T14:26:00+00:00,False,,51.242534,-0.326528,,,Other ethnic group - Not stated,,,Firearms,A no further action disposal,False,
Person search,2018-05-21T19:48:00+00:00,False,,51.274622,-0.016855,Male,10-17,Other ethnic group - Not stated,White,,Controlled drugs,A no further action disposal,False,
Person search,2018-05-21T23:30:00+00:00,False,,51.297175,-0.237717,Male,25-34,Black/African/Caribbean/Black British - Any other Black/African/Caribbean background,Black,,Controlled drugs,A no further action disposal,True,
Person search,2018-05-22T01:18:00+00:00,False,,51.330345,-0.544458,Male,18-24,Mixed/Multiple ethnic groups - White and Asian,Asian,,Controlled drugs,A no further action disposal,False,
Person search,2018-05-22T01:19:00+00:00,False,,51.330345,-0.544458,Male,18-24,Asian/Asian British - Pakistani,Asian,,Controlled drugs,A no further action disposal,False,
Person search,2018-05-22T03:25:00+00:00,False,,51.431213,-0.561337,Male,25-34,White - English/Welsh/Scottish/Northern Irish/British,White,,Article for use in theft,A no further action disposal,True,
Person search,2018-05-22T09:45:00+00:00,False,,51.460023,-0.478641,Male,18-24,Other ethnic group - Not stated,Black,,Controlled drugs,A no further action disposal,False,
Person search,2018-05-22T12:50:00+00:00,False,,51.320690,-0.557048,Male,18-24,White - English/Welsh/Scottish/Northern Irish/British,White,,Controlled drugs,A no further action disposal,False,
Person search,2018-05-22T14:55:00+00:00,False,,51.321290,-0.559067,Male,10-17,Asian/Asian British - Any other Asian background,Asian,,Controlled drugs,Arrest,True,
Person search,2018-05-22T16:49:00+00:00,True,,51.292356,-0.110941,Male,18-24,White - English/Welsh/Scottish/Northern Irish/British,White,,Controlled drugs,A no further action disposal,True,
Person search,2018-05-22T16:49:00+00:00,True,,51.292356,-0.110941,Male,18-24,White - English/Welsh/Scottish/Northern Irish/British,White,,Controlled drugs,A no further action disposal,True,
Person search,2018-05-22T16:49:00+00:00,True,,51.292356,-0.110941,Female,18-24,White - English/Welsh/Scottish/Northern Irish/British,White,,Controlled drugs,A no further action disposal,True,
Person search,2018-05-22T17:50:00+00:00,False,,51.325643,-0.535206,Male,25-34,Asian/Asian British - Pakistani,Asian,,Controlled drugs,A no further action disposal,False,
Person search,2018-05-22T18:38:00+00:00,False,,51.340161,-0.487408,Male,25-34,White - English/Welsh/Scottish/Northern Irish/British,White,,Controlled drugs,Summons / charged by post,True,
Person search,2018-05-22T19:30:00+00:00,True,,51.333806,-0.538578,Male,25-34,Asian/Asian British - Any other Asian background,Asian,,Controlled drugs,A no further action disposal,False,
Person search,2018-05-22T19:30:00+00:00,True,,51.333806,-0.538578,Male,25-34,Other ethnic group - Not stated,Asian,,Controlled drugs,A no further action disposal,False,
Person search,2018-05-22T22:50:00+00:00,False,,51.230113,-0.808278,Male,18-24,White - Any other White background,White,,Controlled drugs,A no further action disposal,False,
Person search,2018-05-22T23:04:00+00:00,False,,51.203174,-0.607330,Male,10-17,White - English/Welsh/Scottish/Northern Irish/British,White,,Stolen goods,A no further action disposal,False,
Person search,2018-05-23T11:50:00+00:00,False,,51.321290,-0.559067,Male,18-24,Asian/Asian British - Indian,Asian,,Controlled drugs,A no further action disposal,True,
Person search,2018-05-23T12:30:00+00:00,False,,51.236311,-0.575145,Male,10-17,Other ethnic group - Not stated,Black,,Article for use in theft,Arrest,True,
Person search,2018-05-23T12:30:00+00:00,False,,51.236311,-0.575145,Male,10-17,Other ethnic group - Not stated,Black,,Article for use in theft,Arrest,True,
Person search,2018-05-23T12:30:00+00:00,False,,51.236311,-0.575145,Male,10-17,Other ethnic group - Not stated,Black,,Article for use in theft,Arrest,True,
Person search,2018-05-23T12:57:00+00:00,False,,51.315875,-0.558175,Male,25-34,Asian/Asian British - Pakistani,Asian,,Controlled drugs,A no further action disposal,False,
Person search,2018-05-23T13:30:00+00:00,False,,51.457539,-0.480537,Female,25-34,White - English/Welsh/Scottish/Northern Irish/British,White,,Controlled drugs,A no further action disposal,False,
Person search,2018-05-23T16:00:00+00:00,False,,51.295394,-0.317177,Male,18-24,Black/African/Caribbean/Black British - Caribbean,Black,,Controlled drugs,A no further action disposal,True,
Person search,2018-05-23T16:30:00+00:00,False,,51.237434,-0.574294,Male,18-24,White - English/Welsh/Scottish/Northern Irish/British,White,,Controlled drugs,A no further action disposal,False,
Person search,2018-05-23T16:30:00+00:00,False,,51.237434,-0.574294,Male,25-34,White - English/Welsh/Scottish/Northern Irish/British,White,,Controlled drugs,A no further action disposal,False,
Person search,2018-05-23T16:30:00+00:00,False,,51.237434,-0.574294,Male,18-24,White - English/Welsh/Scottish/Northern Irish/British,White,,Controlled drugs,A no further action disposal,False,
Person search,2018-05-23T16:30:00+00:00,False,,51.237434,-0.574294,Male,10-17,White - English/Welsh/Scottish/Northern Irish/British,White,,Controlled drugs,A no further action disposal,False,
Person search,2018-05-23T16:32:00+00:00,False,,51.314792,-0.600911,Male,10-17,White - English/Welsh/Scottish/Northern Irish/British,White,,Controlled drugs,Community resolution,True,
Person search,2018-05-23T18:00:00+00:00,False,,51.321925,-0.553622,Male,10-17,Other ethnic group - Not stated,Asian,,Controlled drugs,A no further action disposal,False,
Person search,2018-05-23T20:45:00+00:00,False,,51.244343,-0.532345,Female,18-24,White - English/Welsh/Scottish/Northern Irish/British,White,,Controlled drugs,A no further action disposal,False,
Person search,2018-05-23T21:00:00+00:00,False,,51.244343,-0.532345,Male,18-24,White - English/Welsh/Scottish/Northern Irish/British,White,,Controlled drugs,A no further action disposal,False,
Person search,2018-05-23T21:40:00+00:00,False,,51.322804,-0.540448,Male,25-34,White - English/Welsh/Scottish/Northern Irish/British,White,,Controlled drugs,A no further action disposal,False,
Person search,2018-05-24T00:10:00+00:00,False,,51.370227,-0.489147,Male,18-24,White - English/Welsh/Scottish/Northern Irish/British,White,,Controlled drugs,Arrest,True,
Person search,2018-05-24T12:30:00+00:00,False,,51.403134,-0.383615,Male,18-24,White - English/Welsh/Scottish/Northern Irish/British,White,,Controlled drugs,Summons / charged by post,True,
Person search,2018-05-24T13:00:00+00:00,False,,51.234793,-0.577541,Male,10-17,Asian/Asian British - Any other Asian background,Asian,,Controlled drugs,Community resolution,True,
Person search,2018-05-24T13:00:00+00:00,False,,51.234793,-0.577541,Male,10-17,Asian/Asian British - Any other Asian background,Asian,,Controlled drugs,A no further action disposal,False,
Person search,2018-05-24T15:50:00+00:00,False,,51.295394,-0.317177,Female,18-24,Other ethnic group - Not stated,White,,Controlled drugs,Khat or Cannabis warning,True,
Person search,2018-05-24T17:26:00+00:00,False,,51.316554,-0.565873,Male,18-24,Asian/Asian British - Pakistani,Asian,,Controlled drugs,A no further action disposal,False,
Person search,2018-05-24T17:55:00+00:00,False,,51.199971,-0.165666,Male,25-34,White - English/Welsh/Scottish/Northern Irish/British,White,,Firearms,Arrest,True,
Person search,2018-05-24T17:58:00+00:00,False,,51.316554,-0.565873,Female,10-17,Mixed/Multiple ethnic groups - White and Asian,White,,Controlled drugs,A no further action disposal,False,
Person search,2018-05-24T17:58:00+00:00,False,,51.316554,-0.565873,Female,10-17,Mixed/Multiple ethnic groups - White and Asian,White,,Controlled drugs,A no further action disposal,False,
Person search,2018-05-24T17:58:00+00:00,False,,51.316554,-0.565873,Female,10-17,Asian/Asian British - Pakistani,Asian,,Controlled drugs,A no further action disposal,False,
Person search,2018-05-24T18:39:00+00:00,False,,51.238717,-0.187921,Male,10-17,White - English/Welsh/Scottish/Northern Irish/British,White,,Firearms,A no further action disposal,False,
Person search,2018-05-24T20:00:00+00:00,False,,51.236008,-0.187225,Male,18-24,White - English/Welsh/Scottish/Northern Irish/British,White,,Controlled drugs,Khat or Cannabis warning,True,
Person search,2018-05-24T21:30:00+00:00,False,,51.288967,-0.088850,Male,18-24,White - Any other White background,Black,,Controlled drugs,Summons / charged by post,True,
Person search,2018-05-24T22:20:00+00:00,False,,51.243503,-0.307552,Male,18-24,Black/African/Caribbean/Black British - Caribbean,Black,,Controlled drugs,A no further action disposal,False,
Person search,2018-05-24T22:20:00+00:00,False,,51.243503,-0.307552,Male,18-24,White - English/Welsh/Scottish/Northern Irish/British,White,,Controlled drugs,A no further action disposal,True,
Person search,2018-05-24T22:30:00+00:00,False,,51.243503,-0.307552,Male,18-24,White - English/Welsh/Scottish/Northern Irish/British,White,,Controlled drugs,Penalty Notice for Disorder,True,
Person search,2018-05-24T23:18:00+00:00,False,,,,Male,18-24,White - Any other White background,White,,Controlled drugs,Arrest,True,
Person search,2018-05-24T23:50:00+00:00,False,,51.242237,-0.604274,Male,18-24,White - English/Welsh/Scottish/Northern Irish/British,White,,Controlled drugs,Penalty Notice for Disorder,True,
Person search,2018-05-25T00:08:00+00:00,False,,51.305570,-0.441016,Male,18-24,White - English/Welsh/Scottish/Northern Irish/British,White,,Controlled drugs,A no further action disposal,True,
Person search,2018-05-25T14:14:00+00:00,False,,51.324350,-0.541849,Male,18-24,Asian/Asian British - Pakistani,Asian,,Controlled drugs,Arrest,True,
Person search,2018-05-25T16:33:00+00:00,False,,51.380555,-0.413941,Male,over 34,Asian/Asian British - Indian,Asian,,Controlled drugs,A no further action disposal,False,
Person search,2018-05-25T17:15:00+00:00,False,,51.419718,-0.410112,Female,10-17,Other ethnic group - Not stated,White,,Controlled drugs,A no further action disposal,False,
Person search,2018-05-25T17:15:00+00:00,False,,,,Male,10-17,White - English/Welsh/Scottish/Northern Irish/British,White,,Controlled drugs,A no further action disposal,False,
Person search,2018-05-25T17:15:00+00:00,False,,,,Male,10-17,White - English/Welsh/Scottish/Northern Irish/British,White,,Controlled drugs,A no further action disposal,False,
Person search,2018-05-25T17:15:00+00:00,False,,,,Male,10-17,White - English/Welsh/Scottish/Northern Irish/British,White,,Controlled drugs,A no further action disposal,False,
Person search,2018-05-25T17:18:00+00:00,False,,51.419718,-0.410112,Female,10-17,Other ethnic group - Not stated,White,,Controlled drugs,A no further action disposal,False,
Person search,2018-05-25T17:18:00+00:00,False,,,,Male,10-17,Other ethnic group - Not stated,,,Controlled drugs,A no further action disposal,False,
Person search,2018-05-25T17:56:00+00:00,False,,51.401724,-0.375988,Male,18-24,White - English/Welsh/Scottish/Northern Irish/British,White,,Controlled drugs,A no further action disposal,False,
Person search,2018-05-25T17:56:00+00:00,False,,51.401724,-0.375988,Male,18-24,White - English/Welsh/Scottish/Northern Irish/British,White,,Controlled drugs,A no further action disposal,False,
Person search,2018-05-25T17:56:00+00:00,False,,51.401724,-0.375988,Male,10-17,White - English/Welsh/Scottish/Northern Irish/British,White,,Controlled drugs,A no further action disposal,False,
Person search,2018-05-25T20:00:00+00:00,False,,51.390101,-0.451339,Male,under 10,White - English/Welsh/Scottish/Northern Irish/British,White,,Article for use in theft,A no further action disposal,False,
Person search,2018-05-25T20:05:00+00:00,False,,51.320786,-0.203144,Male,10-17,White - English/Welsh/Scottish/Northern Irish/British,White,,Controlled drugs,A no further action disposal,False,
Person search,2018-05-25T20:10:00+00:00,False,,51.390101,-0.451339,Male,10-17,White - English/Welsh/Scottish/Northern Irish/British,White,,Article for use in theft,A no further action disposal,False,
Person search,2018-05-25T20:10:00+00:00,False,,51.320786,-0.203144,Male,10-17,White - English/Welsh/Scottish/Northern Irish/British,White,,Controlled drugs,A no further action disposal,False,
Person search,2018-05-25T20:12:00+00:00,False,,51.320786,-0.203144,Male,10-17,White - English/Welsh/Scottish/Northern Irish/British,White,,Controlled drugs,Caution (simple or conditional),True,
Person search,2018-05-25T20:15:00+00:00,False,,51.390101,-0.451339,Male,10-17,White - English/Welsh/Scottish/Northern Irish/British,White,,Article for use in theft,A no further action disposal,False,
Person search,2018-05-25T20:50:00+00:00,False,,51.236008,-0.187225,Female,10-17,Other ethnic group - Not stated,White,,Controlled drugs,A no further action disposal,False,
Person search,2018-05-25T20:57:00+00:00,False,,51.237680,-0.204665,Male,18-24,Mixed/Multiple ethnic groups - Any other Mixed/Multiple ethnic background,White,,Controlled drugs,Arrest,False,
Person search,2018-05-25T23:24:00+00:00,False,,51.263174,-0.012618,Male,10-17,White - English/Welsh/Scottish/Northern Irish/British,White,,Article for use in theft,A no further action disposal,False,
Person search,2018-05-25T23:30:00+00:00,False,,51.263174,-0.012618,Male,10-17,White - English/Welsh/Scottish/Northern Irish/British,White,,Article for use in theft,Community resolution,True,
Person search,2018-05-26T01:30:00+00:00,False,,51.346132,-0.248563,Male,,Other ethnic group - Not stated,Asian,,Article for use in theft,A no further action disposal,False,
Person search,2018-05-26T02:05:00+00:00,False,,51.346132,-0.248563,Male,under 10,Other ethnic group - Not stated,Asian,,Controlled drugs,A no further action disposal,False,
Person search,2018-05-26T22:05:00+00:00,False,,51.185608,-0.162144,Male,25-34,White - English/Welsh/Scottish/Northern Irish/British,White,,Controlled drugs,A no further action disposal,False,
Person search,2018-05-26T23:08:00+00:00,False,,51.243503,-0.307552,Female,18-24,White - English/Welsh/Scottish/Northern Irish/British,White,,Controlled drugs,A no further action disposal,False,
Person search,2018-05-26T23:15:00+00:00,False,,51.235523,-0.326095,Male,18-24,White - English/Welsh/Scottish/Northern Irish/British,White,,Controlled drugs,Caution (simple or conditional),True,
Person search,2018-05-27T11:00:00+00:00,False,,51.319855,-0.560088,Male,,White - Any other White background,White,,Article for use in theft,A no further action disposal,False,
Person search,2018-05-27T11:00:00+00:00,False,,,,Male,over 34,Other ethnic group - Not stated,White,,Article for use in theft,A no further action disposal,False,
Person search,2018-05-27T19:12:00+00:00,False,,51.250243,-0.159482,Male,18-24,White - English/Welsh/Scottish/Northern Irish/British,White,,Controlled drugs,A no further action disposal,False,
Person search,2018-05-27T19:12:00+00:00,False,,51.250243,-0.159482,Male,10-17,White - English/Welsh/Scottish/Northern Irish/British,White,,Controlled drugs,A no further action disposal,False,
Person search,2018-05-27T19:12:00+00:00,False,,51.250243,-0.159482,Male,10-17,White - English/Welsh/Scottish/Northern Irish/British,White,,Controlled drugs,A no further action disposal,False,
Person search,2018-05-27T20:42:00+00:00,False,,51.236849,-0.323267,Male,18-24,White - English/Welsh/Scottish/Northern Irish/British,White,,Controlled drugs,Caution (simple or conditional),True,
Person search,2018-05-27T22:20:00+00:00,False,,51.314392,-0.250675,Male,18-24,Other ethnic group - Not stated,White,,Controlled drugs,A no further action disposal,False,
Person search,2018-05-27T22:20:00+00:00,False,,51.314392,-0.250675,Male,18-24,Other ethnic group - Not stated,White,,Controlled drugs,A no further action disposal,False,
Person search,2018-05-27T23:10:00+00:00,False,,51.242563,-0.587946,Male,18-24,White - Any other White background,White,,Controlled drugs,A no further action disposal,False,
Person search,2018-05-27T23:10:00+00:00,False,,51.242563,-0.587946,Male,18-24,White - Any other White background,White,,Controlled drugs,A no further action disposal,False,
Person search,2018-05-27T23:10:00+00:00,False,,51.245013,-0.590493,Male,18-24,White - Any other White background,White,,Controlled drugs,A no further action disposal,False,
Person search,2018-05-28T01:00:00+00:00,False,,51.274257,-0.154537,Male,18-24,Other ethnic group - Not stated,White,,Controlled drugs,Arrest,True,
Person search,2018-05-28T01:24:00+00:00,False,,51.316533,-0.751714,Male,18-24,Black/African/Caribbean/Black British - Any other Black/African/Caribbean background,Black,,Controlled drugs,Arrest,False,
Person search,2018-05-28T03:25:00+00:00,False,,51.428172,-0.473039,Male,18-24,White - English/Welsh/Scottish/Northern Irish/British,White,,Article for use in theft,A no further action disposal,False,
Person search,2018-05-28T14:20:00+00:00,False,,51.244751,-0.571847,Male,10-17,White - English/Welsh/Scottish/Northern Irish/British,White,,Firearms,A no further action disposal,False,
Person search,2018-05-28T14:25:00+00:00,False,,51.326332,-0.190727,Female,10-17,White - Any other White background,White,,Stolen goods,A no further action disposal,False,
Person search,2018-05-28T14:25:00+00:00,False,,51.326332,-0.190727,Female,10-17,White - English/Welsh/Scottish/Northern Irish/British,White,,Stolen goods,A no further action disposal,False,
Person search,2018-05-28T14:25:00+00:00,False,,51.326332,-0.190727,Male,10-17,White - Any other White background,White,,Stolen goods,A no further action disposal,False,
Person search,2018-05-28T14:39:00+00:00,False,,51.244751,-0.571847,Male,10-17,Other ethnic group - Not stated,White,,Firearms,A no further action disposal,False,
Person search,2018-05-28T14:45:00+00:00,False,,51.321290,-0.559067,Male,25-34,Other ethnic group - Not stated,Asian,,Controlled drugs,A no further action disposal,False,
Person search,2018-05-28T15:55:00+00:00,False,,51.306560,-0.571522,Male,25-34,White - English/Welsh/Scottish/Northern Irish/British,White,,Controlled drugs,Arrest,True,
Person search,2018-05-28T20:40:00+00:00,False,,51.321290,-0.559067,Male,over 34,Other ethnic group - Not stated,White,,Firearms,A no further action disposal,False,
Person search,2018-05-29T00:00:00+00:00,False,,51.247035,-0.166531,Male,10-17,Other ethnic group - Not stated,White,,Articles for use in criminal damage,Arrest,False,
Person search,2018-05-29T11:58:00+00:00,False,,51.426587,-0.525608,Male,over 34,White - English/Welsh/Scottish/Northern Irish/British,White,,Firearms,A no further action disposal,False,
Person search,2018-05-29T14:51:00+00:00,False,,51.238437,-0.578403,Male,over 34,White - English/Welsh/Scottish/Northern Irish/British,White,,Firearms,A no further action disposal,False,
Person search,2018-05-29T22:15:00+00:00,False,,51.177536,-0.167572,Male,18-24,White - English/Welsh/Scottish/Northern Irish/British,White,,Firearms,Arrest,False,
Person search,2018-05-30T18:00:00+00:00,False,,51.229634,-0.174012,Male,over 34,Other ethnic group - Not stated,White,,Controlled drugs,A no further action disposal,False,
Person and Vehicle search,2018-05-30T18:00:00+00:00,False,,51.181623,-0.124686,Male,25-34,White - Irish,White,,Anything to threaten or harm anyone,A no further action disposal,,
Person search,2018-05-30T20:30:00+00:00,False,,51.247165,-0.574394,Male,10-17,White - English/Welsh/Scottish/Northern Irish/British,White,,Firearms,Arrest,False,
Person search,2018-05-30T20:43:00+00:00,False,,51.244275,-0.543508,Male,10-17,Other ethnic group - Not stated,,,Article for use in theft,A no further action disposal,True,
Person search,2018-05-30T20:43:00+00:00,False,,51.244275,-0.543508,Male,10-17,Other ethnic group - Not stated,,,Article for use in theft,A no further action disposal,True,
Person search,2018-05-30T20:43:00+00:00,False,,51.244275,-0.543508,Male,10-17,Other ethnic group - Not stated,,,Article for use in theft,A no further action disposal,True,
Person search,2018-05-30T20:43:00+00:00,False,,51.244275,-0.543508,Male,10-17,Other ethnic group - Not stated,,,Article for use in theft,A no further action disposal,True,
Vehicle search,2018-05-30T21:10:00+00:00,False,,51.325274,-0.536595,,,Other ethnic group - Not stated,,,Controlled drugs,A no further action disposal,False,
Person search,2018-05-30T22:01:00+00:00,False,,51.247521,-0.164835,Female,10-17,White - English/Welsh/Scottish/Northern Irish/British,White,,Controlled drugs,A no further action disposal,False,
Person search,2018-05-30T22:22:00+00:00,False,,51.247521,-0.164835,Male,10-17,White - English/Welsh/Scottish/Northern Irish/British,White,,Controlled drugs,Arrest,True,
Person search,2018-05-30T23:13:00+00:00,False,,51.332619,-0.265098,Female,10-17,Other ethnic group - Not stated,White,,Controlled drugs,A no further action disposal,False,
Person search,2018-05-31T00:23:00+00:00,False,,51.321290,-0.559067,Male,18-24,Other ethnic group - Not stated,White,,Controlled drugs,A no further action disposal,False,
Person search,2018-05-31T01:33:00+00:00,False,,51.321290,-0.559067,Male,25-34,Other ethnic group - Not stated,Black,,Controlled drugs,A no further action disposal,False,
Person search,2018-05-31T07:32:00+00:00,False,,51.321290,-0.559067,Female,18-24,White - English/Welsh/Scottish/Northern Irish/British,White,,Controlled drugs,A no further action disposal,True,
Person search,2018-05-31T11:30:00+00:00,False,,51.276253,-0.738813,Male,18-24,White - English/Welsh/Scottish/Northern Irish/British,White,,Controlled drugs,A no further action disposal,False,
Person search,2018-05-31T11:30:00+00:00,False,,51.276253,-0.738813,Male,18-24,White - English/Welsh/Scottish/Northern Irish/British,White,,Controlled drugs,A no further action disposal,False,
Person search,2018-05-31T13:05:00+00:00,False,,51.432056,-0.573711,Male,over 34,Asian/Asian British - Indian,Asian,,Article for use in theft,A no further action disposal,False,
Person search,2018-05-31T13:30:00+00:00,False,,51.296745,-0.330510,Female,18-24,White - English/Welsh/Scottish/Northern Irish/British,White,,Controlled drugs,A no further action disposal,False,
Person search,2018-05-31T13:30:00+00:00,False,,51.296745,-0.330510,Male,25-34,White - English/Welsh/Scottish/Northern Irish/British,White,,Controlled drugs,A no further action disposal,False,
Person search,2018-05-31T13:40:00+00:00,False,,51.239503,-0.576622,Male,25-34,White - English/Welsh/Scottish/Northern Irish/British,White,,Stolen goods,A no further action disposal,True,
Person search,2018-05-31T15:26:00+00:00,False,,51.249852,-0.610907,Male,10-17,White - English/Welsh/Scottish/Northern Irish/British,White,,Controlled drugs,Summons / charged by post,True,
Person search,2018-05-31T15:38:00+00:00,False,,51.249852,-0.610907,Male,18-24,White - English/Welsh/Scottish/Northern Irish/British,White,,Controlled drugs,Khat or Cannabis warning,True,
Person search,2018-05-31T16:25:00+00:00,False,,51.217076,-0.322096,Male,10-17,White - English/Welsh/Scottish/Northern Irish/British,White,,Anything to threaten or harm anyone,A no further action disposal,False,
Person search,2018-05-31T16:26:00+00:00,False,,51.217076,-0.322096,Male,10-17,White - English/Welsh/Scottish/Northern Irish/British,White,,Anything to threaten or harm anyone,A no further action disposal,False,
Person search,2018-05-31T16:27:00+00:00,False,,51.235523,-0.326095,Female,25-34,White - English/Welsh/Scottish/Northern Irish/British,White,,Firearms,A no further action disposal,False,
Person search,2018-05-31T16:30:00+00:00,False,,51.321089,-0.555155,Female,over 34,White - English/Welsh/Scottish/Northern Irish/British,White,,Stolen goods,A no further action disposal,True,
Person search,2018-05-31T17:35:00+00:00,False,,51.332619,-0.265098,Female,18-24,Other ethnic group - Not stated,White,,Controlled drugs,Community resolution,True,
Person search,2018-05-31T17:35:00+00:00,False,,51.332619,-0.265098,Male,18-24,Other ethnic group - Not stated,White,,Controlled drugs,Community resolution,True,
Person search,2018-05-31T17:40:00+00:00,False,,51.334337,-0.266339,Male,18-24,Other ethnic group - Not stated,White,,Controlled drugs,A no further action disposal,False,
Person search,2018-05-31T18:58:00+00:00,False,,51.240509,-0.577293,Male,18-24,Black/African/Caribbean/Black British - Caribbean,Black,,Controlled drugs,A no further action disposal,False,
