Type,Date,Part of a policing operation,Policing operation,Latitude,Longitude,Gender,Age range,Self-defined ethnicity,Officer-defined ethnicity,Legislation,Object of search,Outcome,Outcome linked to object of search,Removal of more than just outer clothing
Person and Vehicle search,2018-03-02T20:25:00+00:00,False,,51.852316,-2.218426,Male,18-24,White - English/Welsh/Scottish/Northern Irish/British,White,Police and Criminal Evidence Act 1984 (section 1),Offensive weapons,Arrest,False,False
Person search,2018-03-03T17:21:00+00:00,False,,51.902798,-2.090359,Male,18-24,White - English/Welsh/Scottish/Northern Irish/British,White,Misuse of Drugs Act 1971 (section 23),Controlled drugs,A no further action disposal,False,False
Person and Vehicle search,2018-03-04T14:50:00+00:00,False,,51.860995,-2.217204,Male,18-24,White - English/Welsh/Scottish/Northern Irish/British,White,Misuse of Drugs Act 1971 (section 23),Controlled drugs,Khat or Cannabis warning,True,False
Person search,2018-03-04T16:15:00+00:00,False,,51.840108,-2.217641,Male,10-17,Black/African/Caribbean/Black British - Caribbean,Black,Misuse of Drugs Act 1971 (section 23),Controlled drugs,A no further action disposal,False,False
Person search,2018-03-04T16:18:00+00:00,False,,51.840108,-2.217641,Male,10-17,Other ethnic group - Not stated,Black,Misuse of Drugs Act 1971 (section 23),Controlled drugs,A no further action disposal,False,False
Person search,2018-03-04T17:50:00+00:00,False,,51.854855,-2.235353,Male,10-17,Black/African/Caribbean/Black British - Caribbean,White,Police and Criminal Evidence Act 1984 (section 1),Offensive weapons,A no further action disposal,False,False
Person search,2018-03-04T17:55:00+00:00,False,,51.854855,-2.235353,Male,10-17,Black/African/Caribbean/Black British - Caribbean,Black,Police and Criminal Evidence Act 1984 (section 1),Offensive weapons,A no further action disposal,True,False
Person search,2018-03-05T03:26:00+00:00,False,,51.727691,-2.529271,Male,25-34,Other ethnic group - Not stated,White,Misuse of Drugs Act 1971 (section 23),Controlled drugs,A no further action disposal,False,False
Person search,2018-03-05T16:24:00+00:00,False,,51.900022,-2.073233,Male,over 34,White - English/Welsh/Scottish/Northern Irish/British,White,Police and Criminal Evidence Act 1984 (section 1),Stolen goods,Summons / charged by post,True,False
Person search,2018-03-05T17:55:00+00:00,False,,51.900022,-2.073233,Male,,White - Any other White background,,Police and Criminal Evidence Act 1984 (section 1),Stolen goods,Arrest,True,False
Person search,2018-03-05T18:48:00+00:00,False,,51.861672,-2.238874,Male,10-17,White - English/Welsh/Scottish/Northern Irish/British,White,Police and Criminal Evidence Act 1984 (section 1),Stolen goods,Community resolution,False,False
Person search,2018-03-06T00:25:00+00:00,False,,51.724245,-2.525886,Female,18-24,White - English/Welsh/Scottish/Northern Irish/British,White,Misuse of Drugs Act 1971 (section 23),Controlled drugs,Khat or Cannabis warning,True,False
Person and Vehicle search,2018-03-06T00:28:00+00:00,False,,51.724245,-2.525886,Male,18-24,White - English/Welsh/Scottish/Northern Irish/British,White,Misuse of Drugs Act 1971 (section 23),Controlled drugs,Arrest,True,False
Person search,2018-03-06T11:00:00+00:00,False,,51.860232,-2.235308,Male,,Other ethnic group - Not stated,White,,,,False,False
Person search,2018-03-06T11:00:00+00:00,False,,51.860232,-2.235308,Male,,White - English/Welsh/Scottish/Northern Irish/British,White,,,,False,False
Person search,2018-03-06T11:00:00+00:00,False,,51.860232,-2.235308,Male,,Other ethnic group - Not stated,White,Police and Criminal Evidence Act 1984 (section 1),Article for use in theft,A no further action disposal,False,False
Person and Vehicle search,2018-03-06T11:55:00+00:00,False,,51.904713,-2.076947,Male,18-24,Black/African/Caribbean/Black British - Any other Black/African/Caribbean background,Black,Misuse of Drugs Act 1971 (section 23),Controlled drugs,Arrest,True,False
Person search,2018-03-06T12:00:00+00:00,False,,51.904713,-2.076947,Male,18-24,Mixed/Multiple ethnic groups - White and Black Caribbean,Black,Misuse of Drugs Act 1971 (section 23),Controlled drugs,Arrest,True,False
Person search,2018-03-06T12:00:00+00:00,False,,51.904713,-2.076947,Male,18-24,Black/African/Caribbean/Black British - Any other Black/African/Caribbean background,Black,Misuse of Drugs Act 1971 (section 23),Controlled drugs,Arrest,True,False
Person search,2018-03-06T12:00:00+00:00,False,,51.904263,-2.078167,Female,25-34,White - English/Welsh/Scottish/Northern Irish/British,White,Misuse of Drugs Act 1971 (section 23),Controlled drugs,Summons / charged by post,True,False
Person search,2018-03-06T16:10:00+00:00,False,,51.819829,-2.503380,Male,18-24,White - English/Welsh/Scottish/Northern Irish/British,White,Misuse of Drugs Act 1971 (section 23),Controlled drugs,A no further action disposal,False,False
Person search,2018-03-06T16:10:00+00:00,False,,51.819829,-2.503380,Male,25-34,White - English/Welsh/Scottish/Northern Irish/British,White,Misuse of Drugs Act 1971 (section 23),Controlled drugs,A no further action disposal,False,False
Person search,2018-03-06T20:42:00+00:00,False,,51.854855,-2.235353,Male,10-17,Black/African/Caribbean/Black British - Caribbean,Black,Misuse of Drugs Act 1971 (section 23),Controlled drugs,A no further action disposal,False,False
Person and Vehicle search,2018-03-06T20:45:00+00:00,False,,51.831154,-2.244705,Male,10-17,White - English/Welsh/Scottish/Northern Irish/British,White,Misuse of Drugs Act 1971 (section 23),Controlled drugs,A no further action disposal,True,False
Person and Vehicle search,2018-03-06T20:45:00+00:00,False,,51.831154,-2.244705,Male,10-17,White - English/Welsh/Scottish/Northern Irish/British,White,Misuse of Drugs Act 1971 (section 23),Controlled drugs,Community resolution,True,False
Person and Vehicle search,2018-03-06T20:45:00+00:00,False,,51.831154,-2.244705,Female,10-17,White - English/Welsh/Scottish/Northern Irish/British,White,Misuse of Drugs Act 1971 (section 23),Controlled drugs,A no further action disposal,True,False
Person and Vehicle search,2018-03-06T20:45:00+00:00,False,,51.831154,-2.244705,Female,10-17,White - English/Welsh/Scottish/Northern Irish/British,White,Misuse of Drugs Act 1971 (section 23),Controlled drugs,A no further action disposal,True,False
Person search,2018-03-06T21:00:00+00:00,False,,51.815915,-2.280454,Male,10-17,White - English/Welsh/Scottish/Northern Irish/British,White,Police and Criminal Evidence Act 1984 (section 1),Offensive weapons,A no further action disposal,False,False
Person search,2018-03-06T23:27:00+00:00,False,,51.754785,-2.280321,Male,over 34,White - English/Welsh/Scottish/Northern Irish/British,White,Police and Criminal Evidence Act 1984 (section 1),Article for use in theft,Khat or Cannabis warning,False,False
Person search,2018-03-07T00:10:00+00:00,False,,51.835453,-2.244148,Male,25-34,White - English/Welsh/Scottish/Northern Irish/British,White,Police and Criminal Evidence Act 1984 (section 1),Offensive weapons,A no further action disposal,False,False
Person search,2018-03-07T00:40:00+00:00,False,,51.908500,-2.118179,Male,,Other ethnic group - Not stated,Black,Police and Criminal Evidence Act 1984 (section 1),Article for use in theft,A no further action disposal,False,False
Person search,2018-03-07T00:45:00+00:00,False,,51.908500,-2.118179,Male,18-24,White - English/Welsh/Scottish/Northern Irish/British,White,Police and Criminal Evidence Act 1984 (section 1),Article for use in theft,A no further action disposal,False,False
Person search,2018-03-07T00:50:00+00:00,False,,51.908500,-2.118179,Male,10-17,Other ethnic group - Not stated,Black,Police and Criminal Evidence Act 1984 (section 1),Article for use in theft,A no further action disposal,False,False
Person and Vehicle search,2018-03-07T14:52:00+00:00,False,,51.761886,-2.326369,Male,over 34,White - English/Welsh/Scottish/Northern Irish/British,White,Misuse of Drugs Act 1971 (section 23),Controlled drugs,,True,False
Person search,2018-03-07T15:18:00+00:00,False,,51.761886,-2.326369,Male,over 34,White - English/Welsh/Scottish/Northern Irish/British,White,Misuse of Drugs Act 1971 (section 23),Controlled drugs,Arrest,True,False
Person search,2018-03-07T15:21:00+00:00,False,,51.761886,-2.326369,Male,25-34,White - English/Welsh/Scottish/Northern Irish/British,White,Misuse of Drugs Act 1971 (section 23),Controlled drugs,Arrest,True,False
Person search,2018-03-07T16:45:00+00:00,False,,51.915228,-2.105766,Male,18-24,White - English/Welsh/Scottish/Northern Irish/British,White,Misuse of Drugs Act 1971 (section 23),Controlled drugs,A no further action disposal,False,False
Person and Vehicle search,2018-03-07T16:45:00+00:00,False,,51.915228,-2.105766,Male,25-34,White - English/Welsh/Scottish/Northern Irish/British,White,Misuse of Drugs Act 1971 (section 23),Controlled drugs,A no further action disposal,False,False
Person search,2018-03-07T16:45:00+00:00,False,,51.915228,-2.105766,Male,18-24,White - English/Welsh/Scottish/Northern Irish/British,White,Misuse of Drugs Act 1971 (section 23),Controlled drugs,A no further action disposal,False,False
Person search,2018-03-07T16:45:00+00:00,False,,51.915228,-2.105766,Male,18-24,White - English/Welsh/Scottish/Northern Irish/British,White,Misuse of Drugs Act 1971 (section 23),Controlled drugs,A no further action disposal,False,False
Person search,2018-03-07T20:50:00+00:00,False,,51.847674,-2.158376,Male,10-17,White - English/Welsh/Scottish/Northern Irish/British,White,Misuse of Drugs Act 1971 (section 23),Controlled drugs,A no further action disposal,False,False
Person search,2018-03-07T20:55:00+00:00,False,,51.728052,-2.531027,Female,18-24,White - English/Welsh/Scottish/Northern Irish/British,White,Misuse of Drugs Act 1971 (section 23),Controlled drugs,A no further action disposal,True,False
Person search,2018-03-07T21:15:00+00:00,False,,51.728052,-2.531027,Male,18-24,White - English/Welsh/Scottish/Northern Irish/British,White,Misuse of Drugs Act 1971 (section 23),Controlled drugs,A no further action disposal,False,False
Vehicle search,2018-03-07T21:20:00+00:00,False,,51.728052,-2.531027,Male,,White - English/Welsh/Scottish/Northern Irish/British,White,Misuse of Drugs Act 1971 (section 23),Controlled drugs,Khat or Cannabis warning,True,
Person search,2018-03-07T23:26:00+00:00,False,,51.902804,-2.093687,Male,over 34,White - English/Welsh/Scottish/Northern Irish/British,White,Police and Criminal Evidence Act 1984 (section 1),Stolen goods,A no further action disposal,False,False
Person search,2018-03-07T23:50:00+00:00,False,,51.778327,-2.607874,Male,25-34,White - English/Welsh/Scottish/Northern Irish/British,White,Misuse of Drugs Act 1971 (section 23),Controlled drugs,Khat or Cannabis warning,False,False
Person search,2018-03-08T09:45:00+00:00,True,,51.495800,-2.501486,Male,over 34,White - English/Welsh/Scottish/Northern Irish/British,White,Firearms Act 1968 (section 47),Firearms,Arrest,True,False
Person search,2018-03-08T09:45:00+00:00,True,,51.495800,-2.501486,Male,over 34,Black/African/Caribbean/Black British - Any other Black/African/Caribbean background,Black,Misuse of Drugs Act 1971 (section 23),Controlled drugs,Arrest,True,False
Person search,2018-03-08T12:43:00+00:00,False,,51.825501,-2.495317,Female,over 34,White - English/Welsh/Scottish/Northern Irish/British,White,Misuse of Drugs Act 1971 (section 23),Controlled drugs,A no further action disposal,False,False
Person search,2018-03-08T17:55:00+00:00,False,,51.715995,-1.966892,Male,25-34,White - English/Welsh/Scottish/Northern Irish/British,White,Police and Criminal Evidence Act 1984 (section 1),Articles for use in criminal damage,Arrest,True,False
Person and Vehicle search,2018-03-08T20:30:00+00:00,False,,51.638050,-2.162961,Male,18-24,White - English/Welsh/Scottish/Northern Irish/British,White,Misuse of Drugs Act 1971 (section 23),Controlled drugs,Arrest,True,False
Person and Vehicle search,2018-03-08T20:30:00+00:00,False,,51.638050,-2.162961,Male,18-24,White - English/Welsh/Scottish/Northern Irish/British,White,Misuse of Drugs Act 1971 (section 23),Controlled drugs,A no further action disposal,False,False
Person and Vehicle search,2018-03-09T01:15:00+00:00,False,,51.900992,-2.060284,Male,18-24,White - English/Welsh/Scottish/Northern Irish/British,Black,Misuse of Drugs Act 1971 (section 23),Controlled drugs,Summons / charged by post,False,False
Person search,2018-03-09T13:34:00+00:00,False,,51.896883,-2.099721,Male,over 34,White - English/Welsh/Scottish/Northern Irish/British,White,Misuse of Drugs Act 1971 (section 23),Controlled drugs,A no further action disposal,True,False
Person search,2018-03-09T13:38:00+00:00,False,,51.826227,-2.495819,Male,18-24,White - English/Welsh/Scottish/Northern Irish/British,White,Misuse of Drugs Act 1971 (section 23),Controlled drugs,Arrest,True,True
Person search,2018-03-10T08:40:00+00:00,False,,51.868847,-2.238941,Male,,Black/African/Caribbean/Black British - African,Black,Police and Criminal Evidence Act 1984 (section 1),Offensive weapons,A no further action disposal,True,False
Person search,2018-03-10T23:45:00+00:00,False,,51.862872,-2.241218,Male,18-24,White - English/Welsh/Scottish/Northern Irish/British,White,Misuse of Drugs Act 1971 (section 23),Controlled drugs,A no further action disposal,False,False
Person search,2018-03-11T05:10:00+00:00,False,,51.869425,-2.214340,Male,18-24,White - Any other White background,White,Police and Criminal Evidence Act 1984 (section 1),Article for use in theft,Arrest,True,False
Person search,2018-03-11T05:10:00+00:00,False,,51.869425,-2.214340,Male,10-17,White - Any other White background,White,Police and Criminal Evidence Act 1984 (section 1),Article for use in theft,Arrest,True,False
Person search,2018-03-11T17:10:00+00:00,False,,51.870605,-2.240780,Male,18-24,White - English/Welsh/Scottish/Northern Irish/British,White,Misuse of Drugs Act 1971 (section 23),Controlled drugs,Arrest,True,False
Person search,2018-03-11T20:52:00+00:00,False,,51.708011,-1.967752,Male,25-34,White - English/Welsh/Scottish/Northern Irish/British,White,Police and Criminal Evidence Act 1984 (section 1),Article for use in theft,A no further action disposal,False,False
Person search,2018-03-11T22:27:00+00:00,False,,51.904962,-2.081438,Male,over 34,White - English/Welsh/Scottish/Northern Irish/British,White,Police and Criminal Evidence Act 1984 (section 1),Stolen goods,A no further action disposal,True,True
Person search,2018-03-12T16:20:00+00:00,False,,51.697631,-1.827817,Male,25-34,White - English/Welsh/Scottish/Northern Irish/British,White,Police and Criminal Evidence Act 1984 (section 1),Article for use in theft,A no further action disposal,False,False
Person search,2018-03-12T17:20:00+00:00,False,,51.909314,-2.103164,Male,18-24,White - English/Welsh/Scottish/Northern Irish/British,White,Police and Criminal Evidence Act 1984 (section 1),Article for use in theft,A no further action disposal,False,False
Person search,2018-03-15T20:42:00+00:00,False,,51.904419,-2.073269,Male,,White - English/Welsh/Scottish/Northern Irish/British,White,Misuse of Drugs Act 1971 (section 23),Controlled drugs,A no further action disposal,False,False
Person search,2018-03-15T21:15:00+00:00,False,,51.892523,-1.757745,Male,10-17,Other ethnic group - Not stated,Black,Police and Criminal Evidence Act 1984 (section 1),Stolen goods,A no further action disposal,False,False
Person search,2018-03-16T08:39:00+00:00,False,,51.681247,-2.350565,Male,over 34,Black/African/Caribbean/Black British - Caribbean,Black,Misuse of Drugs Act 1971 (section 23),Controlled drugs,Arrest,False,False
Person search,2018-03-16T13:37:00+00:00,False,,51.716328,-1.968311,Male,18-24,Other ethnic group - Not stated,,Police and Criminal Evidence Act 1984 (section 1),Stolen goods,A no further action disposal,False,False
Person search,2018-03-16T13:37:00+00:00,False,,51.716328,-1.968311,Male,over 34,Other ethnic group - Not stated,,Police and Criminal Evidence Act 1984 (section 1),Stolen goods,A no further action disposal,False,False
Person search,2018-03-16T14:25:00+00:00,False,,51.920597,-2.067828,Male,25-34,White - English/Welsh/Scottish/Northern Irish/British,White,Misuse of Drugs Act 1971 (section 23),Controlled drugs,Community resolution,True,False
Person search,2018-03-16T16:00:00+00:00,False,,51.920597,-2.067828,Male,25-34,White - English/Welsh/Scottish/Northern Irish/British,White,Misuse of Drugs Act 1971 (section 23),Controlled drugs,Arrest,True,False
Person and Vehicle search,2018-03-17T00:45:00+00:00,False,,51.751749,-2.294035,Male,18-24,White - English/Welsh/Scottish/Northern Irish/British,White,Misuse of Drugs Act 1971 (section 23),Controlled drugs,Arrest,True,False
Person and Vehicle search,2018-03-17T00:45:00+00:00,False,,51.751749,-2.294035,Male,18-24,White - English/Welsh/Scottish/Northern Irish/British,White,Misuse of Drugs Act 1971 (section 23),Controlled drugs,Khat or Cannabis warning,True,False
Person search,2018-03-17T00:59:00+00:00,False,,51.751749,-2.294035,Male,18-24,White - English/Welsh/Scottish/Northern Irish/British,White,Misuse of Drugs Act 1971 (section 23),Controlled drugs,Caution (simple or conditional),True,False
Person search,2018-03-17T03:50:00+00:00,False,,51.831176,-2.247187,Male,10-17,White - Any other White background,White,Misuse of Drugs Act 1971 (section 23),Controlled drugs,Arrest,True,False
Person and Vehicle search,2018-03-18T00:30:00+00:00,False,,51.895047,-2.101635,Male,over 34,Asian/Asian British - Bangladeshi,Asian,Misuse of Drugs Act 1971 (section 23),Controlled drugs,Khat or Cannabis warning,True,False
Person search,2018-03-20T01:29:00+00:00,False,,51.907367,-2.118583,Male,10-17,White - English/Welsh/Scottish/Northern Irish/British,White,Misuse of Drugs Act 1971 (section 23),Controlled drugs,A no further action disposal,True,False
Person search,2018-03-20T01:30:00+00:00,False,,51.907367,-2.118583,Male,18-24,White - English/Welsh/Scottish/Northern Irish/British,White,Misuse of Drugs Act 1971 (section 23),Controlled drugs,Penalty Notice for Disorder,True,False
Person search,2018-03-20T05:00:00+00:00,False,,51.860156,-2.245894,Male,over 34,White - Any other White background,,Misuse of Drugs Act 1971 (section 23),Controlled drugs,A no further action disposal,True,False
Person search,2018-03-20T13:40:00+00:00,False,,51.744503,-2.209678,Male,over 34,White - English/Welsh/Scottish/Northern Irish/British,White,Misuse of Drugs Act 1971 (section 23),Controlled drugs,Arrest,True,False
Person and Vehicle search,2018-03-20T14:45:00+00:00,False,,51.912832,-2.101123,Male,18-24,White - English/Welsh/Scottish/Northern Irish/British,White,Misuse of Drugs Act 1971 (section 23),Controlled drugs,A no further action disposal,True,False
Person and Vehicle search,2018-03-20T14:45:00+00:00,False,,51.912832,-2.101123,Male,18-24,White - English/Welsh/Scottish/Northern Irish/British,White,Misuse of Drugs Act 1971 (section 23),Controlled drugs,A no further action disposal,True,False
Person search,2018-03-21T12:15:00+00:00,True,,51.749647,-2.232821,Female,18-24,White - English/Welsh/Scottish/Northern Irish/British,White,Misuse of Drugs Act 1971 (section 23),Controlled drugs,A no further action disposal,False,False
Person and Vehicle search,2018-03-21T14:37:00+00:00,False,,51.770425,-2.562393,Male,18-24,White - English/Welsh/Scottish/Northern Irish/British,White,Misuse of Drugs Act 1971 (section 23),Controlled drugs,Arrest,True,False
Person and Vehicle search,2018-03-21T21:10:00+00:00,False,,51.852216,-2.267033,Male,10-17,White - English/Welsh/Scottish/Northern Irish/British,White,Misuse of Drugs Act 1971 (section 23),Controlled drugs,Summons / charged by post,True,False
Person and Vehicle search,2018-03-21T21:15:00+00:00,False,,51.854995,-2.262722,Male,10-17,White - English/Welsh/Scottish/Northern Irish/British,White,Misuse of Drugs Act 1971 (section 23),Controlled drugs,A no further action disposal,True,False
Person search,2018-03-22T10:04:00+00:00,False,,51.991772,-1.749171,Male,over 34,White - Any other White background,White,Misuse of Drugs Act 1971 (section 23),Controlled drugs,Khat or Cannabis warning,True,False
Person search,2018-03-22T11:33:00+00:00,False,,51.840605,-2.216264,Male,18-24,Mixed/Multiple ethnic groups - White and Black African,Asian,Misuse of Drugs Act 1971 (section 23),Controlled drugs,A no further action disposal,False,False
Person search,2018-03-22T12:05:00+00:00,False,,51.797195,-2.617321,Male,over 34,White - English/Welsh/Scottish/Northern Irish/British,White,Police and Criminal Evidence Act 1984 (section 1),Stolen goods,A no further action disposal,False,False
Person search,2018-03-22T12:31:00+00:00,False,,51.797195,-2.617321,Female,18-24,White - English/Welsh/Scottish/Northern Irish/British,White,Police and Criminal Evidence Act 1984 (section 1),Stolen goods,,True,False
Person search,2018-03-22T16:00:00+00:00,False,,52.000054,-2.148688,Male,over 34,White - English/Welsh/Scottish/Northern Irish/British,White,Misuse of Drugs Act 1971 (section 23),Controlled drugs,A no further action disposal,False,False
Person and Vehicle search,2018-03-22T19:30:00+00:00,False,,51.853003,-2.235053,Male,25-34,White - English/Welsh/Scottish/Northern Irish/British,White,Misuse of Drugs Act 1971 (section 23),Controlled drugs,A no further action disposal,False,False
Person and Vehicle search,2018-03-22T19:30:00+00:00,False,,51.853003,-2.235053,Male,25-34,White - English/Welsh/Scottish/Northern Irish/British,White,Misuse of Drugs Act 1971 (section 23),Controlled drugs,A no further action disposal,False,False
Person and Vehicle search,2018-03-22T19:30:00+00:00,False,,51.853003,-2.235053,Male,over 34,White - English/Welsh/Scottish/Northern Irish/British,White,Misuse of Drugs Act 1971 (section 23),Controlled drugs,A no further action disposal,False,False
Person search,2018-03-22T19:41:00+00:00,False,,51.853003,-2.235053,Female,25-34,White - English/Welsh/Scottish/Northern Irish/British,White,Misuse of Drugs Act 1971 (section 23),Controlled drugs,A no further action disposal,True,False
Vehicle search,2018-03-22T22:30:00+00:00,False,,51.846629,-2.225874,,,Other ethnic group - Not stated,,Misuse of Drugs Act 1971 (section 23),Controlled drugs,A no further action disposal,False,
Person search,2018-03-23T10:14:00+00:00,False,,51.899647,-2.070340,Male,25-34,White - English/Welsh/Scottish/Northern Irish/British,White,Misuse of Drugs Act 1971 (section 23),Controlled drugs,A no further action disposal,False,False
Person and Vehicle search,2018-03-23T10:32:00+00:00,False,,51.899647,-2.070340,Male,25-34,White - English/Welsh/Scottish/Northern Irish/British,White,Misuse of Drugs Act 1971 (section 23),Controlled drugs,A no further action disposal,True,False
Person search,2018-03-23T22:30:00+00:00,False,,51.720299,-2.527548,Male,18-24,White - English/Welsh/Scottish/Northern Irish/British,White,Misuse of Drugs Act 1971 (section 23),Controlled drugs,Summons / charged by post,True,False
Person and Vehicle search,2018-03-23T22:34:00+00:00,False,,51.720299,-2.527548,Male,18-24,White - English/Welsh/Scottish/Northern Irish/British,White,Misuse of Drugs Act 1971 (section 23),Controlled drugs,A no further action disposal,False,False
Person search,2018-03-23T22:51:00+00:00,False,,51.863071,-2.236122,Male,18-24,White - Irish,White,Misuse of Drugs Act 1971 (section 23),Controlled drugs,A no further action disposal,True,False
Person search,2018-03-24T20:25:00+00:00,False,,51.915568,-2.072138,Male,10-17,Black/African/Caribbean/Black British - Any other Black/African/Caribbean background,Black,Police and Criminal Evidence Act 1984 (section 1),Offensive weapons,A no further action disposal,False,False
Person search,2018-03-24T20:33:00+00:00,False,,51.915568,-2.072138,Male,10-17,Black/African/Caribbean/Black British - Any other Black/African/Caribbean background,Black,Police and Criminal Evidence Act 1984 (section 1),Offensive weapons,A no further action disposal,False,False
Person search,2018-03-24T20:36:00+00:00,False,,51.915568,-2.072138,Male,10-17,White - English/Welsh/Scottish/Northern Irish/British,White,Police and Criminal Evidence Act 1984 (section 1),Offensive weapons,A no further action disposal,False,False
Person search,2018-03-24T20:37:00+00:00,False,,51.915568,-2.072138,Male,10-17,Black/African/Caribbean/Black British - Any other Black/African/Caribbean background,Black,Police and Criminal Evidence Act 1984 (section 1),Offensive weapons,A no further action disposal,False,False
Person search,2018-03-24T20:40:00+00:00,False,,51.915568,-2.072138,Male,10-17,Black/African/Caribbean/Black British - Any other Black/African/Caribbean background,Black,Police and Criminal Evidence Act 1984 (section 1),Offensive weapons,A no further action disposal,False,False
Person search,2018-03-24T20:41:00+00:00,False,,51.915568,-2.072138,Male,10-17,White - English/Welsh/Scottish/Northern Irish/British,White,Police and Criminal Evidence Act 1984 (section 1),Offensive weapons,A no further action disposal,False,False
Person search,2018-03-24T20:45:00+00:00,False,,51.915568,-2.072138,Male,10-17,White - English/Welsh/Scottish/Northern Irish/British,White,Police and Criminal Evidence Act 1984 (section 1),Offensive weapons,A no further action disposal,False,False
Person search,2018-03-24T21:02:00+00:00,False,,51.901654,-2.092043,Male,10-17,Mixed/Multiple ethnic groups - White and Black Caribbean,Black,Police and Criminal Evidence Act 1984 (section 1),Offensive weapons,A no further action disposal,False,False
Person search,2018-03-24T21:05:00+00:00,False,,51.900684,-2.091924,Male,10-17,Black/African/Caribbean/Black British - African,Black,Police and Criminal Evidence Act 1984 (section 1),Offensive weapons,A no further action disposal,False,False
Person search,2018-03-24T21:05:00+00:00,False,,51.900684,-2.091924,Male,10-17,Black/African/Caribbean/Black British - African,Black,Police and Criminal Evidence Act 1984 (section 1),Offensive weapons,A no further action disposal,False,False
Person search,2018-03-25T00:32:00+00:00,False,,51.881053,-2.106310,Female,over 34,White - English/Welsh/Scottish/Northern Irish/British,White,Police and Criminal Evidence Act 1984 (section 1),Offensive weapons,A no further action disposal,True,False
Person search,2018-03-26T15:30:00+00:00,False,,51.745851,-2.215188,Female,10-17,White - English/Welsh/Scottish/Northern Irish/British,White,Police and Criminal Evidence Act 1984 (section 1),Offensive weapons,A no further action disposal,False,False
Person and Vehicle search,2018-03-26T20:05:00+00:00,False,,51.905343,-2.100800,Male,18-24,White - English/Welsh/Scottish/Northern Irish/British,White,Misuse of Drugs Act 1971 (section 23),Controlled drugs,Arrest,True,False
Person search,2018-03-27T10:00:00+00:00,False,,51.866504,-2.228109,Male,10-17,Mixed/Multiple ethnic groups - Any other Mixed/Multiple ethnic background,Black,Misuse of Drugs Act 1971 (section 23),Controlled drugs,A no further action disposal,False,False
Person search,2018-03-27T11:05:00+00:00,False,,51.855720,-2.234370,Male,over 34,White - English/Welsh/Scottish/Northern Irish/British,White,Misuse of Drugs Act 1971 (section 23),Controlled drugs,,True,False
Person search,2018-03-27T20:45:00+00:00,False,,51.847191,-2.156893,Male,18-24,White - English/Welsh/Scottish/Northern Irish/British,White,Misuse of Drugs Act 1971 (section 23),Controlled drugs,A no further action disposal,False,False
Person and Vehicle search,2018-03-28T01:30:00+00:00,False,,51.904500,-2.057542,Male,over 34,White - English/Welsh/Scottish/Northern Irish/British,White,Misuse of Drugs Act 1971 (section 23),Controlled drugs,Khat or Cannabis warning,True,False
Person search,2018-03-28T11:45:00+00:00,False,,51.827568,-2.495427,Male,18-24,Black/African/Caribbean/Black British - Any other Black/African/Caribbean background,Black,Police and Criminal Evidence Act 1984 (section 1),Offensive weapons,A no further action disposal,False,False
Person search,2018-03-28T17:01:00+00:00,False,,51.854855,-2.235353,Male,10-17,White - English/Welsh/Scottish/Northern Irish/British,White,Misuse of Drugs Act 1971 (section 23),Controlled drugs,,True,False
Person search,2018-03-29T12:40:00+00:00,False,,51.841769,-2.182261,Male,25-34,White - English/Welsh/Scottish/Northern Irish/British,White,Police and Criminal Evidence Act 1984 (section 1),Offensive weapons,A no further action disposal,False,False
Person search,2018-03-30T18:38:00+00:00,False,,51.705911,-1.952747,Male,over 34,White - English/Welsh/Scottish/Northern Irish/British,White,Police and Criminal Evidence Act 1984 (section 1),Stolen goods,Community resolution,True,False
Person and Vehicle search,2018-03-31T01:02:00+00:00,False,,51.863071,-2.236122,Male,25-34,White - English/Welsh/Scottish/Northern Irish/British,White,Misuse of Drugs Act 1971 (section 23),Controlled drugs,Arrest,False,False
Person search,2018-03-31T22:40:00+00:00,False,,51.731844,-2.278543,Male,18-24,White - English/Welsh/Scottish/Northern Irish/British,White,Misuse of Drugs Act 1971 (section 23),Controlled drugs,Khat or Cannabis warning,True,False
Person and Vehicle search,2018-03-31T22:40:00+00:00,False,,51.731844,-2.278543,Male,18-24,White - English/Welsh/Scottish/Northern Irish/British,White,Misuse of Drugs Act 1971 (section 23),Controlled drugs,A no further action disposal,True,False
