Type,Date,Part of a policing operation,Policing operation,Latitude,Longitude,Gender,Age range,Self-defined ethnicity,Officer-defined ethnicity,Legislation,Object of search,Outcome,Outcome linked to object of search,Removal of more than just outer clothing
Person and Vehicle search,2018-12-01T00:53:09+00:00,,,52.581277,-0.241394,Male,18-24,Other ethnic group - Any other ethnic group,,Misuse of Drugs Act 1971 (section 23),Controlled drugs,A no further action disposal,True,False
Person search,2018-12-01T01:04:49+00:00,,,52.581277,-0.241394,Male,25-34,White - Gypsy or Irish Traveller,,Misuse of Drugs Act 1971 (section 23),Controlled drugs,A no further action disposal,,False
Vehicle search,2018-12-01T01:57:00+00:00,,,52.553600,0.092639,,,,,Misuse of Drugs Act 1971 (section 23),Controlled drugs,A no further action disposal,,
Vehicle search,2018-12-01T14:24:04+00:00,,,52.492466,0.037588,,,,,Misuse of Drugs Act 1971 (section 23),Controlled drugs,A no further action disposal,,
Person search,2018-12-01T15:15:31+00:00,,,52.190855,0.137010,Male,18-24,Black/African/Caribbean/Black British - African,,Misuse of Drugs Act 1971 (section 23),Controlled drugs,Arrest,False,False
Person search,2018-12-01T15:42:42+00:00,,,52.193299,0.144033,Female,18-24,Asian/Asian British - Any other Asian background,,Misuse of Drugs Act 1971 (section 23),Controlled drugs,A no further action disposal,True,False
Person search,2018-12-01T16:45:14+00:00,,,52.492466,0.037588,Male,18-24,Mixed/Multiple ethnic groups - White and Asian,,Misuse of Drugs Act 1971 (section 23),Controlled drugs,Community resolution,True,False
Person search,2018-12-02T01:51:29+00:00,,,52.582894,-0.236444,Male,18-24,White - Gypsy or Irish Traveller,,Misuse of Drugs Act 1971 (section 23),Controlled drugs,A no further action disposal,,False
Person search,2018-12-02T02:31:15+00:00,,,52.582894,-0.236444,Male,18-24,White - English/Welsh/Scottish/Northern Irish/British,,Misuse of Drugs Act 1971 (section 23),Controlled drugs,A no further action disposal,,False
Person search,2018-12-02T02:33:49+00:00,,,52.582894,-0.236444,Male,,,,Misuse of Drugs Act 1971 (section 23),Controlled drugs,A no further action disposal,,False
Person search,2018-12-02T13:30:02+00:00,,,52.582894,-0.236444,Male,,Black/African/Caribbean/Black British - Any other Black/African/Caribbean background,,Misuse of Drugs Act 1971 (section 23),Controlled drugs,A no further action disposal,,False
Person search,2018-12-02T13:47:03+00:00,,,52.576073,-0.246989,Male,over 34,White - Gypsy or Irish Traveller,,Police and Criminal Evidence Act 1984 (section 1),Stolen goods,Arrest,True,False
Person search,2018-12-02T16:00:55+00:00,,,52.190977,0.143131,Male,10-17,Other ethnic group - Not stated,,Police and Criminal Evidence Act 1984 (section 1),Offensive weapons,A no further action disposal,,False
Person search,2018-12-02T16:20:27+00:00,,,52.191531,0.138886,Male,10-17,White - English/Welsh/Scottish/Northern Irish/British,,Police and Criminal Evidence Act 1984 (section 1),Offensive weapons,A no further action disposal,,False
Person search,2018-12-02T19:07:57+00:00,,,52.191531,0.138886,Male,10-17,White - English/Welsh/Scottish/Northern Irish/British,,Misuse of Drugs Act 1971 (section 23),Controlled drugs,Arrest,False,False
Person search,2018-12-02T22:06:26+00:00,True,,52.205864,0.126475,Male,10-17,White - English/Welsh/Scottish/Northern Irish/British,,Misuse of Drugs Act 1971 (section 23),Controlled drugs,Arrest,True,False
Person search,2018-12-02T23:58:21+00:00,,,52.572870,-0.241376,Male,25-34,White - English/Welsh/Scottish/Northern Irish/British,,Police and Criminal Evidence Act 1984 (section 1),Offensive weapons,Arrest,False,False
Person search,2018-12-03T06:33:31+00:00,,,52.576442,-0.235463,Male,over 34,White - English/Welsh/Scottish/Northern Irish/British,,Misuse of Drugs Act 1971 (section 23),Controlled drugs,Community resolution,True,False
Person search,2018-12-03T10:33:21+00:00,True,,52.205864,0.126475,Female,10-17,White - English/Welsh/Scottish/Northern Irish/British,,Misuse of Drugs Act 1971 (section 23),Controlled drugs,A no further action disposal,,False
Person search,2018-12-03T13:17:59+00:00,,,52.332475,-0.077417,Male,over 34,White - English/Welsh/Scottish/Northern Irish/British,,Police and Criminal Evidence Act 1984 (section 1),Article for use in theft,Arrest,False,False
Person search,2018-12-03T13:34:58+00:00,,,52.332475,-0.077417,Male,25-34,White - English/Welsh/Scottish/Northern Irish/British,,Police and Criminal Evidence Act 1984 (section 1),Article for use in theft,Arrest,False,False
Person search,2018-12-03T16:05:36+00:00,,,52.329328,-0.180168,Female,25-34,White - English/Welsh/Scottish/Northern Irish/British,,Police and Criminal Evidence Act 1984 (section 1),Stolen goods,A no further action disposal,,False
Person search,2018-12-03T17:44:37+00:00,,,52.578302,0.237015,Male,18-24,Other ethnic group - Not stated,,Misuse of Drugs Act 1971 (section 23),Controlled drugs,Arrest,False,False
Person search,2018-12-03T18:17:57+00:00,,,52.201754,0.134474,Male,10-17,Mixed/Multiple ethnic groups - Any other Mixed/Multiple ethnic background,,Police and Criminal Evidence Act 1984 (section 1),Article for use in theft,A no further action disposal,,False
Person search,2018-12-03T19:30:20+00:00,,,51.730488,-0.453316,Male,10-17,,,Police and Criminal Evidence Act 1984 (section 1),Article for use in theft,A no further action disposal,,False
Person search,2018-12-03T20:56:02+00:00,,,52.191649,0.145256,Male,10-17,Other ethnic group - Not stated,,Misuse of Drugs Act 1971 (section 23),Controlled drugs,Community resolution,True,False
Vehicle search,2018-12-03T21:04:09+00:00,,,52.210800,0.133444,,,,,Misuse of Drugs Act 1971 (section 23),Controlled drugs,A no further action disposal,True,
Person search,2018-12-03T21:36:53+00:00,,,52.191649,0.145256,Female,18-24,White - English/Welsh/Scottish/Northern Irish/British,,Misuse of Drugs Act 1971 (section 23),Controlled drugs,A no further action disposal,,False
Person and Vehicle search,2018-12-03T21:56:20+00:00,,,52.588455,-0.250717,Female,10-17,Other ethnic group - Not stated,,Misuse of Drugs Act 1971 (section 23),Controlled drugs,A no further action disposal,,False
Person search,2018-12-03T22:51:02+00:00,True,,52.231635,-0.244805,Male,10-17,White - English/Welsh/Scottish/Northern Irish/British,,Police and Criminal Evidence Act 1984 (section 1),Offensive weapons,Community resolution,False,False
Person and Vehicle search,2018-12-04T00:27:22+00:00,,,52.218541,0.002715,Male,18-24,White - English/Welsh/Scottish/Northern Irish/British,,Police and Criminal Evidence Act 1984 (section 1),Stolen goods,A no further action disposal,,False
Person and Vehicle search,2018-12-04T01:03:11+00:00,,,52.199862,0.145578,Male,18-24,Other ethnic group - Not stated,,Misuse of Drugs Act 1971 (section 23),Controlled drugs,Arrest,True,False
Person search,2018-12-04T02:53:17+00:00,,,52.190963,0.122048,Male,25-34,White - Gypsy or Irish Traveller,,Police and Criminal Evidence Act 1984 (section 1),Stolen goods,A no further action disposal,,False
Person search,2018-12-04T14:06:47+00:00,,,52.190855,0.137010,Male,18-24,Black/African/Caribbean/Black British - Caribbean,,Misuse of Drugs Act 1971 (section 23),Controlled drugs,Arrest,True,False
Person search,2018-12-04T18:24:06+00:00,True,,52.231635,-0.244805,Male,10-17,White - English/Welsh/Scottish/Northern Irish/British,,Police and Criminal Evidence Act 1984 (section 1),Offensive weapons,A no further action disposal,,False
Person search,2018-12-04T18:50:49+00:00,True,,52.231635,-0.244805,Male,18-24,Other ethnic group - Not stated,,Misuse of Drugs Act 1971 (section 23),Controlled drugs,Arrest,False,False
Person search,2018-12-04T18:57:25+00:00,True,,52.231635,-0.244805,Male,18-24,White - English/Welsh/Scottish/Northern Irish/British,,Police and Criminal Evidence Act 1984 (section 1),Offensive weapons,A no further action disposal,,False
Person search,2018-12-04T20:59:16+00:00,,,52.197499,0.138528,Male,18-24,White - English/Welsh/Scottish/Northern Irish/British,,Police and Criminal Evidence Act 1984 (section 1),Article for use in theft,A no further action disposal,False,False
Person search,2018-12-05T11:08:26+00:00,,,52.175832,-0.174724,Male,over 34,White - English/Welsh/Scottish/Northern Irish/British,,Misuse of Drugs Act 1971 (section 23),Controlled drugs,A no further action disposal,True,False
Person and Vehicle search,2018-12-05T16:27:41+00:00,,,52.315511,0.065645,Male,25-34,White - English/Welsh/Scottish/Northern Irish/British,,Police and Criminal Evidence Act 1984 (section 1),Stolen goods,A no further action disposal,,False
Person search,2018-12-05T16:55:08+00:00,,,52.315511,0.065645,Male,over 34,White - English/Welsh/Scottish/Northern Irish/British,,Police and Criminal Evidence Act 1984 (section 1),Stolen goods,A no further action disposal,,False
Person search,2018-12-05T19:14:03+00:00,,,52.580436,-0.245310,Male,10-17,White - Gypsy or Irish Traveller,,Police and Criminal Evidence Act 1984 (section 1),Article for use in theft,A no further action disposal,,False
Person search,2018-12-05T21:33:53+00:00,True,,52.117490,0.169417,Male,18-24,White - English/Welsh/Scottish/Northern Irish/British,,Misuse of Drugs Act 1971 (section 23),Controlled drugs,Summons / charged by post,True,False
Person search,2018-12-05T22:36:40+00:00,,,52.341980,-0.168638,Male,18-24,White - Gypsy or Irish Traveller,,Misuse of Drugs Act 1971 (section 23),Controlled drugs,Community resolution,True,False
Person search,2018-12-06T14:29:24+00:00,True,,52.117490,0.169417,Male,18-24,White - English/Welsh/Scottish/Northern Irish/British,,Misuse of Drugs Act 1971 (section 23),Controlled drugs,A no further action disposal,,False
Person search,2018-12-06T14:50:07+00:00,True,,52.117490,0.169417,Male,18-24,White - English/Welsh/Scottish/Northern Irish/British,,Misuse of Drugs Act 1971 (section 23),Controlled drugs,Summons / charged by post,True,False
Person search,2018-12-06T16:51:08+00:00,,,52.202900,0.153042,Male,10-17,White - English/Welsh/Scottish/Northern Irish/British,,Misuse of Drugs Act 1971 (section 23),Controlled drugs,A no further action disposal,,False
Person and Vehicle search,2018-12-06T23:06:54+00:00,,,52.536892,-0.264740,Male,25-34,White - English/Welsh/Scottish/Northern Irish/British,,Misuse of Drugs Act 1971 (section 23),Controlled drugs,Arrest,True,False
Person search,2018-12-07T22:06:38+00:00,True,,52.190212,0.135750,Male,18-24,White - English/Welsh/Scottish/Northern Irish/British,,Police and Criminal Evidence Act 1984 (section 1),Offensive weapons,Summons / charged by post,False,False
Person search,2018-12-07T23:42:33+00:00,,,52.334526,-0.179103,Male,10-17,Mixed/Multiple ethnic groups - White and Black African,,Police and Criminal Evidence Act 1984 (section 1),Offensive weapons,A no further action disposal,,False
Person search,2018-12-07T23:47:34+00:00,True,,52.194096,0.137282,Male,10-17,White - English/Welsh/Scottish/Northern Irish/British,,Misuse of Drugs Act 1971 (section 23),Controlled drugs,A no further action disposal,,False
Person search,2018-12-07T23:52:30+00:00,,,52.334526,-0.179103,Male,10-17,Other ethnic group - Not stated,,Police and Criminal Evidence Act 1984 (section 1),Offensive weapons,A no further action disposal,,False
Person search,2018-12-08T00:07:40+00:00,,,52.334526,-0.179103,Male,10-17,Other ethnic group - Not stated,,Police and Criminal Evidence Act 1984 (section 1),Offensive weapons,A no further action disposal,,False
Person search,2018-12-08T02:40:36+00:00,,,52.666716,0.158514,Male,18-24,White - English/Welsh/Scottish/Northern Irish/British,,Police and Criminal Evidence Act 1984 (section 1),Offensive weapons,A no further action disposal,,False
Person search,2018-12-08T14:34:43+00:00,,,52.571961,-0.026257,Female,25-34,White - English/Welsh/Scottish/Northern Irish/British,,Misuse of Drugs Act 1971 (section 23),Controlled drugs,A no further action disposal,,False
Person search,2018-12-08T15:02:20+00:00,,,52.571961,-0.026257,Male,18-24,White - English/Welsh/Scottish/Northern Irish/British,,Misuse of Drugs Act 1971 (section 23),Controlled drugs,A no further action disposal,,False
Person search,2018-12-08T15:09:35+00:00,True,,52.188969,0.165946,Female,10-17,White - Gypsy or Irish Traveller,,Misuse of Drugs Act 1971 (section 23),Controlled drugs,A no further action disposal,,False
Person and Vehicle search,2018-12-08T15:14:10+00:00,,,52.571961,-0.026257,Male,18-24,White - English/Welsh/Scottish/Northern Irish/British,,Misuse of Drugs Act 1971 (section 23),Controlled drugs,Arrest,,False
Person search,2018-12-08T15:39:02+00:00,,,52.571961,-0.026257,Male,25-34,White - English/Welsh/Scottish/Northern Irish/British,,Misuse of Drugs Act 1971 (section 23),Controlled drugs,A no further action disposal,,False
Person search,2018-12-09T05:55:16+00:00,,,52.586512,-0.285071,Male,over 34,White - English/Welsh/Scottish/Northern Irish/British,,Police and Criminal Evidence Act 1984 (section 1),Article for use in theft,A no further action disposal,,False
Person search,2018-12-09T21:06:43+00:00,,,52.217556,0.112291,Male,over 34,Mixed/Multiple ethnic groups - White and Black African,,Police and Criminal Evidence Act 1984 (section 1),Article for use in theft,A no further action disposal,,False
Person search,2018-12-10T16:12:40+00:00,,,52.605365,-0.234818,Male,10-17,Other ethnic group - Not stated,,Police and Criminal Evidence Act 1984 (section 1),Stolen goods,A no further action disposal,,False
Person search,2018-12-10T19:06:56+00:00,,,52.170994,0.113916,Male,,Other ethnic group - Not stated,,Police and Criminal Evidence Act 1984 (section 1),Offensive weapons,A no further action disposal,,False
Person search,2018-12-10T22:46:11+00:00,True,,52.190855,0.137010,Male,10-17,White - Gypsy or Irish Traveller,,Police and Criminal Evidence Act 1984 (section 1),Article for use in theft,A no further action disposal,,False
Person search,2018-12-10T22:49:59+00:00,,,52.191531,0.138886,Male,10-17,Other ethnic group - Not stated,,Police and Criminal Evidence Act 1984 (section 1),Offensive weapons,A no further action disposal,,False
Person search,2018-12-10T23:16:27+00:00,False,,52.235727,0.125911,Male,10-17,Mixed/Multiple ethnic groups - Any other Mixed/Multiple ethnic background,,Police and Criminal Evidence Act 1984 (section 1),Stolen goods,A no further action disposal,True,False
Person search,2018-12-10T23:23:50+00:00,,,52.204233,0.130612,Male,25-34,White - Gypsy or Irish Traveller,,Police and Criminal Evidence Act 1984 (section 1),Offensive weapons,A no further action disposal,,False
Person search,2018-12-10T23:32:33+00:00,False,,52.317542,0.022075,Male,10-17,White - English/Welsh/Scottish/Northern Irish/British,,Police and Criminal Evidence Act 1984 (section 1),Stolen goods,A no further action disposal,,False
Person search,2018-12-10T23:43:12+00:00,,,52.573738,-0.230244,Male,25-34,White - Gypsy or Irish Traveller,,Misuse of Drugs Act 1971 (section 23),Controlled drugs,Arrest,True,False
Person search,2018-12-10T23:59:39+00:00,,,52.573738,-0.230244,Male,18-24,Other ethnic group - Any other ethnic group,,Misuse of Drugs Act 1971 (section 23),Controlled drugs,A no further action disposal,,False
Person search,2018-12-11T01:06:31+00:00,,,52.583921,-0.225775,Male,10-17,White - English/Welsh/Scottish/Northern Irish/British,,Police and Criminal Evidence Act 1984 (section 1),Offensive weapons,A no further action disposal,,False
Person search,2018-12-11T07:24:19+00:00,,,52.170994,0.113916,Male,,White - English/Welsh/Scottish/Northern Irish/British,,Police and Criminal Evidence Act 1984 (section 1),Offensive weapons,A no further action disposal,,False
Person search,2018-12-11T19:28:41+00:00,True,,52.222126,0.266301,Male,18-24,White - English/Welsh/Scottish/Northern Irish/British,,Police and Criminal Evidence Act 1984 (section 1),Offensive weapons,A no further action disposal,,False
Person search,2018-12-11T22:54:42+00:00,,,52.284454,0.117891,Male,25-34,White - English/Welsh/Scottish/Northern Irish/British,,Police and Criminal Evidence Act 1984 (section 1),Article for use in theft,Arrest,,False
Person search,2018-12-12T18:06:06+00:00,True,,52.193299,0.144033,Male,10-17,White - English/Welsh/Scottish/Northern Irish/British,,Misuse of Drugs Act 1971 (section 23),Controlled drugs,A no further action disposal,True,False
Person search,2018-12-12T18:21:28+00:00,True,,52.193299,0.144033,Male,10-17,White - English/Welsh/Scottish/Northern Irish/British,,Misuse of Drugs Act 1971 (section 23),Controlled drugs,A no further action disposal,True,False
Person search,2018-12-12T18:25:49+00:00,True,,52.193299,0.144033,Female,10-17,White - English/Welsh/Scottish/Northern Irish/British,,Misuse of Drugs Act 1971 (section 23),Controlled drugs,A no further action disposal,True,False
Person search,2018-12-12T18:28:43+00:00,True,,52.193299,0.144033,Male,10-17,White - English/Welsh/Scottish/Northern Irish/British,,Misuse of Drugs Act 1971 (section 23),Controlled drugs,A no further action disposal,True,False
Person search,2018-12-12T18:33:30+00:00,True,,52.193299,0.144033,Female,10-17,White - English/Welsh/Scottish/Northern Irish/British,,Misuse of Drugs Act 1971 (section 23),Controlled drugs,A no further action disposal,True,False
Person search,2018-12-12T18:39:52+00:00,True,,52.193299,0.144033,Male,10-17,White - English/Welsh/Scottish/Northern Irish/British,,Misuse of Drugs Act 1971 (section 23),Controlled drugs,A no further action disposal,True,False
Person and Vehicle search,2018-12-12T20:39:17+00:00,,,52.229412,-0.240412,Male,18-24,White - Gypsy or Irish Traveller,,Police and Criminal Evidence Act 1984 (section 1),Offensive weapons,A no further action disposal,,False
Person search,2018-12-12T22:18:07+00:00,,,52.402611,0.250887,Male,over 34,White - English/Welsh/Scottish/Northern Irish/British,,Police and Criminal Evidence Act 1984 (section 1),Article for use in theft,A no further action disposal,False,False
Person search,2018-12-13T01:08:12+00:00,,,52.208821,0.133496,Male,25-34,White - English/Welsh/Scottish/Northern Irish/British,,Police and Criminal Evidence Act 1984 (section 1),Article for use in theft,A no further action disposal,,False
Person search,2018-12-13T01:10:53+00:00,True,,52.231027,-0.255357,Male,18-24,White - English/Welsh/Scottish/Northern Irish/British,,Misuse of Drugs Act 1971 (section 23),Controlled drugs,Community resolution,True,False
Person search,2018-12-13T01:14:33+00:00,True,,52.231027,-0.255357,Male,10-17,,,Misuse of Drugs Act 1971 (section 23),Controlled drugs,Community resolution,True,False
Person search,2018-12-13T01:17:12+00:00,,,52.231027,-0.255357,Male,10-17,White - English/Welsh/Scottish/Northern Irish/British,,Misuse of Drugs Act 1971 (section 23),Controlled drugs,Community resolution,True,False
Person search,2018-12-13T01:30:32+00:00,,,52.208821,0.133496,Male,over 34,White - English/Welsh/Scottish/Northern Irish/British,,Misuse of Drugs Act 1971 (section 23),Controlled drugs,A no further action disposal,,False
Person search,2018-12-13T02:53:28+00:00,,,52.231027,-0.255357,Male,10-17,White - English/Welsh/Scottish/Northern Irish/British,,Misuse of Drugs Act 1971 (section 23),Controlled drugs,Community resolution,True,False
Person search,2018-12-13T03:10:24+00:00,,,52.401172,0.263618,Male,18-24,White - English/Welsh/Scottish/Northern Irish/British,,Misuse of Drugs Act 1971 (section 23),Controlled drugs,A no further action disposal,,False
Person search,2018-12-13T16:25:44+00:00,,,52.226817,0.121370,Female,over 34,White - English/Welsh/Scottish/Northern Irish/British,,Police and Criminal Evidence Act 1984 (section 1),Offensive weapons,A no further action disposal,False,False
Person search,2018-12-13T21:04:34+00:00,,,52.190212,0.135750,Male,10-17,Other ethnic group - Not stated,,Misuse of Drugs Act 1971 (section 23),Controlled drugs,A no further action disposal,,False
Person search,2018-12-13T21:33:38+00:00,,,52.190212,0.135750,Male,10-17,Other ethnic group - Not stated,,Misuse of Drugs Act 1971 (section 23),Controlled drugs,A no further action disposal,,False
Person search,2018-12-13T21:40:19+00:00,,,52.190212,0.135750,Male,10-17,Black/African/Caribbean/Black British - African,,Misuse of Drugs Act 1971 (section 23),Controlled drugs,A no further action disposal,,False
Person search,2018-12-13T21:45:10+00:00,,,52.190212,0.135750,Male,10-17,Other ethnic group - Not stated,,Misuse of Drugs Act 1971 (section 23),Controlled drugs,A no further action disposal,,False
Person search,2018-12-13T21:52:19+00:00,,,52.190212,0.135750,Male,10-17,Other ethnic group - Not stated,,Misuse of Drugs Act 1971 (section 23),Controlled drugs,A no further action disposal,,False
Person search,2018-12-13T22:50:00+00:00,,,52.335634,-0.083195,Male,18-24,White - English/Welsh/Scottish/Northern Irish/British,,Misuse of Drugs Act 1971 (section 23),Controlled drugs,A no further action disposal,,False
Person search,2018-12-13T23:38:44+00:00,,,52.335634,-0.083195,Female,18-24,White - English/Welsh/Scottish/Northern Irish/British,,Misuse of Drugs Act 1971 (section 23),Controlled drugs,Community resolution,True,False
Person search,2018-12-14T02:13:47+00:00,True,,52.205864,0.126475,Male,18-24,Other ethnic group - Not stated,,Misuse of Drugs Act 1971 (section 23),Controlled drugs,A no further action disposal,True,False
Person search,2018-12-14T05:42:21+00:00,True,,52.205864,0.126475,Male,18-24,Other ethnic group - Not stated,,Misuse of Drugs Act 1971 (section 23),Controlled drugs,A no further action disposal,,False
Person search,2018-12-14T07:51:51+00:00,,,52.230352,0.121788,Male,18-24,White - English/Welsh/Scottish/Northern Irish/British,,Police and Criminal Evidence Act 1984 (section 1),Article for use in theft,A no further action disposal,,False
Person search,2018-12-14T14:44:51+00:00,,,52.219327,0.143223,Male,10-17,Other ethnic group - Any other ethnic group,,Police and Criminal Evidence Act 1984 (section 1),Offensive weapons,A no further action disposal,,False
Person and Vehicle search,2018-12-14T21:55:59+00:00,,,52.188062,0.137315,Male,25-34,Asian/Asian British - Any other Asian background,,Misuse of Drugs Act 1971 (section 23),Controlled drugs,A no further action disposal,True,False
Person search,2018-12-14T22:56:26+00:00,,,52.116791,0.214299,Male,18-24,White - English/Welsh/Scottish/Northern Irish/British,,Misuse of Drugs Act 1971 (section 23),Controlled drugs,A no further action disposal,,False
Vehicle search,2018-12-15T02:16:53+00:00,,,52.254188,0.016730,,,,,Misuse of Drugs Act 1971 (section 23),Controlled drugs,Arrest,True,
Person and Vehicle search,2018-12-15T02:58:13+00:00,,,52.561934,-0.230926,Male,18-24,White - English/Welsh/Scottish/Northern Irish/British,,Misuse of Drugs Act 1971 (section 23),Controlled drugs,Arrest,False,False
Person search,2018-12-15T12:56:50+00:00,True,,52.185476,0.173500,Male,10-17,White - English/Welsh/Scottish/Northern Irish/British,,Misuse of Drugs Act 1971 (section 23),Controlled drugs,A no further action disposal,,False
Person search,2018-12-15T13:54:18+00:00,True,,52.112660,0.178749,,18-24,White - English/Welsh/Scottish/Northern Irish/British,,Police and Criminal Evidence Act 1984 (section 1),Article for use in theft,A no further action disposal,,False
Person and Vehicle search,2018-12-15T21:48:05+00:00,,,52.212785,0.157341,Male,18-24,Mixed/Multiple ethnic groups - Any other Mixed/Multiple ethnic background,,Misuse of Drugs Act 1971 (section 23),Controlled drugs,A no further action disposal,True,False
Person search,2018-12-16T00:57:30+00:00,True,,52.203285,0.129337,Male,18-24,White - English/Welsh/Scottish/Northern Irish/British,,Police and Criminal Evidence Act 1984 (section 1),Article for use in theft,A no further action disposal,,False
Person search,2018-12-16T05:03:10+00:00,,,52.197370,0.135244,Male,25-34,White - English/Welsh/Scottish/Northern Irish/British,,Police and Criminal Evidence Act 1984 (section 1),Stolen goods,Arrest,True,False
Person and Vehicle search,2018-12-16T13:01:50+00:00,,,52.130420,0.044200,Male,18-24,White - English/Welsh/Scottish/Northern Irish/British,,Misuse of Drugs Act 1971 (section 23),Controlled drugs,A no further action disposal,True,False
Person and Vehicle search,2018-12-16T13:05:41+00:00,,,52.088605,0.019823,Male,18-24,White - English/Welsh/Scottish/Northern Irish/British,,Misuse of Drugs Act 1971 (section 23),Controlled drugs,A no further action disposal,,False
Person search,2018-12-16T13:39:05+00:00,,,52.335634,-0.083195,Male,25-34,White - English/Welsh/Scottish/Northern Irish/British,,Misuse of Drugs Act 1971 (section 23),Controlled drugs,A no further action disposal,,False
Person and Vehicle search,2018-12-16T14:25:42+00:00,True,,52.088605,0.019823,Male,18-24,White - English/Welsh/Scottish/Northern Irish/British,,Misuse of Drugs Act 1971 (section 23),Controlled drugs,A no further action disposal,True,False
Person and Vehicle search,2018-12-16T14:31:10+00:00,,,52.088605,0.019823,Male,25-34,White - English/Welsh/Scottish/Northern Irish/British,,Misuse of Drugs Act 1971 (section 23),Controlled drugs,A no further action disposal,,False
Person search,2018-12-16T16:34:01+00:00,,,52.228115,-0.269484,Male,10-17,White - English/Welsh/Scottish/Northern Irish/British,,Misuse of Drugs Act 1971 (section 23),Controlled drugs,A no further action disposal,True,True
Person search,2018-12-16T18:11:05+00:00,,,52.225136,-0.259497,Male,over 34,White - English/Welsh/Scottish/Northern Irish/British,,Misuse of Drugs Act 1971 (section 23),Controlled drugs,A no further action disposal,True,False
Person search,2018-12-16T18:35:45+00:00,,,51.967390,-0.491290,Male,10-17,,,Police and Criminal Evidence Act 1984 (section 1),Article for use in theft,A no further action disposal,False,False
Person search,2018-12-16T19:41:12+00:00,,,52.202956,0.123160,Male,18-24,Other ethnic group - Not stated,,Misuse of Drugs Act 1971 (section 23),Controlled drugs,A no further action disposal,,False
Person search,2018-12-16T19:57:39+00:00,,,52.207352,0.127190,Male,over 34,White - English/Welsh/Scottish/Northern Irish/British,,Misuse of Drugs Act 1971 (section 23),Controlled drugs,A no further action disposal,,False
Person search,2018-12-16T20:08:33+00:00,True,,52.208385,0.129772,Male,over 34,White - English/Welsh/Scottish/Northern Irish/British,,Misuse of Drugs Act 1971 (section 23),Controlled drugs,A no further action disposal,,False
Person search,2018-12-16T21:34:08+00:00,,,52.211055,0.133764,Male,18-24,Mixed/Multiple ethnic groups - Any other Mixed/Multiple ethnic background,,Misuse of Drugs Act 1971 (section 23),Controlled drugs,A no further action disposal,,False
Person search,2018-12-17T00:05:53+00:00,,,52.574440,-0.248427,Male,25-34,White - English/Welsh/Scottish/Northern Irish/British,,Misuse of Drugs Act 1971 (section 23),Controlled drugs,A no further action disposal,,False
Person search,2018-12-17T14:57:35+00:00,,,52.330700,-0.185820,Male,25-34,White - Gypsy or Irish Traveller,,Police and Criminal Evidence Act 1984 (section 1),Stolen goods,A no further action disposal,,False
Person search,2018-12-17T19:46:29+00:00,,,52.189610,0.158428,Male,10-17,White - English/Welsh/Scottish/Northern Irish/British,,Misuse of Drugs Act 1971 (section 23),Controlled drugs,Summons / charged by post,True,False
Person search,2018-12-17T20:16:54+00:00,,,52.189610,0.158428,Male,,,,Misuse of Drugs Act 1971 (section 23),Controlled drugs,A no further action disposal,,False
Person search,2018-12-17T20:26:42+00:00,,,52.189610,0.158428,Male,,,,Misuse of Drugs Act 1971 (section 23),Controlled drugs,A no further action disposal,,False
Person search,2018-12-17T23:38:52+00:00,,,52.190185,0.144161,Male,18-24,White - English/Welsh/Scottish/Northern Irish/British,,Misuse of Drugs Act 1971 (section 23),Controlled drugs,A no further action disposal,True,False
Person search,2018-12-17T23:58:40+00:00,,,52.190185,0.144161,Male,18-24,White - English/Welsh/Scottish/Northern Irish/British,,Misuse of Drugs Act 1971 (section 23),Controlled drugs,A no further action disposal,True,False
Person search,2018-12-18T02:59:43+00:00,,,52.594870,-0.210081,Male,10-17,White - English/Welsh/Scottish/Northern Irish/British,,Police and Criminal Evidence Act 1984 (section 1),Article for use in theft,Arrest,,False
Vehicle search,2018-12-18T04:55:47+00:00,,,,,,,,,Misuse of Drugs Act 1971 (section 23),Controlled drugs,Arrest,True,
Person search,2018-12-18T06:37:24+00:00,,,,,Male,25-34,White - English/Welsh/Scottish/Northern Irish/British,,Police and Criminal Evidence Act 1984 (section 1),Article for use in theft,A no further action disposal,,False
Person search,2018-12-18T20:44:13+00:00,,,51.757777,0.474870,Male,18-24,,,Misuse of Drugs Act 1971 (section 23),Controlled drugs,,,False
Person search,2018-12-19T20:00:04+00:00,,,52.213489,0.141375,Female,25-34,White - English/Welsh/Scottish/Northern Irish/British,,Misuse of Drugs Act 1971 (section 23),Controlled drugs,Summons / charged by post,True,False
Person search,2018-12-19T22:30:04+00:00,,,52.188623,0.177428,Male,10-17,White - English/Welsh/Scottish/Northern Irish/British,,Police and Criminal Evidence Act 1984 (section 1),Article for use in theft,A no further action disposal,,False
Person search,2018-12-20T00:04:58+00:00,,,52.007054,-0.013881,Female,18-24,White - English/Welsh/Scottish/Northern Irish/British,,Misuse of Drugs Act 1971 (section 23),Controlled drugs,A no further action disposal,,False
Person search,2018-12-20T00:33:59+00:00,,,52.007054,-0.013881,Female,18-24,White - English/Welsh/Scottish/Northern Irish/British,,Misuse of Drugs Act 1971 (section 23),Controlled drugs,Khat or Cannabis warning,True,False
Person search,2018-12-20T00:35:58+00:00,,,52.007054,-0.013881,Male,10-17,Mixed/Multiple ethnic groups - Any other Mixed/Multiple ethnic background,,Misuse of Drugs Act 1971 (section 23),Controlled drugs,Khat or Cannabis warning,True,False
Person search,2018-12-20T00:56:23+00:00,,,52.007054,-0.013881,Male,10-17,White - English/Welsh/Scottish/Northern Irish/British,,Misuse of Drugs Act 1971 (section 23),Controlled drugs,A no further action disposal,,False
Person search,2018-12-20T01:06:00+00:00,,,52.007054,-0.013881,Male,10-17,White - English/Welsh/Scottish/Northern Irish/British,,Misuse of Drugs Act 1971 (section 23),Controlled drugs,Khat or Cannabis warning,True,False
Person search,2018-12-20T01:09:52+00:00,,,52.007054,-0.013881,Male,10-17,White - English/Welsh/Scottish/Northern Irish/British,,Misuse of Drugs Act 1971 (section 23),Controlled drugs,Khat or Cannabis warning,True,False
Person search,2018-12-20T11:26:28+00:00,,,52.190855,0.137010,Male,10-17,Other ethnic group - Not stated,,Misuse of Drugs Act 1971 (section 23),Controlled drugs,A no further action disposal,,False
Person search,2018-12-20T22:42:07+00:00,,,52.146501,0.131333,Male,10-17,White - English/Welsh/Scottish/Northern Irish/British,,Police and Criminal Evidence Act 1984 (section 1),Article for use in theft,A no further action disposal,,False
Person search,2018-12-21T00:15:51+00:00,,,52.146501,0.131333,Male,,White - English/Welsh/Scottish/Northern Irish/British,,Police and Criminal Evidence Act 1984 (section 1),Article for use in theft,A no further action disposal,,False
Person and Vehicle search,2018-12-22T00:03:43+00:00,,,52.118739,0.168017,Male,25-34,White - English/Welsh/Scottish/Northern Irish/British,,Misuse of Drugs Act 1971 (section 23),Controlled drugs,A no further action disposal,,False
Person search,2018-12-22T00:10:13+00:00,,,52.118739,0.168017,Male,25-34,White - Irish,,Misuse of Drugs Act 1971 (section 23),Controlled drugs,Community resolution,True,False
Person search,2018-12-22T00:11:35+00:00,,,52.200790,0.126584,Male,18-24,White - English/Welsh/Scottish/Northern Irish/British,,Misuse of Drugs Act 1971 (section 23),Controlled drugs,Summons / charged by post,True,False
Person search,2018-12-22T00:15:06+00:00,,,52.201418,0.125165,Male,25-34,Other ethnic group - Any other ethnic group,,Misuse of Drugs Act 1971 (section 23),Controlled drugs,Summons / charged by post,True,False
Person and Vehicle search,2018-12-22T18:27:34+00:00,,,52.209618,0.141613,Male,25-34,,,Misuse of Drugs Act 1971 (section 23),Controlled drugs,A no further action disposal,,False
Person search,2018-12-22T21:25:43+00:00,,,52.228424,0.119485,Male,10-17,,,Misuse of Drugs Act 1971 (section 23),Controlled drugs,A no further action disposal,,False
Person and Vehicle search,2018-12-23T00:12:19+00:00,,,52.229064,0.122400,Male,10-17,White - English/Welsh/Scottish/Northern Irish/British,,Misuse of Drugs Act 1971 (section 23),Controlled drugs,A no further action disposal,,False
Person and Vehicle search,2018-12-23T05:30:03+00:00,,,52.205151,0.119079,Male,over 34,Other ethnic group - Not stated,,Misuse of Drugs Act 1971 (section 23),Controlled drugs,A no further action disposal,,False
Person search,2018-12-23T14:50:02+00:00,,,52.197754,0.145784,Male,under 10,White - Gypsy or Irish Traveller,,Misuse of Drugs Act 1971 (section 23),Controlled drugs,A no further action disposal,,False
Person search,2018-12-25T01:31:43+00:00,,,52.574688,-0.236050,Male,25-34,Asian/Asian British - Pakistani,,Misuse of Drugs Act 1971 (section 23),Controlled drugs,A no further action disposal,,False
Person search,2018-12-25T22:07:46+00:00,,,52.572752,-0.235242,Male,18-24,White - Gypsy or Irish Traveller,,Police and Criminal Evidence Act 1984 (section 1),Offensive weapons,A no further action disposal,,False
Person search,2018-12-26T04:09:45+00:00,,,52.425024,0.094001,Female,10-17,White - English/Welsh/Scottish/Northern Irish/British,,Misuse of Drugs Act 1971 (section 23),Controlled drugs,Summons / charged by post,True,False
Person and Vehicle search,2018-12-26T04:37:25+00:00,,,52.425024,0.094001,Male,18-24,White - English/Welsh/Scottish/Northern Irish/British,,Misuse of Drugs Act 1971 (section 23),Controlled drugs,Summons / charged by post,True,False
Person search,2018-12-26T04:46:56+00:00,,,52.425024,0.094001,Male,10-17,White - English/Welsh/Scottish/Northern Irish/British,,Misuse of Drugs Act 1971 (section 23),Controlled drugs,Summons / charged by post,True,False
Vehicle search,2018-12-26T04:53:45+00:00,,,52.425024,0.094001,,,,,Misuse of Drugs Act 1971 (section 23),Controlled drugs,A no further action disposal,True,
Person search,2018-12-27T04:50:40+00:00,,,52.205151,0.119079,Male,18-24,White - English/Welsh/Scottish/Northern Irish/British,,Misuse of Drugs Act 1971 (section 23),Controlled drugs,A no further action disposal,,False
Person and Vehicle search,2018-12-27T07:55:51+00:00,,,52.556809,-0.252035,Male,25-34,White - English/Welsh/Scottish/Northern Irish/British,,Misuse of Drugs Act 1971 (section 23),Controlled drugs,A no further action disposal,,False
Person and Vehicle search,2018-12-27T09:56:28+00:00,,,52.558689,-0.275446,Male,25-34,Other ethnic group - Not stated,,Misuse of Drugs Act 1971 (section 23),Controlled drugs,Arrest,True,False
Person search,2018-12-27T16:16:53+00:00,,,52.536892,-0.264740,Male,10-17,Other ethnic group - Not stated,,Police and Criminal Evidence Act 1984 (section 1),Offensive weapons,A no further action disposal,,False
Person search,2018-12-27T16:22:08+00:00,,,52.536892,-0.264740,Female,10-17,White - Gypsy or Irish Traveller,,Police and Criminal Evidence Act 1984 (section 1),Offensive weapons,A no further action disposal,,False
Person search,2018-12-27T16:28:53+00:00,,,52.536892,-0.264740,Female,10-17,White - Gypsy or Irish Traveller,,Police and Criminal Evidence Act 1984 (section 1),Offensive weapons,A no further action disposal,,False
Vehicle search,2018-12-27T16:43:37+00:00,,,52.349192,-0.175094,,,,,Misuse of Drugs Act 1971 (section 23),Controlled drugs,Arrest,,
Person and Vehicle search,2018-12-27T18:03:15+00:00,,,52.218435,0.144834,Male,18-24,Other ethnic group - Not stated,,Misuse of Drugs Act 1971 (section 23),Controlled drugs,Arrest,True,False
Person and Vehicle search,2018-12-27T23:22:46+00:00,,,52.341483,-0.177158,Male,25-34,Asian/Asian British - Pakistani,,Misuse of Drugs Act 1971 (section 23),Controlled drugs,Arrest,False,True
Person search,2018-12-27T23:41:43+00:00,,,52.227581,0.114861,,over 34,White - English/Welsh/Scottish/Northern Irish/British,,Misuse of Drugs Act 1971 (section 23),Controlled drugs,Community resolution,True,False
Person search,2018-12-28T00:32:23+00:00,,,52.188708,0.170381,Male,10-17,White - English/Welsh/Scottish/Northern Irish/British,,Police and Criminal Evidence Act 1984 (section 1),Offensive weapons,A no further action disposal,,False
Person and Vehicle search,2018-12-28T21:29:29+00:00,,,52.524171,-0.308299,Male,18-24,White - English/Welsh/Scottish/Northern Irish/British,,Misuse of Drugs Act 1971 (section 23),Controlled drugs,A no further action disposal,False,False
Person search,2018-12-28T23:49:26+00:00,,,52.214128,0.110416,Male,10-17,White - English/Welsh/Scottish/Northern Irish/British,,Misuse of Drugs Act 1971 (section 23),Controlled drugs,A no further action disposal,,False
Person and Vehicle search,2018-12-29T19:55:21+00:00,,,52.438162,0.147060,Male,18-24,White - English/Welsh/Scottish/Northern Irish/British,,Police and Criminal Evidence Act 1984 (section 1),Article for use in theft,Summons / charged by post,False,False
Person search,2018-12-29T20:08:39+00:00,,,52.438162,0.147060,Male,18-24,White - English/Welsh/Scottish/Northern Irish/British,,Police and Criminal Evidence Act 1984 (section 1),Article for use in theft,Summons / charged by post,False,False
Person and Vehicle search,2018-12-29T20:51:10+00:00,,,52.213202,0.136897,Male,18-24,White - English/Welsh/Scottish/Northern Irish/British,,Police and Criminal Evidence Act 1984 (section 1),Article for use in theft,A no further action disposal,,False
Person search,2018-12-30T02:16:46+00:00,,,52.580721,-0.245712,Male,10-17,Asian/Asian British - Any other Asian background,,Police and Criminal Evidence Act 1984 (section 1),Article for use in theft,A no further action disposal,,False
Vehicle search,2018-12-30T02:51:24+00:00,,,52.452699,-0.110934,,,,,Police and Criminal Evidence Act 1984 (section 1),Article for use in theft,Community resolution,,
Person search,2018-12-30T14:23:09+00:00,,,52.219310,0.110764,Male,25-34,White - English/Welsh/Scottish/Northern Irish/British,,Misuse of Drugs Act 1971 (section 23),Controlled drugs,A no further action disposal,True,False
Person search,2018-12-30T14:26:32+00:00,,,52.219310,0.110764,Male,25-34,White - English/Welsh/Scottish/Northern Irish/British,,Misuse of Drugs Act 1971 (section 23),Controlled drugs,A no further action disposal,,False
Person search,2018-12-30T14:27:44+00:00,,,52.219310,0.110764,Male,25-34,White - English/Welsh/Scottish/Northern Irish/British,,Misuse of Drugs Act 1971 (section 23),Controlled drugs,A no further action disposal,,False
Person search,2018-12-30T19:48:43+00:00,,,52.645548,0.179276,Male,18-24,White - English/Welsh/Scottish/Northern Irish/British,,Misuse of Drugs Act 1971 (section 23),Controlled drugs,A no further action disposal,,False
Person search,2018-12-30T22:18:26+00:00,,,52.572984,-0.245401,Male,over 34,Other ethnic group - Not stated,,Police and Criminal Evidence Act 1984 (section 1),Stolen goods,Arrest,True,False
Person and Vehicle search,2018-12-30T22:28:02+00:00,,,52.216719,0.132337,Male,over 34,White - English/Welsh/Scottish/Northern Irish/British,,Misuse of Drugs Act 1971 (section 23),Controlled drugs,A no further action disposal,,False
Person and Vehicle search,2018-12-30T22:33:51+00:00,,,52.216719,0.132337,Male,25-34,Other ethnic group - Any other ethnic group,,Misuse of Drugs Act 1971 (section 23),Controlled drugs,A no further action disposal,,False
Person and Vehicle search,2018-12-31T01:07:28+00:00,,,52.642475,0.142169,Male,25-34,White - English/Welsh/Scottish/Northern Irish/British,,Misuse of Drugs Act 1971 (section 23),Controlled drugs,A no further action disposal,True,False
Person and Vehicle search,2018-12-31T01:13:35+00:00,,,52.476137,0.105365,Male,18-24,White - English/Welsh/Scottish/Northern Irish/British,,Misuse of Drugs Act 1971 (section 23),Controlled drugs,Summons / charged by post,True,False
Person and Vehicle search,2018-12-31T01:41:28+00:00,,,52.642475,0.142169,Male,25-34,White - English/Welsh/Scottish/Northern Irish/British,,Misuse of Drugs Act 1971 (section 23),Controlled drugs,A no further action disposal,True,False
Person and Vehicle search,2018-12-31T09:10:10+00:00,,,52.214737,0.127572,Male,25-34,Black/African/Caribbean/Black British - Any other Black/African/Caribbean background,,Misuse of Drugs Act 1971 (section 23),Controlled drugs,Arrest,False,False
Person search,2018-12-31T17:38:25+00:00,,,52.596769,-0.249338,Male,18-24,Other ethnic group - Not stated,,Misuse of Drugs Act 1971 (section 23),Controlled drugs,A no further action disposal,,False
Person and Vehicle search,2018-12-31T22:43:28+00:00,,,52.581941,-0.249810,Male,over 34,Asian/Asian British - Pakistani,,Police and Criminal Evidence Act 1984 (section 1),Article for use in theft,Arrest,False,False
