Type,Date,Part of a policing operation,Policing operation,Latitude,Longitude,Gender,Age range,Self-defined ethnicity,Officer-defined ethnicity,Legislation,Object of search,Outcome,Outcome linked to object of search,Removal of more than just outer clothing
Person search,2019-02-01T00:41:00+00:00,,,,,Male,18-24,White - English/Welsh/Scottish/Northern Irish/British,White,Police and Criminal Evidence Act 1984 (section 1),Article for use in theft,A no further action disposal,,
Person search,2019-02-01T10:53:00+00:00,,,,,Male,25-34,Mixed/Multiple ethnic groups - White and Black Caribbean,Black,Misuse of Drugs Act 1971 (section 23),Articles for use in criminal damage,Community resolution,,
Person search,2019-02-01T10:55:00+00:00,,,,,Male,10-17,White - English/Welsh/Scottish/Northern Irish/British,White,Misuse of Drugs Act 1971 (section 23),Articles for use in criminal damage,Community resolution,,
Person search,2019-02-01T11:00:00+00:00,,,,,Male,18-24,Asian/Asian British - Pakistani,Asian,Misuse of Drugs Act 1971 (section 23),Articles for use in criminal damage,Arrest,,
Person and Vehicle search,2019-02-01T11:20:00+00:00,,,,,Female,over 34,White - English/Welsh/Scottish/Northern Irish/British,White,Misuse of Drugs Act 1971 (section 23),Articles for use in criminal damage,A no further action disposal,,
Person and Vehicle search,2019-02-01T11:20:00+00:00,,,,,Female,over 34,White - English/Welsh/Scottish/Northern Irish/British,White,Misuse of Drugs Act 1971 (section 23),Articles for use in criminal damage,A no further action disposal,,
Person search,2019-02-01T14:30:00+00:00,,,53.576776,-2.881258,Male,18-24,White - English/Welsh/Scottish/Northern Irish/British,White,Misuse of Drugs Act 1971 (section 23),Articles for use in criminal damage,A no further action disposal,,
Person search,2019-02-01T14:35:00+00:00,,,53.576776,-2.881258,Male,10-17,White - English/Welsh/Scottish/Northern Irish/British,White,Misuse of Drugs Act 1971 (section 23),Articles for use in criminal damage,A no further action disposal,,
Person and Vehicle search,2019-02-01T14:50:00+00:00,,,,,Male,18-24,Asian/Asian British - Pakistani,Asian,Police and Criminal Evidence Act 1984 (section 1),Articles for use in criminal damage,A no further action disposal,,
Person search,2019-02-01T14:58:00+00:00,,,53.576776,-2.881258,Male,10-17,White - English/Welsh/Scottish/Northern Irish/British,White,Misuse of Drugs Act 1971 (section 23),Articles for use in criminal damage,A no further action disposal,,
Person search,2019-02-01T16:00:00+00:00,,,53.577127,-2.879952,Male,10-17,White - English/Welsh/Scottish/Northern Irish/British,White,Misuse of Drugs Act 1971 (section 23),Articles for use in criminal damage,A no further action disposal,,
Person search,2019-02-01T19:18:00+00:00,,,53.758374,-2.697839,Male,over 34,White - English/Welsh/Scottish/Northern Irish/British,White,Police and Criminal Evidence Act 1984 (section 1),Article for use in theft,A no further action disposal,,
Person and Vehicle search,2019-02-01T22:36:00+00:00,,,53.758806,-2.699333,Male,18-24,Asian/Asian British - Indian,Asian,Misuse of Drugs Act 1971 (section 23),Articles for use in criminal damage,A no further action disposal,,
Person and Vehicle search,2019-02-01T22:40:00+00:00,,,53.727245,-2.676438,Male,18-24,White - English/Welsh/Scottish/Northern Irish/British,White,Misuse of Drugs Act 1971 (section 23),Articles for use in criminal damage,Penalty Notice for Disorder,,
Person search,2019-02-01T23:18:00+00:00,,,53.752054,-2.448126,Male,18-24,White - English/Welsh/Scottish/Northern Irish/British,White,Police and Criminal Evidence Act 1984 (section 1),Article for use in theft,A no further action disposal,,
Person search,2019-02-01T23:55:00+00:00,,,,,Male,18-24,White - Any other White background,White,Police and Criminal Evidence Act 1984 (section 1),Article for use in theft,Arrest,,
Person search,2019-02-02T00:00:00+00:00,,,,,Male,10-17,White - English/Welsh/Scottish/Northern Irish/British,White,Police and Criminal Evidence Act 1984 (section 1),Article for use in theft,Community resolution,,
Person search,2019-02-02T01:00:00+00:00,,,,,Male,18-24,Other ethnic group - Not stated,Black,Police and Criminal Evidence Act 1984 (section 1),Fireworks,A no further action disposal,,
Person and Vehicle search,2019-02-02T01:00:00+00:00,,,53.756816,-2.682737,Male,18-24,Asian/Asian British - Indian,White,Misuse of Drugs Act 1971 (section 23),Articles for use in criminal damage,Penalty Notice for Disorder,,
Person and Vehicle search,2019-02-02T01:00:00+00:00,,,53.756816,-2.682737,Male,18-24,Asian/Asian British - Indian,Asian,Misuse of Drugs Act 1971 (section 23),Articles for use in criminal damage,Arrest,,
Person search,2019-02-02T02:18:00+00:00,,,53.822583,-3.053849,Male,25-34,White - English/Welsh/Scottish/Northern Irish/British,White,Misuse of Drugs Act 1971 (section 23),Articles for use in criminal damage,A no further action disposal,,
Person search,2019-02-02T03:54:00+00:00,,,,,Female,over 34,White - English/Welsh/Scottish/Northern Irish/British,White,Police and Criminal Evidence Act 1984 (section 1),Article for use in theft,A no further action disposal,,
Person search,2019-02-02T10:35:00+00:00,,,53.812032,-3.050653,Male,18-24,White - English/Welsh/Scottish/Northern Irish/British,White,Police and Criminal Evidence Act 1984 (section 1),Article for use in theft,A no further action disposal,,
Person search,2019-02-02T11:30:00+00:00,,,,,Male,18-24,White - English/Welsh/Scottish/Northern Irish/British,White,Misuse of Drugs Act 1971 (section 23),Articles for use in criminal damage,Arrest,,
Vehicle search,2019-02-02T13:12:00+00:00,,,,,,,,,Misuse of Drugs Act 1971 (section 23),,Community resolution,,
Vehicle search,2019-02-02T13:22:00+00:00,,,,,,,,,Misuse of Drugs Act 1971 (section 23),,Community resolution,,
Person and Vehicle search,2019-02-02T14:21:00+00:00,,,,,Male,over 34,White - English/Welsh/Scottish/Northern Irish/British,White,Misuse of Drugs Act 1971 (section 23),Articles for use in criminal damage,A no further action disposal,,
Person search,2019-02-02T15:30:00+00:00,,,,,Female,18-24,White - English/Welsh/Scottish/Northern Irish/British,White,Police and Criminal Evidence Act 1984 (section 1),Fireworks,A no further action disposal,,
Person search,2019-02-02T15:50:00+00:00,,,,,Male,18-24,White - English/Welsh/Scottish/Northern Irish/British,White,Police and Criminal Evidence Act 1984 (section 1),Fireworks,A no further action disposal,,
Person search,2019-02-02T16:00:00+00:00,,,,,Male,18-24,White - English/Welsh/Scottish/Northern Irish/British,White,Police and Criminal Evidence Act 1984 (section 1),Fireworks,A no further action disposal,,
Person search,2019-02-02T16:00:00+00:00,,,,,Male,25-34,White - English/Welsh/Scottish/Northern Irish/British,White,Police and Criminal Evidence Act 1984 (section 1),Fireworks,A no further action disposal,,
Person search,2019-02-02T16:14:00+00:00,,,,,Male,18-24,White - English/Welsh/Scottish/Northern Irish/British,White,Police and Criminal Evidence Act 1984 (section 1),Fireworks,A no further action disposal,,
Person search,2019-02-02T16:44:00+00:00,,,,,Female,18-24,White - English/Welsh/Scottish/Northern Irish/British,White,Police and Criminal Evidence Act 1984 (section 1),Fireworks,A no further action disposal,,
Person and Vehicle search,2019-02-02T20:30:00+00:00,,,,,Male,18-24,White - English/Welsh/Scottish/Northern Irish/British,White,Misuse of Drugs Act 1971 (section 23),Articles for use in criminal damage,Community resolution,,
Person and Vehicle search,2019-02-02T20:33:00+00:00,,,,,Male,18-24,White - English/Welsh/Scottish/Northern Irish/British,White,Misuse of Drugs Act 1971 (section 23),Articles for use in criminal damage,A no further action disposal,,
Person and Vehicle search,2019-02-02T20:45:00+00:00,,,,,Male,18-24,White - English/Welsh/Scottish/Northern Irish/British,White,Misuse of Drugs Act 1971 (section 23),Articles for use in criminal damage,Community resolution,,
Vehicle search,2019-02-02T21:24:00+00:00,,,53.834558,-2.592526,,,,,Misuse of Drugs Act 1971 (section 23),,,,
Person search,2019-02-03T00:50:00+00:00,,,,,Female,over 34,Mixed/Multiple ethnic groups - White and Black Caribbean,White,Misuse of Drugs Act 1971 (section 23),Articles for use in criminal damage,A no further action disposal,,
Person and Vehicle search,2019-02-03T01:00:00+00:00,,,53.796286,-2.985858,Male,25-34,Other ethnic group - Not stated,,Misuse of Drugs Act 1971 (section 23),Articles for use in criminal damage,Arrest,,
Person search,2019-02-03T01:55:00+00:00,,,,,Male,,White - English/Welsh/Scottish/Northern Irish/British,White,Police and Criminal Evidence Act 1984 (section 1),Article for use in theft,Arrest,,
Person search,2019-02-03T05:00:00+00:00,,,,,Male,over 34,White - Any other White background,White,Police and Criminal Evidence Act 1984 (section 1),Fireworks,A no further action disposal,,
Person search,2019-02-03T17:05:00+00:00,,,,,Male,10-17,White - English/Welsh/Scottish/Northern Irish/British,White,Misuse of Drugs Act 1971 (section 23),Articles for use in criminal damage,A no further action disposal,,
Person and Vehicle search,2019-02-03T18:25:00+00:00,,,53.806997,-3.052835,Male,18-24,White - English/Welsh/Scottish/Northern Irish/British,White,Misuse of Drugs Act 1971 (section 23),Articles for use in criminal damage,A no further action disposal,,
Person and Vehicle search,2019-02-03T18:34:00+00:00,,,,,Male,18-24,White - English/Welsh/Scottish/Northern Irish/British,White,Misuse of Drugs Act 1971 (section 23),Articles for use in criminal damage,Khat or Cannabis warning,,
Person and Vehicle search,2019-02-03T18:39:00+00:00,,,53.806997,-3.052835,Male,18-24,White - English/Welsh/Scottish/Northern Irish/British,White,Misuse of Drugs Act 1971 (section 23),Articles for use in criminal damage,A no further action disposal,,
Person search,2019-02-03T21:31:00+00:00,,,,,Male,10-17,White - English/Welsh/Scottish/Northern Irish/British,White,Misuse of Drugs Act 1971 (section 23),Articles for use in criminal damage,Community resolution,,
Person search,2019-02-03T21:35:00+00:00,,,,,Male,10-17,White - English/Welsh/Scottish/Northern Irish/British,White,Police and Criminal Evidence Act 1984 (section 1),Fireworks,A no further action disposal,,
Person search,2019-02-03T21:48:00+00:00,,,,,Male,10-17,White - English/Welsh/Scottish/Northern Irish/British,White,Police and Criminal Evidence Act 1984 (section 1),,A no further action disposal,,
Vehicle search,2019-02-03T23:15:00+00:00,,,,,,,,,Misuse of Drugs Act 1971 (section 23),,Penalty Notice for Disorder,,
Person search,2019-02-04T02:00:00+00:00,,,,,Other,25-34,White - English/Welsh/Scottish/Northern Irish/British,White,Police and Criminal Evidence Act 1984 (section 1),Fireworks,Arrest,,
Person and Vehicle search,2019-02-04T03:20:00+00:00,,,,,Male,over 34,White - English/Welsh/Scottish/Northern Irish/British,White,Police and Criminal Evidence Act 1984 (section 1),Fireworks,Arrest,,
Person and Vehicle search,2019-02-04T09:08:00+00:00,,,,,Male,over 34,White - English/Welsh/Scottish/Northern Irish/British,White,Misuse of Drugs Act 1971 (section 23),Articles for use in criminal damage,A no further action disposal,,
Person search,2019-02-04T14:00:00+00:00,,,53.746007,-2.480056,Male,18-24,Asian/Asian British - Pakistani,Asian,Misuse of Drugs Act 1971 (section 23),Articles for use in criminal damage,,,
Person search,2019-02-04T14:00:00+00:00,,,53.746007,-2.480056,Male,18-24,Asian/Asian British - Pakistani,Asian,Misuse of Drugs Act 1971 (section 23),Articles for use in criminal damage,A no further action disposal,,
Person search,2019-02-04T16:13:00+00:00,,,,,Male,10-17,Asian/Asian British - Any other Asian background,Asian,Police and Criminal Evidence Act 1984 (section 1),Article for use in theft,Community resolution,,
Person search,2019-02-04T16:14:00+00:00,,,,,Male,10-17,Other ethnic group - Not stated,Asian,Police and Criminal Evidence Act 1984 (section 1),Article for use in theft,A no further action disposal,,
Person and Vehicle search,2019-02-04T16:44:00+00:00,,,53.767807,-2.333268,Male,18-24,Asian/Asian British - Any other Asian background,Asian,Police and Criminal Evidence Act 1984 (section 1),Articles for use in criminal damage,A no further action disposal,,
Person and Vehicle search,2019-02-04T22:30:00+00:00,,,,,Male,over 34,White - English/Welsh/Scottish/Northern Irish/British,White,Misuse of Drugs Act 1971 (section 23),Articles for use in criminal damage,A no further action disposal,,
Person search,2019-02-04T22:54:00+00:00,,,,,Male,over 34,Mixed/Multiple ethnic groups - Any other Mixed/Multiple ethnic background,Black,Police and Criminal Evidence Act 1984 (section 1),Article for use in theft,A no further action disposal,,
Person search,2019-02-05T13:00:00+00:00,,,,,Male,25-34,White - English/Welsh/Scottish/Northern Irish/British,White,Misuse of Drugs Act 1971 (section 23),Articles for use in criminal damage,A no further action disposal,,
Person search,2019-02-05T13:00:00+00:00,,,,,Male,25-34,White - English/Welsh/Scottish/Northern Irish/British,White,Misuse of Drugs Act 1971 (section 23),Articles for use in criminal damage,A no further action disposal,,
Person search,2019-02-05T16:55:00+00:00,,,53.758374,-2.697839,Female,over 34,White - Irish,White,Police and Criminal Evidence Act 1984 (section 1),,Summons / charged by post,,
Person search,2019-02-05T17:44:00+00:00,,,53.789465,-2.240834,Female,10-17,White - English/Welsh/Scottish/Northern Irish/British,White,Police and Criminal Evidence Act 1984 (section 1),,Community resolution,,
Person search,2019-02-05T17:46:00+00:00,,,53.789465,-2.240834,Female,10-17,White - English/Welsh/Scottish/Northern Irish/British,White,Police and Criminal Evidence Act 1984 (section 1),,Community resolution,,
Person and Vehicle search,2019-02-05T21:00:00+00:00,,,,,Male,18-24,White - English/Welsh/Scottish/Northern Irish/British,White,Misuse of Drugs Act 1971 (section 23),Articles for use in criminal damage,Arrest,,
Person and Vehicle search,2019-02-05T21:00:00+00:00,,,,,Male,18-24,White - English/Welsh/Scottish/Northern Irish/British,White,Misuse of Drugs Act 1971 (section 23),Articles for use in criminal damage,Arrest,,
Person and Vehicle search,2019-02-05T21:05:00+00:00,,,,,Male,18-24,White - English/Welsh/Scottish/Northern Irish/British,White,Misuse of Drugs Act 1971 (section 23),Articles for use in criminal damage,Arrest,,
Person and Vehicle search,2019-02-05T23:20:00+00:00,,,,,Female,18-24,White - English/Welsh/Scottish/Northern Irish/British,White,Misuse of Drugs Act 1971 (section 23),Articles for use in criminal damage,A no further action disposal,,
Person and Vehicle search,2019-02-05T23:35:00+00:00,,,,,Male,18-24,Other ethnic group - Not stated,White,Misuse of Drugs Act 1971 (section 23),Articles for use in criminal damage,Arrest,,
Person and Vehicle search,2019-02-05T23:45:00+00:00,,,,,Male,18-24,White - English/Welsh/Scottish/Northern Irish/British,White,Misuse of Drugs Act 1971 (section 23),Articles for use in criminal damage,Arrest,,
Person search,2019-02-06T01:36:00+00:00,,,,,Male,over 34,White - English/Welsh/Scottish/Northern Irish/British,White,Police and Criminal Evidence Act 1984 (section 1),Fireworks,A no further action disposal,,
Person search,2019-02-06T01:36:00+00:00,,,,,Male,over 34,White - English/Welsh/Scottish/Northern Irish/British,White,Police and Criminal Evidence Act 1984 (section 1),Fireworks,A no further action disposal,,
Person and Vehicle search,2019-02-06T02:29:00+00:00,,,,,Male,25-34,White - English/Welsh/Scottish/Northern Irish/British,White,Police and Criminal Evidence Act 1984 (section 1),Fireworks,A no further action disposal,,
Person search,2019-02-06T14:20:00+00:00,,,,,Male,10-17,White - English/Welsh/Scottish/Northern Irish/British,White,Police and Criminal Evidence Act 1984 (section 1),Fireworks,A no further action disposal,,
Person search,2019-02-06T14:20:00+00:00,,,,,Male,over 34,White - English/Welsh/Scottish/Northern Irish/British,White,Police and Criminal Evidence Act 1984 (section 1),Fireworks,A no further action disposal,,
Person search,2019-02-06T14:23:00+00:00,,,,,Male,10-17,White - English/Welsh/Scottish/Northern Irish/British,White,Misuse of Drugs Act 1971 (section 23),Articles for use in criminal damage,A no further action disposal,,
Person search,2019-02-06T14:33:00+00:00,,,,,Male,25-34,White - English/Welsh/Scottish/Northern Irish/British,White,Misuse of Drugs Act 1971 (section 23),Articles for use in criminal damage,A no further action disposal,,
Person search,2019-02-06T16:17:00+00:00,,,,,Male,10-17,White - English/Welsh/Scottish/Northern Irish/British,White,Police and Criminal Evidence Act 1984 (section 1),Article for use in theft,A no further action disposal,,
Person search,2019-02-06T17:45:00+00:00,,,53.773868,-2.651863,Male,18-24,White - English/Welsh/Scottish/Northern Irish/British,White,Police and Criminal Evidence Act 1984 (section 1),Article for use in theft,A no further action disposal,,
Person search,2019-02-06T18:00:00+00:00,,,,,Male,25-34,White - English/Welsh/Scottish/Northern Irish/British,White,Misuse of Drugs Act 1971 (section 23),Articles for use in criminal damage,A no further action disposal,,
Person and Vehicle search,2019-02-06T19:04:00+00:00,,,,,Female,25-34,White - English/Welsh/Scottish/Northern Irish/British,White,Misuse of Drugs Act 1971 (section 23),Articles for use in criminal damage,A no further action disposal,,
Person search,2019-02-06T19:15:00+00:00,,,,,Male,10-17,White - English/Welsh/Scottish/Northern Irish/British,White,Police and Criminal Evidence Act 1984 (section 1),Fireworks,A no further action disposal,,
Person search,2019-02-06T19:20:00+00:00,,,,,Male,10-17,White - English/Welsh/Scottish/Northern Irish/British,White,Police and Criminal Evidence Act 1984 (section 1),Fireworks,A no further action disposal,,
Person and Vehicle search,2019-02-06T21:03:00+00:00,,,,,Male,18-24,White - English/Welsh/Scottish/Northern Irish/British,White,Misuse of Drugs Act 1971 (section 23),Articles for use in criminal damage,A no further action disposal,,
Person and Vehicle search,2019-02-06T21:10:00+00:00,,,,,Male,over 34,White - English/Welsh/Scottish/Northern Irish/British,White,Misuse of Drugs Act 1971 (section 23),Articles for use in criminal damage,A no further action disposal,,
Person and Vehicle search,2019-02-06T21:15:00+00:00,,,,,Male,over 34,White - English/Welsh/Scottish/Northern Irish/British,White,Misuse of Drugs Act 1971 (section 23),Articles for use in criminal damage,Arrest,,
Person and Vehicle search,2019-02-06T21:25:00+00:00,,,,,Male,over 34,White - English/Welsh/Scottish/Northern Irish/British,White,Misuse of Drugs Act 1971 (section 23),Articles for use in criminal damage,A no further action disposal,,
Person and Vehicle search,2019-02-06T22:10:00+00:00,,,,,Male,18-24,White - English/Welsh/Scottish/Northern Irish/British,White,Misuse of Drugs Act 1971 (section 23),Articles for use in criminal damage,A no further action disposal,,
Person search,2019-02-07T00:41:00+00:00,,,,,Male,10-17,White - English/Welsh/Scottish/Northern Irish/British,White,Police and Criminal Evidence Act 1984 (section 1),Fireworks,A no further action disposal,,
Person search,2019-02-07T00:41:00+00:00,,,,,Male,10-17,White - English/Welsh/Scottish/Northern Irish/British,White,Police and Criminal Evidence Act 1984 (section 1),Fireworks,A no further action disposal,,
Person search,2019-02-07T00:42:00+00:00,,,,,Male,10-17,White - English/Welsh/Scottish/Northern Irish/British,White,Police and Criminal Evidence Act 1984 (section 1),Fireworks,A no further action disposal,,
Person search,2019-02-07T02:05:00+00:00,,,,,Male,18-24,White - English/Welsh/Scottish/Northern Irish/British,White,Police and Criminal Evidence Act 1984 (section 1),Offensive weapons,A no further action disposal,,
Person search,2019-02-07T09:45:00+00:00,,,,,Male,over 34,White - English/Welsh/Scottish/Northern Irish/British,White,Police and Criminal Evidence Act 1984 (section 1),Article for use in theft,A no further action disposal,,
Person search,2019-02-07T11:45:00+00:00,,,,,Male,18-24,Other ethnic group - Not stated,Asian,Misuse of Drugs Act 1971 (section 23),Articles for use in criminal damage,A no further action disposal,,
Person search,2019-02-07T14:10:00+00:00,,,53.760055,-2.704071,Male,25-34,White - English/Welsh/Scottish/Northern Irish/British,White,Police and Criminal Evidence Act 1984 (section 1),Article for use in theft,A no further action disposal,,
Person search,2019-02-07T15:15:00+00:00,,,,,Male,10-17,White - Irish,White,Police and Criminal Evidence Act 1984 (section 1),Fireworks,A no further action disposal,,
Person search,2019-02-07T15:15:00+00:00,,,,,Male,10-17,White - English/Welsh/Scottish/Northern Irish/British,White,Police and Criminal Evidence Act 1984 (section 1),Fireworks,A no further action disposal,,
Person and Vehicle search,2019-02-07T17:35:00+00:00,,,,,Male,25-34,White - English/Welsh/Scottish/Northern Irish/British,White,Police and Criminal Evidence Act 1984 (section 1),Fireworks,A no further action disposal,,
Person search,2019-02-07T18:50:00+00:00,,,53.812032,-3.050653,Male,over 34,Other ethnic group - Not stated,Black,Police and Criminal Evidence Act 1984 (section 1),Article for use in theft,Arrest,,
Person and Vehicle search,2019-02-07T20:10:00+00:00,,,53.820264,-3.039435,Male,25-34,White - English/Welsh/Scottish/Northern Irish/British,White,Misuse of Drugs Act 1971 (section 23),Articles for use in criminal damage,A no further action disposal,,
Person and Vehicle search,2019-02-07T23:00:00+00:00,,,,,Male,18-24,White - English/Welsh/Scottish/Northern Irish/British,White,Misuse of Drugs Act 1971 (section 23),Articles for use in criminal damage,A no further action disposal,,
Person and Vehicle search,2019-02-07T23:05:00+00:00,,,,,Other,18-24,White - Irish,White,Misuse of Drugs Act 1971 (section 23),Articles for use in criminal damage,Community resolution,,
Person and Vehicle search,2019-02-07T23:10:00+00:00,,,,,Male,25-34,White - English/Welsh/Scottish/Northern Irish/British,White,Misuse of Drugs Act 1971 (section 23),Articles for use in criminal damage,Arrest,,
Person and Vehicle search,2019-02-07T23:40:00+00:00,,,,,Male,18-24,White - English/Welsh/Scottish/Northern Irish/British,White,Misuse of Drugs Act 1971 (section 23),Articles for use in criminal damage,Arrest,,
Person and Vehicle search,2019-02-08T00:22:00+00:00,,,53.791278,-2.237975,Male,25-34,Asian/Asian British - Pakistani,Asian,Misuse of Drugs Act 1971 (section 23),Articles for use in criminal damage,A no further action disposal,,
Person and Vehicle search,2019-02-08T00:28:00+00:00,,,53.791278,-2.237975,Male,25-34,White - English/Welsh/Scottish/Northern Irish/British,White,Misuse of Drugs Act 1971 (section 23),Articles for use in criminal damage,A no further action disposal,,
Person search,2019-02-08T00:41:00+00:00,,,,,Male,10-17,White - English/Welsh/Scottish/Northern Irish/British,White,Police and Criminal Evidence Act 1984 (section 1),Fireworks,A no further action disposal,,
Person search,2019-02-08T01:45:00+00:00,,,,,Male,25-34,White - English/Welsh/Scottish/Northern Irish/British,White,Police and Criminal Evidence Act 1984 (section 1),Fireworks,A no further action disposal,,
Person and Vehicle search,2019-02-08T02:10:00+00:00,,,,,Male,over 34,Mixed/Multiple ethnic groups - Any other Mixed/Multiple ethnic background,Black,Misuse of Drugs Act 1971 (section 23),Articles for use in criminal damage,A no further action disposal,,
Person search,2019-02-08T02:18:00+00:00,,,53.786358,-2.230435,Male,over 34,White - English/Welsh/Scottish/Northern Irish/British,White,Police and Criminal Evidence Act 1984 (section 1),Fireworks,A no further action disposal,,
Person search,2019-02-08T10:20:00+00:00,,,,,Male,over 34,White - English/Welsh/Scottish/Northern Irish/British,White,Misuse of Drugs Act 1971 (section 23),Articles for use in criminal damage,A no further action disposal,,
Person search,2019-02-08T12:15:00+00:00,,,,,Male,25-34,White - English/Welsh/Scottish/Northern Irish/British,White,Misuse of Drugs Act 1971 (section 23),Articles for use in criminal damage,A no further action disposal,,
Vehicle search,2019-02-08T12:50:00+00:00,,,,,,,,,Misuse of Drugs Act 1971 (section 23),,A no further action disposal,,
Person search,2019-02-08T13:00:00+00:00,,,,,Male,25-34,White - English/Welsh/Scottish/Northern Irish/British,White,Police and Criminal Evidence Act 1984 (section 1),,Arrest,,
Person search,2019-02-08T13:35:00+00:00,,,,,Male,18-24,White - English/Welsh/Scottish/Northern Irish/British,White,Police and Criminal Evidence Act 1984 (section 1),Article for use in theft,A no further action disposal,,
Person search,2019-02-08T14:30:00+00:00,,,,,Male,10-17,Other ethnic group - Not stated,Asian,Misuse of Drugs Act 1971 (section 23),Articles for use in criminal damage,A no further action disposal,,
Person search,2019-02-08T14:50:00+00:00,,,,,Female,over 34,White - English/Welsh/Scottish/Northern Irish/British,White,Police and Criminal Evidence Act 1984 (section 1),Article for use in theft,Community resolution,,
Vehicle search,2019-02-08T16:50:00+00:00,,,,,,,,,Police and Criminal Evidence Act 1984 (section 1),,A no further action disposal,,
Person search,2019-02-08T19:25:00+00:00,,,54.072609,-2.866850,Male,over 34,White - English/Welsh/Scottish/Northern Irish/British,White,Police and Criminal Evidence Act 1984 (section 1),Article for use in theft,A no further action disposal,,
Person search,2019-02-08T21:30:00+00:00,,,,,Male,25-34,Asian/Asian British - Bangladeshi,Asian,Police and Criminal Evidence Act 1984 (section 1),Article for use in theft,Arrest,,
Person search,2019-02-08T22:10:00+00:00,,,,,Male,25-34,White - English/Welsh/Scottish/Northern Irish/British,White,Police and Criminal Evidence Act 1984 (section 1),,Arrest,,
Person search,2019-02-08T22:26:00+00:00,,,,,Male,25-34,White - English/Welsh/Scottish/Northern Irish/British,White,Police and Criminal Evidence Act 1984 (section 1),Article for use in theft,Arrest,,
Person search,2019-02-08T22:55:00+00:00,,,,,Male,10-17,White - English/Welsh/Scottish/Northern Irish/British,White,Police and Criminal Evidence Act 1984 (section 1),Fireworks,A no further action disposal,,
Vehicle search,2019-02-08T23:05:00+00:00,,,,,,,,,Police and Criminal Evidence Act 1984 (section 1),,A no further action disposal,,
Person search,2019-02-08T23:28:00+00:00,,,,,Male,10-17,White - English/Welsh/Scottish/Northern Irish/British,White,Police and Criminal Evidence Act 1984 (section 1),Fireworks,A no further action disposal,,
Vehicle search,2019-02-08T23:45:00+00:00,,,53.720273,-2.790497,,,,,Misuse of Drugs Act 1971 (section 23),,A no further action disposal,,
Person search,2019-02-08T23:45:00+00:00,,,53.720273,-2.790497,Male,10-17,,,Misuse of Drugs Act 1971 (section 23),Articles for use in criminal damage,,,
Person search,2019-02-09T00:49:00+00:00,,,,,Male,over 34,White - English/Welsh/Scottish/Northern Irish/British,White,Police and Criminal Evidence Act 1984 (section 1),Fireworks,A no further action disposal,,
Person and Vehicle search,2019-02-09T00:50:00+00:00,,,53.765646,-2.680559,Male,18-24,Asian/Asian British - Any other Asian background,Asian,Misuse of Drugs Act 1971 (section 23),Articles for use in criminal damage,A no further action disposal,,
Person search,2019-02-09T01:18:00+00:00,,,,,Male,,White - English/Welsh/Scottish/Northern Irish/British,White,Misuse of Drugs Act 1971 (section 23),Articles for use in criminal damage,A no further action disposal,,
Person search,2019-02-09T03:38:00+00:00,,,,,Male,25-34,White - English/Welsh/Scottish/Northern Irish/British,White,Police and Criminal Evidence Act 1984 (section 1),Fireworks,A no further action disposal,,
Person search,2019-02-09T17:38:00+00:00,,,,,Male,over 34,White - English/Welsh/Scottish/Northern Irish/British,White,Misuse of Drugs Act 1971 (section 23),Articles for use in criminal damage,A no further action disposal,,
Person search,2019-02-09T18:06:00+00:00,,,,,Male,25-34,White - English/Welsh/Scottish/Northern Irish/British,White,Misuse of Drugs Act 1971 (section 23),Articles for use in criminal damage,A no further action disposal,,
Person search,2019-02-09T19:00:00+00:00,,,53.576776,-2.881258,Male,10-17,White - English/Welsh/Scottish/Northern Irish/British,White,Police and Criminal Evidence Act 1984 (section 1),Fireworks,A no further action disposal,,
Person and Vehicle search,2019-02-09T19:30:00+00:00,,,53.736809,-2.719585,Male,18-24,White - English/Welsh/Scottish/Northern Irish/British,White,Misuse of Drugs Act 1971 (section 23),Articles for use in criminal damage,Summons / charged by post,,
Person and Vehicle search,2019-02-09T19:32:00+00:00,,,,,Male,10-17,White - English/Welsh/Scottish/Northern Irish/British,White,Misuse of Drugs Act 1971 (section 23),Articles for use in criminal damage,A no further action disposal,,
Person search,2019-02-09T21:43:00+00:00,,,,,Male,18-24,Other ethnic group - Not stated,White,Misuse of Drugs Act 1971 (section 23),Articles for use in criminal damage,A no further action disposal,,
Person and Vehicle search,2019-02-10T00:20:00+00:00,,,,,Male,18-24,White - English/Welsh/Scottish/Northern Irish/British,White,Misuse of Drugs Act 1971 (section 23),Articles for use in criminal damage,Arrest,,
Person search,2019-02-10T00:35:00+00:00,,,53.807635,-3.042631,Male,25-34,White - English/Welsh/Scottish/Northern Irish/British,White,Misuse of Drugs Act 1971 (section 23),Articles for use in criminal damage,A no further action disposal,,
Person search,2019-02-10T04:06:00+00:00,,,,,Female,10-17,White - English/Welsh/Scottish/Northern Irish/British,White,Police and Criminal Evidence Act 1984 (section 1),,A no further action disposal,,
Person and Vehicle search,2019-02-10T04:30:00+00:00,,,,,Male,over 34,White - English/Welsh/Scottish/Northern Irish/British,White,Police and Criminal Evidence Act 1984 (section 1),,A no further action disposal,,
Person and Vehicle search,2019-02-10T14:00:00+00:00,,,,,Male,over 34,White - English/Welsh/Scottish/Northern Irish/British,White,Misuse of Drugs Act 1971 (section 23),Articles for use in criminal damage,Caution (simple or conditional),,
Person and Vehicle search,2019-02-10T17:55:00+00:00,,,53.840506,-3.003568,Male,18-24,Mixed/Multiple ethnic groups - White and Black Caribbean,White,Misuse of Drugs Act 1971 (section 23),Articles for use in criminal damage,Community resolution,,
Person and Vehicle search,2019-02-10T17:55:00+00:00,,,53.840506,-3.003568,Male,10-17,Mixed/Multiple ethnic groups - White and Black Caribbean,White,Misuse of Drugs Act 1971 (section 23),Articles for use in criminal damage,Community resolution,,
Person search,2019-02-10T18:27:00+00:00,,,,,Male,10-17,Mixed/Multiple ethnic groups - White and Black Caribbean,Black,Misuse of Drugs Act 1971 (section 23),Articles for use in criminal damage,A no further action disposal,,
Person and Vehicle search,2019-02-10T20:55:00+00:00,,,54.069312,-2.874146,Male,18-24,White - English/Welsh/Scottish/Northern Irish/British,White,Misuse of Drugs Act 1971 (section 23),Articles for use in criminal damage,Caution (simple or conditional),,
Person search,2019-02-11T11:05:00+00:00,,,,,Male,over 34,White - English/Welsh/Scottish/Northern Irish/British,White,Police and Criminal Evidence Act 1984 (section 1),Article for use in theft,A no further action disposal,,
Person search,2019-02-11T16:08:00+00:00,,,,,Male,over 34,Other ethnic group - Not stated,White,Misuse of Drugs Act 1971 (section 23),Articles for use in criminal damage,A no further action disposal,,
Person search,2019-02-11T17:35:00+00:00,,,,,Male,25-34,White - English/Welsh/Scottish/Northern Irish/British,White,Misuse of Drugs Act 1971 (section 23),Articles for use in criminal damage,Community resolution,,
Person search,2019-02-11T20:55:00+00:00,,,,,Male,18-24,White - English/Welsh/Scottish/Northern Irish/British,White,Misuse of Drugs Act 1971 (section 23),Articles for use in criminal damage,Penalty Notice for Disorder,,
Person search,2019-02-12T01:47:00+00:00,,,53.765646,-2.680559,Male,25-34,White - English/Welsh/Scottish/Northern Irish/British,White,Police and Criminal Evidence Act 1984 (section 1),Fireworks,Arrest,,
Person search,2019-02-12T02:10:00+00:00,,,,,Female,over 34,White - English/Welsh/Scottish/Northern Irish/British,White,Misuse of Drugs Act 1971 (section 23),Articles for use in criminal damage,A no further action disposal,,
Person search,2019-02-12T02:50:00+00:00,,,,,Male,25-34,White - English/Welsh/Scottish/Northern Irish/British,White,Police and Criminal Evidence Act 1984 (section 1),Fireworks,A no further action disposal,,
Person search,2019-02-12T03:10:00+00:00,,,,,Male,25-34,White - English/Welsh/Scottish/Northern Irish/British,White,Police and Criminal Evidence Act 1984 (section 1),Fireworks,A no further action disposal,,
Person search,2019-02-12T13:40:00+00:00,,,,,Female,18-24,White - English/Welsh/Scottish/Northern Irish/British,White,Police and Criminal Evidence Act 1984 (section 1),,,,
Person search,2019-02-12T17:41:00+00:00,,,,,Male,10-17,White - English/Welsh/Scottish/Northern Irish/British,White,Police and Criminal Evidence Act 1984 (section 1),Fireworks,A no further action disposal,,
Person search,2019-02-12T18:00:00+00:00,,,,,Male,10-17,White - English/Welsh/Scottish/Northern Irish/British,White,Police and Criminal Evidence Act 1984 (section 1),Fireworks,A no further action disposal,,
Person search,2019-02-12T18:00:00+00:00,,,,,Male,10-17,White - English/Welsh/Scottish/Northern Irish/British,White,Police and Criminal Evidence Act 1984 (section 1),Fireworks,A no further action disposal,,
Person search,2019-02-12T18:00:00+00:00,,,,,Male,10-17,White - English/Welsh/Scottish/Northern Irish/British,White,Police and Criminal Evidence Act 1984 (section 1),Fireworks,A no further action disposal,,
Person and Vehicle search,2019-02-13T01:30:00+00:00,,,53.767831,-2.376915,Male,25-34,White - English/Welsh/Scottish/Northern Irish/British,White,Misuse of Drugs Act 1971 (section 23),Articles for use in criminal damage,Arrest,,
Person search,2019-02-13T04:00:00+00:00,,,,,Male,18-24,Other ethnic group - Not stated,White,Police and Criminal Evidence Act 1984 (section 1),Article for use in theft,A no further action disposal,,
Person search,2019-02-13T11:31:00+00:00,,,,,Male,25-34,White - Any other White background,White,Police and Criminal Evidence Act 1984 (section 1),,A no further action disposal,,
Person search,2019-02-13T16:30:00+00:00,,,,,Male,18-24,White - English/Welsh/Scottish/Northern Irish/British,White,Police and Criminal Evidence Act 1984 (section 1),,A no further action disposal,,
Person search,2019-02-13T16:42:00+00:00,,,53.567820,-2.886568,Male,10-17,White - English/Welsh/Scottish/Northern Irish/British,White,Misuse of Drugs Act 1971 (section 23),Articles for use in criminal damage,A no further action disposal,,
Person search,2019-02-13T18:10:00+00:00,,,53.570051,-2.882704,Male,18-24,,White,Police and Criminal Evidence Act 1984 (section 1),Fireworks,A no further action disposal,,
Person search,2019-02-13T18:40:00+00:00,,,53.574297,-2.887112,Male,25-34,White - English/Welsh/Scottish/Northern Irish/British,White,Misuse of Drugs Act 1971 (section 23),Articles for use in criminal damage,Arrest,,
Vehicle search,2019-02-13T19:00:00+00:00,,,,,,,,,Misuse of Drugs Act 1971 (section 23),,Penalty Notice for Disorder,,
Person and Vehicle search,2019-02-13T19:00:00+00:00,,,,,Male,25-34,White - English/Welsh/Scottish/Northern Irish/British,White,Misuse of Drugs Act 1971 (section 23),Articles for use in criminal damage,A no further action disposal,,
Person and Vehicle search,2019-02-13T20:50:00+00:00,,,,,Male,18-24,White - English/Welsh/Scottish/Northern Irish/British,White,Misuse of Drugs Act 1971 (section 23),Articles for use in criminal damage,Community resolution,,
Person and Vehicle search,2019-02-13T22:25:00+00:00,,,53.824079,-3.044194,Male,over 34,Other ethnic group - Not stated,,Misuse of Drugs Act 1971 (section 23),Articles for use in criminal damage,Arrest,,
Person search,2019-02-13T22:53:00+00:00,,,,,Male,25-34,White - English/Welsh/Scottish/Northern Irish/British,Asian,Misuse of Drugs Act 1971 (section 23),Articles for use in criminal damage,A no further action disposal,,
Vehicle search,2019-02-14T01:00:00+00:00,,,,,,,,,Police and Criminal Evidence Act 1984 (section 1),,Arrest,,
Person and Vehicle search,2019-02-14T01:15:00+00:00,,,,,Male,over 34,White - English/Welsh/Scottish/Northern Irish/British,White,Police and Criminal Evidence Act 1984 (section 1),Fireworks,Arrest,,
Person and Vehicle search,2019-02-14T03:05:00+00:00,,,,,Male,25-34,White - English/Welsh/Scottish/Northern Irish/British,White,Police and Criminal Evidence Act 1984 (section 1),Fireworks,A no further action disposal,,
Person and Vehicle search,2019-02-14T03:05:00+00:00,,,,,Male,25-34,White - English/Welsh/Scottish/Northern Irish/British,White,Police and Criminal Evidence Act 1984 (section 1),Fireworks,A no further action disposal,,
Person search,2019-02-14T20:00:00+00:00,,,,,Male,10-17,White - English/Welsh/Scottish/Northern Irish/British,White,Police and Criminal Evidence Act 1984 (section 1),Article for use in theft,A no further action disposal,,
Person search,2019-02-14T21:01:00+00:00,,,,,Male,10-17,Other ethnic group - Not stated,White,Police and Criminal Evidence Act 1984 (section 1),Article for use in theft,A no further action disposal,,
Person search,2019-02-14T21:50:00+00:00,,,54.072609,-2.866850,Male,25-34,Other ethnic group - Not stated,White,Police and Criminal Evidence Act 1984 (section 1),Article for use in theft,A no further action disposal,,
Person search,2019-02-14T21:50:00+00:00,,,,,Male,over 34,Other ethnic group - Not stated,Asian,Misuse of Drugs Act 1971 (section 23),Articles for use in criminal damage,A no further action disposal,,
Person search,2019-02-14T22:30:00+00:00,,,,,Male,25-34,White - English/Welsh/Scottish/Northern Irish/British,White,Police and Criminal Evidence Act 1984 (section 1),Fireworks,A no further action disposal,,
Person and Vehicle search,2019-02-15T12:00:00+00:00,,,,,Male,25-34,White - English/Welsh/Scottish/Northern Irish/British,White,Misuse of Drugs Act 1971 (section 23),Articles for use in criminal damage,A no further action disposal,,
Person and Vehicle search,2019-02-15T12:00:00+00:00,,,,,Male,18-24,White - English/Welsh/Scottish/Northern Irish/British,White,Misuse of Drugs Act 1971 (section 23),Articles for use in criminal damage,Community resolution,,
Person search,2019-02-15T13:46:00+00:00,,,53.820269,-3.053274,Male,over 34,White - English/Welsh/Scottish/Northern Irish/British,White,Police and Criminal Evidence Act 1984 (section 1),,A no further action disposal,,
Vehicle search,2019-02-15T20:15:00+00:00,,,,,,,,,Misuse of Drugs Act 1971 (section 23),,,,
Vehicle search,2019-02-15T23:00:00+00:00,,,,,,,,,Misuse of Drugs Act 1971 (section 23),,Arrest,,
Person and Vehicle search,2019-02-15T23:00:00+00:00,,,53.877383,-3.039681,Male,18-24,,White,Misuse of Drugs Act 1971 (section 23),Articles for use in criminal damage,A no further action disposal,,
Vehicle search,2019-02-15T23:25:00+00:00,,,,,,,,,Police and Criminal Evidence Act 1984 (section 1),,A no further action disposal,,
Person and Vehicle search,2019-02-16T00:11:00+00:00,,,53.750124,-2.359635,Male,18-24,Asian/Asian British - Pakistani,Asian,Misuse of Drugs Act 1971 (section 23),Articles for use in criminal damage,A no further action disposal,,
Person and Vehicle search,2019-02-16T00:14:00+00:00,,,53.750124,-2.359635,Male,25-34,Asian/Asian British - Pakistani,Asian,Misuse of Drugs Act 1971 (section 23),Articles for use in criminal damage,A no further action disposal,,
Person and Vehicle search,2019-02-16T00:28:00+00:00,,,53.750124,-2.359635,Male,18-24,Other ethnic group - Not stated,Asian,Misuse of Drugs Act 1971 (section 23),Articles for use in criminal damage,A no further action disposal,,
Person and Vehicle search,2019-02-16T00:30:00+00:00,,,,,Male,18-24,White - English/Welsh/Scottish/Northern Irish/British,White,Misuse of Drugs Act 1971 (section 23),Articles for use in criminal damage,Arrest,,
Person and Vehicle search,2019-02-16T00:45:00+00:00,,,,,Female,18-24,White - English/Welsh/Scottish/Northern Irish/British,White,Misuse of Drugs Act 1971 (section 23),Articles for use in criminal damage,A no further action disposal,,
Person and Vehicle search,2019-02-16T00:50:00+00:00,,,,,Male,over 34,White - English/Welsh/Scottish/Northern Irish/British,White,Misuse of Drugs Act 1971 (section 23),Articles for use in criminal damage,A no further action disposal,,
Person search,2019-02-16T00:55:00+00:00,,,,,Male,over 34,White - English/Welsh/Scottish/Northern Irish/British,White,Police and Criminal Evidence Act 1984 (section 1),Fireworks,Arrest,,
Person and Vehicle search,2019-02-16T01:33:00+00:00,,,,,Male,18-24,Asian/Asian British - Indian,Asian,Misuse of Drugs Act 1971 (section 23),Articles for use in criminal damage,A no further action disposal,,
Person and Vehicle search,2019-02-16T03:15:00+00:00,,,,,Male,25-34,White - English/Welsh/Scottish/Northern Irish/British,White,Misuse of Drugs Act 1971 (section 23),Articles for use in criminal damage,Arrest,,
Person search,2019-02-16T03:21:00+00:00,,,53.668429,-2.627924,Male,25-34,White - English/Welsh/Scottish/Northern Irish/British,White,Misuse of Drugs Act 1971 (section 23),Articles for use in criminal damage,A no further action disposal,,
Person and Vehicle search,2019-02-16T03:31:00+00:00,,,53.668429,-2.627924,Male,25-34,White - English/Welsh/Scottish/Northern Irish/British,White,Misuse of Drugs Act 1971 (section 23),Articles for use in criminal damage,A no further action disposal,,
Person search,2019-02-16T03:50:00+00:00,,,,,Male,10-17,White - English/Welsh/Scottish/Northern Irish/British,White,Police and Criminal Evidence Act 1984 (section 1),,Arrest,,
Person search,2019-02-16T03:50:00+00:00,,,53.919187,-3.012337,Male,10-17,White - English/Welsh/Scottish/Northern Irish/British,White,Police and Criminal Evidence Act 1984 (section 1),,,,
Person search,2019-02-16T05:15:00+00:00,,,,,Male,25-34,White - English/Welsh/Scottish/Northern Irish/British,White,Police and Criminal Evidence Act 1984 (section 1),Fireworks,Arrest,,
Person search,2019-02-16T13:24:00+00:00,,,53.817342,-3.013328,Male,over 34,White - Irish,White,Police and Criminal Evidence Act 1984 (section 1),Article for use in theft,A no further action disposal,,
Person search,2019-02-16T14:30:00+00:00,,,,,Male,over 34,White - English/Welsh/Scottish/Northern Irish/British,White,Police and Criminal Evidence Act 1984 (section 1),Article for use in theft,A no further action disposal,,
Person and Vehicle search,2019-02-16T19:49:00+00:00,,,,,Male,over 34,White - English/Welsh/Scottish/Northern Irish/British,White,Police and Criminal Evidence Act 1984 (section 1),Fireworks,A no further action disposal,,
Person and Vehicle search,2019-02-16T22:57:00+00:00,,,,,Male,18-24,Asian/Asian British - Pakistani,Asian,Misuse of Drugs Act 1971 (section 23),Articles for use in criminal damage,A no further action disposal,,
Person and Vehicle search,2019-02-16T23:00:00+00:00,,,53.747531,-2.467458,Male,18-24,Asian/Asian British - Pakistani,Asian,Misuse of Drugs Act 1971 (section 23),Articles for use in criminal damage,,,
Person search,2019-02-16T23:08:00+00:00,,,53.817001,-3.052858,Male,25-34,White - English/Welsh/Scottish/Northern Irish/British,White,Police and Criminal Evidence Act 1984 (section 1),Article for use in theft,A no further action disposal,,
Person search,2019-02-16T23:10:00+00:00,,,,,Male,25-34,White - English/Welsh/Scottish/Northern Irish/British,White,Police and Criminal Evidence Act 1984 (section 1),Article for use in theft,A no further action disposal,,
Person and Vehicle search,2019-02-16T23:17:00+00:00,,,,,Female,18-24,Other ethnic group - Not stated,White,Misuse of Drugs Act 1971 (section 23),Articles for use in criminal damage,A no further action disposal,,
Person and Vehicle search,2019-02-16T23:17:00+00:00,,,,,Male,25-34,Other ethnic group - Not stated,White,Misuse of Drugs Act 1971 (section 23),Articles for use in criminal damage,A no further action disposal,,
Person and Vehicle search,2019-02-17T00:20:00+00:00,,,,,Male,over 34,White - English/Welsh/Scottish/Northern Irish/British,White,Police and Criminal Evidence Act 1984 (section 1),Fireworks,A no further action disposal,,
Vehicle search,2019-02-17T00:22:00+00:00,,,,,,,,,Police and Criminal Evidence Act 1984 (section 1),,,,
Person search,2019-02-17T00:24:00+00:00,,,,,Male,over 34,White - English/Welsh/Scottish/Northern Irish/British,White,Police and Criminal Evidence Act 1984 (section 1),,A no further action disposal,,
Person search,2019-02-17T01:07:00+00:00,,,,,Male,over 34,White - English/Welsh/Scottish/Northern Irish/British,White,Police and Criminal Evidence Act 1984 (section 1),Article for use in theft,A no further action disposal,,
Person search,2019-02-17T13:43:00+00:00,,,,,Male,10-17,Black/African/Caribbean/Black British - Any other Black/African/Caribbean background,Black,Police and Criminal Evidence Act 1984 (section 1),Article for use in theft,Arrest,,
Person search,2019-02-17T16:54:00+00:00,,,,,Female,10-17,Other ethnic group - Not stated,White,Police and Criminal Evidence Act 1984 (section 1),Fireworks,A no further action disposal,,
Person search,2019-02-17T16:55:00+00:00,,,,,Male,10-17,White - English/Welsh/Scottish/Northern Irish/British,White,Police and Criminal Evidence Act 1984 (section 1),Fireworks,A no further action disposal,,
Person search,2019-02-17T16:55:00+00:00,,,,,Male,10-17,White - English/Welsh/Scottish/Northern Irish/British,White,Police and Criminal Evidence Act 1984 (section 1),Fireworks,A no further action disposal,,
Person search,2019-02-17T18:55:00+00:00,,,,,Male,10-17,White - English/Welsh/Scottish/Northern Irish/British,White,Police and Criminal Evidence Act 1984 (section 1),Fireworks,A no further action disposal,,
Person and Vehicle search,2019-02-17T19:57:00+00:00,,,,,Male,over 34,White - English/Welsh/Scottish/Northern Irish/British,White,Police and Criminal Evidence Act 1984 (section 1),,A no further action disposal,,
Person and Vehicle search,2019-02-17T20:00:00+00:00,,,,,Male,25-34,White - English/Welsh/Scottish/Northern Irish/British,White,Misuse of Drugs Act 1971 (section 23),Articles for use in criminal damage,A no further action disposal,,
Person and Vehicle search,2019-02-17T20:20:00+00:00,,,,,Male,25-34,White - English/Welsh/Scottish/Northern Irish/British,White,Misuse of Drugs Act 1971 (section 23),Articles for use in criminal damage,Arrest,,
Person search,2019-02-17T20:20:00+00:00,,,,,Male,18-24,Asian/Asian British - Pakistani,Asian,Misuse of Drugs Act 1971 (section 23),Articles for use in criminal damage,,,
Person and Vehicle search,2019-02-17T23:42:00+00:00,,,,,Male,18-24,Asian/Asian British - Pakistani,Asian,Misuse of Drugs Act 1971 (section 23),Articles for use in criminal damage,A no further action disposal,,
Person and Vehicle search,2019-02-17T23:43:00+00:00,,,,,Male,18-24,White - English/Welsh/Scottish/Northern Irish/British,White,Police and Criminal Evidence Act 1984 (section 1),Articles for use in criminal damage,A no further action disposal,,
Person search,2019-02-18T01:03:00+00:00,,,53.817001,-3.052858,Male,25-34,White - English/Welsh/Scottish/Northern Irish/British,White,Police and Criminal Evidence Act 1984 (section 1),Article for use in theft,A no further action disposal,,
Person search,2019-02-18T02:24:00+00:00,,,53.795913,-2.272979,Male,25-34,White - English/Welsh/Scottish/Northern Irish/British,White,Police and Criminal Evidence Act 1984 (section 1),,Arrest,,
Person search,2019-02-18T03:57:00+00:00,,,,,Male,over 34,White - English/Welsh/Scottish/Northern Irish/British,White,Police and Criminal Evidence Act 1984 (section 1),Fireworks,A no further action disposal,,
Person search,2019-02-18T04:05:00+00:00,,,,,Male,25-34,White - English/Welsh/Scottish/Northern Irish/British,White,Police and Criminal Evidence Act 1984 (section 1),Fireworks,A no further action disposal,,
Person search,2019-02-18T11:20:00+00:00,,,,,Male,18-24,White - English/Welsh/Scottish/Northern Irish/British,White,Police and Criminal Evidence Act 1984 (section 1),,A no further action disposal,,
Person search,2019-02-18T15:15:00+00:00,,,,,Male,10-17,White - English/Welsh/Scottish/Northern Irish/British,White,Police and Criminal Evidence Act 1984 (section 1),Articles for use in criminal damage,A no further action disposal,,
Person search,2019-02-18T22:35:00+00:00,,,,,Male,over 34,White - English/Welsh/Scottish/Northern Irish/British,White,Police and Criminal Evidence Act 1984 (section 1),Article for use in theft,A no further action disposal,,
Person search,2019-02-18T23:15:00+00:00,,,,,Male,18-24,Other ethnic group - Not stated,Asian,Misuse of Drugs Act 1971 (section 23),Articles for use in criminal damage,Arrest,,
Person and Vehicle search,2019-02-18T23:15:00+00:00,,,,,Male,18-24,Other ethnic group - Not stated,Asian,Misuse of Drugs Act 1971 (section 23),Articles for use in criminal damage,Arrest,,
Person search,2019-02-18T23:47:00+00:00,,,,,Male,18-24,White - English/Welsh/Scottish/Northern Irish/British,White,Police and Criminal Evidence Act 1984 (section 1),Fireworks,A no further action disposal,,
Person search,2019-02-18T23:54:00+00:00,,,,,Male,18-24,White - English/Welsh/Scottish/Northern Irish/British,White,Police and Criminal Evidence Act 1984 (section 1),Fireworks,A no further action disposal,,
Person search,2019-02-19T00:43:00+00:00,,,,,Male,over 34,White - English/Welsh/Scottish/Northern Irish/British,White,Police and Criminal Evidence Act 1984 (section 1),Fireworks,A no further action disposal,,
Person search,2019-02-19T03:00:00+00:00,,,,,Male,over 34,White - English/Welsh/Scottish/Northern Irish/British,White,Police and Criminal Evidence Act 1984 (section 1),Fireworks,A no further action disposal,,
Person search,2019-02-19T03:30:00+00:00,,,,,Male,over 34,White - English/Welsh/Scottish/Northern Irish/British,White,Police and Criminal Evidence Act 1984 (section 1),Fireworks,A no further action disposal,,
Person search,2019-02-19T05:20:00+00:00,,,,,Male,over 34,White - English/Welsh/Scottish/Northern Irish/British,White,Police and Criminal Evidence Act 1984 (section 1),,A no further action disposal,,
Person and Vehicle search,2019-02-19T14:43:00+00:00,,,,,Male,18-24,Asian/Asian British - Any other Asian background,Asian,Misuse of Drugs Act 1971 (section 23),Articles for use in criminal damage,Arrest,,
Person search,2019-02-19T15:37:00+00:00,,,,,Male,over 34,White - Any other White background,White,Police and Criminal Evidence Act 1984 (section 1),Fireworks,Arrest,,
Vehicle search,2019-02-19T15:48:00+00:00,,,,,,,,,Police and Criminal Evidence Act 1984 (section 1),,,,
Person search,2019-02-19T15:55:00+00:00,,,,,Other,18-24,White - English/Welsh/Scottish/Northern Irish/British,White,Police and Criminal Evidence Act 1984 (section 1),Article for use in theft,A no further action disposal,,
Person search,2019-02-19T16:09:00+00:00,,,53.770773,-2.712383,Male,18-24,White - English/Welsh/Scottish/Northern Irish/British,White,Police and Criminal Evidence Act 1984 (section 1),Article for use in theft,A no further action disposal,,
Person search,2019-02-19T17:35:00+00:00,,,,,Male,over 34,White - English/Welsh/Scottish/Northern Irish/British,White,Misuse of Drugs Act 1971 (section 23),Articles for use in criminal damage,A no further action disposal,,
Person search,2019-02-19T17:47:00+00:00,,,,,Male,25-34,White - English/Welsh/Scottish/Northern Irish/British,White,Misuse of Drugs Act 1971 (section 23),Articles for use in criminal damage,A no further action disposal,,
Person and Vehicle search,2019-02-19T17:50:00+00:00,,,53.710106,-2.322570,Male,25-34,Other ethnic group - Not stated,Asian,Misuse of Drugs Act 1971 (section 23),Articles for use in criminal damage,A no further action disposal,,
Person and Vehicle search,2019-02-19T17:50:00+00:00,,,53.710106,-2.322570,Male,18-24,Other ethnic group - Not stated,Asian,Misuse of Drugs Act 1971 (section 23),Articles for use in criminal damage,A no further action disposal,,
Person search,2019-02-19T18:30:00+00:00,,,,,Male,25-34,Other ethnic group - Not stated,White,Police and Criminal Evidence Act 1984 (section 1),Article for use in theft,A no further action disposal,,
Person search,2019-02-19T18:40:00+00:00,,,,,Male,25-34,White - English/Welsh/Scottish/Northern Irish/British,White,Police and Criminal Evidence Act 1984 (section 1),Article for use in theft,A no further action disposal,,
Person search,2019-02-19T19:05:00+00:00,,,,,Male,25-34,White - English/Welsh/Scottish/Northern Irish/British,White,Misuse of Drugs Act 1971 (section 23),Articles for use in criminal damage,A no further action disposal,,
Person search,2019-02-19T19:10:00+00:00,,,,,Male,10-17,White - English/Welsh/Scottish/Northern Irish/British,White,Police and Criminal Evidence Act 1984 (section 1),Article for use in theft,A no further action disposal,,
Person search,2019-02-19T21:21:00+00:00,,,,,Female,10-17,White - English/Welsh/Scottish/Northern Irish/British,White,Police and Criminal Evidence Act 1984 (section 1),Fireworks,A no further action disposal,,
Person and Vehicle search,2019-02-20T01:52:00+00:00,,,,,Male,25-34,White - Irish,White,Misuse of Drugs Act 1971 (section 23),Articles for use in criminal damage,A no further action disposal,,
Person search,2019-02-20T03:09:00+00:00,,,,,Male,10-17,White - English/Welsh/Scottish/Northern Irish/British,White,Police and Criminal Evidence Act 1984 (section 1),Fireworks,A no further action disposal,,
Person search,2019-02-20T04:05:00+00:00,,,,,Male,over 34,White - English/Welsh/Scottish/Northern Irish/British,White,Police and Criminal Evidence Act 1984 (section 1),Fireworks,A no further action disposal,,
Person search,2019-02-20T05:07:00+00:00,,,,,Male,10-17,White - English/Welsh/Scottish/Northern Irish/British,White,Police and Criminal Evidence Act 1984 (section 1),Fireworks,Arrest,,
Person and Vehicle search,2019-02-20T08:07:00+00:00,,,,,Female,18-24,White - English/Welsh/Scottish/Northern Irish/British,White,Misuse of Drugs Act 1971 (section 23),Articles for use in criminal damage,Arrest,,
Person and Vehicle search,2019-02-20T08:07:00+00:00,,,,,Male,over 34,White - English/Welsh/Scottish/Northern Irish/British,White,Misuse of Drugs Act 1971 (section 23),Articles for use in criminal damage,Arrest,,
Person and Vehicle search,2019-02-20T11:10:00+00:00,,,,,Male,18-24,Other ethnic group - Not stated,White,Misuse of Drugs Act 1971 (section 23),Articles for use in criminal damage,A no further action disposal,,
Person and Vehicle search,2019-02-20T11:10:00+00:00,,,,,Male,18-24,Other ethnic group - Not stated,Asian,Misuse of Drugs Act 1971 (section 23),Articles for use in criminal damage,A no further action disposal,,
Vehicle search,2019-02-20T16:30:00+00:00,,,,,,,,,Misuse of Drugs Act 1971 (section 23),,A no further action disposal,,
Person search,2019-02-20T16:30:00+00:00,,,,,Male,18-24,Other ethnic group - Not stated,White,Misuse of Drugs Act 1971 (section 23),Articles for use in criminal damage,A no further action disposal,,
Person and Vehicle search,2019-02-20T17:50:00+00:00,,,,,Male,,Other ethnic group - Not stated,White,Misuse of Drugs Act 1971 (section 23),Articles for use in criminal damage,A no further action disposal,,
Person and Vehicle search,2019-02-20T21:00:00+00:00,,,,,Male,18-24,White - English/Welsh/Scottish/Northern Irish/British,White,Misuse of Drugs Act 1971 (section 23),Articles for use in criminal damage,A no further action disposal,,
Person and Vehicle search,2019-02-20T21:00:00+00:00,,,,,Male,18-24,White - English/Welsh/Scottish/Northern Irish/British,White,Misuse of Drugs Act 1971 (section 23),Articles for use in criminal damage,A no further action disposal,,
Person and Vehicle search,2019-02-20T21:26:00+00:00,,,,,Male,18-24,White - English/Welsh/Scottish/Northern Irish/British,White,Misuse of Drugs Act 1971 (section 23),Articles for use in criminal damage,Penalty Notice for Disorder,,
Person and Vehicle search,2019-02-20T22:26:00+00:00,,,,,Male,18-24,White - English/Welsh/Scottish/Northern Irish/British,White,Misuse of Drugs Act 1971 (section 23),Articles for use in criminal damage,A no further action disposal,,
Person and Vehicle search,2019-02-20T22:26:00+00:00,,,53.807635,-3.042631,Male,18-24,White - English/Welsh/Scottish/Northern Irish/British,White,Misuse of Drugs Act 1971 (section 23),Articles for use in criminal damage,A no further action disposal,,
Person and Vehicle search,2019-02-20T22:26:00+00:00,,,,,Male,18-24,White - English/Welsh/Scottish/Northern Irish/British,White,Misuse of Drugs Act 1971 (section 23),Articles for use in criminal damage,A no further action disposal,,
Person search,2019-02-21T07:40:00+00:00,,,,,Male,over 34,Other ethnic group - Not stated,,Police and Criminal Evidence Act 1984 (section 1),Fireworks,Arrest,,
Person and Vehicle search,2019-02-21T11:00:00+00:00,,,53.850304,-3.047583,Male,18-24,White - English/Welsh/Scottish/Northern Irish/British,White,Misuse of Drugs Act 1971 (section 23),Articles for use in criminal damage,A no further action disposal,,
Person and Vehicle search,2019-02-21T11:00:00+00:00,,,53.850304,-3.047583,Male,over 34,White - English/Welsh/Scottish/Northern Irish/British,White,Misuse of Drugs Act 1971 (section 23),Articles for use in criminal damage,A no further action disposal,,
Vehicle search,2019-02-21T14:00:00+00:00,,,,,,,,,Misuse of Drugs Act 1971 (section 23),,,,
Person search,2019-02-21T14:00:00+00:00,,,53.567820,-2.886568,Male,10-17,White - English/Welsh/Scottish/Northern Irish/British,White,Misuse of Drugs Act 1971 (section 23),Articles for use in criminal damage,A no further action disposal,,
Person search,2019-02-21T14:30:00+00:00,,,,,Female,25-34,White - English/Welsh/Scottish/Northern Irish/British,White,Police and Criminal Evidence Act 1984 (section 1),Offensive weapons,A no further action disposal,,
Person search,2019-02-21T15:00:00+00:00,,,53.567049,-2.882717,Male,25-34,White - English/Welsh/Scottish/Northern Irish/British,White,Misuse of Drugs Act 1971 (section 23),Articles for use in criminal damage,A no further action disposal,,
Person search,2019-02-21T15:00:00+00:00,,,53.566322,-2.880105,Female,18-24,,White,Misuse of Drugs Act 1971 (section 23),,A no further action disposal,,
Person search,2019-02-21T15:34:00+00:00,,,,,Male,10-17,White - English/Welsh/Scottish/Northern Irish/British,White,Misuse of Drugs Act 1971 (section 23),Articles for use in criminal damage,A no further action disposal,,
Person search,2019-02-21T18:22:00+00:00,,,,,Male,18-24,Other ethnic group - Not stated,White,Police and Criminal Evidence Act 1984 (section 1),Article for use in theft,A no further action disposal,,
Person and Vehicle search,2019-02-21T18:45:00+00:00,,,,,Male,18-24,White - English/Welsh/Scottish/Northern Irish/British,White,Misuse of Drugs Act 1971 (section 23),Articles for use in criminal damage,A no further action disposal,,
Person and Vehicle search,2019-02-21T18:45:00+00:00,,,53.812032,-3.050653,Male,18-24,White - English/Welsh/Scottish/Northern Irish/British,White,Misuse of Drugs Act 1971 (section 23),Articles for use in criminal damage,A no further action disposal,,
Person and Vehicle search,2019-02-21T18:46:00+00:00,,,53.812032,-3.050653,Male,18-24,White - English/Welsh/Scottish/Northern Irish/British,White,Misuse of Drugs Act 1971 (section 23),Articles for use in criminal damage,A no further action disposal,,
Person and Vehicle search,2019-02-21T18:46:00+00:00,,,53.812032,-3.050653,Male,18-24,White - English/Welsh/Scottish/Northern Irish/British,White,Misuse of Drugs Act 1971 (section 23),Articles for use in criminal damage,A no further action disposal,,
Person search,2019-02-21T23:16:00+00:00,,,,,Male,10-17,White - English/Welsh/Scottish/Northern Irish/British,White,Police and Criminal Evidence Act 1984 (section 1),Fireworks,,,
Person search,2019-02-22T05:10:00+00:00,,,,,Male,over 34,White - English/Welsh/Scottish/Northern Irish/British,White,Police and Criminal Evidence Act 1984 (section 1),Fireworks,A no further action disposal,,
Vehicle search,2019-02-22T09:40:00+00:00,,,,,,,,,Misuse of Drugs Act 1971 (section 23),,,,
Person search,2019-02-22T09:45:00+00:00,,,,,Male,over 34,Other ethnic group - Not stated,Black,Misuse of Drugs Act 1971 (section 23),Articles for use in criminal damage,A no further action disposal,,
Person search,2019-02-22T17:40:00+00:00,,,53.841999,-2.217929,Male,18-24,Asian/Asian British - Pakistani,Asian,Police and Criminal Evidence Act 1984 (section 1),Article for use in theft,A no further action disposal,,
Person search,2019-02-22T17:50:00+00:00,,,53.841999,-2.217929,Male,10-17,Asian/Asian British - Pakistani,Asian,Police and Criminal Evidence Act 1984 (section 1),Article for use in theft,A no further action disposal,,
Person search,2019-02-22T22:45:00+00:00,,,53.806997,-3.052835,Male,over 34,White - English/Welsh/Scottish/Northern Irish/British,White,Misuse of Drugs Act 1971 (section 23),Articles for use in criminal damage,A no further action disposal,,
Person search,2019-02-22T23:50:00+00:00,,,53.566616,-2.885335,Male,25-34,White - English/Welsh/Scottish/Northern Irish/British,White,Police and Criminal Evidence Act 1984 (section 1),Article for use in theft,A no further action disposal,,
Person search,2019-02-23T00:30:00+00:00,,,53.567208,-2.882992,Male,10-17,White - English/Welsh/Scottish/Northern Irish/British,White,Misuse of Drugs Act 1971 (section 23),Articles for use in criminal damage,A no further action disposal,,
Vehicle search,2019-02-23T00:35:00+00:00,,,,,,,,,Misuse of Drugs Act 1971 (section 23),,A no further action disposal,,
Person search,2019-02-23T00:45:00+00:00,,,,,Male,over 34,Other ethnic group - Not stated,White,Misuse of Drugs Act 1971 (section 23),Articles for use in criminal damage,A no further action disposal,,
Person search,2019-02-23T02:00:00+00:00,,,54.060365,-2.855961,Male,10-17,White - English/Welsh/Scottish/Northern Irish/British,White,Misuse of Drugs Act 1971 (section 23),Articles for use in criminal damage,A no further action disposal,,
Person search,2019-02-23T02:00:00+00:00,,,,,Male,18-24,White - English/Welsh/Scottish/Northern Irish/British,White,Misuse of Drugs Act 1971 (section 23),Articles for use in criminal damage,A no further action disposal,,
Person search,2019-02-23T02:00:00+00:00,,,,,Male,25-34,White - English/Welsh/Scottish/Northern Irish/British,White,Misuse of Drugs Act 1971 (section 23),Articles for use in criminal damage,A no further action disposal,,
Person search,2019-02-23T02:07:00+00:00,,,53.760379,-2.699374,Male,18-24,White - English/Welsh/Scottish/Northern Irish/British,White,Misuse of Drugs Act 1971 (section 23),Articles for use in criminal damage,A no further action disposal,,
Person search,2019-02-23T02:23:00+00:00,,,53.820576,-3.052173,Female,25-34,White - Irish,White,Police and Criminal Evidence Act 1984 (section 1),Article for use in theft,Arrest,,
Person search,2019-02-23T02:24:00+00:00,,,,,Female,25-34,White - English/Welsh/Scottish/Northern Irish/British,White,Police and Criminal Evidence Act 1984 (section 1),Article for use in theft,A no further action disposal,,
Person search,2019-02-23T02:25:00+00:00,,,,,Male,25-34,White - English/Welsh/Scottish/Northern Irish/British,White,Police and Criminal Evidence Act 1984 (section 1),Article for use in theft,A no further action disposal,,
Person search,2019-02-23T02:26:00+00:00,,,,,Male,25-34,White - English/Welsh/Scottish/Northern Irish/British,White,Police and Criminal Evidence Act 1984 (section 1),Controlled drugs,Arrest,,
Person search,2019-02-23T12:35:00+00:00,,,,,Male,over 34,White - English/Welsh/Scottish/Northern Irish/British,White,Police and Criminal Evidence Act 1984 (section 1),Fireworks,A no further action disposal,,
Person search,2019-02-23T17:25:00+00:00,,,53.663060,-2.741573,Female,over 34,White - English/Welsh/Scottish/Northern Irish/British,White,Misuse of Drugs Act 1971 (section 23),Articles for use in criminal damage,A no further action disposal,,
Person search,2019-02-23T17:30:00+00:00,,,,,Male,10-17,Mixed/Multiple ethnic groups - Any other Mixed/Multiple ethnic background,,Police and Criminal Evidence Act 1984 (section 1),Article for use in theft,A no further action disposal,,
Person search,2019-02-23T17:30:00+00:00,,,,,Male,10-17,White - English/Welsh/Scottish/Northern Irish/British,White,Police and Criminal Evidence Act 1984 (section 1),Article for use in theft,A no further action disposal,,
Person search,2019-02-23T17:30:00+00:00,,,,,Male,10-17,Mixed/Multiple ethnic groups - Any other Mixed/Multiple ethnic background,Black,Police and Criminal Evidence Act 1984 (section 1),Article for use in theft,A no further action disposal,,
Person search,2019-02-23T17:35:00+00:00,,,53.894514,-3.039771,Male,10-17,White - English/Welsh/Scottish/Northern Irish/British,White,Police and Criminal Evidence Act 1984 (section 1),Article for use in theft,A no further action disposal,,
Person search,2019-02-23T17:35:00+00:00,,,53.894514,-3.039771,Male,10-17,White - English/Welsh/Scottish/Northern Irish/British,White,Police and Criminal Evidence Act 1984 (section 1),Article for use in theft,A no further action disposal,,
Person search,2019-02-23T17:35:00+00:00,,,53.894514,-3.039771,Male,10-17,White - English/Welsh/Scottish/Northern Irish/British,White,Police and Criminal Evidence Act 1984 (section 1),Article for use in theft,A no further action disposal,,
Person search,2019-02-23T17:35:00+00:00,,,53.894514,-3.039771,Male,10-17,White - English/Welsh/Scottish/Northern Irish/British,White,Police and Criminal Evidence Act 1984 (section 1),Article for use in theft,A no further action disposal,,
Person search,2019-02-23T17:45:00+00:00,,,,,Male,10-17,White - English/Welsh/Scottish/Northern Irish/British,White,Police and Criminal Evidence Act 1984 (section 1),Article for use in theft,A no further action disposal,,
Person search,2019-02-23T17:45:00+00:00,,,,,Male,10-17,White - English/Welsh/Scottish/Northern Irish/British,White,Police and Criminal Evidence Act 1984 (section 1),Article for use in theft,A no further action disposal,,
Person search,2019-02-23T18:20:00+00:00,,,,,Male,10-17,White - English/Welsh/Scottish/Northern Irish/British,White,Misuse of Drugs Act 1971 (section 23),Articles for use in criminal damage,A no further action disposal,,
Person search,2019-02-23T18:20:00+00:00,,,,,Male,10-17,White - English/Welsh/Scottish/Northern Irish/British,White,Misuse of Drugs Act 1971 (section 23),Articles for use in criminal damage,A no further action disposal,,
Person search,2019-02-23T18:20:00+00:00,,,,,Male,10-17,White - English/Welsh/Scottish/Northern Irish/British,White,Misuse of Drugs Act 1971 (section 23),Articles for use in criminal damage,A no further action disposal,,
Person search,2019-02-23T19:00:00+00:00,,,,,Male,18-24,White - English/Welsh/Scottish/Northern Irish/British,White,Police and Criminal Evidence Act 1984 (section 1),Article for use in theft,Arrest,,
Person search,2019-02-23T19:50:00+00:00,,,,,Female,10-17,White - English/Welsh/Scottish/Northern Irish/British,White,Police and Criminal Evidence Act 1984 (section 1),Article for use in theft,A no further action disposal,,
Person search,2019-02-23T22:11:00+00:00,,,,,Male,10-17,White - English/Welsh/Scottish/Northern Irish/British,White,Misuse of Drugs Act 1971 (section 23),Articles for use in criminal damage,A no further action disposal,,
Person search,2019-02-23T22:12:00+00:00,,,,,Male,18-24,White - English/Welsh/Scottish/Northern Irish/British,White,Misuse of Drugs Act 1971 (section 23),Articles for use in criminal damage,A no further action disposal,,
Person and Vehicle search,2019-02-23T22:38:00+00:00,,,,,Male,18-24,Asian/Asian British - Any other Asian background,Asian,Misuse of Drugs Act 1971 (section 23),Articles for use in criminal damage,A no further action disposal,,
Person and Vehicle search,2019-02-23T23:14:00+00:00,,,,,Male,18-24,Other ethnic group - Not stated,Asian,Misuse of Drugs Act 1971 (section 23),Articles for use in criminal damage,A no further action disposal,,
Person and Vehicle search,2019-02-23T23:14:00+00:00,,,,,Male,18-24,Other ethnic group - Not stated,Asian,Misuse of Drugs Act 1971 (section 23),Articles for use in criminal damage,A no further action disposal,,
Person and Vehicle search,2019-02-23T23:14:00+00:00,,,,,Male,18-24,Other ethnic group - Not stated,Asian,Misuse of Drugs Act 1971 (section 23),Articles for use in criminal damage,,,
Person and Vehicle search,2019-02-23T23:23:00+00:00,,,,,Male,18-24,Other ethnic group - Not stated,Asian,Misuse of Drugs Act 1971 (section 23),Articles for use in criminal damage,,,
Person search,2019-02-23T23:55:00+00:00,,,,,Male,over 34,Other ethnic group - Not stated,Black,Police and Criminal Evidence Act 1984 (section 1),Article for use in theft,A no further action disposal,,
Person search,2019-02-24T00:15:00+00:00,,,53.820269,-3.053274,Male,18-24,White - English/Welsh/Scottish/Northern Irish/British,White,Police and Criminal Evidence Act 1984 (section 1),Article for use in theft,A no further action disposal,,
Person search,2019-02-24T01:17:00+00:00,,,53.820576,-3.052173,Male,18-24,White - English/Welsh/Scottish/Northern Irish/British,White,Misuse of Drugs Act 1971 (section 23),Articles for use in criminal damage,A no further action disposal,,
Person and Vehicle search,2019-02-24T01:40:00+00:00,,,,,Male,18-24,Other ethnic group - Any other ethnic group,White,Misuse of Drugs Act 1971 (section 23),Articles for use in criminal damage,A no further action disposal,,
Person and Vehicle search,2019-02-24T01:40:00+00:00,,,,,Male,18-24,Other ethnic group - Any other ethnic group,White,Misuse of Drugs Act 1971 (section 23),Articles for use in criminal damage,A no further action disposal,,
Person and Vehicle search,2019-02-24T08:58:00+00:00,,,,,Male,18-24,Other ethnic group - Any other ethnic group,White,Misuse of Drugs Act 1971 (section 23),Articles for use in criminal damage,A no further action disposal,,
Person search,2019-02-24T12:02:00+00:00,,,,,Male,over 34,White - English/Welsh/Scottish/Northern Irish/British,White,Police and Criminal Evidence Act 1984 (section 1),Article for use in theft,A no further action disposal,,
Person search,2019-02-24T16:25:00+00:00,,,,,Male,,Other ethnic group - Not stated,Asian,Police and Criminal Evidence Act 1984 (section 1),Article for use in theft,A no further action disposal,,
Person search,2019-02-25T00:44:00+00:00,,,,,Male,25-34,White - English/Welsh/Scottish/Northern Irish/British,White,Police and Criminal Evidence Act 1984 (section 1),Article for use in theft,A no further action disposal,,
Person search,2019-02-25T02:52:00+00:00,,,,,Male,over 34,White - Any other White background,White,Misuse of Drugs Act 1971 (section 23),Articles for use in criminal damage,A no further action disposal,,
Person search,2019-02-25T04:37:00+00:00,,,,,Female,18-24,White - English/Welsh/Scottish/Northern Irish/British,White,Misuse of Drugs Act 1971 (section 23),Articles for use in criminal damage,A no further action disposal,,
Person search,2019-02-25T04:44:00+00:00,,,,,Female,25-34,White - English/Welsh/Scottish/Northern Irish/British,White,Misuse of Drugs Act 1971 (section 23),Articles for use in criminal damage,A no further action disposal,,
Vehicle search,2019-02-25T11:37:00+00:00,,,,,,,,,Misuse of Drugs Act 1971 (section 23),,A no further action disposal,,
Person search,2019-02-25T15:10:00+00:00,,,,,Male,18-24,White - English/Welsh/Scottish/Northern Irish/British,White,Police and Criminal Evidence Act 1984 (section 1),Fireworks,A no further action disposal,,
Person search,2019-02-25T17:26:00+00:00,,,,,Male,10-17,White - English/Welsh/Scottish/Northern Irish/British,White,Misuse of Drugs Act 1971 (section 23),Articles for use in criminal damage,A no further action disposal,,
Person search,2019-02-25T18:36:00+00:00,,,,,Male,25-34,Asian/Asian British - Pakistani,Asian,Police and Criminal Evidence Act 1984 (section 1),Fireworks,,,
Person search,2019-02-25T22:52:00+00:00,,,,,Male,18-24,White - English/Welsh/Scottish/Northern Irish/British,White,Police and Criminal Evidence Act 1984 (section 1),,A no further action disposal,,
Person search,2019-02-25T22:53:00+00:00,,,,,Male,18-24,White - English/Welsh/Scottish/Northern Irish/British,White,Police and Criminal Evidence Act 1984 (section 1),,A no further action disposal,,
Person search,2019-02-25T22:59:00+00:00,,,,,Male,18-24,White - English/Welsh/Scottish/Northern Irish/British,White,Police and Criminal Evidence Act 1984 (section 1),,A no further action disposal,,
Person search,2019-02-26T00:11:00+00:00,,,,,Male,18-24,White - English/Welsh/Scottish/Northern Irish/British,White,Police and Criminal Evidence Act 1984 (section 1),Fireworks,A no further action disposal,,
Person search,2019-02-26T00:40:00+00:00,,,,,Male,over 34,White - English/Welsh/Scottish/Northern Irish/British,White,Misuse of Drugs Act 1971 (section 23),Articles for use in criminal damage,A no further action disposal,,
Person search,2019-02-26T00:50:00+00:00,,,,,Male,10-17,White - English/Welsh/Scottish/Northern Irish/British,White,Police and Criminal Evidence Act 1984 (section 1),Fireworks,Arrest,,
Person and Vehicle search,2019-02-26T02:27:00+00:00,,,,,Male,25-34,Other ethnic group - Not stated,Black,Misuse of Drugs Act 1971 (section 23),Articles for use in criminal damage,A no further action disposal,,
Person and Vehicle search,2019-02-26T02:33:00+00:00,,,,,Male,18-24,White - English/Welsh/Scottish/Northern Irish/British,White,Police and Criminal Evidence Act 1984 (section 1),Article for use in theft,A no further action disposal,,
Person and Vehicle search,2019-02-26T02:51:00+00:00,,,,,Male,25-34,Other ethnic group - Not stated,White,Misuse of Drugs Act 1971 (section 23),Articles for use in criminal damage,A no further action disposal,,
Person search,2019-02-26T11:40:00+00:00,,,,,Male,10-17,White - English/Welsh/Scottish/Northern Irish/British,White,Police and Criminal Evidence Act 1984 (section 1),Article for use in theft,A no further action disposal,,
Person and Vehicle search,2019-02-26T11:45:00+00:00,,,54.072339,-2.864399,Male,18-24,White - English/Welsh/Scottish/Northern Irish/British,White,Misuse of Drugs Act 1971 (section 23),Articles for use in criminal damage,Penalty Notice for Disorder,,
Person and Vehicle search,2019-02-26T11:50:00+00:00,,,,,Male,25-34,Asian/Asian British - Pakistani,Asian,Misuse of Drugs Act 1971 (section 23),Articles for use in criminal damage,A no further action disposal,,
Person and Vehicle search,2019-02-26T11:50:00+00:00,,,,,Female,18-24,Other ethnic group - Not stated,Asian,Misuse of Drugs Act 1971 (section 23),Articles for use in criminal damage,A no further action disposal,,
Person search,2019-02-26T13:25:00+00:00,,,,,Male,25-34,Asian/Asian British - Indian,Asian,Police and Criminal Evidence Act 1984 (section 1),Articles for use in criminal damage,A no further action disposal,,
Vehicle search,2019-02-26T16:15:00+00:00,,,,,,,,,Misuse of Drugs Act 1971 (section 23),,A no further action disposal,,
Vehicle search,2019-02-26T16:15:00+00:00,,,,,,,,,Misuse of Drugs Act 1971 (section 23),,A no further action disposal,,
Person search,2019-02-26T16:35:00+00:00,,,,,Male,over 34,White - English/Welsh/Scottish/Northern Irish/British,White,Misuse of Drugs Act 1971 (section 23),Articles for use in criminal damage,A no further action disposal,,
Person search,2019-02-26T19:59:00+00:00,,,,,Male,10-17,White - English/Welsh/Scottish/Northern Irish/British,White,Police and Criminal Evidence Act 1984 (section 1),Article for use in theft,Arrest,,
Person search,2019-02-26T20:00:00+00:00,,,,,Male,10-17,White - English/Welsh/Scottish/Northern Irish/British,White,Police and Criminal Evidence Act 1984 (section 1),Article for use in theft,A no further action disposal,,
Person search,2019-02-26T20:00:00+00:00,,,,,Female,10-17,White - English/Welsh/Scottish/Northern Irish/British,White,Police and Criminal Evidence Act 1984 (section 1),Article for use in theft,A no further action disposal,,
Person search,2019-02-26T20:00:00+00:00,,,,,Male,10-17,White - English/Welsh/Scottish/Northern Irish/British,White,Police and Criminal Evidence Act 1984 (section 1),Article for use in theft,A no further action disposal,,
Person search,2019-02-26T20:30:00+00:00,,,,,Female,10-17,White - English/Welsh/Scottish/Northern Irish/British,White,Police and Criminal Evidence Act 1984 (section 1),Article for use in theft,A no further action disposal,,
Person search,2019-02-26T20:30:00+00:00,,,,,Female,10-17,White - English/Welsh/Scottish/Northern Irish/British,White,Police and Criminal Evidence Act 1984 (section 1),Article for use in theft,A no further action disposal,,
Person search,2019-02-26T20:30:00+00:00,,,,,Female,10-17,White - English/Welsh/Scottish/Northern Irish/British,White,Police and Criminal Evidence Act 1984 (section 1),Article for use in theft,A no further action disposal,,
Person search,2019-02-26T20:30:00+00:00,,,,,Female,10-17,White - English/Welsh/Scottish/Northern Irish/British,White,Police and Criminal Evidence Act 1984 (section 1),Article for use in theft,A no further action disposal,,
Person search,2019-02-26T20:30:00+00:00,,,,,Female,10-17,White - English/Welsh/Scottish/Northern Irish/British,White,Police and Criminal Evidence Act 1984 (section 1),Article for use in theft,A no further action disposal,,
Person search,2019-02-26T21:07:00+00:00,,,,,Female,10-17,Other ethnic group - Not stated,White,Police and Criminal Evidence Act 1984 (section 1),,A no further action disposal,,
Person search,2019-02-26T21:20:00+00:00,,,,,Male,10-17,White - English/Welsh/Scottish/Northern Irish/British,White,Police and Criminal Evidence Act 1984 (section 1),Article for use in theft,A no further action disposal,,
Person search,2019-02-27T00:06:00+00:00,,,,,Male,,White - English/Welsh/Scottish/Northern Irish/British,White,Police and Criminal Evidence Act 1984 (section 1),Fireworks,A no further action disposal,,
Person and Vehicle search,2019-02-27T00:48:00+00:00,,,,,Male,over 34,White - English/Welsh/Scottish/Northern Irish/British,White,Misuse of Drugs Act 1971 (section 23),Articles for use in criminal damage,A no further action disposal,,
Person search,2019-02-27T01:40:00+00:00,,,,,Male,10-17,White - English/Welsh/Scottish/Northern Irish/British,White,Police and Criminal Evidence Act 1984 (section 1),Fireworks,A no further action disposal,,
Person search,2019-02-27T01:40:00+00:00,,,,,Male,10-17,White - English/Welsh/Scottish/Northern Irish/British,White,Police and Criminal Evidence Act 1984 (section 1),Fireworks,A no further action disposal,,
Person search,2019-02-27T01:40:00+00:00,,,,,Male,10-17,White - English/Welsh/Scottish/Northern Irish/British,White,Police and Criminal Evidence Act 1984 (section 1),Fireworks,A no further action disposal,,
Person search,2019-02-27T02:00:00+00:00,,,,,Male,18-24,White - English/Welsh/Scottish/Northern Irish/British,White,Misuse of Drugs Act 1971 (section 23),Articles for use in criminal damage,A no further action disposal,,
Person search,2019-02-27T03:00:00+00:00,,,,,Female,10-17,White - English/Welsh/Scottish/Northern Irish/British,White,Police and Criminal Evidence Act 1984 (section 1),Fireworks,A no further action disposal,,
Person and Vehicle search,2019-02-27T13:10:00+00:00,,,,,Male,18-24,Asian/Asian British - Pakistani,Asian,Misuse of Drugs Act 1971 (section 23),Articles for use in criminal damage,Arrest,,
Person and Vehicle search,2019-02-27T22:45:00+00:00,,,,,Female,10-17,White - English/Welsh/Scottish/Northern Irish/British,White,Misuse of Drugs Act 1971 (section 23),Articles for use in criminal damage,,,
Person and Vehicle search,2019-02-28T00:10:00+00:00,,,,,Male,25-34,Asian/Asian British - Pakistani,Asian,Misuse of Drugs Act 1971 (section 23),Articles for use in criminal damage,Arrest,,
Vehicle search,2019-02-28T13:00:00+00:00,,,,,,,,,Misuse of Drugs Act 1971 (section 23),,Arrest,,
Person search,2019-02-28T13:29:00+00:00,,,,,Male,over 34,White - English/Welsh/Scottish/Northern Irish/British,White,Misuse of Drugs Act 1971 (section 23),Articles for use in criminal damage,A no further action disposal,,
Person and Vehicle search,2019-02-28T14:20:00+00:00,,,,,Male,18-24,Asian/Asian British - Indian,White,Misuse of Drugs Act 1971 (section 23),Articles for use in criminal damage,A no further action disposal,,
Person and Vehicle search,2019-02-28T14:20:00+00:00,,,,,Male,18-24,Asian/Asian British - Indian,Asian,Misuse of Drugs Act 1971 (section 23),Articles for use in criminal damage,A no further action disposal,,
Person and Vehicle search,2019-02-28T14:25:00+00:00,,,,,Male,18-24,Asian/Asian British - Indian,Asian,Misuse of Drugs Act 1971 (section 23),Articles for use in criminal damage,A no further action disposal,,
Person search,2019-02-28T14:45:00+00:00,,,,,Male,18-24,Asian/Asian British - Indian,Asian,Misuse of Drugs Act 1971 (section 23),Articles for use in criminal damage,A no further action disposal,,
Person search,2019-02-28T16:45:00+00:00,,,,,Male,25-34,White - Any other White background,White,Police and Criminal Evidence Act 1984 (section 1),Article for use in theft,A no further action disposal,,
