Type,Date,Part of a policing operation,Policing operation,Latitude,Longitude,Gender,Age range,Self-defined ethnicity,Officer-defined ethnicity,Legislation,Object of search,Outcome,Outcome linked to object of search,Removal of more than just outer clothing
Person search,2019-01-01T00:20:00+00:00,False,,51.383158,-0.345949,Male,10-17,Other ethnic group - Not stated,White,,Fireworks,A no further action disposal,False,
Person search,2019-01-01T02:00:00+00:00,False,,51.370090,-0.491105,Male,18-24,White - English/Welsh/Scottish/Northern Irish/British,White,,Controlled drugs,A no further action disposal,False,
Person search,2019-01-01T02:05:00+00:00,False,,51.370229,-0.489980,Male,18-24,White - English/Welsh/Scottish/Northern Irish/British,White,,Controlled drugs,A no further action disposal,False,
Person search,2019-01-01T11:08:00+00:00,True,,51.451382,-0.476626,Male,over 34,Other ethnic group - Not stated,White,,Controlled drugs,A no further action disposal,False,
Person search,2019-01-01T14:00:00+00:00,False,,,,Male,,White - English/Welsh/Scottish/Northern Irish/British,White,,Firearms,A no further action disposal,True,
Person search,2019-01-01T17:42:00+00:00,False,,51.240808,-0.169758,Male,18-24,Other ethnic group - Not stated,Black,,Controlled drugs,Summons / charged by post,True,
Person search,2019-01-01T18:05:00+00:00,False,,51.238540,-0.170765,Male,18-24,White - Any other White background,White,,Controlled drugs,Arrest,True,
Person search,2019-01-02T12:32:00+00:00,False,,51.242788,-0.173878,Male,10-17,White - English/Welsh/Scottish/Northern Irish/British,White,,Controlled drugs,Arrest,True,
Person search,2019-01-02T14:26:00+00:00,False,,51.321290,-0.559067,Male,over 34,White - English/Welsh/Scottish/Northern Irish/British,White,,Controlled drugs,A no further action disposal,True,
Person search,2019-01-02T21:00:00+00:00,False,,51.326598,-0.206879,Male,18-24,Other ethnic group - Not stated,White,,Controlled drugs,A no further action disposal,False,
Person search,2019-01-02T23:30:00+00:00,False,,51.218501,-0.787887,Male,over 34,Black/African/Caribbean/Black British - African,Black,,Controlled drugs,A no further action disposal,False,
Person search,2019-01-03T00:42:00+00:00,False,,51.296466,-0.752904,Male,10-17,White - English/Welsh/Scottish/Northern Irish/British,White,,Controlled drugs,A no further action disposal,False,
Person search,2019-01-03T00:44:00+00:00,False,,51.296466,-0.752904,Male,10-17,Mixed/Multiple ethnic groups - White and Asian,White,,Controlled drugs,A no further action disposal,False,
Person search,2019-01-03T00:45:00+00:00,False,,51.296466,-0.752904,Male,18-24,White - English/Welsh/Scottish/Northern Irish/British,White,,Controlled drugs,Khat or Cannabis warning,True,
Person search,2019-01-03T01:25:00+00:00,False,,51.237434,-0.574294,Male,25-34,Other ethnic group - Not stated,White,,Firearms,Arrest,False,
Person search,2019-01-03T01:33:00+00:00,False,,51.340875,-0.745009,Male,25-34,Asian/Asian British - Any other Asian background,Other,,Article for use in theft,Arrest,False,
Person search,2019-01-03T08:00:00+00:00,True,,51.336732,-0.188710,Male,over 34,White - English/Welsh/Scottish/Northern Irish/British,White,,Controlled drugs,Arrest,False,
Person search,2019-01-03T12:17:00+00:00,True,,51.338888,-0.189730,Male,25-34,White - English/Welsh/Scottish/Northern Irish/British,White,,Controlled drugs,A no further action disposal,False,
Person search,2019-01-03T12:23:00+00:00,True,,51.339666,-0.191738,Male,over 34,White - English/Welsh/Scottish/Northern Irish/British,White,,Controlled drugs,A no further action disposal,False,
Person search,2019-01-03T12:24:00+00:00,True,,51.338888,-0.189730,Male,25-34,Asian/Asian British - Indian,Asian,,Controlled drugs,A no further action disposal,False,
Person search,2019-01-03T12:25:00+00:00,True,,51.339666,-0.191738,Male,25-34,White - English/Welsh/Scottish/Northern Irish/British,White,,Controlled drugs,Khat or Cannabis warning,True,
Person search,2019-01-03T12:38:00+00:00,True,,51.338888,-0.189730,Female,25-34,Mixed/Multiple ethnic groups - White and Black Caribbean,White,,Controlled drugs,A no further action disposal,False,
Person search,2019-01-03T12:56:00+00:00,True,,51.338888,-0.189730,Female,over 34,White - English/Welsh/Scottish/Northern Irish/British,White,,Controlled drugs,A no further action disposal,False,
Person search,2019-01-03T12:57:00+00:00,True,,51.338888,-0.189730,Female,over 34,Mixed/Multiple ethnic groups - Any other Mixed/Multiple ethnic background,Black,,Controlled drugs,A no further action disposal,False,
Person search,2019-01-03T13:04:00+00:00,True,,51.338888,-0.189730,Male,25-34,White - English/Welsh/Scottish/Northern Irish/British,White,,Controlled drugs,A no further action disposal,False,
Person search,2019-01-03T13:10:00+00:00,True,,51.338888,-0.189730,Male,25-34,Black/African/Caribbean/Black British - African,Black,,Controlled drugs,A no further action disposal,False,
Person search,2019-01-03T13:20:00+00:00,True,,51.220678,-0.185679,Male,18-24,Black/African/Caribbean/Black British - Any other Black/African/Caribbean background,Asian,,Controlled drugs,Arrest,True,
Person search,2019-01-03T13:20:00+00:00,False,,51.313023,-0.748064,Male,10-17,White - English/Welsh/Scottish/Northern Irish/British,White,,Controlled drugs,A no further action disposal,False,
Person search,2019-01-03T13:25:00+00:00,True,,51.339666,-0.191738,Male,over 34,Black/African/Caribbean/Black British - Any other Black/African/Caribbean background,Black,,Controlled drugs,A no further action disposal,False,
Person search,2019-01-03T14:06:00+00:00,True,,51.338888,-0.189730,Female,25-34,Black/African/Caribbean/Black British - Any other Black/African/Caribbean background,Black,,Controlled drugs,A no further action disposal,False,
Person search,2019-01-03T14:23:00+00:00,True,,51.338888,-0.189730,Female,18-24,White - English/Welsh/Scottish/Northern Irish/British,White,,Controlled drugs,A no further action disposal,False,
Person search,2019-01-03T14:25:00+00:00,True,,51.338888,-0.189730,Male,over 34,Mixed/Multiple ethnic groups - White and Asian,Asian,,Controlled drugs,A no further action disposal,False,
Person search,2019-01-03T17:40:00+00:00,False,,51.383913,-0.354875,Male,25-34,White - Any other White background,,,Article for use in theft,A no further action disposal,False,
Person search,2019-01-03T22:30:00+00:00,False,,51.423194,-0.447991,Male,10-17,White - English/Welsh/Scottish/Northern Irish/British,White,,Article for use in theft,A no further action disposal,False,
Person search,2019-01-03T22:57:00+00:00,False,,51.338702,-0.731128,Male,,Black/African/Caribbean/Black British - Any other Black/African/Caribbean background,Black,,Firearms,A no further action disposal,False,
Person search,2019-01-04T01:10:00+00:00,False,,51.239503,-0.576622,Female,18-24,White - English/Welsh/Scottish/Northern Irish/British,White,,Controlled drugs,A no further action disposal,False,
Person search,2019-01-04T03:15:00+00:00,False,,51.340508,-0.120118,Male,25-34,White - Any other White background,White,,Firearms,A no further action disposal,False,
Person search,2019-01-04T03:15:00+00:00,False,,51.340508,-0.120118,Male,25-34,White - Any other White background,White,,Firearms,A no further action disposal,False,
Person search,2019-01-04T11:18:00+00:00,False,,51.235480,-0.574870,Male,25-34,White - English/Welsh/Scottish/Northern Irish/British,White,,Controlled drugs,A no further action disposal,False,
Vehicle search,2019-01-04T15:30:00+00:00,False,,51.256345,-0.545090,,,Other ethnic group - Not stated,,,Firearms,A no further action disposal,False,
Person search,2019-01-04T20:27:00+00:00,False,,51.418931,-0.421040,Male,10-17,White - English/Welsh/Scottish/Northern Irish/British,White,,Controlled drugs,Caution (simple or conditional),True,
Person search,2019-01-04T21:50:00+00:00,False,,,,Female,18-24,White - English/Welsh/Scottish/Northern Irish/British,White,,Controlled drugs,A no further action disposal,False,
Person search,2019-01-04T21:50:00+00:00,False,,51.321290,-0.559067,Male,25-34,White - English/Welsh/Scottish/Northern Irish/British,White,,Controlled drugs,A no further action disposal,False,
Person search,2019-01-04T22:55:00+00:00,False,,51.367053,-0.234490,Male,25-34,White - Any other White background,White,,Article for use in theft,A no further action disposal,False,
Person search,2019-01-04T23:22:00+00:00,False,,51.346939,-0.245416,Male,25-34,White - Any other White background,White,,Article for use in theft,A no further action disposal,False,
Person search,2019-01-05T01:40:00+00:00,False,,51.310744,-0.080384,Male,,White - Any other White background,White,,Stolen goods,A no further action disposal,False,
Person search,2019-01-05T18:35:00+00:00,True,,51.456790,-0.474143,Male,over 34,White - English/Welsh/Scottish/Northern Irish/British,White,,Controlled drugs,Arrest,False,
Person search,2019-01-05T21:56:00+00:00,False,,51.321290,-0.559067,Female,18-24,Other ethnic group - Not stated,White,,Firearms,A no further action disposal,True,
Person search,2019-01-05T22:36:00+00:00,False,,51.317040,-0.754570,Male,over 34,White - English/Welsh/Scottish/Northern Irish/British,White,,Controlled drugs,Summons / charged by post,True,
Person search,2019-01-06T01:39:00+00:00,False,,51.261537,-0.066811,Male,25-34,Other ethnic group - Not stated,Asian,,Controlled drugs,A no further action disposal,False,
Person search,2019-01-06T01:55:00+00:00,False,,51.246737,-0.584394,Male,18-24,White - English/Welsh/Scottish/Northern Irish/British,White,,Controlled drugs,A no further action disposal,False,
Person search,2019-01-06T01:55:00+00:00,False,,51.320735,-0.560735,Female,,White - English/Welsh/Scottish/Northern Irish/British,White,,Controlled drugs,A no further action disposal,False,
Person search,2019-01-06T02:50:00+00:00,False,,51.321290,-0.559067,Male,18-24,Other ethnic group - Not stated,White,,Controlled drugs,A no further action disposal,False,
Person search,2019-01-06T03:30:00+00:00,False,,51.256421,-0.066883,Male,18-24,Black/African/Caribbean/Black British - Caribbean,Black,,Article for use in theft,Arrest,False,
Person search,2019-01-06T03:35:00+00:00,False,,51.289428,-0.076899,Male,25-34,Asian/Asian British - Any other Asian background,Asian,,Controlled drugs,A no further action disposal,False,
Person search,2019-01-06T07:25:00+00:00,False,,51.406256,-0.413397,Male,25-34,White - English/Welsh/Scottish/Northern Irish/British,White,,Article for use in theft,Arrest,False,
Person search,2019-01-06T16:12:00+00:00,False,,51.235843,-0.571478,Female,25-34,Asian/Asian British - Any other Asian background,Asian,,Stolen goods,Caution (simple or conditional),True,
Person search,2019-01-06T20:23:00+00:00,False,,51.274045,-0.146861,Male,18-24,White - English/Welsh/Scottish/Northern Irish/British,White,,Controlled drugs,A no further action disposal,False,
Person search,2019-01-06T20:23:00+00:00,False,,51.274045,-0.146861,Female,18-24,White - English/Welsh/Scottish/Northern Irish/British,White,,Controlled drugs,A no further action disposal,False,
Person search,2019-01-06T20:50:00+00:00,False,,51.317063,-0.747438,Male,18-24,White - English/Welsh/Scottish/Northern Irish/British,White,,Controlled drugs,Khat or Cannabis warning,True,
Person search,2019-01-06T23:00:00+00:00,False,,51.333835,-0.416974,Male,25-34,White - English/Welsh/Scottish/Northern Irish/British,White,,Firearms,Arrest,False,
Person search,2019-01-06T23:20:00+00:00,False,,51.370400,-0.361494,Male,25-34,Other ethnic group - Not stated,White,,Firearms,A no further action disposal,False,
Person search,2019-01-07T01:10:00+00:00,False,,51.425048,-0.481759,Male,18-24,White - English/Welsh/Scottish/Northern Irish/British,Asian,,Controlled drugs,A no further action disposal,False,
Person search,2019-01-07T12:00:00+00:00,False,,,,Male,25-34,White - English/Welsh/Scottish/Northern Irish/British,White,,Stolen goods,A no further action disposal,False,
Person search,2019-01-07T13:30:00+00:00,True,,51.457206,-0.477770,Male,25-34,Black/African/Caribbean/Black British - Any other Black/African/Caribbean background,Black,,Controlled drugs,A no further action disposal,False,
Person search,2019-01-07T16:56:00+00:00,False,,51.334337,-0.266339,Female,10-17,White - English/Welsh/Scottish/Northern Irish/British,White,,Controlled drugs,A no further action disposal,False,
Person search,2019-01-07T18:30:00+00:00,False,,,,Male,18-24,Asian/Asian British - Indian,Asian,,Controlled drugs,Arrest,False,
Person search,2019-01-07T19:12:00+00:00,False,,51.374434,-0.494641,Male,18-24,Other ethnic group - Not stated,Asian,,Controlled drugs,Arrest,False,
Person search,2019-01-07T22:03:00+00:00,False,,51.226450,-0.579202,Female,25-34,White - English/Welsh/Scottish/Northern Irish/British,White,,Controlled drugs,Khat or Cannabis warning,True,
Person search,2019-01-07T23:12:00+00:00,False,,51.374434,-0.494641,Male,18-24,Other ethnic group - Not stated,Black,,Controlled drugs,Arrest,True,
Person search,2019-01-08T00:01:00+00:00,False,,51.318566,-0.556928,Male,25-34,White - English/Welsh/Scottish/Northern Irish/British,White,,Controlled drugs,A no further action disposal,False,
Person search,2019-01-08T00:09:00+00:00,False,,51.237631,-0.186875,Male,18-24,Asian/Asian British - Any other Asian background,Asian,,Controlled drugs,Community resolution,True,
Person search,2019-01-08T00:09:00+00:00,False,,51.349371,-0.193640,Male,10-17,Asian/Asian British - Any other Asian background,Asian,,Controlled drugs,A no further action disposal,True,
Person search,2019-01-08T12:01:00+00:00,False,,51.255666,-0.721034,Female,over 34,White - English/Welsh/Scottish/Northern Irish/British,White,,Controlled drugs,A no further action disposal,False,
Person search,2019-01-08T12:09:00+00:00,False,,51.255666,-0.721034,Male,18-24,White - English/Welsh/Scottish/Northern Irish/British,White,,Controlled drugs,A no further action disposal,False,
Person search,2019-01-08T20:45:00+00:00,False,,51.254622,-0.715273,Male,18-24,White - English/Welsh/Scottish/Northern Irish/British,White,,Controlled drugs,A no further action disposal,False,
Person search,2019-01-08T21:40:00+00:00,False,,51.254622,-0.715273,Male,over 34,White - English/Welsh/Scottish/Northern Irish/British,White,,Controlled drugs,A no further action disposal,False,
Person search,2019-01-08T22:30:00+00:00,False,,51.282516,-0.075997,Male,over 34,White - English/Welsh/Scottish/Northern Irish/British,White,,Article for use in theft,A no further action disposal,False,
Person search,2019-01-09T09:49:00+00:00,False,,51.349411,-0.501119,Male,25-34,Asian/Asian British - Any other Asian background,Asian,,Controlled drugs,Penalty Notice for Disorder,True,
Person search,2019-01-09T11:10:00+00:00,False,,51.234814,-0.170569,Male,over 34,White - English/Welsh/Scottish/Northern Irish/British,White,,Controlled drugs,Arrest,True,
Person search,2019-01-09T16:00:00+00:00,False,,51.321290,-0.559067,Male,over 34,Asian/Asian British - Pakistani,Asian,,Controlled drugs,Arrest,True,
Person search,2019-01-09T20:00:00+00:00,False,,51.250055,-0.774850,Male,25-34,White - English/Welsh/Scottish/Northern Irish/British,White,,Controlled drugs,Khat or Cannabis warning,True,
Person search,2019-01-09T22:25:00+00:00,False,,51.239503,-0.576622,Male,18-24,White - English/Welsh/Scottish/Northern Irish/British,White,,Controlled drugs,Arrest,True,
Person search,2019-01-09T23:45:00+00:00,False,,51.249157,-0.597172,Female,over 34,White - English/Welsh/Scottish/Northern Irish/British,White,,Controlled drugs,A no further action disposal,False,
Person search,2019-01-10T15:15:00+00:00,False,,51.352994,-0.703505,Male,18-24,White - English/Welsh/Scottish/Northern Irish/British,White,,Controlled drugs,Penalty Notice for Disorder,True,
Person search,2019-01-10T15:15:00+00:00,False,,51.352994,-0.703505,Male,25-34,White - Any other White background,White,,Controlled drugs,Khat or Cannabis warning,True,
Person search,2019-01-10T16:00:00+00:00,False,,51.321290,-0.559067,Male,10-17,Asian/Asian British - Pakistani,Asian,,Controlled drugs,Arrest,True,
Person search,2019-01-10T16:00:00+00:00,False,,51.321290,-0.559067,Male,10-17,Asian/Asian British - Pakistani,Asian,,Controlled drugs,Arrest,True,
Person search,2019-01-10T18:45:00+00:00,False,,51.431395,-0.552758,Male,18-24,Black/African/Caribbean/Black British - African,Black,,Controlled drugs,Arrest,True,
Person search,2019-01-10T20:53:00+00:00,False,,51.307116,-0.170565,Male,over 34,White - English/Welsh/Scottish/Northern Irish/British,White,,Article for use in theft,A no further action disposal,False,
Person search,2019-01-10T20:53:00+00:00,False,,51.307116,-0.170565,Male,25-34,White - English/Welsh/Scottish/Northern Irish/British,White,,Article for use in theft,A no further action disposal,False,
Person search,2019-01-10T22:11:00+00:00,False,,51.385932,-0.505588,Male,18-24,Black/African/Caribbean/Black British - Caribbean,Black,,Controlled drugs,A no further action disposal,False,
Person search,2019-01-10T22:11:00+00:00,False,,51.385932,-0.505588,Male,18-24,Other ethnic group - Not stated,Black,,Controlled drugs,A no further action disposal,False,
Person search,2019-01-10T22:28:00+00:00,False,,,,Male,,Other ethnic group - Not stated,White,,Controlled drugs,A no further action disposal,False,
Person search,2019-01-10T22:28:00+00:00,False,,,,Male,,Other ethnic group - Not stated,White,,Controlled drugs,A no further action disposal,False,
Person search,2019-01-10T23:15:00+00:00,False,,51.339196,-0.744394,Male,10-17,White - English/Welsh/Scottish/Northern Irish/British,White,,Controlled drugs,Khat or Cannabis warning,True,
Person search,2019-01-10T23:15:00+00:00,False,,51.363042,-0.691731,Male,18-24,White - English/Welsh/Scottish/Northern Irish/British,White,,Controlled drugs,Khat or Cannabis warning,True,
Person search,2019-01-10T23:45:00+00:00,False,,51.391870,-0.435569,Male,10-17,Asian/Asian British - Any other Asian background,Asian,,Controlled drugs,Arrest,True,
Person search,2019-01-10T23:47:00+00:00,False,,51.372823,-0.462626,Male,over 34,White - English/Welsh/Scottish/Northern Irish/British,White,,Controlled drugs,Community resolution,True,
Person search,2019-01-11T00:36:00+00:00,False,,51.254993,-0.005361,Male,over 34,Mixed/Multiple ethnic groups - White and Black African,Black,,Controlled drugs,Khat or Cannabis warning,True,
Person search,2019-01-11T01:00:00+00:00,False,,51.387952,-0.645146,Male,25-34,White - English/Welsh/Scottish/Northern Irish/British,White,,Article for use in theft,Arrest,True,
Person and Vehicle search,2019-01-11T09:50:00+00:00,False,,51.284409,-0.347764,Male,25-34,White - English/Welsh/Scottish/Northern Irish/British,White,,Anything to threaten or harm anyone,A no further action disposal,,
Person search,2019-01-11T12:10:00+00:00,False,,51.235480,-0.574870,Female,18-24,White - Any other White background,White,,Article for use in theft,Arrest,False,
Person search,2019-01-11T12:10:00+00:00,False,,51.235243,-0.570895,Female,18-24,White - Any other White background,White,,Article for use in theft,Arrest,False,
Person search,2019-01-11T14:14:00+00:00,False,,51.313432,-0.559170,Female,25-34,White - English/Welsh/Scottish/Northern Irish/British,White,,Controlled drugs,A no further action disposal,False,
Person search,2019-01-11T14:36:00+00:00,False,,51.322834,-0.561013,Male,25-34,White - English/Welsh/Scottish/Northern Irish/British,White,,Controlled drugs,A no further action disposal,False,
Person search,2019-01-11T14:43:00+00:00,False,,54.436759,-0.534759,Female,25-34,White - English/Welsh/Scottish/Northern Irish/British,White,,Controlled drugs,A no further action disposal,False,
Person search,2019-01-11T15:10:00+00:00,False,,51.236542,-0.572703,Female,10-17,White - English/Welsh/Scottish/Northern Irish/British,White,,Firearms,A no further action disposal,True,
Person search,2019-01-11T17:26:00+00:00,False,,51.339065,-0.746451,Male,18-24,White - Any other White background,White,,Article for use in theft,A no further action disposal,False,
Person search,2019-01-11T17:26:00+00:00,False,,51.336058,-0.749504,Male,25-34,White - Any other White background,White,,Article for use in theft,A no further action disposal,False,
Person search,2019-01-11T17:40:00+00:00,False,,51.186463,-0.605587,Male,10-17,White - English/Welsh/Scottish/Northern Irish/British,White,,Firearms,A no further action disposal,False,
Person search,2019-01-11T18:24:00+00:00,False,,51.339770,-0.477328,Male,10-17,White - English/Welsh/Scottish/Northern Irish/British,White,,Firearms,A no further action disposal,False,
Person search,2019-01-11T18:25:00+00:00,False,,51.339898,-0.480324,Male,10-17,White - English/Welsh/Scottish/Northern Irish/British,White,,Firearms,A no further action disposal,False,
Person search,2019-01-11T18:36:00+00:00,False,,51.339770,-0.477328,Male,10-17,White - English/Welsh/Scottish/Northern Irish/British,White,,Firearms,A no further action disposal,False,
Person search,2019-01-11T20:10:00+00:00,False,,51.258020,-0.149684,Male,25-34,White - English/Welsh/Scottish/Northern Irish/British,White,,Controlled drugs,Penalty Notice for Disorder,True,
Person search,2019-01-11T22:45:00+00:00,False,,51.261152,-0.139052,Male,25-34,Other ethnic group - Not stated,White,,Controlled drugs,A no further action disposal,False,
Person search,2019-01-11T23:30:00+00:00,False,,51.307689,-0.560124,Male,18-24,White - English/Welsh/Scottish/Northern Irish/British,White,,Controlled drugs,Arrest,True,
Person search,2019-01-11T23:55:00+00:00,False,,51.370229,-0.489980,Male,18-24,Black/African/Caribbean/Black British - Any other Black/African/Caribbean background,Black,,Controlled drugs,Community resolution,True,
Person search,2019-01-12T00:09:00+00:00,False,,51.366943,-0.536446,Female,18-24,White - English/Welsh/Scottish/Northern Irish/British,White,,Controlled drugs,A no further action disposal,False,
Person search,2019-01-12T02:20:00+00:00,False,,51.187043,-0.610492,Male,10-17,White - English/Welsh/Scottish/Northern Irish/British,White,,Controlled drugs,A no further action disposal,True,
Person search,2019-01-12T08:45:00+00:00,False,,51.563338,-0.640171,Male,over 34,White - English/Welsh/Scottish/Northern Irish/British,White,,Articles for use in criminal damage,Arrest,False,
Person search,2019-01-12T17:30:00+00:00,False,,51.203651,-0.602821,Male,10-17,White - English/Welsh/Scottish/Northern Irish/British,White,,Article for use in theft,A no further action disposal,False,
Person search,2019-01-12T18:00:00+00:00,False,,51.278942,-0.374744,Male,10-17,White - English/Welsh/Scottish/Northern Irish/British,White,,Controlled drugs,A no further action disposal,False,
Person search,2019-01-12T18:00:00+00:00,False,,51.278942,-0.374744,Male,10-17,White - English/Welsh/Scottish/Northern Irish/British,White,,Controlled drugs,A no further action disposal,False,
Person search,2019-01-12T18:00:00+00:00,False,,51.278942,-0.374744,Male,10-17,Other ethnic group - Not stated,White,,Controlled drugs,A no further action disposal,False,
Person search,2019-01-12T18:00:00+00:00,False,,51.278942,-0.374744,Male,18-24,White - English/Welsh/Scottish/Northern Irish/British,White,,Controlled drugs,A no further action disposal,False,
Person search,2019-01-12T18:05:00+00:00,False,,51.423194,-0.447991,Male,18-24,Other ethnic group - Not stated,White,,Controlled drugs,A no further action disposal,False,
Person search,2019-01-12T18:05:00+00:00,False,,51.423194,-0.447991,Male,18-24,Other ethnic group - Not stated,Black,,Controlled drugs,A no further action disposal,False,
Person search,2019-01-12T19:07:00+00:00,False,,51.197040,-0.603436,Male,10-17,White - English/Welsh/Scottish/Northern Irish/British,White,,Firearms,Arrest,True,
Person search,2019-01-12T19:15:00+00:00,False,,51.197040,-0.603436,Male,10-17,White - English/Welsh/Scottish/Northern Irish/British,White,,Firearms,A no further action disposal,False,
Person search,2019-01-12T19:33:00+00:00,False,,51.332619,-0.265098,Male,18-24,White - Any other White background,White,,Controlled drugs,Community resolution,True,
Person search,2019-01-12T21:45:00+00:00,False,,51.306950,-0.556360,Male,25-34,White - Any other White background,White,,Controlled drugs,A no further action disposal,False,
Person search,2019-01-12T23:45:00+00:00,False,,51.373800,-0.487995,Male,18-24,White - English/Welsh/Scottish/Northern Irish/British,White,,Controlled drugs,Penalty Notice for Disorder,True,
Person search,2019-01-12T23:50:00+00:00,False,,51.373800,-0.487995,Male,25-34,White - English/Welsh/Scottish/Northern Irish/British,White,,Controlled drugs,A no further action disposal,False,
Person search,2019-01-12T23:55:00+00:00,False,,51.435165,-0.542812,Male,18-24,White - English/Welsh/Scottish/Northern Irish/British,White,,Controlled drugs,Community resolution,True,
Person search,2019-01-13T00:05:00+00:00,False,,51.241202,-0.366490,Male,25-34,White - English/Welsh/Scottish/Northern Irish/British,White,,Controlled drugs,Penalty Notice for Disorder,True,
Person search,2019-01-13T00:05:00+00:00,False,,51.235523,-0.326095,Male,10-17,White - English/Welsh/Scottish/Northern Irish/British,White,,Controlled drugs,A no further action disposal,False,
Person search,2019-01-13T00:16:00+00:00,False,,51.314392,-0.250675,Female,18-24,Other ethnic group - Not stated,White,,Controlled drugs,A no further action disposal,False,
Person search,2019-01-13T00:58:00+00:00,False,,51.339196,-0.744394,Male,18-24,White - English/Welsh/Scottish/Northern Irish/British,White,,Firearms,Community resolution,True,
Person search,2019-01-13T01:11:00+00:00,False,,51.380017,-0.398871,Male,10-17,Other ethnic group - Not stated,White,,Controlled drugs,A no further action disposal,False,
Person search,2019-01-13T01:23:00+00:00,False,,51.363671,-0.399728,Male,25-34,Asian/Asian British - Pakistani,Asian,,Controlled drugs,A no further action disposal,False,
Person search,2019-01-13T01:23:00+00:00,False,,51.363671,-0.399728,Male,18-24,Asian/Asian British - Pakistani,Asian,,Controlled drugs,Community resolution,True,
Person search,2019-01-13T02:16:00+00:00,False,,51.237631,-0.186875,Male,18-24,Mixed/Multiple ethnic groups - Any other Mixed/Multiple ethnic background,White,,Controlled drugs,Arrest,False,
Person search,2019-01-13T02:16:00+00:00,False,,51.237631,-0.186875,Male,25-34,White - English/Welsh/Scottish/Northern Irish/British,White,,Controlled drugs,Arrest,False,
Person search,2019-01-13T03:00:00+00:00,False,,51.237631,-0.186875,Female,18-24,Black/African/Caribbean/Black British - Caribbean,Black,,Controlled drugs,A no further action disposal,False,
Person search,2019-01-13T03:13:00+00:00,False,,51.271093,-0.152370,Female,18-24,White - English/Welsh/Scottish/Northern Irish/British,White,,Controlled drugs,A no further action disposal,False,
Person search,2019-01-13T11:55:00+00:00,False,,51.258020,-0.149684,Male,25-34,White - English/Welsh/Scottish/Northern Irish/British,White,,Controlled drugs,A no further action disposal,False,
Person search,2019-01-13T11:58:00+00:00,False,,51.258351,-0.150172,Male,25-34,White - English/Welsh/Scottish/Northern Irish/British,White,,Controlled drugs,A no further action disposal,False,
Person search,2019-01-13T12:01:00+00:00,False,,51.258351,-0.150172,Male,25-34,White - English/Welsh/Scottish/Northern Irish/British,White,,Controlled drugs,A no further action disposal,False,
Person search,2019-01-13T15:45:00+00:00,False,,51.167797,-0.626318,Male,25-34,White - English/Welsh/Scottish/Northern Irish/British,White,,Controlled drugs,A no further action disposal,False,
Person search,2019-01-14T01:39:00+00:00,False,,51.309993,-0.241531,Male,18-24,Other ethnic group - Not stated,White,,Article for use in theft,A no further action disposal,False,
Person search,2019-01-14T11:48:00+00:00,False,,51.293127,-0.489886,Male,25-34,Other ethnic group - Not stated,Black,,Controlled drugs,A no further action disposal,False,
Person search,2019-01-14T12:30:00+00:00,False,,51.332619,-0.265098,Male,25-34,White - English/Welsh/Scottish/Northern Irish/British,White,,Controlled drugs,Penalty Notice for Disorder,True,
Person search,2019-01-14T12:30:00+00:00,False,,51.332619,-0.265098,Male,25-34,White - English/Welsh/Scottish/Northern Irish/British,White,,Controlled drugs,Penalty Notice for Disorder,True,
Person search,2019-01-14T13:00:00+00:00,False,,51.398841,-0.368456,Male,10-17,White - English/Welsh/Scottish/Northern Irish/British,White,,Firearms,Arrest,True,
Person search,2019-01-14T18:59:00+00:00,False,,51.240814,-0.167824,Male,18-24,White - English/Welsh/Scottish/Northern Irish/British,White,,Controlled drugs,A no further action disposal,False,
Person search,2019-01-14T20:50:00+00:00,False,,51.313323,-0.593093,Male,over 34,White - English/Welsh/Scottish/Northern Irish/British,White,,Controlled drugs,Arrest,True,
Person search,2019-01-14T20:55:00+00:00,False,,51.332619,-0.265098,Male,10-17,White - English/Welsh/Scottish/Northern Irish/British,White,,Controlled drugs,A no further action disposal,True,
Person search,2019-01-14T21:01:00+00:00,False,,51.332811,-0.262909,Male,18-24,White - English/Welsh/Scottish/Northern Irish/British,White,,Controlled drugs,A no further action disposal,False,
Person search,2019-01-14T21:24:00+00:00,False,,51.245719,-0.571659,Male,18-24,Black/African/Caribbean/Black British - Caribbean,Black,,Controlled drugs,Arrest,True,
Person search,2019-01-15T03:15:00+00:00,False,,51.241816,-0.525220,Male,25-34,White - Any other White background,White,,Controlled drugs,Khat or Cannabis warning,True,
Person search,2019-01-15T04:00:00+00:00,False,,51.317530,-0.332626,Male,over 34,White - Any other White background,White,,Controlled drugs,Arrest,True,
Person search,2019-01-15T12:20:00+00:00,False,,51.362580,-0.461216,Male,10-17,Other ethnic group - Not stated,White,,Controlled drugs,A no further action disposal,False,
Person search,2019-01-15T12:20:00+00:00,False,,51.366088,-0.459274,Male,10-17,Other ethnic group - Not stated,White,,Controlled drugs,A no further action disposal,False,
Person search,2019-01-15T16:25:00+00:00,False,,51.343859,-0.742386,Male,over 34,White - English/Welsh/Scottish/Northern Irish/British,White,,Controlled drugs,Summons / charged by post,True,
Person search,2019-01-15T16:34:00+00:00,False,,51.343859,-0.742386,Male,18-24,White - English/Welsh/Scottish/Northern Irish/British,White,,Controlled drugs,A no further action disposal,False,
Person search,2019-01-15T17:50:00+00:00,False,,51.172865,-0.115842,Male,10-17,Other ethnic group - Not stated,White,,Articles for use in criminal damage,Arrest,True,
Person search,2019-01-15T17:55:00+00:00,False,,51.172865,-0.115842,Male,10-17,White - English/Welsh/Scottish/Northern Irish/British,White,,Articles for use in criminal damage,Arrest,False,
Person search,2019-01-15T17:55:00+00:00,False,,51.172865,-0.115842,Male,10-17,White - English/Welsh/Scottish/Northern Irish/British,White,,Articles for use in criminal damage,Arrest,False,
Person search,2019-01-15T20:33:00+00:00,False,,51.237624,-0.188164,Male,10-17,White - English/Welsh/Scottish/Northern Irish/British,White,,Controlled drugs,Summons / charged by post,True,
Person search,2019-01-15T20:55:00+00:00,False,,51.326148,-0.136537,Male,18-24,White - English/Welsh/Scottish/Northern Irish/British,White,,Controlled drugs,Arrest,True,
Person search,2019-01-15T23:50:00+00:00,False,,51.368735,-0.447247,Male,25-34,White - English/Welsh/Scottish/Northern Irish/British,White,,Controlled drugs,Arrest,True,
Person search,2019-01-16T12:30:00+00:00,False,,51.239495,-0.578170,Male,over 34,Other ethnic group - Not stated,Black,,Firearms,A no further action disposal,True,
Person search,2019-01-16T12:46:00+00:00,False,,51.325318,-0.547330,Male,10-17,Asian/Asian British - Pakistani,Asian,,Controlled drugs,A no further action disposal,False,
Person search,2019-01-16T17:27:00+00:00,False,,51.223735,-0.163690,Male,10-17,White - English/Welsh/Scottish/Northern Irish/British,White,,Controlled drugs,A no further action disposal,True,
Person search,2019-01-16T17:31:00+00:00,False,,51.223735,-0.163690,Male,18-24,White - English/Welsh/Scottish/Northern Irish/British,White,,Controlled drugs,A no further action disposal,False,
Person search,2019-01-16T22:30:00+00:00,False,,51.437069,-0.470599,Male,25-34,White - English/Welsh/Scottish/Northern Irish/British,White,,Controlled drugs,A no further action disposal,False,
Person and Vehicle search,2019-01-16T23:30:00+00:00,False,,51.246186,-0.604355,Female,25-34,White - English/Welsh/Scottish/Northern Irish/British,White,,Anything to threaten or harm anyone,A no further action disposal,,
Person search,2019-01-17T00:06:00+00:00,False,,51.412114,-0.430996,Female,10-17,White - English/Welsh/Scottish/Northern Irish/British,White,,Controlled drugs,A no further action disposal,False,
Person search,2019-01-17T00:46:00+00:00,False,,51.322042,-0.550763,Male,18-24,Asian/Asian British - Pakistani,Asian,,Controlled drugs,A no further action disposal,False,
Person search,2019-01-17T01:30:00+00:00,False,,51.256345,-0.545090,Male,25-34,Other ethnic group - Not stated,Black,,Controlled drugs,A no further action disposal,False,
Person search,2019-01-17T01:30:00+00:00,False,,51.256345,-0.545090,Male,25-34,Black/African/Caribbean/Black British - African,Black,,Controlled drugs,A no further action disposal,False,
Person search,2019-01-17T01:38:00+00:00,False,,51.287485,-0.080694,Male,over 34,White - Any other White background,White,,Article for use in theft,A no further action disposal,False,
Person search,2019-01-17T01:45:00+00:00,False,,51.324996,-0.637271,Male,over 34,White - English/Welsh/Scottish/Northern Irish/British,White,,Article for use in theft,Penalty Notice for Disorder,False,
Person search,2019-01-17T01:46:00+00:00,False,,51.243357,-0.086242,Male,18-24,White - English/Welsh/Scottish/Northern Irish/British,White,,Controlled drugs,A no further action disposal,False,
Person search,2019-01-17T08:30:00+00:00,False,,51.321290,-0.559067,Male,25-34,White - English/Welsh/Scottish/Northern Irish/British,White,,Firearms,A no further action disposal,False,
Person search,2019-01-17T18:58:00+00:00,False,,51.327079,-0.760872,Female,10-17,White - English/Welsh/Scottish/Northern Irish/British,White,,Controlled drugs,A no further action disposal,False,
Person search,2019-01-17T18:59:00+00:00,False,,51.450500,-0.471042,Male,18-24,White - English/Welsh/Scottish/Northern Irish/British,White,,Stolen goods,A no further action disposal,False,
Person search,2019-01-17T19:10:00+00:00,False,,51.327079,-0.760872,Male,10-17,White - English/Welsh/Scottish/Northern Irish/British,White,,Controlled drugs,Summons / charged by post,True,
Person search,2019-01-17T19:30:00+00:00,False,,51.232025,-0.321681,Male,10-17,Black/African/Caribbean/Black British - Any other Black/African/Caribbean background,Black,,Controlled drugs,A no further action disposal,False,
Person search,2019-01-17T20:00:00+00:00,False,,51.232025,-0.321681,Male,10-17,Black/African/Caribbean/Black British - African,Black,,Controlled drugs,A no further action disposal,False,
Person search,2019-01-17T20:55:00+00:00,False,,51.146336,-0.062464,Male,10-17,White - English/Welsh/Scottish/Northern Irish/British,White,,Controlled drugs,A no further action disposal,False,
Person search,2019-01-17T21:06:00+00:00,False,,51.146336,-0.062464,Male,10-17,White - English/Welsh/Scottish/Northern Irish/British,White,,Controlled drugs,A no further action disposal,False,
Person search,2019-01-17T22:55:00+00:00,False,,51.149340,-0.141708,Male,25-34,White - Any other White background,White,,Controlled drugs,A no further action disposal,False,
Person search,2019-01-17T23:05:00+00:00,False,,51.235523,-0.326095,Male,18-24,Black/African/Caribbean/Black British - African,Black,,Controlled drugs,Arrest,True,
Person search,2019-01-18T01:56:00+00:00,False,,51.323203,-0.525582,Male,25-34,White - Any other White background,White,,Controlled drugs,Summons / charged by post,False,
Person search,2019-01-18T02:00:00+00:00,False,,51.250684,-0.058224,Male,25-34,White - English/Welsh/Scottish/Northern Irish/British,White,,Controlled drugs,A no further action disposal,False,
Person search,2019-01-18T02:00:00+00:00,False,,51.250684,-0.058224,Male,18-24,White - English/Welsh/Scottish/Northern Irish/British,White,,Controlled drugs,A no further action disposal,False,
Person search,2019-01-18T02:40:00+00:00,False,,51.282516,-0.075997,Male,18-24,Other ethnic group - Not stated,White,,Controlled drugs,Khat or Cannabis warning,True,
Person search,2019-01-18T14:45:00+00:00,False,,51.434112,-0.505570,Male,25-34,White - English/Welsh/Scottish/Northern Irish/British,White,,Controlled drugs,A no further action disposal,False,
Person search,2019-01-18T17:13:00+00:00,False,,51.237037,-0.568290,Female,over 34,White - English/Welsh/Scottish/Northern Irish/British,White,,Stolen goods,A no further action disposal,False,
Person search,2019-01-18T19:40:00+00:00,False,,51.237116,-0.742734,Male,25-34,White - English/Welsh/Scottish/Northern Irish/British,White,,Controlled drugs,Arrest,False,
Person search,2019-01-18T23:18:00+00:00,False,,51.219409,-0.784327,Male,18-24,Black/African/Caribbean/Black British - Any other Black/African/Caribbean background,Black,,Controlled drugs,Khat or Cannabis warning,True,
Person search,2019-01-18T23:25:00+00:00,False,,51.237631,-0.186875,Male,25-34,Other ethnic group - Not stated,White,,Article for use in theft,A no further action disposal,False,
Person search,2019-01-18T23:26:00+00:00,False,,51.219409,-0.784327,Male,18-24,Black/African/Caribbean/Black British - African,Black,,Controlled drugs,A no further action disposal,True,
Person search,2019-01-19T00:01:00+00:00,False,,51.245648,-0.186015,Male,18-24,Other ethnic group - Not stated,White,,Firearms,A no further action disposal,False,
Person search,2019-01-19T00:04:00+00:00,False,,51.245648,-0.186015,Male,,White - English/Welsh/Scottish/Northern Irish/British,White,,Firearms,A no further action disposal,False,
Person search,2019-01-19T00:10:00+00:00,False,,51.245648,-0.186015,Male,18-24,Other ethnic group - Not stated,White,,Firearms,A no further action disposal,False,
Person search,2019-01-19T00:11:00+00:00,False,,51.245648,-0.186015,Male,,White - English/Welsh/Scottish/Northern Irish/British,White,,Firearms,A no further action disposal,False,
Person search,2019-01-19T00:11:00+00:00,False,,51.245648,-0.186015,Male,10-17,Mixed/Multiple ethnic groups - White and Black African,,,Firearms,A no further action disposal,False,
Person search,2019-01-19T00:30:00+00:00,False,,51.245648,-0.186015,Male,,White - English/Welsh/Scottish/Northern Irish/British,White,,Firearms,A no further action disposal,False,
Person search,2019-01-19T01:30:00+00:00,False,,51.299174,-0.092687,Male,10-17,Other ethnic group - Not stated,White,,Article for use in theft,A no further action disposal,False,
Person search,2019-01-19T01:30:00+00:00,False,,51.289730,-0.091543,Male,10-17,Other ethnic group - Not stated,White,,Article for use in theft,A no further action disposal,False,
Person search,2019-01-19T01:31:00+00:00,False,,51.296163,-0.094992,Male,10-17,White - English/Welsh/Scottish/Northern Irish/British,White,,Articles for use in criminal damage,A no further action disposal,False,
Person search,2019-01-19T01:36:00+00:00,False,,51.305274,-0.086279,Male,10-17,White - English/Welsh/Scottish/Northern Irish/British,White,,Articles for use in criminal damage,A no further action disposal,False,
Person search,2019-01-19T02:35:00+00:00,False,,51.324066,-0.604849,Male,18-24,White - English/Welsh/Scottish/Northern Irish/British,White,,Anything to threaten or harm anyone,A no further action disposal,False,
Person search,2019-01-19T03:04:00+00:00,False,,51.388600,-0.431800,Male,over 34,Other ethnic group - Not stated,Black,,Controlled drugs,A no further action disposal,False,
Person search,2019-01-19T03:13:00+00:00,False,,51.434112,-0.505570,Male,18-24,Other ethnic group - Not stated,White,,Article for use in theft,A no further action disposal,False,
Person search,2019-01-19T03:21:00+00:00,False,,51.425374,-0.479159,Male,18-24,White - English/Welsh/Scottish/Northern Irish/British,White,,Article for use in theft,A no further action disposal,False,
Person search,2019-01-19T03:26:00+00:00,False,,51.389743,-0.432509,Female,25-34,White - English/Welsh/Scottish/Northern Irish/British,White,,Controlled drugs,A no further action disposal,False,
Person search,2019-01-19T14:00:00+00:00,False,,51.237631,-0.186875,Male,25-34,White - English/Welsh/Scottish/Northern Irish/British,White,,Controlled drugs,A no further action disposal,False,
Person search,2019-01-19T14:45:00+00:00,False,,51.377882,-0.252007,Male,25-34,Black/African/Caribbean/Black British - Any other Black/African/Caribbean background,White,,Controlled drugs,Khat or Cannabis warning,True,
Person search,2019-01-19T14:55:00+00:00,False,,51.354184,-0.257246,Male,18-24,White - English/Welsh/Scottish/Northern Irish/British,White,,Controlled drugs,A no further action disposal,False,
Person search,2019-01-19T15:10:00+00:00,False,,51.235526,-0.572749,Male,25-34,Other ethnic group - Not stated,White,,Stolen goods,Arrest,True,
Person search,2019-01-19T15:24:00+00:00,False,,51.237631,-0.186875,Male,18-24,Black/African/Caribbean/Black British - Any other Black/African/Caribbean background,White,,Controlled drugs,Arrest,False,
Person search,2019-01-19T16:50:00+00:00,False,,51.378553,-0.251191,Male,18-24,White - English/Welsh/Scottish/Northern Irish/British,White,,Controlled drugs,A no further action disposal,False,
Person search,2019-01-19T16:50:00+00:00,False,,51.241997,-0.168694,Male,10-17,White - English/Welsh/Scottish/Northern Irish/British,White,,Firearms,A no further action disposal,False,
Person search,2019-01-19T16:51:00+00:00,False,,51.354184,-0.257246,Male,18-24,White - English/Welsh/Scottish/Northern Irish/British,White,,Controlled drugs,A no further action disposal,False,
Person search,2019-01-19T18:34:00+00:00,False,,51.213676,-0.561097,Male,18-24,White - English/Welsh/Scottish/Northern Irish/British,White,,Controlled drugs,Arrest,True,
Person search,2019-01-19T18:40:00+00:00,False,,51.213676,-0.561097,Male,18-24,White - English/Welsh/Scottish/Northern Irish/British,White,,Controlled drugs,A no further action disposal,False,
Person search,2019-01-19T21:00:00+00:00,False,,51.355583,-0.261846,Male,18-24,Asian/Asian British - Any other Asian background,Asian,,Controlled drugs,A no further action disposal,False,
Person search,2019-01-19T21:00:00+00:00,False,,51.317092,-0.621161,Male,18-24,White - Any other White background,White,,Controlled drugs,Arrest,True,
Person search,2019-01-19T21:00:00+00:00,False,,51.355583,-0.261846,Male,18-24,White - Any other White background,White,,Controlled drugs,A no further action disposal,False,
Person search,2019-01-19T21:03:00+00:00,False,,51.355583,-0.261846,Male,18-24,White - Any other White background,White,,Controlled drugs,A no further action disposal,False,
Person search,2019-01-19T23:33:00+00:00,False,,51.242693,-0.169512,Male,18-24,White - English/Welsh/Scottish/Northern Irish/British,White,,Controlled drugs,A no further action disposal,True,
Person search,2019-01-19T23:40:00+00:00,False,,51.316852,-0.557240,Male,25-34,Asian/Asian British - Pakistani,Asian,,Controlled drugs,Penalty Notice for Disorder,False,
Person search,2019-01-19T23:50:00+00:00,False,,51.383666,-0.499957,Male,18-24,White - English/Welsh/Scottish/Northern Irish/British,White,,Controlled drugs,A no further action disposal,False,
Person search,2019-01-20T00:00:00+00:00,False,,51.401450,-0.343535,Male,25-34,Other ethnic group - Not stated,White,,Controlled drugs,Khat or Cannabis warning,True,
Person search,2019-01-20T00:03:00+00:00,False,,51.382412,-0.445218,Male,,Other ethnic group - Not stated,Asian,,Controlled drugs,A no further action disposal,True,
Person search,2019-01-20T00:23:00+00:00,False,,51.300046,-0.093239,Female,18-24,White - English/Welsh/Scottish/Northern Irish/British,White,,Controlled drugs,Khat or Cannabis warning,True,
Person search,2019-01-20T02:40:00+00:00,False,,51.264671,-0.633093,Male,25-34,White - English/Welsh/Scottish/Northern Irish/British,White,,Controlled drugs,A no further action disposal,True,
Person search,2019-01-20T10:27:00+00:00,False,,51.243210,-0.205768,Male,18-24,White - English/Welsh/Scottish/Northern Irish/British,White,,Controlled drugs,Khat or Cannabis warning,True,
Person search,2019-01-20T18:02:00+00:00,False,,51.309993,-0.241531,Male,25-34,White - English/Welsh/Scottish/Northern Irish/British,White,,Controlled drugs,A no further action disposal,True,
Person search,2019-01-20T22:37:00+00:00,False,,51.332678,-0.222848,Male,18-24,White - English/Welsh/Scottish/Northern Irish/British,White,,Controlled drugs,Community resolution,True,
Person search,2019-01-20T22:37:00+00:00,False,,51.332811,-0.262909,Male,18-24,White - English/Welsh/Scottish/Northern Irish/British,White,,Controlled drugs,A no further action disposal,False,
Person search,2019-01-20T23:30:00+00:00,False,,51.340659,-0.508726,Male,18-24,Asian/Asian British - Any other Asian background,Asian,,Controlled drugs,A no further action disposal,False,
Person search,2019-01-20T23:50:00+00:00,False,,51.383666,-0.499957,Male,10-17,White - English/Welsh/Scottish/Northern Irish/British,White,,Controlled drugs,A no further action disposal,False,
Person search,2019-01-20T23:51:00+00:00,False,,51.383666,-0.499957,Male,18-24,White - English/Welsh/Scottish/Northern Irish/British,White,,Controlled drugs,A no further action disposal,False,
Person search,2019-01-21T11:00:00+00:00,False,,51.245917,-0.727536,Male,25-34,Other ethnic group - Not stated,White,,Stolen goods,A no further action disposal,False,
Person search,2019-01-21T11:20:00+00:00,False,,51.245917,-0.727536,Male,25-34,Other ethnic group - Not stated,White,,Stolen goods,A no further action disposal,False,
Person search,2019-01-21T13:55:00+00:00,False,,51.239238,-0.586687,Male,18-24,Asian/Asian British - Any other Asian background,Asian,,Controlled drugs,Khat or Cannabis warning,True,
Person search,2019-01-21T14:20:00+00:00,False,,51.457413,-0.476382,Male,over 34,White - English/Welsh/Scottish/Northern Irish/British,White,,Controlled drugs,A no further action disposal,False,
Person search,2019-01-21T14:40:00+00:00,True,,51.435996,-0.466894,Male,18-24,White - English/Welsh/Scottish/Northern Irish/British,White,,Controlled drugs,Arrest,True,
Person search,2019-01-21T16:11:00+00:00,False,,51.148436,0.874704,Male,10-17,White - English/Welsh/Scottish/Northern Irish/British,White,,Controlled drugs,A no further action disposal,False,
Person search,2019-01-21T16:31:00+00:00,False,,51.148436,0.874704,Male,10-17,White - English/Welsh/Scottish/Northern Irish/British,White,,Controlled drugs,A no further action disposal,False,
Person search,2019-01-21T18:30:00+00:00,False,,51.237631,-0.186875,Female,10-17,Mixed/Multiple ethnic groups - White and Black Caribbean,White,,Controlled drugs,A no further action disposal,False,
Person search,2019-01-21T19:40:00+00:00,False,,51.237352,-0.580184,Male,18-24,White - English/Welsh/Scottish/Northern Irish/British,White,,Controlled drugs,Khat or Cannabis warning,True,
Person search,2019-01-21T20:30:00+00:00,False,,51.239517,-0.590389,Male,25-34,White - English/Welsh/Scottish/Northern Irish/British,White,,Controlled drugs,Penalty Notice for Disorder,True,
Person search,2019-01-21T20:39:00+00:00,False,,51.239517,-0.590389,Male,,White - English/Welsh/Scottish/Northern Irish/British,White,,Controlled drugs,A no further action disposal,True,
Person search,2019-01-21T21:28:00+00:00,False,,51.222096,-0.167579,Male,18-24,Mixed/Multiple ethnic groups - Any other Mixed/Multiple ethnic background,,,Article for use in theft,A no further action disposal,False,
Person search,2019-01-21T22:50:00+00:00,False,,51.370400,-0.361494,Male,18-24,Other ethnic group - Not stated,White,,Article for use in theft,Community resolution,False,
Person search,2019-01-21T23:00:00+00:00,False,,51.265143,-0.572376,Male,18-24,White - English/Welsh/Scottish/Northern Irish/British,White,,Controlled drugs,A no further action disposal,False,
Person search,2019-01-22T00:00:00+00:00,False,,51.427737,-0.426577,Male,over 34,White - English/Welsh/Scottish/Northern Irish/British,White,,Controlled drugs,A no further action disposal,False,
Person and Vehicle search,2019-01-22T00:10:00+00:00,False,,51.339196,-0.744394,Male,25-34,White - English/Welsh/Scottish/Northern Irish/British,White,,Anything to threaten or harm anyone,A no further action disposal,,
Person search,2019-01-22T00:15:00+00:00,False,,51.245057,-0.577783,Male,25-34,White - English/Welsh/Scottish/Northern Irish/British,White,,Controlled drugs,Arrest,True,
Person search,2019-01-22T00:15:00+00:00,False,,51.239503,-0.576622,Male,18-24,White - English/Welsh/Scottish/Northern Irish/British,White,,Controlled drugs,Arrest,True,
Person search,2019-01-22T01:10:00+00:00,False,,,,Male,25-34,White - English/Welsh/Scottish/Northern Irish/British,White,,Controlled drugs,Arrest,False,
Person search,2019-01-22T01:23:00+00:00,False,,51.448995,-0.466602,Male,over 34,Other ethnic group - Not stated,White,,Article for use in theft,A no further action disposal,False,
Person search,2019-01-22T12:19:00+00:00,False,,51.242707,-0.572412,Male,18-24,White - English/Welsh/Scottish/Northern Irish/British,White,,Controlled drugs,Arrest,False,
Person search,2019-01-22T13:37:00+00:00,True,,51.383666,-0.499957,Male,over 34,White - English/Welsh/Scottish/Northern Irish/British,White,,Controlled drugs,A no further action disposal,False,
Person search,2019-01-22T15:30:00+00:00,False,,51.305686,-0.328148,Male,25-34,White - English/Welsh/Scottish/Northern Irish/British,White,,Controlled drugs,A no further action disposal,False,
Person search,2019-01-22T15:35:00+00:00,False,,51.338244,-0.749574,Male,10-17,White - English/Welsh/Scottish/Northern Irish/British,White,,Controlled drugs,A no further action disposal,False,
Person search,2019-01-22T15:35:00+00:00,False,,51.240349,-0.596767,Male,18-24,Black/African/Caribbean/Black British - Caribbean,Black,,Article for use in theft,A no further action disposal,False,
Person search,2019-01-22T19:00:00+00:00,False,,51.334093,-0.758314,Male,25-34,White - English/Welsh/Scottish/Northern Irish/British,White,,Controlled drugs,A no further action disposal,False,
Person search,2019-01-22T19:00:00+00:00,False,,51.299538,-0.335960,Male,25-34,White - English/Welsh/Scottish/Northern Irish/British,White,,Controlled drugs,Khat or Cannabis warning,True,
Person search,2019-01-22T20:55:00+00:00,False,,51.344674,-0.229937,Male,18-24,White - English/Welsh/Scottish/Northern Irish/British,White,,Controlled drugs,A no further action disposal,False,
Person search,2019-01-22T23:35:00+00:00,False,,51.236273,-0.586821,Male,25-34,White - English/Welsh/Scottish/Northern Irish/British,White,,Controlled drugs,A no further action disposal,False,
Person search,2019-01-23T00:40:00+00:00,False,,51.436525,-0.570709,Male,18-24,Mixed/Multiple ethnic groups - Any other Mixed/Multiple ethnic background,White,,Controlled drugs,A no further action disposal,False,
Person search,2019-01-23T00:48:00+00:00,False,,51.436525,-0.570709,Male,18-24,Black/African/Caribbean/Black British - Any other Black/African/Caribbean background,Black,,Controlled drugs,A no further action disposal,False,
Person search,2019-01-23T12:57:00+00:00,False,,51.236100,-0.579220,Male,10-17,Other ethnic group - Not stated,Asian,,Controlled drugs,A no further action disposal,False,
Person search,2019-01-23T13:44:00+00:00,False,,51.381545,-0.493746,Male,over 34,White - English/Welsh/Scottish/Northern Irish/British,White,,Controlled drugs,A no further action disposal,False,
Person search,2019-01-23T14:10:00+00:00,False,,51.416043,-0.531614,Male,18-24,Other ethnic group - Not stated,White,,Article for use in theft,Arrest,False,
Person search,2019-01-23T14:15:00+00:00,False,,,,Male,18-24,White - English/Welsh/Scottish/Northern Irish/British,White,,Controlled drugs,Community resolution,False,
Person search,2019-01-23T16:45:00+00:00,True,,51.343001,-0.234122,Male,25-34,White - Any other White background,White,,Controlled drugs,A no further action disposal,False,
Person search,2019-01-23T17:00:00+00:00,False,,51.343001,-0.234122,Male,25-34,White - Any other White background,White,,Controlled drugs,A no further action disposal,False,
Person search,2019-01-24T00:01:00+00:00,False,,51.376675,-0.344717,Male,18-24,Asian/Asian British - Pakistani,Asian,,Controlled drugs,A no further action disposal,False,
Person search,2019-01-24T00:14:00+00:00,False,,51.245649,-0.608397,Male,25-34,White - Any other White background,White,,Article for use in theft,A no further action disposal,False,
Person search,2019-01-24T00:25:00+00:00,False,,51.243228,-0.605920,Female,25-34,Other ethnic group - Not stated,White,,Article for use in theft,A no further action disposal,False,
Person search,2019-01-24T00:25:00+00:00,False,,51.243228,-0.605920,Female,25-34,Other ethnic group - Not stated,White,,Article for use in theft,A no further action disposal,False,
Person search,2019-01-24T01:09:00+00:00,False,,51.372823,-0.462626,Male,25-34,Other ethnic group - Not stated,White,,Firearms,Arrest,False,
Person search,2019-01-24T01:09:00+00:00,False,,51.372823,-0.462626,Male,25-34,Other ethnic group - Not stated,White,,Firearms,Arrest,False,
Person search,2019-01-24T01:09:00+00:00,False,,51.372823,-0.462626,Male,25-34,Other ethnic group - Not stated,White,,Firearms,Arrest,False,
Person search,2019-01-24T01:30:00+00:00,False,,51.236100,-0.579220,Male,18-24,Black/African/Caribbean/Black British - African,Black,,Controlled drugs,A no further action disposal,False,
Person search,2019-01-24T01:30:00+00:00,False,,51.236100,-0.579220,Female,18-24,White - Any other White background,White,,Controlled drugs,A no further action disposal,False,
Person search,2019-01-24T04:00:00+00:00,False,,51.225943,-0.195240,Male,10-17,White - English/Welsh/Scottish/Northern Irish/British,White,,Firearms,A no further action disposal,False,
Person search,2019-01-24T04:00:00+00:00,False,,51.225943,-0.195240,Male,over 34,White - English/Welsh/Scottish/Northern Irish/British,White,,Firearms,A no further action disposal,False,
Person search,2019-01-24T10:17:00+00:00,True,,51.237352,-0.580184,Male,18-24,White - English/Welsh/Scottish/Northern Irish/British,White,,Controlled drugs,A no further action disposal,False,
Person search,2019-01-24T10:30:00+00:00,True,,51.236639,-0.581467,Male,18-24,White - Any other White background,White,,Controlled drugs,A no further action disposal,False,
Person search,2019-01-24T10:30:00+00:00,True,,51.237352,-0.580184,Male,,Other ethnic group - Not stated,White,,Controlled drugs,A no further action disposal,False,
Person search,2019-01-24T10:31:00+00:00,True,,51.237352,-0.580184,Male,over 34,White - English/Welsh/Scottish/Northern Irish/British,White,,Controlled drugs,A no further action disposal,False,
Person search,2019-01-24T10:36:00+00:00,True,,51.236639,-0.581467,Male,18-24,White - English/Welsh/Scottish/Northern Irish/British,White,,Controlled drugs,A no further action disposal,False,
Person search,2019-01-24T10:41:00+00:00,True,,51.237352,-0.580184,Female,10-17,Other ethnic group - Any other ethnic group,White,,Controlled drugs,A no further action disposal,False,
Person search,2019-01-24T10:48:00+00:00,True,,51.237352,-0.580184,Male,25-34,White - English/Welsh/Scottish/Northern Irish/British,White,,Controlled drugs,A no further action disposal,False,
Person search,2019-01-24T10:49:00+00:00,True,,51.236639,-0.581467,Male,10-17,White - Any other White background,White,,Controlled drugs,A no further action disposal,False,
Person search,2019-01-24T10:51:00+00:00,True,,51.237352,-0.580184,Male,over 34,White - English/Welsh/Scottish/Northern Irish/British,White,,Controlled drugs,A no further action disposal,True,
Person search,2019-01-24T11:10:00+00:00,True,,51.237352,-0.580184,Male,18-24,White - English/Welsh/Scottish/Northern Irish/British,White,,Controlled drugs,A no further action disposal,False,
Person search,2019-01-24T11:11:00+00:00,True,,51.235986,-0.580985,Male,25-34,Other ethnic group - Not stated,Asian,,Controlled drugs,A no further action disposal,False,
Person search,2019-01-24T11:26:00+00:00,True,,51.237352,-0.580184,Male,25-34,White - English/Welsh/Scottish/Northern Irish/British,White,,Controlled drugs,A no further action disposal,False,
Person search,2019-01-24T11:26:00+00:00,True,,51.235986,-0.580985,Male,,Asian/Asian British - Any other Asian background,Asian,,Controlled drugs,A no further action disposal,False,
Person search,2019-01-24T11:28:00+00:00,True,,51.236639,-0.581467,Male,18-24,Asian/Asian British - Any other Asian background,Asian,,Controlled drugs,A no further action disposal,False,
Person search,2019-01-24T11:34:00+00:00,True,,51.237352,-0.580184,Male,18-24,White - English/Welsh/Scottish/Northern Irish/British,White,,Controlled drugs,A no further action disposal,False,
Person search,2019-01-24T11:40:00+00:00,False,,51.237352,-0.580184,Male,25-34,White - English/Welsh/Scottish/Northern Irish/British,White,,Controlled drugs,A no further action disposal,False,
Person search,2019-01-24T11:45:00+00:00,True,,51.237352,-0.580184,Male,over 34,White - English/Welsh/Scottish/Northern Irish/British,White,,Controlled drugs,A no further action disposal,False,
Person search,2019-01-24T11:55:00+00:00,True,,51.237352,-0.580184,Female,over 34,White - English/Welsh/Scottish/Northern Irish/British,White,,Controlled drugs,A no further action disposal,False,
Person search,2019-01-24T11:55:00+00:00,True,,51.237352,-0.580184,Male,18-24,Asian/Asian British - Any other Asian background,Other,,Controlled drugs,A no further action disposal,False,
Person search,2019-01-24T12:03:00+00:00,True,,51.237352,-0.580184,Male,18-24,White - English/Welsh/Scottish/Northern Irish/British,White,,Controlled drugs,A no further action disposal,False,
Person search,2019-01-24T12:10:00+00:00,True,,51.236639,-0.581467,Male,10-17,White - English/Welsh/Scottish/Northern Irish/British,White,,Controlled drugs,A no further action disposal,False,
Person search,2019-01-24T12:11:00+00:00,True,,51.237352,-0.580184,Male,25-34,White - English/Welsh/Scottish/Northern Irish/British,White,,Controlled drugs,A no further action disposal,False,
Person search,2019-01-24T12:21:00+00:00,True,,51.237352,-0.580184,Male,25-34,White - English/Welsh/Scottish/Northern Irish/British,White,,Controlled drugs,A no further action disposal,False,
Person search,2019-01-24T12:33:00+00:00,True,,51.236639,-0.581467,Male,18-24,White - English/Welsh/Scottish/Northern Irish/British,White,,Controlled drugs,A no further action disposal,False,
Person search,2019-01-24T12:36:00+00:00,True,,51.237352,-0.580184,Male,10-17,White - English/Welsh/Scottish/Northern Irish/British,White,,Controlled drugs,A no further action disposal,False,
Person search,2019-01-24T12:43:00+00:00,True,,51.236639,-0.581467,Male,18-24,White - English/Welsh/Scottish/Northern Irish/British,White,,Controlled drugs,A no further action disposal,False,
Person search,2019-01-24T12:59:00+00:00,True,,51.236639,-0.581467,Male,18-24,White - English/Welsh/Scottish/Northern Irish/British,White,,Controlled drugs,A no further action disposal,False,
Person search,2019-01-24T13:02:00+00:00,True,,51.236639,-0.581467,Male,over 34,Asian/Asian British - Any other Asian background,Asian,,Controlled drugs,A no further action disposal,False,
Person search,2019-01-24T13:04:00+00:00,True,,51.237352,-0.580184,Male,25-34,White - English/Welsh/Scottish/Northern Irish/British,White,,Controlled drugs,A no further action disposal,False,
Person search,2019-01-24T13:16:00+00:00,True,,51.236100,-0.579220,Female,18-24,White - English/Welsh/Scottish/Northern Irish/British,White,,Controlled drugs,A no further action disposal,False,
Person search,2019-01-24T13:21:00+00:00,True,,51.237352,-0.580184,Male,25-34,Black/African/Caribbean/Black British - Any other Black/African/Caribbean background,Black,,Controlled drugs,A no further action disposal,False,
Person search,2019-01-24T13:22:00+00:00,True,,51.237352,-0.580184,Male,18-24,White - English/Welsh/Scottish/Northern Irish/British,White,,Controlled drugs,A no further action disposal,False,
Person search,2019-01-24T13:37:00+00:00,True,,51.237352,-0.580184,Male,18-24,Asian/Asian British - Any other Asian background,Asian,,Controlled drugs,A no further action disposal,False,
Person search,2019-01-24T13:39:00+00:00,True,,51.237352,-0.580184,Male,18-24,White - English/Welsh/Scottish/Northern Irish/British,White,,Controlled drugs,A no further action disposal,False,
Person search,2019-01-24T13:39:00+00:00,True,,51.237352,-0.580184,Male,over 34,White - English/Welsh/Scottish/Northern Irish/British,White,,Controlled drugs,A no further action disposal,False,
Person search,2019-01-24T13:58:00+00:00,True,,51.235986,-0.580985,Male,18-24,White - English/Welsh/Scottish/Northern Irish/British,White,,Controlled drugs,A no further action disposal,False,
Person search,2019-01-24T14:05:00+00:00,False,,51.239691,-0.573594,Female,25-34,White - Any other White background,White,,Article for use in theft,Arrest,False,
Person search,2019-01-24T14:12:00+00:00,True,,51.236639,-0.581467,Male,18-24,Mixed/Multiple ethnic groups - White and Black African,Black,,Controlled drugs,A no further action disposal,False,
Person search,2019-01-24T14:20:00+00:00,True,,51.237352,-0.580184,Male,over 34,White - Any other White background,White,,Controlled drugs,A no further action disposal,False,
Person search,2019-01-24T14:20:00+00:00,True,,51.237352,-0.580184,Male,18-24,White - Any other White background,White,,Controlled drugs,Penalty Notice for Disorder,True,
Person search,2019-01-24T14:26:00+00:00,True,,51.236952,-0.582746,Male,18-24,Asian/Asian British - Any other Asian background,Asian,,Controlled drugs,A no further action disposal,False,
Person search,2019-01-24T14:33:00+00:00,True,,51.236639,-0.581467,Male,25-34,White - English/Welsh/Scottish/Northern Irish/British,White,,Controlled drugs,A no further action disposal,False,
Person search,2019-01-24T14:46:00+00:00,True,,51.236824,-0.576676,Male,10-17,White - Any other White background,White,,Controlled drugs,A no further action disposal,False,
Person search,2019-01-24T14:53:00+00:00,True,,51.236639,-0.581467,Male,18-24,White - English/Welsh/Scottish/Northern Irish/British,White,,Controlled drugs,A no further action disposal,False,
Person search,2019-01-24T14:53:00+00:00,True,,51.237352,-0.580184,Female,,White - English/Welsh/Scottish/Northern Irish/British,White,,Controlled drugs,A no further action disposal,False,
Person search,2019-01-24T14:55:00+00:00,True,,51.237268,-0.577680,Male,18-24,White - English/Welsh/Scottish/Northern Irish/British,White,,Controlled drugs,A no further action disposal,False,
Person search,2019-01-24T18:25:00+00:00,False,,51.187043,-0.610492,Male,10-17,White - English/Welsh/Scottish/Northern Irish/British,White,,Firearms,A no further action disposal,False,
Person search,2019-01-24T19:20:00+00:00,False,,51.236256,-0.186370,Male,25-34,White - English/Welsh/Scottish/Northern Irish/British,White,,Controlled drugs,A no further action disposal,False,
Person search,2019-01-24T20:16:00+00:00,False,,51.239656,-0.586273,Male,18-24,Asian/Asian British - Any other Asian background,Asian,,Controlled drugs,Arrest,True,
Person search,2019-01-24T22:20:00+00:00,True,,51.282516,-0.075997,Male,25-34,White - English/Welsh/Scottish/Northern Irish/British,White,,Articles for use in criminal damage,Arrest,True,
Person search,2019-01-25T01:28:00+00:00,False,,,,Male,18-24,White - English/Welsh/Scottish/Northern Irish/British,White,,Controlled drugs,A no further action disposal,False,
Person search,2019-01-25T10:30:00+00:00,False,,51.187043,-0.610492,Male,18-24,White - English/Welsh/Scottish/Northern Irish/British,White,,Controlled drugs,Penalty Notice for Disorder,True,
Person search,2019-01-25T13:42:00+00:00,False,,51.338571,-0.258972,Female,10-17,Other ethnic group - Not stated,White,,Controlled drugs,A no further action disposal,False,
Person search,2019-01-25T13:45:00+00:00,False,,51.363795,-0.272927,Female,18-24,White - Any other White background,White,,Controlled drugs,A no further action disposal,False,
Person search,2019-01-25T18:43:00+00:00,False,,51.199971,-0.165666,Male,10-17,White - English/Welsh/Scottish/Northern Irish/British,White,,Controlled drugs,A no further action disposal,False,
Person search,2019-01-25T18:44:00+00:00,False,,51.322798,-0.199521,Male,18-24,White - English/Welsh/Scottish/Northern Irish/British,White,,Controlled drugs,Arrest,False,
Person search,2019-01-25T19:02:00+00:00,False,,51.343859,-0.742386,Male,25-34,White - English/Welsh/Scottish/Northern Irish/British,White,,Controlled drugs,A no further action disposal,False,
Person search,2019-01-25T19:06:00+00:00,False,,51.343859,-0.742386,Male,25-34,Black/African/Caribbean/Black British - Any other Black/African/Caribbean background,Black,,Controlled drugs,A no further action disposal,False,
Person search,2019-01-25T19:49:00+00:00,False,,51.386289,-0.333404,Male,10-17,White - English/Welsh/Scottish/Northern Irish/British,White,,Firearms,A no further action disposal,False,
Person search,2019-01-25T19:51:00+00:00,False,,51.386289,-0.333404,Female,10-17,White - English/Welsh/Scottish/Northern Irish/British,White,,Firearms,A no further action disposal,False,
Person search,2019-01-25T19:55:00+00:00,False,,51.386289,-0.333404,Male,10-17,White - English/Welsh/Scottish/Northern Irish/British,White,,Firearms,A no further action disposal,False,
Person search,2019-01-25T19:57:00+00:00,False,,51.386289,-0.333404,Female,10-17,White - English/Welsh/Scottish/Northern Irish/British,White,,Firearms,A no further action disposal,False,
Person search,2019-01-25T20:19:00+00:00,False,,51.383526,-0.320629,Female,10-17,White - English/Welsh/Scottish/Northern Irish/British,White,,Firearms,A no further action disposal,False,
Person search,2019-01-25T20:24:00+00:00,False,,51.383526,-0.320629,Male,10-17,Asian/Asian British - Indian,Asian,,Firearms,A no further action disposal,False,
Person search,2019-01-25T20:25:00+00:00,False,,51.383526,-0.320629,Male,10-17,White - English/Welsh/Scottish/Northern Irish/British,White,,Firearms,A no further action disposal,False,
Person search,2019-01-25T20:26:00+00:00,False,,51.389057,-0.324465,Male,10-17,White - English/Welsh/Scottish/Northern Irish/British,White,,Firearms,A no further action disposal,False,
Person search,2019-01-25T20:55:00+00:00,True,,51.392826,-0.339046,Male,10-17,White - English/Welsh/Scottish/Northern Irish/British,White,,Firearms,A no further action disposal,False,
Person search,2019-01-25T20:57:00+00:00,False,,51.386289,-0.333404,Male,10-17,White - English/Welsh/Scottish/Northern Irish/British,White,,Firearms,A no further action disposal,False,
Person search,2019-01-25T20:58:00+00:00,False,,51.386289,-0.333404,Male,10-17,White - English/Welsh/Scottish/Northern Irish/British,White,,Firearms,A no further action disposal,False,
Person search,2019-01-25T21:02:00+00:00,False,,51.386289,-0.333404,Male,10-17,White - English/Welsh/Scottish/Northern Irish/British,White,,Firearms,A no further action disposal,False,
Person search,2019-01-25T21:54:00+00:00,False,,51.358591,-0.337153,Male,10-17,White - English/Welsh/Scottish/Northern Irish/British,White,,Firearms,A no further action disposal,False,
Person search,2019-01-25T21:55:00+00:00,False,,51.358591,-0.337153,Male,18-24,White - English/Welsh/Scottish/Northern Irish/British,White,,Firearms,A no further action disposal,False,
Person search,2019-01-25T21:55:00+00:00,False,,51.361177,-0.347042,Male,10-17,White - English/Welsh/Scottish/Northern Irish/British,White,,Firearms,A no further action disposal,False,
Person search,2019-01-25T22:33:00+00:00,False,,51.361177,-0.347042,Male,10-17,White - English/Welsh/Scottish/Northern Irish/British,White,,Firearms,A no further action disposal,False,
Person search,2019-01-25T23:00:00+00:00,False,,51.433143,-0.451697,Male,over 34,White - English/Welsh/Scottish/Northern Irish/British,White,,Article for use in theft,Arrest,True,
Person search,2019-01-25T23:23:00+00:00,False,,51.199814,-0.612126,Male,10-17,White - English/Welsh/Scottish/Northern Irish/British,White,,Firearms,A no further action disposal,False,
Person search,2019-01-26T00:12:00+00:00,True,,51.389896,-0.326518,Male,18-24,Mixed/Multiple ethnic groups - White and Black Caribbean,Black,,Firearms,A no further action disposal,False,
Person search,2019-01-26T02:35:00+00:00,False,,51.370090,-0.491105,Male,,White - English/Welsh/Scottish/Northern Irish/British,White,,Controlled drugs,A no further action disposal,False,
Person search,2019-01-26T03:30:00+00:00,False,,51.319061,-0.581251,Male,25-34,Asian/Asian British - Pakistani,Asian,,Controlled drugs,A no further action disposal,False,
Person search,2019-01-26T12:30:00+00:00,False,,51.377279,-0.410447,Male,18-24,White - English/Welsh/Scottish/Northern Irish/British,White,,Controlled drugs,A no further action disposal,False,
Person search,2019-01-26T14:30:00+00:00,False,,51.339483,-0.742678,Male,10-17,White - English/Welsh/Scottish/Northern Irish/British,White,,Stolen goods,A no further action disposal,False,
Person search,2019-01-26T14:30:00+00:00,False,,51.339483,-0.742678,Male,10-17,White - English/Welsh/Scottish/Northern Irish/British,White,,Stolen goods,A no further action disposal,False,
Person search,2019-01-26T17:09:00+00:00,False,,51.375383,-0.339907,Male,10-17,White - English/Welsh/Scottish/Northern Irish/British,White,,Firearms,A no further action disposal,False,
Person search,2019-01-26T17:30:00+00:00,False,,51.382164,-0.397388,Male,18-24,White - English/Welsh/Scottish/Northern Irish/British,White,,Controlled drugs,Caution (simple or conditional),True,
Person search,2019-01-26T18:20:00+00:00,False,,51.386274,-0.322267,Male,10-17,White - English/Welsh/Scottish/Northern Irish/British,White,,Firearms,A no further action disposal,False,
Person search,2019-01-26T18:20:00+00:00,False,,51.386274,-0.322267,Male,10-17,White - English/Welsh/Scottish/Northern Irish/British,White,,Firearms,A no further action disposal,False,
Person search,2019-01-26T18:20:00+00:00,False,,51.386274,-0.322267,Male,10-17,White - English/Welsh/Scottish/Northern Irish/British,White,,Firearms,A no further action disposal,False,
Person search,2019-01-26T18:20:00+00:00,False,,51.386274,-0.322267,Male,10-17,White - English/Welsh/Scottish/Northern Irish/British,White,,Firearms,A no further action disposal,False,
Person search,2019-01-26T18:20:00+00:00,False,,51.386274,-0.322267,Male,10-17,White - English/Welsh/Scottish/Northern Irish/British,White,,Firearms,A no further action disposal,False,
Person search,2019-01-26T18:20:00+00:00,False,,51.386274,-0.322267,Male,10-17,White - English/Welsh/Scottish/Northern Irish/British,White,,Firearms,A no further action disposal,False,
Person search,2019-01-26T18:20:00+00:00,False,,51.386274,-0.322267,Male,10-17,White - English/Welsh/Scottish/Northern Irish/British,White,,Firearms,A no further action disposal,False,
Person search,2019-01-26T18:20:00+00:00,False,,51.386274,-0.322267,Male,10-17,White - English/Welsh/Scottish/Northern Irish/British,White,,Firearms,A no further action disposal,False,
Person search,2019-01-26T18:20:00+00:00,False,,51.386274,-0.322267,Male,10-17,White - English/Welsh/Scottish/Northern Irish/British,White,,Firearms,A no further action disposal,False,
Person search,2019-01-26T18:20:00+00:00,False,,51.386274,-0.322267,Male,10-17,White - English/Welsh/Scottish/Northern Irish/British,White,,Firearms,A no further action disposal,False,
Person search,2019-01-26T18:50:00+00:00,False,,51.361665,-0.336367,Male,10-17,White - English/Welsh/Scottish/Northern Irish/British,White,,Firearms,A no further action disposal,False,
Person search,2019-01-26T18:55:00+00:00,False,,51.361665,-0.336367,Male,10-17,White - English/Welsh/Scottish/Northern Irish/British,White,,Firearms,A no further action disposal,False,
Person search,2019-01-26T19:20:00+00:00,False,,51.362228,-0.348183,Male,18-24,White - English/Welsh/Scottish/Northern Irish/British,White,,Firearms,A no further action disposal,False,
Person search,2019-01-26T19:20:00+00:00,False,,,,Male,18-24,White - English/Welsh/Scottish/Northern Irish/British,White,,Firearms,A no further action disposal,False,
Person search,2019-01-26T19:20:00+00:00,False,,50.929949,-1.361020,Male,18-24,White - English/Welsh/Scottish/Northern Irish/British,White,,Firearms,A no further action disposal,False,
Person search,2019-01-26T19:20:00+00:00,False,,51.362228,-0.348183,Male,18-24,White - English/Welsh/Scottish/Northern Irish/British,White,,Firearms,A no further action disposal,False,
Person search,2019-01-26T19:22:00+00:00,False,,51.385531,-0.339583,Male,18-24,Black/African/Caribbean/Black British - Any other Black/African/Caribbean background,Black,,Firearms,A no further action disposal,False,
Person search,2019-01-26T20:35:00+00:00,False,,,,Male,10-17,White - English/Welsh/Scottish/Northern Irish/British,White,,Firearms,A no further action disposal,False,
Person search,2019-01-26T20:40:00+00:00,False,,51.361360,-0.345312,Male,10-17,White - English/Welsh/Scottish/Northern Irish/British,White,,Firearms,A no further action disposal,False,
Person search,2019-01-26T20:45:00+00:00,False,,,,Male,10-17,White - English/Welsh/Scottish/Northern Irish/British,White,,Firearms,Community resolution,False,
Person search,2019-01-26T20:54:00+00:00,False,,51.362228,-0.348183,Male,18-24,White - English/Welsh/Scottish/Northern Irish/British,White,,Firearms,A no further action disposal,False,
Person search,2019-01-26T20:54:00+00:00,False,,51.362228,-0.348183,Male,18-24,White - English/Welsh/Scottish/Northern Irish/British,White,,Firearms,A no further action disposal,False,
Person search,2019-01-26T20:54:00+00:00,False,,51.362228,-0.348183,Male,18-24,White - English/Welsh/Scottish/Northern Irish/British,White,,Firearms,A no further action disposal,False,
Person search,2019-01-26T20:54:00+00:00,False,,51.362228,-0.348183,Male,18-24,White - English/Welsh/Scottish/Northern Irish/British,White,,Firearms,A no further action disposal,False,
Person search,2019-01-26T21:00:00+00:00,True,,51.361839,-0.346746,Male,10-17,White - English/Welsh/Scottish/Northern Irish/British,White,,Firearms,A no further action disposal,False,
Person search,2019-01-26T21:28:00+00:00,False,,51.227681,-0.171038,Male,18-24,White - English/Welsh/Scottish/Northern Irish/British,White,,Controlled drugs,A no further action disposal,False,
Person search,2019-01-26T21:49:00+00:00,False,,51.247933,-0.576205,Male,25-34,White - English/Welsh/Scottish/Northern Irish/British,White,,Controlled drugs,A no further action disposal,False,
Person search,2019-01-26T21:50:00+00:00,False,,51.429382,-0.466583,Male,18-24,White - English/Welsh/Scottish/Northern Irish/British,White,,Controlled drugs,A no further action disposal,False,
Person search,2019-01-26T21:50:00+00:00,False,,51.429382,-0.466583,Male,18-24,White - English/Welsh/Scottish/Northern Irish/British,White,,Controlled drugs,A no further action disposal,False,
Person search,2019-01-26T21:50:00+00:00,False,,51.423194,-0.447991,Female,18-24,White - English/Welsh/Scottish/Northern Irish/British,White,,Controlled drugs,A no further action disposal,False,
Person search,2019-01-26T21:58:00+00:00,False,,51.247933,-0.576205,Female,25-34,White - English/Welsh/Scottish/Northern Irish/British,White,,Controlled drugs,Khat or Cannabis warning,True,
Person search,2019-01-26T22:19:00+00:00,True,,51.361360,-0.345312,Male,10-17,White - English/Welsh/Scottish/Northern Irish/British,White,,Firearms,A no further action disposal,False,
Person search,2019-01-26T22:20:00+00:00,False,,51.369065,-0.363783,Male,10-17,White - English/Welsh/Scottish/Northern Irish/British,White,,Firearms,A no further action disposal,False,
Person search,2019-01-26T22:25:00+00:00,False,,51.238659,-0.180717,Male,25-34,Other ethnic group - Not stated,Other,,Controlled drugs,A no further action disposal,False,
Person search,2019-01-27T01:00:00+00:00,False,,51.275587,-0.523365,Male,18-24,Other ethnic group - Not stated,White,,Article for use in theft,A no further action disposal,False,
Person search,2019-01-27T01:00:00+00:00,False,,51.275587,-0.523365,Male,18-24,White - English/Welsh/Scottish/Northern Irish/British,White,,Stolen goods,A no further action disposal,False,
Person search,2019-01-27T02:42:00+00:00,False,,51.275587,-0.523365,Male,over 34,Other ethnic group - Not stated,White,,Firearms,A no further action disposal,False,
Person search,2019-01-27T13:26:00+00:00,False,,51.279800,-0.530872,Female,18-24,White - English/Welsh/Scottish/Northern Irish/British,White,,Controlled drugs,A no further action disposal,True,
Person search,2019-01-27T13:30:00+00:00,False,,51.256345,-0.545090,Male,25-34,White - English/Welsh/Scottish/Northern Irish/British,White,,Controlled drugs,A no further action disposal,True,
Person search,2019-01-27T17:03:00+00:00,False,,51.236316,-0.574114,Male,,White - English/Welsh/Scottish/Northern Irish/British,White,,Stolen goods,A no further action disposal,False,
Person search,2019-01-27T17:03:00+00:00,False,,51.236542,-0.572703,Male,10-17,White - English/Welsh/Scottish/Northern Irish/British,White,,Stolen goods,A no further action disposal,False,
Person search,2019-01-27T17:04:00+00:00,False,,51.236542,-0.572703,Male,10-17,White - English/Welsh/Scottish/Northern Irish/British,White,,Article for use in theft,A no further action disposal,False,
Person search,2019-01-27T18:30:00+00:00,False,,51.237631,-0.186875,Male,10-17,White - English/Welsh/Scottish/Northern Irish/British,White,,Article for use in theft,A no further action disposal,False,
Person search,2019-01-27T18:30:00+00:00,False,,51.239612,-0.167986,Male,10-17,White - English/Welsh/Scottish/Northern Irish/British,White,,Article for use in theft,A no further action disposal,False,
Person search,2019-01-27T19:00:00+00:00,False,,51.238540,-0.170765,Male,25-34,Other ethnic group - Not stated,Black,,Controlled drugs,A no further action disposal,False,
Person search,2019-01-27T20:00:00+00:00,False,,51.394589,-0.333390,Male,10-17,White - English/Welsh/Scottish/Northern Irish/British,White,,Firearms,A no further action disposal,False,
Person search,2019-01-27T21:12:00+00:00,False,,51.371972,-0.405689,Male,18-24,White - English/Welsh/Scottish/Northern Irish/British,White,,Controlled drugs,Penalty Notice for Disorder,True,
Person search,2019-01-27T21:49:00+00:00,False,,51.242107,-0.596441,Male,18-24,White - Any other White background,Asian,,Controlled drugs,Arrest,True,
Person search,2019-01-28T00:30:00+00:00,False,,51.316072,-0.559618,Male,18-24,White - English/Welsh/Scottish/Northern Irish/British,White,,Controlled drugs,Khat or Cannabis warning,True,
Person search,2019-01-28T03:10:00+00:00,False,,51.295672,-0.740949,Male,over 34,White - English/Welsh/Scottish/Northern Irish/British,White,,Article for use in theft,Penalty Notice for Disorder,False,
Person search,2019-01-28T16:20:00+00:00,False,,51.319966,-0.555219,Male,over 34,White - English/Welsh/Scottish/Northern Irish/British,White,,Firearms,A no further action disposal,False,
Person search,2019-01-28T18:40:00+00:00,False,,51.239612,-0.167986,Male,10-17,White - English/Welsh/Scottish/Northern Irish/British,White,,Articles for use in criminal damage,Arrest,True,
Person search,2019-01-28T18:40:00+00:00,False,,51.236008,-0.187225,Male,18-24,White - English/Welsh/Scottish/Northern Irish/British,White,,Articles for use in criminal damage,Arrest,True,
Person search,2019-01-28T21:15:00+00:00,False,,51.390909,-0.332590,Male,18-24,White - Any other White background,White,,Controlled drugs,Community resolution,True,
Person search,2019-01-28T21:45:00+00:00,False,,51.283080,-0.076977,Male,10-17,White - English/Welsh/Scottish/Northern Irish/British,White,,Controlled drugs,A no further action disposal,True,
Person search,2019-01-28T21:45:00+00:00,False,,51.193995,-0.050289,Male,10-17,Other ethnic group - Not stated,Black,,Controlled drugs,A no further action disposal,True,
Person search,2019-01-28T23:40:00+00:00,False,,51.149302,-0.754243,Male,10-17,White - English/Welsh/Scottish/Northern Irish/British,White,,Article for use in theft,A no further action disposal,False,
Person search,2019-01-29T00:30:00+00:00,False,,,,Female,over 34,Other ethnic group - Not stated,White,,Controlled drugs,A no further action disposal,False,
Person search,2019-01-29T01:53:00+00:00,False,,51.376699,-0.424807,Male,25-34,Other ethnic group - Not stated,White,,Controlled drugs,Khat or Cannabis warning,True,
Person search,2019-01-29T03:47:00+00:00,False,,51.375687,-0.454771,Male,18-24,White - English/Welsh/Scottish/Northern Irish/British,White,,Controlled drugs,A no further action disposal,False,
Person and Vehicle search,2019-01-29T11:10:00+00:00,False,,51.339196,-0.744394,Male,18-24,White - Any other White background,White,,Anything to threaten or harm anyone,A no further action disposal,,
Person search,2019-01-29T11:30:00+00:00,False,,51.260117,-0.149771,Male,25-34,Asian/Asian British - Any other Asian background,Asian,,Controlled drugs,Arrest,True,
Person search,2019-01-29T12:05:00+00:00,False,,51.244751,-0.571847,Male,18-24,Other ethnic group - Not stated,White,,Controlled drugs,A no further action disposal,False,
Person search,2019-01-29T12:20:00+00:00,False,,,,Female,18-24,White - English/Welsh/Scottish/Northern Irish/British,White,,Controlled drugs,Khat or Cannabis warning,True,
Person search,2019-01-29T13:05:00+00:00,False,,51.217838,-0.165543,Male,10-17,White - English/Welsh/Scottish/Northern Irish/British,White,,Firearms,A no further action disposal,False,
Person search,2019-01-29T16:21:00+00:00,False,,51.240814,-0.167824,Male,18-24,Other ethnic group - Not stated,,,Controlled drugs,A no further action disposal,False,
Person search,2019-01-29T17:20:00+00:00,False,,51.311802,-0.609511,Male,18-24,White - Any other White background,White,,Controlled drugs,A no further action disposal,False,
Person search,2019-01-29T17:20:00+00:00,False,,51.311802,-0.609511,Male,18-24,White - Any other White background,White,,Controlled drugs,A no further action disposal,False,
Person search,2019-01-29T21:44:00+00:00,False,,51.392156,-0.309173,Male,10-17,Mixed/Multiple ethnic groups - White and Black Caribbean,,,Firearms,A no further action disposal,False,
Person search,2019-01-29T23:40:00+00:00,False,,51.149302,-0.754243,Male,10-17,White - English/Welsh/Scottish/Northern Irish/British,White,,Article for use in theft,A no further action disposal,False,
Person search,2019-01-30T00:38:00+00:00,False,,51.436219,-0.456499,Male,25-34,White - Any other White background,White,,Controlled drugs,A no further action disposal,False,
Person search,2019-01-30T01:00:00+00:00,False,,,,Male,25-34,White - English/Welsh/Scottish/Northern Irish/British,White,,Controlled drugs,Caution (simple or conditional),True,
Person search,2019-01-30T11:30:00+00:00,False,,51.233797,-0.329294,Male,,White - English/Welsh/Scottish/Northern Irish/British,White,,Stolen goods,A no further action disposal,False,
Person search,2019-01-30T17:00:00+00:00,False,,51.322255,-0.193988,Male,18-24,Other ethnic group - Not stated,White,,Controlled drugs,A no further action disposal,False,
Person and Vehicle search,2019-01-30T21:50:00+00:00,False,,51.262525,-0.588596,Male,18-24,White - English/Welsh/Scottish/Northern Irish/British,White,,Anything to threaten or harm anyone,A no further action disposal,,
Person search,2019-01-30T21:52:00+00:00,False,,51.258042,-0.588174,Male,18-24,White - English/Welsh/Scottish/Northern Irish/British,White,,Controlled drugs,A no further action disposal,False,
Person search,2019-01-30T22:02:00+00:00,False,,51.242476,-0.734508,Male,18-24,Black/African/Caribbean/Black British - African,Black,,Controlled drugs,Arrest,True,
Person search,2019-01-30T22:07:00+00:00,False,,51.242476,-0.734508,Male,18-24,Black/African/Caribbean/Black British - African,Black,,Controlled drugs,Arrest,False,
Person search,2019-01-31T00:45:00+00:00,False,,51.385929,-0.431101,Male,18-24,White - English/Welsh/Scottish/Northern Irish/British,White,,Controlled drugs,Khat or Cannabis warning,True,
Person search,2019-01-31T00:45:00+00:00,False,,51.385929,-0.431101,Male,18-24,White - English/Welsh/Scottish/Northern Irish/British,White,,Controlled drugs,Khat or Cannabis warning,False,
Person search,2019-01-31T01:35:00+00:00,False,,51.384323,-0.416613,Male,18-24,White - English/Welsh/Scottish/Northern Irish/British,White,,Controlled drugs,Khat or Cannabis warning,True,
Person search,2019-01-31T01:35:00+00:00,False,,51.384323,-0.416613,Male,18-24,White - English/Welsh/Scottish/Northern Irish/British,White,,Controlled drugs,Khat or Cannabis warning,False,
Person search,2019-01-31T02:26:00+00:00,False,,51.339196,-0.744394,Male,18-24,Black/African/Caribbean/Black British - African,Black,,Controlled drugs,Khat or Cannabis warning,True,
Person search,2019-01-31T02:30:00+00:00,False,,51.360072,-0.687478,Male,18-24,White - Any other White background,White,,Controlled drugs,Summons / charged by post,True,
Person search,2019-01-31T02:50:00+00:00,False,,51.359814,-0.686063,Male,18-24,White - Any other White background,White,,Controlled drugs,A no further action disposal,False,
Person search,2019-01-31T11:20:00+00:00,False,,51.434424,-0.505373,Male,18-24,White - English/Welsh/Scottish/Northern Irish/British,White,,Controlled drugs,A no further action disposal,False,
Person search,2019-01-31T11:28:00+00:00,False,,51.434023,-0.566888,Male,,White - English/Welsh/Scottish/Northern Irish/British,White,,Controlled drugs,A no further action disposal,False,
Person search,2019-01-31T14:36:00+00:00,False,,51.392034,-0.503233,Male,25-34,White - English/Welsh/Scottish/Northern Irish/British,White,,Controlled drugs,A no further action disposal,False,
Person search,2019-01-31T14:40:00+00:00,False,,51.387234,-0.509038,Male,25-34,White - English/Welsh/Scottish/Northern Irish/British,White,,Controlled drugs,A no further action disposal,False,
Person search,2019-01-31T18:00:00+00:00,False,,51.386279,-0.420354,Male,25-34,White - Any other White background,White,,Article for use in theft,A no further action disposal,False,
Person search,2019-01-31T19:09:00+00:00,False,,51.238133,-0.089038,Male,10-17,White - English/Welsh/Scottish/Northern Irish/British,White,,Controlled drugs,A no further action disposal,False,
Vehicle search,2019-01-31T19:30:00+00:00,False,,51.326310,-0.544700,,,Other ethnic group - Not stated,,,Controlled drugs,A no further action disposal,False,
Person search,2019-01-31T19:45:00+00:00,True,,51.356962,-0.337054,Male,25-34,White - English/Welsh/Scottish/Northern Irish/British,White,,Firearms,A no further action disposal,False,
Person search,2019-01-31T20:00:00+00:00,False,,51.340039,-0.742534,Male,18-24,White - English/Welsh/Scottish/Northern Irish/British,White,,Controlled drugs,Khat or Cannabis warning,True,
Person search,2019-01-31T21:04:00+00:00,True,,51.381378,-0.325780,Male,10-17,White - English/Welsh/Scottish/Northern Irish/British,White,,Stolen goods,A no further action disposal,False,
Person search,2019-01-31T21:04:00+00:00,True,,51.382049,-0.326790,Male,10-17,White - English/Welsh/Scottish/Northern Irish/British,White,,Stolen goods,A no further action disposal,False,
Person search,2019-01-31T22:45:00+00:00,True,,51.386682,-0.386523,Male,10-17,White - English/Welsh/Scottish/Northern Irish/British,White,,Article for use in theft,A no further action disposal,False,
