Type,Date,Part of a policing operation,Policing operation,Latitude,Longitude,Gender,Age range,Self-defined ethnicity,Officer-defined ethnicity,Legislation,Object of search,Outcome,Outcome linked to object of search,Removal of more than just outer clothing
Person search,2019-05-01T00:20:00+00:00,False,,,,Male,18-24,Other ethnic group - Not stated,Asian,Misuse of Drugs Act 1971 (section 23),Controlled drugs,A no further action disposal,,
Person search,2019-05-01T00:25:00+00:00,False,,,,Male,18-24,Other ethnic group - Not stated,Asian,Misuse of Drugs Act 1971 (section 23),Controlled drugs,A no further action disposal,,False
Person search,2019-05-01T00:27:00+00:00,False,,,,Male,18-24,Other ethnic group - Not stated,Asian,Misuse of Drugs Act 1971 (section 23),Controlled drugs,A no further action disposal,,False
Person search,2019-05-01T10:06:00+00:00,False,,51.916336,-0.429403,Male,18-24,White - English/Welsh/Scottish/Northern Irish/British,White,Misuse of Drugs Act 1971 (section 23),Controlled drugs,A no further action disposal,,False
Person search,2019-05-01T11:42:00+00:00,False,,52.112525,-0.500854,Male,10-17,Black/African/Caribbean/Black British - African,Black,Misuse of Drugs Act 1971 (section 23),Controlled drugs,A no further action disposal,,False
Vehicle search,2019-05-01T13:00:00+00:00,False,,51.901628,-0.497070,,,,,Misuse of Drugs Act 1971 (section 23),Controlled drugs,A no further action disposal,,False
Person search,2019-05-01T13:40:00+00:00,False,,,,Male,10-17,Other ethnic group - Not stated,Black,Police and Criminal Evidence Act 1984 (section 1),Offensive weapons,A no further action disposal,,False
Person search,2019-05-01T13:50:00+00:00,False,,,,Male,18-24,Other ethnic group - Not stated,Black,Police and Criminal Evidence Act 1984 (section 1),Offensive weapons,A no further action disposal,,False
Person search,2019-05-01T13:50:00+00:00,False,,,,Male,,,White,Police and Criminal Evidence Act 1984 (section 1),Offensive weapons,A no further action disposal,,False
Person and Vehicle search,2019-05-01T14:51:00+00:00,False,,,,Male,18-24,White - Any other White background,White,Misuse of Drugs Act 1971 (section 23),Controlled drugs,A no further action disposal,,False
Person search,2019-05-01T16:30:00+00:00,False,,52.138209,-0.469700,Male,10-17,Asian/Asian British - Indian,Asian,Police and Criminal Evidence Act 1984 (section 1),Offensive weapons,A no further action disposal,,False
Person search,2019-05-01T16:40:00+00:00,False,,,,Male,18-24,Black/African/Caribbean/Black British - Any other Black/African/Caribbean background,Black,Police and Criminal Evidence Act 1984 (section 1),Offensive weapons,Khat or Cannabis warning,False,False
Person search,2019-05-01T16:53:00+00:00,False,,,,Male,25-34,Asian/Asian British - Bangladeshi,Asian,Misuse of Drugs Act 1971 (section 23),Controlled drugs,A no further action disposal,,False
Person search,2019-05-01T16:53:00+00:00,False,,,,Male,18-24,White - English/Welsh/Scottish/Northern Irish/British,White,Misuse of Drugs Act 1971 (section 23),Controlled drugs,A no further action disposal,,False
Person search,2019-05-01T17:00:00+00:00,False,,,,Male,25-34,Other ethnic group - Not stated,White,Misuse of Drugs Act 1971 (section 23),Controlled drugs,Khat or Cannabis warning,True,False
Person search,2019-05-01T17:30:00+00:00,False,,51.880213,-0.417049,Male,18-24,Mixed/Multiple ethnic groups - Any other Mixed/Multiple ethnic background,Other,Misuse of Drugs Act 1971 (section 23),Controlled drugs,A no further action disposal,,False
Person and Vehicle search,2019-05-01T18:15:23+00:00,False,,51.875481,-0.439093,Male,25-34,Other ethnic group - Not stated,White,Police and Criminal Evidence Act 1984 (section 1),Offensive weapons,A no further action disposal,,False
Person search,2019-05-01T20:15:00+00:00,False,,,,Male,25-34,White - English/Welsh/Scottish/Northern Irish/British,White,Misuse of Drugs Act 1971 (section 23),Controlled drugs,Khat or Cannabis warning,True,False
Person search,2019-05-01T20:16:00+00:00,False,,,,Male,25-34,White - English/Welsh/Scottish/Northern Irish/British,White,Misuse of Drugs Act 1971 (section 23),Controlled drugs,Caution (simple or conditional),True,False
Person search,2019-05-01T20:30:00+00:00,False,,,,Male,25-34,White - Any other White background,White,Misuse of Drugs Act 1971 (section 23),Controlled drugs,A no further action disposal,,False
Person search,2019-05-01T20:30:00+00:00,False,,,,Male,25-34,Black/African/Caribbean/Black British - Caribbean,Black,Misuse of Drugs Act 1971 (section 23),Controlled drugs,A no further action disposal,,False
Vehicle search,2019-05-02T08:43:50+00:00,False,,51.906496,-0.483373,,,,,Misuse of Drugs Act 1971 (section 23),Controlled drugs,A no further action disposal,,False
Person and Vehicle search,2019-05-02T10:05:00+00:00,True,,,,Male,18-24,Other ethnic group - Not stated,White,Misuse of Drugs Act 1971 (section 23),Controlled drugs,A no further action disposal,,False
Person and Vehicle search,2019-05-02T10:05:00+00:00,True,,,,Male,18-24,Other ethnic group - Not stated,White,Misuse of Drugs Act 1971 (section 23),Controlled drugs,Khat or Cannabis warning,True,False
Person search,2019-05-02T13:30:00+00:00,False,,52.143209,-0.471896,Male,25-34,Other ethnic group - Not stated,White,Misuse of Drugs Act 1971 (section 23),Controlled drugs,A no further action disposal,,False
Person search,2019-05-02T17:20:03+00:00,False,,52.143209,-0.471896,Male,25-34,White - English/Welsh/Scottish/Northern Irish/British,White,Misuse of Drugs Act 1971 (section 23),Controlled drugs,A no further action disposal,,False
Person search,2019-05-02T17:26:01+00:00,False,,52.143209,-0.471896,Male,25-34,White - English/Welsh/Scottish/Northern Irish/British,White,Misuse of Drugs Act 1971 (section 23),Controlled drugs,A no further action disposal,,False
Person search,2019-05-02T18:02:29+00:00,False,,,,Male,10-17,White - English/Welsh/Scottish/Northern Irish/British,White,Police and Criminal Evidence Act 1984 (section 1),Offensive weapons,A no further action disposal,,False
Person search,2019-05-02T21:20:00+00:00,False,,52.138572,-0.471383,Male,18-24,Asian/Asian British - Pakistani,Asian,Misuse of Drugs Act 1971 (section 23),Controlled drugs,Caution (simple or conditional),True,False
Person search,2019-05-03T04:16:04+00:00,False,,,,Male,18-24,White - English/Welsh/Scottish/Northern Irish/British,Black,Misuse of Drugs Act 1971 (section 23),Controlled drugs,A no further action disposal,,False
Person search,2019-05-03T10:29:00+00:00,False,,51.803644,0.411989,Male,25-34,White - English/Welsh/Scottish/Northern Irish/British,White,Police and Criminal Evidence Act 1984 (section 1),Article for use in theft,A no further action disposal,,False
Person search,2019-05-03T10:33:00+00:00,False,,51.803644,0.411989,Male,over 34,White - English/Welsh/Scottish/Northern Irish/British,White,Police and Criminal Evidence Act 1984 (section 1),Article for use in theft,A no further action disposal,,False
Person and Vehicle search,2019-05-03T10:50:00+00:00,False,,51.908364,-0.506396,Male,10-17,White - English/Welsh/Scottish/Northern Irish/British,White,Misuse of Drugs Act 1971 (section 23),Controlled drugs,A no further action disposal,,False
Person search,2019-05-03T13:40:00+00:00,False,,,,Male,10-17,Black/African/Caribbean/Black British - Any other Black/African/Caribbean background,Black,Misuse of Drugs Act 1971 (section 23),Controlled drugs,A no further action disposal,,False
Person search,2019-05-03T13:40:00+00:00,False,,,,Male,10-17,Other ethnic group - Not stated,Asian,Misuse of Drugs Act 1971 (section 23),Controlled drugs,Community resolution,True,False
Person search,2019-05-03T13:50:00+00:00,False,,,,Female,18-24,White - English/Welsh/Scottish/Northern Irish/British,White,Misuse of Drugs Act 1971 (section 23),Controlled drugs,A no further action disposal,,False
Person search,2019-05-04T04:25:00+00:00,False,,,,Female,18-24,White - English/Welsh/Scottish/Northern Irish/British,White,Police and Criminal Evidence Act 1984 (section 1),Article for use in theft,A no further action disposal,,False
Person and Vehicle search,2019-05-04T10:44:18+00:00,False,,51.873834,-0.418115,Male,over 34,Other ethnic group - Not stated,Asian,Misuse of Drugs Act 1971 (section 23),Controlled drugs,A no further action disposal,,False
Person search,2019-05-04T16:00:00+00:00,False,,51.880380,-0.416084,Male,10-17,Asian/Asian British - Bangladeshi,Asian,Misuse of Drugs Act 1971 (section 23),Controlled drugs,A no further action disposal,,False
Person search,2019-05-04T16:04:00+00:00,True,,,,Male,10-17,White - English/Welsh/Scottish/Northern Irish/British,White,Police and Criminal Evidence Act 1984 (section 1),Fireworks,A no further action disposal,,False
Person search,2019-05-05T05:10:53+00:00,False,,52.136985,-0.464832,Male,10-17,Asian/Asian British - Any other Asian background,Asian,Police and Criminal Evidence Act 1984 (section 1),Offensive weapons,A no further action disposal,,False
Person search,2019-05-05T19:14:00+00:00,False,,52.038643,-0.295765,Male,25-34,White - English/Welsh/Scottish/Northern Irish/British,White,Misuse of Drugs Act 1971 (section 23),Controlled drugs,Penalty Notice for Disorder,True,False
Vehicle search,2019-05-05T19:14:00+00:00,False,,52.038643,-0.295765,,,,,Misuse of Drugs Act 1971 (section 23),Controlled drugs,Arrest,False,False
Person search,2019-05-05T19:20:00+00:00,False,,52.038643,-0.295765,Male,25-34,White - English/Welsh/Scottish/Northern Irish/British,White,Misuse of Drugs Act 1971 (section 23),Controlled drugs,A no further action disposal,,False
Person search,2019-05-05T21:21:22+00:00,False,,52.038643,-0.295765,Male,18-24,White - English/Welsh/Scottish/Northern Irish/British,White,Misuse of Drugs Act 1971 (section 23),Controlled drugs,A no further action disposal,,False
Person search,2019-05-06T17:45:00+00:00,False,,51.888002,-0.523070,Male,10-17,White - English/Welsh/Scottish/Northern Irish/British,White,Misuse of Drugs Act 1971 (section 23),Controlled drugs,A no further action disposal,,True
Person search,2019-05-06T18:00:00+00:00,False,,52.154673,-0.441654,Male,10-17,Black/African/Caribbean/Black British - Any other Black/African/Caribbean background,Black,Misuse of Drugs Act 1971 (section 23),Controlled drugs,A no further action disposal,,False
Person search,2019-05-06T21:34:28+00:00,False,,51.888002,-0.523070,Male,10-17,Mixed/Multiple ethnic groups - White and Black Caribbean,Black,Misuse of Drugs Act 1971 (section 23),Controlled drugs,A no further action disposal,,True
Person and Vehicle search,2019-05-06T22:45:00+00:00,False,,51.894588,-0.430960,Male,over 34,Other ethnic group - Not stated,Asian,Misuse of Drugs Act 1971 (section 23),Controlled drugs,A no further action disposal,,False
Person search,2019-05-07T06:05:00+00:00,False,,51.880683,-0.375044,Male,over 34,White - Any other White background,White,Police and Criminal Evidence Act 1984 (section 1),Article for use in theft,Community resolution,True,False
Person search,2019-05-07T14:20:00+00:00,False,,52.160811,-0.449612,Male,18-24,White - English/Welsh/Scottish/Northern Irish/British,White,Misuse of Drugs Act 1971 (section 23),Controlled drugs,Penalty Notice for Disorder,True,False
Person search,2019-05-07T14:20:00+00:00,False,,52.160811,-0.449612,Male,18-24,Other ethnic group - Not stated,Black,Misuse of Drugs Act 1971 (section 23),Controlled drugs,A no further action disposal,,False
Person search,2019-05-07T16:03:00+00:00,False,,51.916891,-0.463321,Male,18-24,Other ethnic group - Not stated,Asian,Police and Criminal Evidence Act 1984 (section 1),Article for use in theft,A no further action disposal,,False
Vehicle search,2019-05-07T17:36:00+00:00,False,,51.905772,-0.471187,,,,,Misuse of Drugs Act 1971 (section 23),Controlled drugs,A no further action disposal,,False
Person search,2019-05-07T18:05:00+00:00,False,,,,Male,25-34,Other ethnic group - Not stated,White,Misuse of Drugs Act 1971 (section 23),Controlled drugs,A no further action disposal,,False
Person search,2019-05-07T20:30:00+00:00,True,,,,Male,18-24,White - English/Welsh/Scottish/Northern Irish/British,White,Misuse of Drugs Act 1971 (section 23),Controlled drugs,A no further action disposal,,False
Person search,2019-05-07T20:45:00+00:00,True,,,,Male,10-17,White - English/Welsh/Scottish/Northern Irish/British,White,Misuse of Drugs Act 1971 (section 23),Controlled drugs,A no further action disposal,,False
Person and Vehicle search,2019-05-07T21:00:00+00:00,False,,51.899000,-0.502492,Male,25-34,White - Any other White background,White,Misuse of Drugs Act 1971 (section 23),Controlled drugs,A no further action disposal,,False
Person search,2019-05-07T21:15:00+00:00,False,,52.139540,-0.462859,Female,10-17,White - Any other White background,White,Misuse of Drugs Act 1971 (section 23),Controlled drugs,A no further action disposal,,False
Person search,2019-05-07T21:15:00+00:00,False,,52.139540,-0.462859,Male,18-24,Other ethnic group - Not stated,White,Misuse of Drugs Act 1971 (section 23),Controlled drugs,A no further action disposal,,False
Person search,2019-05-08T07:18:23+00:00,False,,51.916446,-0.462246,Male,10-17,Asian/Asian British - Pakistani,Asian,Police and Criminal Evidence Act 1984 (section 1),Article for use in theft,Summons / charged by post,True,False
Person search,2019-05-08T14:31:00+00:00,False,,,,Male,25-34,White - Irish,White,Police and Criminal Evidence Act 1984 (section 1),Stolen goods,A no further action disposal,,False
Person search,2019-05-08T15:00:00+00:00,False,,,,Male,18-24,Black/African/Caribbean/Black British - Caribbean,Black,Misuse of Drugs Act 1971 (section 23),Controlled drugs,A no further action disposal,,False
Person search,2019-05-08T15:20:00+00:00,True,,,,Male,18-24,Mixed/Multiple ethnic groups - White and Black Caribbean,Black,Misuse of Drugs Act 1971 (section 23),Controlled drugs,A no further action disposal,,False
Person search,2019-05-08T15:45:00+00:00,True,,,,Male,18-24,Black/African/Caribbean/Black British - African,Black,Misuse of Drugs Act 1971 (section 23),Controlled drugs,A no further action disposal,,False
Person search,2019-05-08T15:50:00+00:00,False,,,,Male,over 34,Other ethnic group - Not stated,White,Misuse of Drugs Act 1971 (section 23),Controlled drugs,A no further action disposal,,False
Person search,2019-05-08T19:10:00+00:00,False,,,,Male,over 34,White - English/Welsh/Scottish/Northern Irish/British,White,Misuse of Drugs Act 1971 (section 23),Controlled drugs,A no further action disposal,,False
Vehicle search,2019-05-08T19:15:00+00:00,False,,,,,,,,Misuse of Drugs Act 1971 (section 23),Controlled drugs,A no further action disposal,,False
Person and Vehicle search,2019-05-09T14:25:00+00:00,False,,,,Male,25-34,Other ethnic group - Not stated,Asian,Police and Criminal Evidence Act 1984 (section 1),Article for use in theft,A no further action disposal,,False
Person and Vehicle search,2019-05-09T14:25:00+00:00,False,,,,Male,,Other ethnic group - Not stated,Asian,Police and Criminal Evidence Act 1984 (section 1),Article for use in theft,A no further action disposal,,False
Person search,2019-05-09T18:20:00+00:00,False,,52.275406,-0.602510,Male,25-34,Asian/Asian British - Pakistani,Other,Misuse of Drugs Act 1971 (section 23),Controlled drugs,A no further action disposal,,False
Person search,2019-05-09T18:35:00+00:00,False,,52.275406,-0.602510,Male,25-34,Asian/Asian British - Any other Asian background,Asian,Misuse of Drugs Act 1971 (section 23),Controlled drugs,A no further action disposal,,False
Person search,2019-05-09T18:39:00+00:00,False,,52.275406,-0.602510,Male,25-34,White - English/Welsh/Scottish/Northern Irish/British,White,Misuse of Drugs Act 1971 (section 23),Controlled drugs,A no further action disposal,,False
Person and Vehicle search,2019-05-09T20:07:00+00:00,False,,,,Male,18-24,White - English/Welsh/Scottish/Northern Irish/British,White,Misuse of Drugs Act 1971 (section 23),Controlled drugs,A no further action disposal,,False
Person search,2019-05-09T20:42:00+00:00,False,,,,Male,18-24,White - English/Welsh/Scottish/Northern Irish/British,White,Misuse of Drugs Act 1971 (section 23),Controlled drugs,A no further action disposal,,False
Person search,2019-05-10T00:00:00+00:00,False,,51.893113,-0.464321,Male,18-24,Asian/Asian British - Pakistani,White,Misuse of Drugs Act 1971 (section 23),Controlled drugs,A no further action disposal,,False
Person search,2019-05-10T12:50:00+00:00,False,,,,Male,over 34,White - English/Welsh/Scottish/Northern Irish/British,White,Police and Criminal Evidence Act 1984 (section 1),Offensive weapons,A no further action disposal,,False
Person search,2019-05-10T13:24:00+00:00,False,,,,Male,10-17,White - English/Welsh/Scottish/Northern Irish/British,White,Misuse of Drugs Act 1971 (section 23),Controlled drugs,A no further action disposal,,False
Person search,2019-05-10T13:40:00+00:00,False,,52.037981,-0.335637,Female,18-24,White - English/Welsh/Scottish/Northern Irish/British,White,Misuse of Drugs Act 1971 (section 23),Controlled drugs,A no further action disposal,,False
Person and Vehicle search,2019-05-10T15:12:37+00:00,False,,,,Male,18-24,Other ethnic group - Not stated,Black,Misuse of Drugs Act 1971 (section 23),Controlled drugs,A no further action disposal,,False
Person and Vehicle search,2019-05-10T20:50:00+00:00,False,,51.879416,-0.536848,Male,10-17,White - English/Welsh/Scottish/Northern Irish/British,White,Misuse of Drugs Act 1971 (section 23),Controlled drugs,Khat or Cannabis warning,True,False
Person search,2019-05-10T20:50:00+00:00,False,,51.879416,-0.536848,Male,10-17,White - English/Welsh/Scottish/Northern Irish/British,White,Misuse of Drugs Act 1971 (section 23),Controlled drugs,Khat or Cannabis warning,True,False
Person search,2019-05-10T20:50:00+00:00,False,,51.879416,-0.536848,Male,10-17,White - English/Welsh/Scottish/Northern Irish/British,White,Misuse of Drugs Act 1971 (section 23),Controlled drugs,Khat or Cannabis warning,True,False
Person search,2019-05-10T20:50:00+00:00,False,,51.879416,-0.536848,Male,10-17,White - English/Welsh/Scottish/Northern Irish/British,White,Misuse of Drugs Act 1971 (section 23),Controlled drugs,Khat or Cannabis warning,True,False
Person search,2019-05-10T20:50:00+00:00,False,,51.879416,-0.536848,Male,10-17,White - English/Welsh/Scottish/Northern Irish/British,White,Misuse of Drugs Act 1971 (section 23),Controlled drugs,Khat or Cannabis warning,True,False
Person and Vehicle search,2019-05-10T22:55:00+00:00,False,,52.138924,-0.480489,Male,25-34,,Asian,Misuse of Drugs Act 1971 (section 23),Controlled drugs,A no further action disposal,,False
Person and Vehicle search,2019-05-11T03:30:00+00:00,False,,,,Male,18-24,White - English/Welsh/Scottish/Northern Irish/British,White,Misuse of Drugs Act 1971 (section 23),Controlled drugs,Khat or Cannabis warning,True,False
Person search,2019-05-11T04:30:51+00:00,False,,,,Male,18-24,White - English/Welsh/Scottish/Northern Irish/British,White,Misuse of Drugs Act 1971 (section 23),Controlled drugs,A no further action disposal,,False
Person search,2019-05-11T19:24:00+00:00,False,,52.131353,-0.465245,Male,25-34,Black/African/Caribbean/Black British - Any other Black/African/Caribbean background,Black,Misuse of Drugs Act 1971 (section 23),Controlled drugs,Khat or Cannabis warning,True,False
Person and Vehicle search,2019-05-11T20:00:00+00:00,False,,51.952086,-0.655233,Male,18-24,White - English/Welsh/Scottish/Northern Irish/British,White,Misuse of Drugs Act 1971 (section 23),Controlled drugs,A no further action disposal,,False
Person search,2019-05-11T20:04:00+00:00,False,,51.952086,-0.655233,Male,18-24,White - English/Welsh/Scottish/Northern Irish/British,White,Misuse of Drugs Act 1971 (section 23),Controlled drugs,A no further action disposal,,False
Person search,2019-05-11T20:10:00+00:00,False,,51.952086,-0.655233,Male,10-17,White - English/Welsh/Scottish/Northern Irish/British,White,Misuse of Drugs Act 1971 (section 23),Controlled drugs,A no further action disposal,,False
Person search,2019-05-11T20:20:00+00:00,False,,51.952086,-0.655233,Male,18-24,White - English/Welsh/Scottish/Northern Irish/British,White,Misuse of Drugs Act 1971 (section 23),Controlled drugs,A no further action disposal,,False
Person and Vehicle search,2019-05-11T21:40:00+00:00,False,,51.869439,-0.427638,Male,over 34,White - Any other White background,Other,Police and Criminal Evidence Act 1984 (section 1),Article for use in theft,A no further action disposal,,False
Person search,2019-05-11T21:40:00+00:00,False,,51.869439,-0.427638,Male,25-34,White - Any other White background,Other,Police and Criminal Evidence Act 1984 (section 1),Article for use in theft,A no further action disposal,,False
Person search,2019-05-11T22:50:00+00:00,False,,,,Male,,,Asian,Police and Criminal Evidence Act 1984 (section 1),Article for use in theft,A no further action disposal,,False
Person search,2019-05-12T12:00:00+00:00,False,,,,Male,over 34,White - Any other White background,White,Misuse of Drugs Act 1971 (section 23),Controlled drugs,A no further action disposal,,False
Person search,2019-05-12T15:15:00+00:00,False,,52.081313,-0.244651,Male,over 34,White - English/Welsh/Scottish/Northern Irish/British,White,Misuse of Drugs Act 1971 (section 23),Controlled drugs,Arrest,True,False
Person search,2019-05-12T16:15:00+00:00,False,,51.898982,-0.474528,Male,10-17,Mixed/Multiple ethnic groups - White and Black Caribbean,Black,Police and Criminal Evidence Act 1984 (section 1),Articles for use in criminal damage,Summons / charged by post,False,False
Person search,2019-05-12T20:09:00+00:00,False,,,,Male,18-24,White - English/Welsh/Scottish/Northern Irish/British,White,Misuse of Drugs Act 1971 (section 23),Controlled drugs,A no further action disposal,,False
Person search,2019-05-12T20:09:00+00:00,False,,,,Male,18-24,White - English/Welsh/Scottish/Northern Irish/British,White,Misuse of Drugs Act 1971 (section 23),Controlled drugs,A no further action disposal,,False
Vehicle search,2019-05-13T16:00:00+00:00,True,,,,,,,,Misuse of Drugs Act 1971 (section 23),Controlled drugs,A no further action disposal,,False
Person search,2019-05-13T16:20:00+00:00,False,,51.880380,-0.416084,Male,25-34,White - English/Welsh/Scottish/Northern Irish/British,White,Police and Criminal Evidence Act 1984 (section 1),Offensive weapons,A no further action disposal,,False
Person search,2019-05-13T17:20:00+00:00,True,,,,Male,over 34,White - Any other White background,White,Misuse of Drugs Act 1971 (section 23),Controlled drugs,A no further action disposal,,False
Person search,2019-05-13T19:25:00+00:00,False,,,,Male,18-24,Black/African/Caribbean/Black British - Any other Black/African/Caribbean background,Black,Misuse of Drugs Act 1971 (section 23),Controlled drugs,Summons / charged by post,True,False
Person and Vehicle search,2019-05-13T19:25:00+00:00,True,,,,Male,18-24,Black/African/Caribbean/Black British - Caribbean,Black,Misuse of Drugs Act 1971 (section 23),Controlled drugs,Community resolution,True,False
Person search,2019-05-13T19:30:00+00:00,False,,,,Male,25-34,Black/African/Caribbean/Black British - African,Black,Misuse of Drugs Act 1971 (section 23),Controlled drugs,A no further action disposal,,False
Person search,2019-05-13T20:15:00+00:00,False,,51.904875,-0.514158,Male,,,Black,Police and Criminal Evidence Act 1984 (section 1),Offensive weapons,A no further action disposal,,False
Person search,2019-05-13T20:15:00+00:00,False,,51.904875,-0.514158,Male,18-24,White - English/Welsh/Scottish/Northern Irish/British,White,Police and Criminal Evidence Act 1984 (section 1),Offensive weapons,A no further action disposal,,False
Person search,2019-05-13T23:30:00+00:00,False,,,,Female,10-17,White - English/Welsh/Scottish/Northern Irish/British,White,Misuse of Drugs Act 1971 (section 23),Controlled drugs,Arrest,True,False
Person and Vehicle search,2019-05-14T01:36:46+00:00,False,,51.873834,-0.418115,Male,18-24,Asian/Asian British - Bangladeshi,Asian,Misuse of Drugs Act 1971 (section 23),Controlled drugs,A no further action disposal,,False
Person search,2019-05-14T12:10:00+00:00,False,,,,Male,10-17,Black/African/Caribbean/Black British - Any other Black/African/Caribbean background,Black,Misuse of Drugs Act 1971 (section 23),Controlled drugs,A no further action disposal,,False
Person and Vehicle search,2019-05-14T13:10:00+00:00,False,,51.902455,-0.483044,Male,18-24,Other ethnic group - Not stated,Asian,Misuse of Drugs Act 1971 (section 23),Controlled drugs,A no further action disposal,,False
Person search,2019-05-14T14:30:00+00:00,False,,51.878903,-0.413942,Male,over 34,White - English/Welsh/Scottish/Northern Irish/British,White,Misuse of Drugs Act 1971 (section 23),Controlled drugs,A no further action disposal,,False
Person search,2019-05-14T17:05:00+00:00,False,,,,Female,10-17,,Black,Police and Criminal Evidence Act 1984 (section 1),Offensive weapons,A no further action disposal,,False
Person and Vehicle search,2019-05-14T19:45:00+00:00,False,,52.132139,-0.465525,Male,25-34,White - English/Welsh/Scottish/Northern Irish/British,White,Misuse of Drugs Act 1971 (section 23),Controlled drugs,A no further action disposal,,False
Person and Vehicle search,2019-05-14T19:50:00+00:00,False,,52.123159,-0.431549,Male,25-34,,White,Misuse of Drugs Act 1971 (section 23),Controlled drugs,Penalty Notice for Disorder,True,False
Person and Vehicle search,2019-05-14T20:55:00+00:00,False,,52.010309,-0.648520,Female,18-24,White - English/Welsh/Scottish/Northern Irish/British,White,Misuse of Drugs Act 1971 (section 23),Controlled drugs,Khat or Cannabis warning,True,False
Person search,2019-05-15T00:00:00+00:00,False,,52.135356,-0.457100,Male,,Black/African/Caribbean/Black British - Any other Black/African/Caribbean background,Black,Misuse of Drugs Act 1971 (section 23),Controlled drugs,A no further action disposal,,False
Vehicle search,2019-05-15T01:00:00+00:00,False,,51.876416,0.421956,,,,,Misuse of Drugs Act 1971 (section 23),Controlled drugs,Summons / charged by post,True,False
Person and Vehicle search,2019-05-15T17:31:32+00:00,False,,,,Male,25-34,White - English/Welsh/Scottish/Northern Irish/British,White,Police and Criminal Evidence Act 1984 (section 1),Article for use in theft,A no further action disposal,,False
Person search,2019-05-15T17:54:39+00:00,False,,,,Female,over 34,White - English/Welsh/Scottish/Northern Irish/British,White,Misuse of Drugs Act 1971 (section 23),Controlled drugs,A no further action disposal,,False
Person search,2019-05-15T22:01:35+00:00,False,,,,Male,over 34,Asian/Asian British - Indian,Asian,Misuse of Drugs Act 1971 (section 23),Controlled drugs,Arrest,True,False
Person and Vehicle search,2019-05-15T22:30:00+00:00,False,,52.080637,-0.265168,Male,18-24,White - English/Welsh/Scottish/Northern Irish/British,White,Misuse of Drugs Act 1971 (section 23),Controlled drugs,Caution (simple or conditional),True,False
Person and Vehicle search,2019-05-15T23:22:00+00:00,False,,52.139168,-0.484090,Male,18-24,White - English/Welsh/Scottish/Northern Irish/British,Asian,Misuse of Drugs Act 1971 (section 23),Controlled drugs,Penalty Notice for Disorder,True,False
Person search,2019-05-16T13:28:00+00:00,False,,51.880198,-0.422643,Male,25-34,Black/African/Caribbean/Black British - Any other Black/African/Caribbean background,Black,Misuse of Drugs Act 1971 (section 23),Controlled drugs,Arrest,True,True
Person search,2019-05-16T14:34:00+00:00,False,,51.877860,-0.421286,Male,18-24,Asian/Asian British - Any other Asian background,Asian,Misuse of Drugs Act 1971 (section 23),Controlled drugs,A no further action disposal,,False
Person search,2019-05-16T18:05:00+00:00,False,,52.167203,-0.506021,Male,10-17,White - Any other White background,White,Police and Criminal Evidence Act 1984 (section 1),Offensive weapons,Arrest,True,False
Person and Vehicle search,2019-05-16T22:35:00+00:00,False,,52.133711,-0.482084,Male,18-24,Other ethnic group - Not stated,Black,Misuse of Drugs Act 1971 (section 23),Controlled drugs,A no further action disposal,,True
Person search,2019-05-17T00:10:00+00:00,False,,52.138087,-0.444600,Male,over 34,White - English/Welsh/Scottish/Northern Irish/British,White,Police and Criminal Evidence Act 1984 (section 1),Article for use in theft,A no further action disposal,,False
Person and Vehicle search,2019-05-17T09:45:00+00:00,False,,,,Female,18-24,White - English/Welsh/Scottish/Northern Irish/British,White,Misuse of Drugs Act 1971 (section 23),Controlled drugs,A no further action disposal,,False
Person and Vehicle search,2019-05-17T10:50:00+00:00,False,,52.154862,-0.432862,Male,25-34,White - English/Welsh/Scottish/Northern Irish/British,White,Police and Criminal Evidence Act 1984 (section 1),Offensive weapons,A no further action disposal,,False
Person search,2019-05-17T12:30:00+00:00,False,,,,Male,25-34,Asian/Asian British - Pakistani,Asian,Misuse of Drugs Act 1971 (section 23),Controlled drugs,A no further action disposal,,False
Person search,2019-05-17T12:35:00+00:00,False,,,,Male,25-34,Asian/Asian British - Pakistani,Asian,Misuse of Drugs Act 1971 (section 23),Controlled drugs,A no further action disposal,,False
Person and Vehicle search,2019-05-17T12:39:00+00:00,False,,,,Male,25-34,White - English/Welsh/Scottish/Northern Irish/British,White,Misuse of Drugs Act 1971 (section 23),Controlled drugs,A no further action disposal,,False
Person search,2019-05-17T13:00:00+00:00,False,,52.146172,-0.429835,Male,over 34,Other ethnic group - Not stated,Black,Misuse of Drugs Act 1971 (section 23),Controlled drugs,A no further action disposal,,False
Person and Vehicle search,2019-05-17T13:15:00+00:00,False,,52.146172,-0.429835,Male,over 34,White - English/Welsh/Scottish/Northern Irish/British,White,Misuse of Drugs Act 1971 (section 23),Controlled drugs,A no further action disposal,,False
Vehicle search,2019-05-17T14:55:00+00:00,False,,,,,,,,Firearms Act 1968 (section 47),Firearms,Arrest,True,False
Person search,2019-05-17T15:09:00+00:00,False,,51.914028,-0.660194,,,,White,Misuse of Drugs Act 1971 (section 23),Controlled drugs,A no further action disposal,,False
Person search,2019-05-17T15:09:00+00:00,False,,51.914028,-0.660194,,,,White,Misuse of Drugs Act 1971 (section 23),Controlled drugs,A no further action disposal,,False
Person search,2019-05-17T15:09:00+00:00,False,,51.914028,-0.660194,,,,White,Misuse of Drugs Act 1971 (section 23),Controlled drugs,A no further action disposal,,False
Person search,2019-05-17T15:10:00+00:00,False,,51.914028,-0.660194,Male,,,White,Misuse of Drugs Act 1971 (section 23),Controlled drugs,A no further action disposal,,False
Person and Vehicle search,2019-05-17T21:10:34+00:00,False,,52.127316,-0.452864,Male,18-24,Black/African/Caribbean/Black British - Any other Black/African/Caribbean background,Black,Misuse of Drugs Act 1971 (section 23),Controlled drugs,Khat or Cannabis warning,True,False
Person and Vehicle search,2019-05-17T21:25:18+00:00,False,,52.127316,-0.452864,Male,18-24,White - English/Welsh/Scottish/Northern Irish/British,White,Misuse of Drugs Act 1971 (section 23),Controlled drugs,A no further action disposal,,False
Person search,2019-05-17T21:45:00+00:00,False,,52.247697,-0.559201,Female,10-17,White - English/Welsh/Scottish/Northern Irish/British,White,Misuse of Drugs Act 1971 (section 23),Controlled drugs,A no further action disposal,,False
Person search,2019-05-17T22:10:00+00:00,False,,51.883160,-0.441849,Male,18-24,Other ethnic group - Not stated,Asian,Misuse of Drugs Act 1971 (section 23),Controlled drugs,A no further action disposal,,False
Person search,2019-05-17T22:20:00+00:00,False,,51.883160,-0.441849,Male,18-24,Other ethnic group - Not stated,Asian,Misuse of Drugs Act 1971 (section 23),Controlled drugs,A no further action disposal,,False
Person search,2019-05-17T23:08:00+00:00,False,,51.879781,-0.424401,Male,over 34,White - Any other White background,White,Misuse of Drugs Act 1971 (section 23),Controlled drugs,Caution (simple or conditional),True,False
Person and Vehicle search,2019-05-17T23:40:00+00:00,False,,52.052319,-0.756575,Male,18-24,Black/African/Caribbean/Black British - African,White,Misuse of Drugs Act 1971 (section 23),Controlled drugs,A no further action disposal,,False
Person and Vehicle search,2019-05-18T01:01:00+00:00,False,,52.130005,-0.464561,Male,18-24,,White,Misuse of Drugs Act 1971 (section 23),Controlled drugs,A no further action disposal,,False
Person search,2019-05-18T01:59:45+00:00,False,,52.130005,-0.464561,Male,18-24,White - English/Welsh/Scottish/Northern Irish/British,White,Misuse of Drugs Act 1971 (section 23),Controlled drugs,A no further action disposal,,False
Person search,2019-05-18T17:00:00+00:00,False,,,,Male,18-24,White - English/Welsh/Scottish/Northern Irish/British,White,Misuse of Drugs Act 1971 (section 23),Controlled drugs,A no further action disposal,,False
Person search,2019-05-18T17:47:00+00:00,False,,52.144734,-0.423820,Male,,,White,Misuse of Drugs Act 1971 (section 23),Controlled drugs,A no further action disposal,,False
Person search,2019-05-18T17:48:00+00:00,False,,52.144734,-0.423820,Male,,,Black,Misuse of Drugs Act 1971 (section 23),Controlled drugs,A no further action disposal,,False
Person search,2019-05-18T18:40:00+00:00,False,,51.880198,-0.422643,Male,18-24,Asian/Asian British - Pakistani,Other,Misuse of Drugs Act 1971 (section 23),Controlled drugs,A no further action disposal,,False
Person search,2019-05-18T19:31:00+00:00,False,,52.144734,-0.423820,Male,over 34,White - Any other White background,White,Misuse of Drugs Act 1971 (section 23),Controlled drugs,A no further action disposal,,False
Person search,2019-05-18T19:32:00+00:00,False,,52.144734,-0.423820,Female,over 34,White - Any other White background,White,Misuse of Drugs Act 1971 (section 23),Controlled drugs,A no further action disposal,,False
Person search,2019-05-18T20:21:47+00:00,False,,51.880198,-0.422643,Male,18-24,Asian/Asian British - Pakistani,Other,Misuse of Drugs Act 1971 (section 23),Controlled drugs,A no further action disposal,,False
Person and Vehicle search,2019-05-18T23:53:00+00:00,False,,,,Male,18-24,Mixed/Multiple ethnic groups - White and Asian,Asian,Misuse of Drugs Act 1971 (section 23),Controlled drugs,A no further action disposal,,False
Person search,2019-05-19T04:07:22+00:00,False,,52.106210,-0.480915,Male,18-24,Other ethnic group - Not stated,White,Firearms Act 1968 (section 47),Firearms,A no further action disposal,,True
Person and Vehicle search,2019-05-19T13:20:00+00:00,False,,52.037071,-0.308349,Male,18-24,White - English/Welsh/Scottish/Northern Irish/British,White,Police and Criminal Evidence Act 1984 (section 1),Offensive weapons,Penalty Notice for Disorder,False,False
Person search,2019-05-19T15:23:00+00:00,False,,52.014562,-0.577485,Male,over 34,Other ethnic group - Not stated,Black,Misuse of Drugs Act 1971 (section 23),Controlled drugs,A no further action disposal,,False
Person search,2019-05-19T19:30:00+00:00,False,,,,Female,10-17,Other ethnic group - Not stated,White,Police and Criminal Evidence Act 1984 (section 1),Article for use in theft,A no further action disposal,,False
Person and Vehicle search,2019-05-19T19:35:49+00:00,False,,51.884298,-0.429386,Male,10-17,Asian/Asian British - Pakistani,Asian,Firearms Act 1968 (section 47),Firearms,A no further action disposal,,False
Person and Vehicle search,2019-05-19T19:43:22+00:00,False,,51.884298,-0.429386,Male,25-34,Asian/Asian British - Pakistani,Asian,Firearms Act 1968 (section 47),Firearms,Caution (simple or conditional),False,False
Person search,2019-05-19T19:45:00+00:00,False,,52.158455,-0.448875,Male,18-24,Other ethnic group - Not stated,Black,Misuse of Drugs Act 1971 (section 23),Controlled drugs,Khat or Cannabis warning,True,False
Person search,2019-05-19T19:45:00+00:00,False,,52.158455,-0.448875,Male,18-24,White - English/Welsh/Scottish/Northern Irish/British,White,Misuse of Drugs Act 1971 (section 23),Controlled drugs,A no further action disposal,,False
Person search,2019-05-19T19:56:23+00:00,False,,51.884298,-0.429386,Male,18-24,Other ethnic group - Not stated,Asian,Firearms Act 1968 (section 47),Firearms,A no further action disposal,,False
Person and Vehicle search,2019-05-19T21:00:00+00:00,False,,52.088237,-0.464988,Male,18-24,Asian/Asian British - Any other Asian background,Asian,Misuse of Drugs Act 1971 (section 23),Controlled drugs,Caution (simple or conditional),True,False
Person search,2019-05-19T22:00:00+00:00,False,,52.088237,-0.464988,Male,18-24,Asian/Asian British - Any other Asian background,Asian,Misuse of Drugs Act 1971 (section 23),Controlled drugs,A no further action disposal,,False
Person search,2019-05-19T22:00:00+00:00,False,,,,Male,25-34,Asian/Asian British - Indian,Asian,Misuse of Drugs Act 1971 (section 23),Controlled drugs,Caution (simple or conditional),True,False
Person search,2019-05-20T01:36:00+00:00,False,,51.879781,-0.424401,Male,25-34,Black/African/Caribbean/Black British - Any other Black/African/Caribbean background,Black,Misuse of Drugs Act 1971 (section 23),Controlled drugs,A no further action disposal,,False
Person and Vehicle search,2019-05-20T02:15:00+00:00,False,,,,Male,18-24,Asian/Asian British - Any other Asian background,Asian,Misuse of Drugs Act 1971 (section 23),Controlled drugs,A no further action disposal,,False
Person search,2019-05-20T02:42:18+00:00,False,,,,Male,18-24,Mixed/Multiple ethnic groups - Any other Mixed/Multiple ethnic background,Asian,Misuse of Drugs Act 1971 (section 23),Controlled drugs,A no further action disposal,,False
Person and Vehicle search,2019-05-20T13:10:00+00:00,False,,,,Male,18-24,Black/African/Caribbean/Black British - African,Black,Misuse of Drugs Act 1971 (section 23),Controlled drugs,A no further action disposal,,False
Person search,2019-05-20T16:00:00+00:00,False,,52.025711,-0.487273,Female,18-24,White - English/Welsh/Scottish/Northern Irish/British,White,Police and Criminal Evidence Act 1984 (section 1),Article for use in theft,A no further action disposal,,False
Person search,2019-05-20T16:00:00+00:00,False,,52.025711,-0.487273,Female,,White - English/Welsh/Scottish/Northern Irish/British,White,Police and Criminal Evidence Act 1984 (section 1),Article for use in theft,A no further action disposal,,False
Person search,2019-05-20T16:00:00+00:00,False,,52.025711,-0.487273,Female,18-24,White - English/Welsh/Scottish/Northern Irish/British,White,Police and Criminal Evidence Act 1984 (section 1),Article for use in theft,A no further action disposal,,False
Person search,2019-05-20T16:15:00+00:00,False,,51.889630,-0.520968,Male,18-24,White - English/Welsh/Scottish/Northern Irish/British,White,Police and Criminal Evidence Act 1984 (section 1),Offensive weapons,A no further action disposal,,False
Person search,2019-05-20T16:15:00+00:00,False,,51.889630,-0.520968,Male,10-17,White - English/Welsh/Scottish/Northern Irish/British,White,Police and Criminal Evidence Act 1984 (section 1),Offensive weapons,A no further action disposal,,False
Person search,2019-05-20T16:20:00+00:00,False,,51.889630,-0.520968,Male,10-17,Mixed/Multiple ethnic groups - White and Black African,Black,Police and Criminal Evidence Act 1984 (section 1),Offensive weapons,A no further action disposal,,False
Person search,2019-05-20T16:20:00+00:00,False,,51.889630,-0.520968,Male,10-17,White - English/Welsh/Scottish/Northern Irish/British,White,Police and Criminal Evidence Act 1984 (section 1),Offensive weapons,A no further action disposal,,False
Person search,2019-05-20T16:55:00+00:00,False,,52.144734,-0.423820,Male,10-17,White - English/Welsh/Scottish/Northern Irish/British,White,Misuse of Drugs Act 1971 (section 23),Controlled drugs,A no further action disposal,,False
Person search,2019-05-20T16:55:00+00:00,False,,52.144734,-0.423820,Male,10-17,White - English/Welsh/Scottish/Northern Irish/British,White,Misuse of Drugs Act 1971 (section 23),Controlled drugs,A no further action disposal,,False
Person search,2019-05-20T16:57:00+00:00,False,,52.144734,-0.423820,Male,10-17,Other ethnic group - Not stated,White,Misuse of Drugs Act 1971 (section 23),Controlled drugs,A no further action disposal,,False
Person search,2019-05-20T20:16:00+00:00,False,,52.149374,-0.429240,Female,10-17,Other ethnic group - Not stated,Black,Misuse of Drugs Act 1971 (section 23),Controlled drugs,A no further action disposal,,False
Person search,2019-05-20T20:32:08+00:00,False,,,,Male,25-34,Asian/Asian British - Any other Asian background,Other,Police and Criminal Evidence Act 1984 (section 1),Offensive weapons,A no further action disposal,,False
Person search,2019-05-20T23:00:00+00:00,True,,51.902786,-0.474559,Male,18-24,Black/African/Caribbean/Black British - Caribbean,Black,Misuse of Drugs Act 1971 (section 23),Controlled drugs,A no further action disposal,,True
Person search,2019-05-21T07:50:00+00:00,True,,51.902786,-0.474559,Male,18-24,Black/African/Caribbean/Black British - Caribbean,Black,Misuse of Drugs Act 1971 (section 23),Controlled drugs,A no further action disposal,,True
Person search,2019-05-21T08:30:00+00:00,False,,52.025701,-0.490699,Male,18-24,Mixed/Multiple ethnic groups - White and Black African,Black,Misuse of Drugs Act 1971 (section 23),Controlled drugs,Caution (simple or conditional),True,False
Person search,2019-05-21T10:37:00+00:00,False,,52.133322,-0.463161,Male,over 34,White - English/Welsh/Scottish/Northern Irish/British,White,Misuse of Drugs Act 1971 (section 23),Controlled drugs,A no further action disposal,,False
Person search,2019-05-21T10:40:00+00:00,False,,52.133322,-0.463161,Male,25-34,White - English/Welsh/Scottish/Northern Irish/British,White,Misuse of Drugs Act 1971 (section 23),Controlled drugs,A no further action disposal,,False
Person search,2019-05-21T12:25:00+00:00,False,,52.134294,-0.471544,Male,,Other ethnic group - Not stated,Black,Police and Criminal Evidence Act 1984 (section 1),Offensive weapons,A no further action disposal,,False
Person search,2019-05-21T12:30:00+00:00,False,,,,Male,18-24,Black/African/Caribbean/Black British - Caribbean,Black,Police and Criminal Evidence Act 1984 (section 1),Offensive weapons,A no further action disposal,,False
Person search,2019-05-21T12:40:00+00:00,False,,,,Female,18-24,Other ethnic group - Not stated,Black,Firearms Act 1968 (section 47),Firearms,A no further action disposal,,False
Person and Vehicle search,2019-05-21T13:45:00+00:00,False,,51.879044,-0.418426,Male,25-34,White - Any other White background,White,Misuse of Drugs Act 1971 (section 23),Controlled drugs,A no further action disposal,,False
Person search,2019-05-21T20:20:00+00:00,False,,52.132216,-0.447347,Male,over 34,White - English/Welsh/Scottish/Northern Irish/British,White,Misuse of Drugs Act 1971 (section 23),Controlled drugs,A no further action disposal,,False
Person and Vehicle search,2019-05-21T20:20:00+00:00,False,,,,Male,,,White,Misuse of Drugs Act 1971 (section 23),Controlled drugs,A no further action disposal,,False
Person and Vehicle search,2019-05-21T21:01:00+00:00,False,,,,Male,over 34,White - English/Welsh/Scottish/Northern Irish/British,White,Police and Criminal Evidence Act 1984 (section 1),Article for use in theft,Arrest,True,False
Person and Vehicle search,2019-05-21T21:01:00+00:00,False,,,,Female,over 34,White - English/Welsh/Scottish/Northern Irish/British,White,Police and Criminal Evidence Act 1984 (section 1),Article for use in theft,Arrest,True,False
Person and Vehicle search,2019-05-21T21:01:00+00:00,False,,,,Female,25-34,White - English/Welsh/Scottish/Northern Irish/British,White,Police and Criminal Evidence Act 1984 (section 1),Article for use in theft,Arrest,True,False
Vehicle search,2019-05-21T21:05:00+00:00,False,,,,,,,,Police and Criminal Evidence Act 1984 (section 1),Article for use in theft,Arrest,True,False
Vehicle search,2019-05-22T04:50:00+00:00,False,,,,,,,,Misuse of Drugs Act 1971 (section 23),Controlled drugs,A no further action disposal,,False
Vehicle search,2019-05-22T04:50:00+00:00,False,,,,,,,,Misuse of Drugs Act 1971 (section 23),Controlled drugs,A no further action disposal,,False
Vehicle search,2019-05-22T04:50:00+00:00,False,,,,,,,,Misuse of Drugs Act 1971 (section 23),Controlled drugs,A no further action disposal,,False
Person search,2019-05-22T16:30:39+00:00,False,,51.898339,-0.424318,Male,10-17,White - English/Welsh/Scottish/Northern Irish/British,White,Police and Criminal Evidence Act 1984 (section 1),Offensive weapons,Community resolution,False,False
Person search,2019-05-22T18:14:00+00:00,False,,,,Male,over 34,White - Irish,White,Police and Criminal Evidence Act 1984 (section 1),Article for use in theft,A no further action disposal,,False
Person search,2019-05-22T18:15:00+00:00,False,,,,Male,over 34,White - English/Welsh/Scottish/Northern Irish/British,White,Police and Criminal Evidence Act 1984 (section 1),Article for use in theft,A no further action disposal,,False
Person search,2019-05-22T20:00:00+00:00,False,,52.085628,-0.259735,Male,10-17,White - English/Welsh/Scottish/Northern Irish/British,White,Police and Criminal Evidence Act 1984 (section 1),Offensive weapons,Khat or Cannabis warning,False,False
Person search,2019-05-23T10:10:00+00:00,True,,,,Male,25-34,Other ethnic group - Not stated,White,Misuse of Drugs Act 1971 (section 23),Controlled drugs,A no further action disposal,,False
Person search,2019-05-23T12:15:00+00:00,False,,51.885934,-0.415264,Male,25-34,Black/African/Caribbean/Black British - Caribbean,Black,Misuse of Drugs Act 1971 (section 23),Controlled drugs,A no further action disposal,,False
Person and Vehicle search,2019-05-23T15:25:00+00:00,False,,52.113264,-0.505225,Male,25-34,White - Any other White background,Asian,Police and Criminal Evidence Act 1984 (section 1),Offensive weapons,Arrest,True,False
Person search,2019-05-23T15:48:45+00:00,True,,,,Male,over 34,Other ethnic group - Not stated,White,Police and Criminal Evidence Act 1984 (section 1),Stolen goods,A no further action disposal,,False
Person search,2019-05-23T17:00:00+00:00,False,,51.879443,-0.413327,Male,25-34,White - English/Welsh/Scottish/Northern Irish/British,White,Police and Criminal Evidence Act 1984 (section 1),Article for use in theft,A no further action disposal,,False
Person search,2019-05-24T00:20:00+00:00,False,,51.892124,-0.529126,Female,18-24,White - English/Welsh/Scottish/Northern Irish/British,White,Misuse of Drugs Act 1971 (section 23),Controlled drugs,Arrest,False,False
Person and Vehicle search,2019-05-24T10:50:00+00:00,False,,,,Male,over 34,Other ethnic group - Not stated,Black,Police and Criminal Evidence Act 1984 (section 1),Stolen goods,A no further action disposal,,False
Person and Vehicle search,2019-05-24T13:00:00+00:00,False,,,,Male,over 34,Asian/Asian British - Pakistani,Asian,Misuse of Drugs Act 1971 (section 23),Controlled drugs,A no further action disposal,,False
Person search,2019-05-24T14:08:00+00:00,False,,,,Male,over 34,White - Any other White background,White,Misuse of Drugs Act 1971 (section 23),Controlled drugs,A no further action disposal,,False
Person search,2019-05-24T14:29:00+00:00,False,,51.890115,-0.421235,Male,18-24,Other ethnic group - Not stated,Asian,Misuse of Drugs Act 1971 (section 23),Controlled drugs,A no further action disposal,,False
Person search,2019-05-24T14:29:00+00:00,False,,51.890115,-0.421235,Male,10-17,Asian/Asian British - Pakistani,Asian,Misuse of Drugs Act 1971 (section 23),Controlled drugs,A no further action disposal,,False
Person search,2019-05-24T15:00:00+00:00,False,,52.158455,-0.448875,Male,10-17,Asian/Asian British - Any other Asian background,Asian,Misuse of Drugs Act 1971 (section 23),Controlled drugs,Community resolution,True,False
Person search,2019-05-24T15:02:00+00:00,False,,52.158455,-0.448875,Female,18-24,Other ethnic group - Not stated,Asian,Misuse of Drugs Act 1971 (section 23),Controlled drugs,A no further action disposal,,False
Person search,2019-05-24T15:05:00+00:00,False,,52.158455,-0.448875,Female,18-24,Other ethnic group - Not stated,Asian,Misuse of Drugs Act 1971 (section 23),Controlled drugs,Caution (simple or conditional),True,False
Person search,2019-05-24T15:05:00+00:00,False,,52.158455,-0.448875,Male,18-24,Other ethnic group - Not stated,White,Misuse of Drugs Act 1971 (section 23),Controlled drugs,Khat or Cannabis warning,True,False
Person search,2019-05-24T15:20:00+00:00,False,,52.158455,-0.448875,Male,10-17,Other ethnic group - Not stated,White,Misuse of Drugs Act 1971 (section 23),Controlled drugs,A no further action disposal,,False
Person search,2019-05-24T15:30:00+00:00,False,,52.151380,-0.438071,Male,10-17,Other ethnic group - Not stated,Asian,Police and Criminal Evidence Act 1984 (section 1),Offensive weapons,A no further action disposal,,False
Person search,2019-05-24T15:30:00+00:00,False,,52.151380,-0.438071,Male,10-17,White - English/Welsh/Scottish/Northern Irish/British,White,Police and Criminal Evidence Act 1984 (section 1),Offensive weapons,A no further action disposal,,False
Person search,2019-05-24T16:53:00+00:00,False,,51.877688,-0.415830,Male,10-17,Other ethnic group - Not stated,Asian,Misuse of Drugs Act 1971 (section 23),Controlled drugs,A no further action disposal,,False
Person search,2019-05-24T16:56:00+00:00,True,,51.877688,-0.415830,Male,10-17,Asian/Asian British - Pakistani,Asian,Misuse of Drugs Act 1971 (section 23),Controlled drugs,A no further action disposal,,False
Person search,2019-05-24T19:30:00+00:00,False,,51.881048,-0.414956,Male,18-24,Other ethnic group - Not stated,Black,Misuse of Drugs Act 1971 (section 23),Controlled drugs,A no further action disposal,,False
Person search,2019-05-24T20:00:00+00:00,True,,51.879154,-0.417202,Male,,,White,Misuse of Drugs Act 1971 (section 23),Controlled drugs,A no further action disposal,,False
Person search,2019-05-24T20:01:00+00:00,False,,51.879154,-0.417202,Male,18-24,White - English/Welsh/Scottish/Northern Irish/British,White,Misuse of Drugs Act 1971 (section 23),Controlled drugs,A no further action disposal,,True
Person search,2019-05-24T21:16:40+00:00,False,,51.880081,-0.412607,Male,25-34,Mixed/Multiple ethnic groups - Any other Mixed/Multiple ethnic background,Black,Misuse of Drugs Act 1971 (section 23),Controlled drugs,A no further action disposal,,False
Person search,2019-05-24T22:25:00+00:00,False,,,,Male,18-24,Black/African/Caribbean/Black British - Any other Black/African/Caribbean background,Black,Police and Criminal Evidence Act 1984 (section 1),Offensive weapons,A no further action disposal,,False
Person search,2019-05-24T22:29:00+00:00,False,,,,Male,18-24,Other ethnic group - Not stated,Black,Police and Criminal Evidence Act 1984 (section 1),Offensive weapons,A no further action disposal,,False
Person search,2019-05-25T00:00:00+00:00,False,,51.876155,-0.408184,Male,25-34,Mixed/Multiple ethnic groups - White and Black Caribbean,Black,Misuse of Drugs Act 1971 (section 23),Controlled drugs,A no further action disposal,,False
Person and Vehicle search,2019-05-25T00:30:00+00:00,False,,51.876155,-0.408184,Male,18-24,Black/African/Caribbean/Black British - Any other Black/African/Caribbean background,Black,Misuse of Drugs Act 1971 (section 23),Controlled drugs,Khat or Cannabis warning,True,False
Person search,2019-05-25T05:00:00+00:00,False,,52.137589,-0.464227,Male,18-24,Other ethnic group - Not stated,White,Police and Criminal Evidence Act 1984 (section 1),Stolen goods,A no further action disposal,,False
Person search,2019-05-25T08:15:00+00:00,False,,52.127914,-0.418585,Male,over 34,White - English/Welsh/Scottish/Northern Irish/British,White,Misuse of Drugs Act 1971 (section 23),Controlled drugs,A no further action disposal,,False
Person and Vehicle search,2019-05-25T10:00:00+00:00,False,,52.127914,-0.418585,Male,25-34,White - English/Welsh/Scottish/Northern Irish/British,White,Misuse of Drugs Act 1971 (section 23),Controlled drugs,A no further action disposal,,False
Person search,2019-05-25T10:00:00+00:00,False,,52.127914,-0.418585,Female,18-24,White - English/Welsh/Scottish/Northern Irish/British,White,Misuse of Drugs Act 1971 (section 23),Controlled drugs,Khat or Cannabis warning,True,False
Person search,2019-05-25T13:05:00+00:00,False,,52.107923,-0.501636,Male,over 34,White - English/Welsh/Scottish/Northern Irish/British,White,Misuse of Drugs Act 1971 (section 23),Controlled drugs,Caution (simple or conditional),True,False
Person search,2019-05-25T15:45:00+00:00,False,,,,Male,18-24,White - English/Welsh/Scottish/Northern Irish/British,Asian,Misuse of Drugs Act 1971 (section 23),Controlled drugs,A no further action disposal,,False
Person search,2019-05-25T16:00:00+00:00,False,,,,Male,25-34,Mixed/Multiple ethnic groups - White and Black African,Black,Misuse of Drugs Act 1971 (section 23),Controlled drugs,A no further action disposal,,False
Person and Vehicle search,2019-05-25T18:31:00+00:00,False,,,,Male,25-34,Asian/Asian British - Bangladeshi,Asian,Misuse of Drugs Act 1971 (section 23),Controlled drugs,A no further action disposal,,False
Person search,2019-05-25T21:20:00+00:00,False,,52.225714,-0.551875,Male,18-24,White - English/Welsh/Scottish/Northern Irish/British,White,Misuse of Drugs Act 1971 (section 23),Controlled drugs,A no further action disposal,,False
Person search,2019-05-25T21:20:00+00:00,False,,52.225714,-0.551875,Male,18-24,White - English/Welsh/Scottish/Northern Irish/British,White,Misuse of Drugs Act 1971 (section 23),Controlled drugs,A no further action disposal,,False
Person search,2019-05-25T21:20:00+00:00,False,,52.225714,-0.551875,Male,18-24,White - English/Welsh/Scottish/Northern Irish/British,White,Misuse of Drugs Act 1971 (section 23),Controlled drugs,A no further action disposal,,False
Person search,2019-05-25T21:20:00+00:00,False,,52.225714,-0.551875,Male,18-24,White - English/Welsh/Scottish/Northern Irish/British,White,Misuse of Drugs Act 1971 (section 23),Controlled drugs,A no further action disposal,,False
Person search,2019-05-25T21:20:00+00:00,False,,52.225714,-0.551875,Male,18-24,White - English/Welsh/Scottish/Northern Irish/British,White,Misuse of Drugs Act 1971 (section 23),Controlled drugs,A no further action disposal,,False
Person search,2019-05-25T21:20:00+00:00,False,,52.225714,-0.551875,Male,18-24,White - English/Welsh/Scottish/Northern Irish/British,White,Misuse of Drugs Act 1971 (section 23),Controlled drugs,A no further action disposal,,False
Person search,2019-05-25T21:20:00+00:00,False,,52.225714,-0.551875,Male,18-24,White - English/Welsh/Scottish/Northern Irish/British,White,Misuse of Drugs Act 1971 (section 23),Controlled drugs,A no further action disposal,,False
Person search,2019-05-25T21:20:00+00:00,False,,52.225714,-0.551875,Male,18-24,White - English/Welsh/Scottish/Northern Irish/British,White,Misuse of Drugs Act 1971 (section 23),Controlled drugs,A no further action disposal,,False
Person search,2019-05-25T21:20:00+00:00,False,,52.225714,-0.551875,Male,18-24,White - English/Welsh/Scottish/Northern Irish/British,White,Misuse of Drugs Act 1971 (section 23),Controlled drugs,Khat or Cannabis warning,False,False
Person search,2019-05-25T21:20:00+00:00,False,,52.225714,-0.551875,Male,18-24,White - English/Welsh/Scottish/Northern Irish/British,White,Misuse of Drugs Act 1971 (section 23),Controlled drugs,Khat or Cannabis warning,False,False
Person search,2019-05-25T22:57:00+00:00,False,,51.902555,-0.546518,Female,18-24,,White,Misuse of Drugs Act 1971 (section 23),Controlled drugs,A no further action disposal,,False
Person search,2019-05-26T08:08:30+00:00,False,,51.881682,-0.418624,Male,18-24,Black/African/Caribbean/Black British - Any other Black/African/Caribbean background,Black,Misuse of Drugs Act 1971 (section 23),Controlled drugs,A no further action disposal,,False
Person search,2019-05-26T08:10:00+00:00,False,,,,Female,25-34,White - Irish,White,Police and Criminal Evidence Act 1984 (section 1),Offensive weapons,A no further action disposal,,False
Person search,2019-05-26T10:10:00+00:00,False,,52.139554,-0.479839,Male,25-34,Black/African/Caribbean/Black British - Caribbean,Black,Misuse of Drugs Act 1971 (section 23),Controlled drugs,A no further action disposal,,False
Person search,2019-05-26T10:24:00+00:00,False,,51.881224,-0.416054,Male,over 34,Black/African/Caribbean/Black British - Any other Black/African/Caribbean background,Black,Misuse of Drugs Act 1971 (section 23),Controlled drugs,Summons / charged by post,True,False
Person search,2019-05-26T15:00:00+00:00,True,,,,Male,18-24,White - English/Welsh/Scottish/Northern Irish/British,White,Police and Criminal Evidence Act 1984 (section 1),Offensive weapons,A no further action disposal,,False
Person search,2019-05-26T17:02:00+00:00,False,,,,Male,10-17,Other ethnic group - Not stated,,Misuse of Drugs Act 1971 (section 23),Controlled drugs,A no further action disposal,,False
Person and Vehicle search,2019-05-27T15:33:00+00:00,False,,51.913099,-0.656776,Male,18-24,White - English/Welsh/Scottish/Northern Irish/British,White,Police and Criminal Evidence Act 1984 (section 1),Article for use in theft,A no further action disposal,,False
Person and Vehicle search,2019-05-27T15:33:00+00:00,False,,51.913099,-0.656776,Male,18-24,Other ethnic group - Not stated,White,Misuse of Drugs Act 1971 (section 23),Controlled drugs,A no further action disposal,,False
Person and Vehicle search,2019-05-27T17:45:00+00:00,False,,52.146300,-0.459952,Male,25-34,White - English/Welsh/Scottish/Northern Irish/British,White,Misuse of Drugs Act 1971 (section 23),Controlled drugs,A no further action disposal,,False
Person and Vehicle search,2019-05-27T17:45:00+00:00,False,,52.146300,-0.459952,Female,18-24,White - English/Welsh/Scottish/Northern Irish/British,White,Misuse of Drugs Act 1971 (section 23),Controlled drugs,A no further action disposal,,False
Person and Vehicle search,2019-05-27T17:45:00+00:00,False,,52.146300,-0.459952,Male,25-34,Mixed/Multiple ethnic groups - White and Asian,Asian,Misuse of Drugs Act 1971 (section 23),Controlled drugs,A no further action disposal,,False
Person search,2019-05-27T20:00:00+00:00,False,,51.895967,-0.387980,Male,10-17,Other ethnic group - Not stated,White,Police and Criminal Evidence Act 1984 (section 1),Article for use in theft,A no further action disposal,,False
Person search,2019-05-27T20:00:00+00:00,False,,51.895967,-0.387980,Male,10-17,White - English/Welsh/Scottish/Northern Irish/British,White,Police and Criminal Evidence Act 1984 (section 1),Article for use in theft,Khat or Cannabis warning,False,False
Person and Vehicle search,2019-05-27T20:19:00+00:00,False,,51.895967,-0.387980,Male,10-17,White - English/Welsh/Scottish/Northern Irish/British,White,Police and Criminal Evidence Act 1984 (section 1),Article for use in theft,A no further action disposal,,False
Person search,2019-05-27T20:50:00+00:00,False,,51.879781,-0.424401,Male,25-34,White - English/Welsh/Scottish/Northern Irish/British,White,Misuse of Drugs Act 1971 (section 23),Controlled drugs,A no further action disposal,,False
Person search,2019-05-27T20:50:00+00:00,False,,51.879781,-0.424401,Male,over 34,White - English/Welsh/Scottish/Northern Irish/British,White,Misuse of Drugs Act 1971 (section 23),Controlled drugs,A no further action disposal,,False
Person search,2019-05-27T20:50:00+00:00,False,,51.879781,-0.424401,Male,over 34,White - English/Welsh/Scottish/Northern Irish/British,White,Misuse of Drugs Act 1971 (section 23),Controlled drugs,A no further action disposal,,False
Person search,2019-05-27T22:30:00+00:00,False,,52.036477,-0.284680,Female,18-24,Other ethnic group - Not stated,White,Misuse of Drugs Act 1971 (section 23),Controlled drugs,A no further action disposal,,False
Person and Vehicle search,2019-05-27T22:30:00+00:00,False,,52.036477,-0.284680,Male,18-24,Other ethnic group - Not stated,Black,Misuse of Drugs Act 1971 (section 23),Controlled drugs,A no further action disposal,,False
Person search,2019-05-27T22:30:00+00:00,False,,52.036477,-0.284680,Male,18-24,Other ethnic group - Not stated,Black,Misuse of Drugs Act 1971 (section 23),Controlled drugs,A no further action disposal,,False
Person search,2019-05-27T22:30:00+00:00,False,,52.036477,-0.284680,Male,18-24,Other ethnic group - Not stated,Black,Misuse of Drugs Act 1971 (section 23),Controlled drugs,A no further action disposal,,False
Person search,2019-05-27T22:30:00+00:00,False,,52.036477,-0.284680,Female,18-24,Other ethnic group - Not stated,White,Misuse of Drugs Act 1971 (section 23),Controlled drugs,A no further action disposal,,False
Person search,2019-05-28T13:30:00+00:00,False,,,,Male,18-24,Black/African/Caribbean/Black British - Caribbean,Black,Misuse of Drugs Act 1971 (section 23),Controlled drugs,A no further action disposal,,False
Person and Vehicle search,2019-05-28T13:50:00+00:00,False,,,,Male,18-24,Asian/Asian British - Any other Asian background,Asian,Misuse of Drugs Act 1971 (section 23),Controlled drugs,A no further action disposal,,False
Person search,2019-05-28T14:55:00+00:00,False,,51.881224,-0.416054,Male,10-17,Other ethnic group - Not stated,White,Misuse of Drugs Act 1971 (section 23),Controlled drugs,A no further action disposal,,False
Person search,2019-05-28T14:55:00+00:00,False,,51.881224,-0.416054,Male,10-17,Other ethnic group - Not stated,Black,Misuse of Drugs Act 1971 (section 23),Controlled drugs,A no further action disposal,,False
Person search,2019-05-28T17:30:00+00:00,False,,52.037646,-0.333550,Male,25-34,White - English/Welsh/Scottish/Northern Irish/British,White,Police and Criminal Evidence Act 1984 (section 1),Stolen goods,A no further action disposal,,False
Person search,2019-05-28T18:30:00+00:00,False,,51.885631,-0.408140,Male,over 34,White - English/Welsh/Scottish/Northern Irish/British,White,Police and Criminal Evidence Act 1984 (section 1),Article for use in theft,A no further action disposal,,False
Vehicle search,2019-05-28T18:30:00+00:00,False,,51.885631,-0.408140,,,,,Police and Criminal Evidence Act 1984 (section 1),Article for use in theft,A no further action disposal,,False
Person search,2019-05-28T20:45:00+00:00,False,,52.029790,-0.417209,Female,10-17,White - English/Welsh/Scottish/Northern Irish/British,White,Police and Criminal Evidence Act 1984 (section 1),Article for use in theft,A no further action disposal,,False
Person search,2019-05-29T01:00:00+00:00,False,,52.107923,-0.501636,Female,18-24,White - English/Welsh/Scottish/Northern Irish/British,White,Police and Criminal Evidence Act 1984 (section 1),Article for use in theft,A no further action disposal,,False
Person search,2019-05-29T11:45:00+00:00,False,,,,Male,18-24,White - English/Welsh/Scottish/Northern Irish/British,White,Misuse of Drugs Act 1971 (section 23),Controlled drugs,Summons / charged by post,True,False
Person search,2019-05-29T12:55:00+00:00,False,,,,Male,10-17,White - English/Welsh/Scottish/Northern Irish/British,White,Misuse of Drugs Act 1971 (section 23),Controlled drugs,A no further action disposal,,False
Person search,2019-05-29T12:55:00+00:00,False,,,,Male,18-24,Black/African/Caribbean/Black British - Any other Black/African/Caribbean background,Black,Misuse of Drugs Act 1971 (section 23),Controlled drugs,Arrest,True,False
Person and Vehicle search,2019-05-29T14:15:00+00:00,False,,51.900619,-0.434835,Male,18-24,Asian/Asian British - Pakistani,Asian,Misuse of Drugs Act 1971 (section 23),Controlled drugs,A no further action disposal,,False
Person search,2019-05-29T14:20:00+00:00,False,,51.900619,-0.434835,Male,18-24,Asian/Asian British - Pakistani,Asian,Misuse of Drugs Act 1971 (section 23),Controlled drugs,Khat or Cannabis warning,True,False
Person search,2019-05-29T14:25:00+00:00,False,,51.900619,-0.434835,Male,18-24,Asian/Asian British - Pakistani,Asian,Misuse of Drugs Act 1971 (section 23),Controlled drugs,A no further action disposal,,False
Person search,2019-05-29T14:30:00+00:00,False,,,,Male,18-24,Mixed/Multiple ethnic groups - Any other Mixed/Multiple ethnic background,Black,Misuse of Drugs Act 1971 (section 23),Controlled drugs,Arrest,True,False
Person search,2019-05-29T16:45:00+00:00,False,,51.879422,-0.423788,Female,18-24,White - English/Welsh/Scottish/Northern Irish/British,White,Misuse of Drugs Act 1971 (section 23),Controlled drugs,A no further action disposal,,False
Person search,2019-05-29T16:45:00+00:00,False,,51.879422,-0.423788,Male,25-34,Other ethnic group - Not stated,Asian,Misuse of Drugs Act 1971 (section 23),Controlled drugs,A no further action disposal,,False
Vehicle search,2019-05-29T16:45:00+00:00,False,,51.879422,-0.423788,,,,,Misuse of Drugs Act 1971 (section 23),Controlled drugs,A no further action disposal,,False
Person search,2019-05-29T19:30:00+00:00,False,,,,Male,18-24,Asian/Asian British - Pakistani,Asian,Misuse of Drugs Act 1971 (section 23),Controlled drugs,Khat or Cannabis warning,True,False
Person search,2019-05-30T10:30:00+00:00,False,,,,Female,25-34,White - English/Welsh/Scottish/Northern Irish/British,White,Misuse of Drugs Act 1971 (section 23),Controlled drugs,A no further action disposal,,False
Person search,2019-05-30T10:30:00+00:00,False,,,,Male,18-24,Black/African/Caribbean/Black British - Any other Black/African/Caribbean background,Black,Misuse of Drugs Act 1971 (section 23),Controlled drugs,A no further action disposal,,False
Person search,2019-05-30T10:30:00+00:00,False,,,,Male,25-34,White - English/Welsh/Scottish/Northern Irish/British,White,Misuse of Drugs Act 1971 (section 23),Controlled drugs,A no further action disposal,,False
Person search,2019-05-30T10:30:00+00:00,False,,,,Male,18-24,White - English/Welsh/Scottish/Northern Irish/British,White,Misuse of Drugs Act 1971 (section 23),Controlled drugs,A no further action disposal,,True
Person search,2019-05-30T10:30:00+00:00,False,,,,Male,18-24,Black/African/Caribbean/Black British - Any other Black/African/Caribbean background,Black,Misuse of Drugs Act 1971 (section 23),Controlled drugs,A no further action disposal,,True
Person search,2019-05-30T20:14:00+00:00,False,,52.160344,-0.458532,Female,25-34,White - English/Welsh/Scottish/Northern Irish/British,White,Police and Criminal Evidence Act 1984 (section 1),Offensive weapons,A no further action disposal,,False
Person search,2019-05-30T21:30:00+00:00,False,,,,Male,10-17,White - English/Welsh/Scottish/Northern Irish/British,White,Misuse of Drugs Act 1971 (section 23),Controlled drugs,A no further action disposal,,False
Person search,2019-05-30T23:18:00+00:00,False,,51.914571,-0.471542,Male,18-24,Other ethnic group - Not stated,White,Police and Criminal Evidence Act 1984 (section 1),Offensive weapons,A no further action disposal,,False
Person search,2019-05-31T13:22:00+00:00,False,,,,Male,10-17,White - English/Welsh/Scottish/Northern Irish/British,White,Misuse of Drugs Act 1971 (section 23),Controlled drugs,A no further action disposal,,False
Person and Vehicle search,2019-05-31T19:48:00+00:00,False,,52.143825,-0.431130,Male,25-34,Black/African/Caribbean/Black British - Any other Black/African/Caribbean background,Black,Police and Criminal Evidence Act 1984 (section 1),Offensive weapons,Summons / charged by post,False,False
Person search,2019-05-31T22:40:00+00:00,False,,52.135719,-0.461515,Male,over 34,Black/African/Caribbean/Black British - Caribbean,Black,Police and Criminal Evidence Act 1984 (section 1),Offensive weapons,A no further action disposal,,False
