Type,Date,Part of a policing operation,Policing operation,Latitude,Longitude,Gender,Age range,Self-defined ethnicity,Officer-defined ethnicity,Legislation,Object of search,Outcome,Outcome linked to object of search,Removal of more than just outer clothing
Person search,2019-06-01T00:46:38+00:00,False,,52.196432,-2.224265,Male,over 34,White - Any other White background,White,Police and Criminal Evidence Act 1984 (section 1),Stolen goods,A no further action disposal,True,
Person search,2019-06-01T12:49:01+00:00,False,,52.113105,-2.298891,Male,over 34,White - English/Welsh/Scottish/Northern Irish/British,White,Police and Criminal Evidence Act 1984 (section 1),Offensive weapons,Arrest,False,
Person search,2019-06-01T14:44:53+00:00,False,,52.327607,-2.287702,Female,18-24,White - English/Welsh/Scottish/Northern Irish/British,White,Misuse of Drugs Act 1971 (section 23),Controlled drugs,A no further action disposal,True,
Person search,2019-06-01T14:46:17+00:00,False,,52.327607,-2.287702,Male,10-17,White - English/Welsh/Scottish/Northern Irish/British,White,Misuse of Drugs Act 1971 (section 23),Controlled drugs,A no further action disposal,True,
Person search,2019-06-01T23:02:18+00:00,False,,52.716377,-2.725115,Male,18-24,White - English/Welsh/Scottish/Northern Irish/British,White,Misuse of Drugs Act 1971 (section 23),Controlled drugs,Community resolution,False,
Person search,2019-06-01T23:28:10+00:00,False,,52.716377,-2.725115,Male,18-24,White - English/Welsh/Scottish/Northern Irish/British,White,Misuse of Drugs Act 1971 (section 23),Controlled drugs,Community resolution,False,
Person search,2019-06-02T03:45:38+00:00,False,,,,Male,25-34,White - English/Welsh/Scottish/Northern Irish/British,White,Misuse of Drugs Act 1971 (section 23),Controlled drugs,A no further action disposal,True,
Person and Vehicle search,2019-06-02T10:11:52+00:00,False,,,,Female,over 34,White - English/Welsh/Scottish/Northern Irish/British,White,Misuse of Drugs Act 1971 (section 23),Controlled drugs,A no further action disposal,True,
Person search,2019-06-02T10:15:03+00:00,False,,,,Male,over 34,White - English/Welsh/Scottish/Northern Irish/British,White,Misuse of Drugs Act 1971 (section 23),Controlled drugs,A no further action disposal,True,
Person search,2019-06-02T12:48:54+00:00,False,,,,Male,18-24,White - English/Welsh/Scottish/Northern Irish/British,White,Misuse of Drugs Act 1971 (section 23),Controlled drugs,A no further action disposal,True,False
Person search,2019-06-02T13:59:01+00:00,False,,,,Male,18-24,White - English/Welsh/Scottish/Northern Irish/British,White,Police and Criminal Evidence Act 1984 (section 1),Article for use in theft,A no further action disposal,True,
Person and Vehicle search,2019-06-02T14:04:31+00:00,False,,52.196432,-2.224265,Male,18-24,White - English/Welsh/Scottish/Northern Irish/British,White,Police and Criminal Evidence Act 1984 (section 1),Article for use in theft,A no further action disposal,True,
Person and Vehicle search,2019-06-02T14:05:26+00:00,False,,52.196432,-2.224265,Male,18-24,White - English/Welsh/Scottish/Northern Irish/British,White,Police and Criminal Evidence Act 1984 (section 1),Article for use in theft,A no further action disposal,True,
Person search,2019-06-02T14:42:10+00:00,False,,51.915227,-2.573244,Male,over 34,White - English/Welsh/Scottish/Northern Irish/British,White,Misuse of Drugs Act 1971 (section 23),Controlled drugs,A no further action disposal,True,
Person search,2019-06-02T15:25:00+00:00,False,,,,Male,over 34,White - English/Welsh/Scottish/Northern Irish/British,White,Police and Criminal Evidence Act 1984 (section 1),Offensive weapons,Arrest,True,
Person search,2019-06-02T18:00:00+00:00,False,,52.198957,-2.200342,Male,10-17,White - English/Welsh/Scottish/Northern Irish/British,White,Misuse of Drugs Act 1971 (section 23),Controlled drugs,Arrest,True,
Person search,2019-06-02T22:32:44+00:00,False,,,,Male,10-17,Black/African/Caribbean/Black British - Caribbean,Black,Misuse of Drugs Act 1971 (section 23),Controlled drugs,A no further action disposal,True,
Person and Vehicle search,2019-06-02T22:39:38+00:00,False,,52.339617,-2.049360,Male,10-17,Other ethnic group - Not stated,Black,Misuse of Drugs Act 1971 (section 23),Controlled drugs,Summons / charged by post,True,
Person search,2019-06-02T22:41:57+00:00,False,,52.339617,-2.049360,Male,10-17,White - English/Welsh/Scottish/Northern Irish/British,White,Misuse of Drugs Act 1971 (section 23),Controlled drugs,Khat or Cannabis warning,True,
Person and Vehicle search,2019-06-02T22:59:55+00:00,False,,,,Male,25-34,White - English/Welsh/Scottish/Northern Irish/British,White,Misuse of Drugs Act 1971 (section 23),Controlled drugs,Arrest,True,
Person and Vehicle search,2019-06-02T23:05:14+00:00,False,,,,Female,18-24,White - English/Welsh/Scottish/Northern Irish/British,White,Misuse of Drugs Act 1971 (section 23),Controlled drugs,A no further action disposal,True,False
Person and Vehicle search,2019-06-02T23:05:14+00:00,False,,,,Male,25-34,White - English/Welsh/Scottish/Northern Irish/British,White,Misuse of Drugs Act 1971 (section 23),Psychoactive substances,A no further action disposal,True,
Person search,2019-06-03T09:06:18+00:00,True,,52.700159,-2.496730,Male,over 34,White - English/Welsh/Scottish/Northern Irish/British,White,Misuse of Drugs Act 1971 (section 23),Controlled drugs,A no further action disposal,True,
Person search,2019-06-03T09:08:20+00:00,True,,52.191840,-2.218640,Male,over 34,White - English/Welsh/Scottish/Northern Irish/British,White,Misuse of Drugs Act 1971 (section 23),Controlled drugs,Community resolution,True,
Person and Vehicle search,2019-06-03T13:11:46+00:00,False,,52.863404,-3.059894,Female,25-34,White - English/Welsh/Scottish/Northern Irish/British,White,Police and Criminal Evidence Act 1984 (section 1),Offensive weapons,Community resolution,True,
Person search,2019-06-03T14:36:21+00:00,False,,52.391004,-2.244457,Male,10-17,White - English/Welsh/Scottish/Northern Irish/British,White,Police and Criminal Evidence Act 1984 (section 1),Anything to threaten or harm anyone,A no further action disposal,True,
Person search,2019-06-03T14:57:20+00:00,False,,52.196094,-2.222537,Male,25-34,Other ethnic group - Not stated,Mixed,Misuse of Drugs Act 1971 (section 23),Controlled drugs,A no further action disposal,True,True
Person search,2019-06-03T18:45:23+00:00,False,,52.791883,-2.853341,Female,18-24,White - English/Welsh/Scottish/Northern Irish/British,White,Misuse of Drugs Act 1971 (section 23),Controlled drugs,Caution (simple or conditional),True,
Person search,2019-06-03T21:55:00+00:00,False,,52.061836,-2.688267,Male,over 34,White - English/Welsh/Scottish/Northern Irish/British,White,Police and Criminal Evidence Act 1984 (section 1),Anything to threaten or harm anyone,A no further action disposal,True,
Person and Vehicle search,2019-06-03T22:37:24+00:00,False,,52.078504,-2.663440,Male,18-24,White - English/Welsh/Scottish/Northern Irish/British,White,Police and Criminal Evidence Act 1984 (section 1),Article for use in theft,A no further action disposal,True,
Person and Vehicle search,2019-06-04T00:27:37+00:00,False,,52.385398,-2.246953,Male,over 34,White - Any other White background,White,Misuse of Drugs Act 1971 (section 23),Controlled drugs,A no further action disposal,True,
Person and Vehicle search,2019-06-04T00:32:08+00:00,False,,52.385334,-2.678801,Female,25-34,White - English/Welsh/Scottish/Northern Irish/British,White,Misuse of Drugs Act 1971 (section 23),Controlled drugs,A no further action disposal,True,
Person search,2019-06-04T01:24:14+00:00,False,,52.226259,-2.735519,Female,25-34,White - English/Welsh/Scottish/Northern Irish/British,White,Police and Criminal Evidence Act 1984 (section 1),Controlled drugs,A no further action disposal,True,False
Person search,2019-06-04T01:25:17+00:00,False,,52.226259,-2.735519,Male,25-34,White - English/Welsh/Scottish/Northern Irish/British,White,Misuse of Drugs Act 1971 (section 23),Controlled drugs,A no further action disposal,True,
Person search,2019-06-04T01:26:39+00:00,False,,52.226259,-2.735519,Male,over 34,White - English/Welsh/Scottish/Northern Irish/British,White,Misuse of Drugs Act 1971 (section 23),Controlled drugs,A no further action disposal,True,
Person search,2019-06-04T03:05:33+00:00,False,,52.041817,-2.733827,Male,18-24,White - English/Welsh/Scottish/Northern Irish/British,White,Police and Criminal Evidence Act 1984 (section 1),Article for use in theft,A no further action disposal,True,
Person search,2019-06-04T11:29:54+00:00,False,,52.318545,-2.065019,Male,over 34,White - English/Welsh/Scottish/Northern Irish/British,White,Police and Criminal Evidence Act 1984 (section 1),Offensive weapons,Arrest,True,False
Person search,2019-06-04T14:49:25+00:00,False,,52.870184,-2.508328,Male,18-24,White - English/Welsh/Scottish/Northern Irish/British,White,Police and Criminal Evidence Act 1984 (section 1),Article for use in theft,Arrest,False,
Person and Vehicle search,2019-06-04T14:52:17+00:00,False,,,,Male,18-24,White - English/Welsh/Scottish/Northern Irish/British,White,Police and Criminal Evidence Act 1984 (section 1),Article for use in theft,Arrest,True,
Person search,2019-06-04T21:33:46+00:00,False,,52.064710,-2.715968,Female,18-24,White - English/Welsh/Scottish/Northern Irish/British,White,Misuse of Drugs Act 1971 (section 23),Controlled drugs,Khat or Cannabis warning,False,
Person search,2019-06-04T22:21:00+00:00,True,,52.339172,-2.282714,Male,18-24,White - English/Welsh/Scottish/Northern Irish/British,White,Misuse of Drugs Act 1971 (section 23),Controlled drugs,Arrest,True,
Person and Vehicle search,2019-06-05T10:42:13+00:00,False,,52.206301,-2.234661,Male,25-34,Other ethnic group - Not stated,White,Police and Criminal Evidence Act 1984 (section 1),Stolen goods,Arrest,True,
Person and Vehicle search,2019-06-05T10:42:13+00:00,False,,52.206301,-2.234661,Male,18-24,Other ethnic group - Not stated,White,Police and Criminal Evidence Act 1984 (section 1),Stolen goods,Arrest,False,
Person and Vehicle search,2019-06-05T10:42:13+00:00,False,,52.206301,-2.234661,Male,25-34,White - English/Welsh/Scottish/Northern Irish/British,White,Police and Criminal Evidence Act 1984 (section 1),Stolen goods,Arrest,True,
Person search,2019-06-05T13:06:39+00:00,False,,,,Male,25-34,Other ethnic group - Not stated,Asian,Misuse of Drugs Act 1971 (section 23),Controlled drugs,A no further action disposal,True,
Person search,2019-06-05T13:39:56+00:00,False,,51.913143,-2.582071,Male,18-24,White - English/Welsh/Scottish/Northern Irish/British,White,Misuse of Drugs Act 1971 (section 23),Controlled drugs,A no further action disposal,True,False
Person and Vehicle search,2019-06-05T21:53:25+00:00,False,,52.695821,-2.469470,Male,25-34,Asian/Asian British - Pakistani,Asian,Misuse of Drugs Act 1971 (section 23),Controlled drugs,A no further action disposal,True,
Person and Vehicle search,2019-06-05T22:18:00+00:00,False,,52.269425,-2.228708,Male,over 34,White - English/Welsh/Scottish/Northern Irish/British,White,Misuse of Drugs Act 1971 (section 23),Controlled drugs,A no further action disposal,True,
Person search,2019-06-05T22:39:13+00:00,False,,,,Male,18-24,White - English/Welsh/Scottish/Northern Irish/British,White,Police and Criminal Evidence Act 1984 (section 1),Article for use in theft,A no further action disposal,True,
Person and Vehicle search,2019-06-06T01:46:37+00:00,False,,52.391579,-2.024143,Male,10-17,Other ethnic group - Not stated,Asian,Misuse of Drugs Act 1971 (section 23),Controlled drugs,A no further action disposal,True,
Person and Vehicle search,2019-06-06T01:51:05+00:00,False,,52.391579,-2.024143,Male,18-24,Other ethnic group - Not stated,Asian,Misuse of Drugs Act 1971 (section 23),Controlled drugs,A no further action disposal,True,
Person and Vehicle search,2019-06-06T01:55:00+00:00,False,,52.390617,-2.025318,Male,10-17,Other ethnic group - Not stated,Mixed,Misuse of Drugs Act 1971 (section 23),Controlled drugs,A no further action disposal,True,
Person search,2019-06-06T06:43:07+00:00,False,,52.298907,-1.944467,Male,18-24,Other ethnic group - Not stated,Asian,Police and Criminal Evidence Act 1984 (section 1),Offensive weapons,A no further action disposal,True,
Person and Vehicle search,2019-06-06T20:48:34+00:00,False,,52.166359,-2.176744,Male,25-34,Asian/Asian British - Pakistani,Asian,Misuse of Drugs Act 1971 (section 23),Controlled drugs,Arrest,True,
Person and Vehicle search,2019-06-06T20:59:15+00:00,False,,52.166359,-2.176744,Male,25-34,Asian/Asian British - Pakistani,Asian,Misuse of Drugs Act 1971 (section 23),Controlled drugs,A no further action disposal,True,
Person and Vehicle search,2019-06-06T21:10:44+00:00,False,,52.324213,-1.941163,Male,over 34,White - English/Welsh/Scottish/Northern Irish/British,White,Misuse of Drugs Act 1971 (section 23),Controlled drugs,A no further action disposal,True,
Person search,2019-06-06T21:33:25+00:00,False,,52.114906,-2.325015,Male,18-24,Asian/Asian British - Pakistani,Asian,Misuse of Drugs Act 1971 (section 23),Controlled drugs,Arrest,True,
Person search,2019-06-07T12:07:48+00:00,False,,52.141263,-2.248712,Male,25-34,White - English/Welsh/Scottish/Northern Irish/British,White,Misuse of Drugs Act 1971 (section 23),Controlled drugs,Khat or Cannabis warning,True,
Person search,2019-06-07T12:10:56+00:00,False,,52.141263,-2.248712,Female,18-24,Other ethnic group - Not stated,White,Misuse of Drugs Act 1971 (section 23),Controlled drugs,Khat or Cannabis warning,True,
Person search,2019-06-07T12:38:55+00:00,False,,52.125252,-2.312396,Male,18-24,White - English/Welsh/Scottish/Northern Irish/British,White,Police and Criminal Evidence Act 1984 (section 1),Article for use in theft,A no further action disposal,True,
Person and Vehicle search,2019-06-07T15:27:19+00:00,False,,,,Male,18-24,Asian/Asian British - Any other Asian background,Asian,Misuse of Drugs Act 1971 (section 23),Controlled drugs,A no further action disposal,True,False
Person and Vehicle search,2019-06-07T15:27:19+00:00,False,,,,Male,18-24,Asian/Asian British - Any other Asian background,Asian,Misuse of Drugs Act 1971 (section 23),Controlled drugs,A no further action disposal,True,
Person and Vehicle search,2019-06-07T19:40:48+00:00,False,,52.174322,-2.235078,Male,18-24,Other ethnic group - Not stated,Asian,Misuse of Drugs Act 1971 (section 23),Controlled drugs,A no further action disposal,True,
Person and Vehicle search,2019-06-07T19:42:50+00:00,False,,52.174322,-2.235078,Male,25-34,Asian/Asian British - Pakistani,Asian,Misuse of Drugs Act 1971 (section 23),Controlled drugs,A no further action disposal,True,
Person search,2019-06-07T22:20:34+00:00,False,,52.307330,-1.943004,Male,25-34,White - English/Welsh/Scottish/Northern Irish/British,White,Misuse of Drugs Act 1971 (section 23),Controlled drugs,Summons / charged by post,True,True
Person and Vehicle search,2019-06-07T22:20:34+00:00,False,,52.307330,-1.943004,Male,18-24,White - Any other White background,White,Misuse of Drugs Act 1971 (section 23),Controlled drugs,Summons / charged by post,True,True
Person and Vehicle search,2019-06-07T22:20:34+00:00,False,,52.307330,-1.943004,Female,18-24,White - English/Welsh/Scottish/Northern Irish/British,White,Misuse of Drugs Act 1971 (section 23),Controlled drugs,Arrest,True,True
Person search,2019-06-07T23:46:51+00:00,False,,52.319390,-2.079808,Male,18-24,White - English/Welsh/Scottish/Northern Irish/British,White,Police and Criminal Evidence Act 1984 (section 1),Article for use in theft,Arrest,True,
Person search,2019-06-08T00:30:10+00:00,False,,52.056762,-2.713099,Male,18-24,White - English/Welsh/Scottish/Northern Irish/British,White,Misuse of Drugs Act 1971 (section 23),Controlled drugs,Caution (simple or conditional),True,
Person search,2019-06-08T13:53:49+00:00,False,,52.972396,-2.672465,Male,over 34,White - English/Welsh/Scottish/Northern Irish/British,White,Police and Criminal Evidence Act 1984 (section 1),Article for use in theft,A no further action disposal,True,
Person and Vehicle search,2019-06-08T15:41:19+00:00,False,,52.714081,-2.814266,Male,18-24,White - English/Welsh/Scottish/Northern Irish/British,White,Misuse of Drugs Act 1971 (section 23),Controlled drugs,Arrest,True,
Person and Vehicle search,2019-06-08T15:52:11+00:00,False,,52.413860,-2.171705,Male,,Black/African/Caribbean/Black British - Caribbean,Black,Police and Criminal Evidence Act 1984 (section 1),Article for use in theft,Arrest,False,
Person and Vehicle search,2019-06-08T22:37:28+00:00,False,,52.145187,-2.119507,Male,18-24,White - English/Welsh/Scottish/Northern Irish/British,White,Misuse of Drugs Act 1971 (section 23),Controlled drugs,Arrest,True,
Person search,2019-06-09T01:12:42+00:00,False,,52.190649,-2.210954,Male,10-17,Other ethnic group - Not stated,White,Misuse of Drugs Act 1971 (section 23),Controlled drugs,A no further action disposal,True,
Person search,2019-06-09T01:14:49+00:00,False,,52.190649,-2.210954,Male,,Other ethnic group - Not stated,White,Misuse of Drugs Act 1971 (section 23),Controlled drugs,A no further action disposal,True,
Person search,2019-06-09T01:17:14+00:00,False,,52.190649,-2.210954,Male,18-24,Other ethnic group - Not stated,White,Misuse of Drugs Act 1971 (section 23),Controlled drugs,A no further action disposal,True,
Person search,2019-06-09T01:29:50+00:00,False,,52.687889,-2.752426,Male,18-24,White - English/Welsh/Scottish/Northern Irish/British,White,Police and Criminal Evidence Act 1984 (section 1),Article for use in theft,A no further action disposal,True,
Person search,2019-06-09T01:37:01+00:00,False,,52.690781,-2.751470,Male,18-24,White - English/Welsh/Scottish/Northern Irish/British,White,Police and Criminal Evidence Act 1984 (section 1),Article for use in theft,A no further action disposal,True,False
Person search,2019-06-09T10:19:10+00:00,False,,52.339172,-2.282714,Male,25-34,White - English/Welsh/Scottish/Northern Irish/British,White,Police and Criminal Evidence Act 1984 (section 1),Offensive weapons,A no further action disposal,True,False
Person search,2019-06-09T11:04:03+00:00,False,,52.706986,-2.754871,Male,over 34,White - English/Welsh/Scottish/Northern Irish/British,White,Misuse of Drugs Act 1971 (section 23),Controlled drugs,A no further action disposal,True,
Person search,2019-06-09T11:07:18+00:00,False,,52.706986,-2.754871,Male,over 34,White - English/Welsh/Scottish/Northern Irish/British,White,Misuse of Drugs Act 1971 (section 23),Controlled drugs,A no further action disposal,True,
Person search,2019-06-09T12:42:05+00:00,False,,52.922312,-2.652189,Male,18-24,White - English/Welsh/Scottish/Northern Irish/British,White,Police and Criminal Evidence Act 1984 (section 1),Article for use in theft,A no further action disposal,True,
Person and Vehicle search,2019-06-09T13:20:55+00:00,False,,52.965268,-2.680186,Male,over 34,White - English/Welsh/Scottish/Northern Irish/British,White,Misuse of Drugs Act 1971 (section 23),Controlled drugs,A no further action disposal,True,
Person search,2019-06-09T14:13:01+00:00,False,,,,Male,over 34,White - English/Welsh/Scottish/Northern Irish/British,White,Police and Criminal Evidence Act 1984 (section 1),Stolen goods,Arrest,True,
Person and Vehicle search,2019-06-09T14:29:38+00:00,False,,52.248495,-2.136102,Male,18-24,White - Any other White background,White,Misuse of Drugs Act 1971 (section 23),Controlled drugs,Arrest,True,
Person and Vehicle search,2019-06-09T14:41:21+00:00,False,,52.363683,-1.948439,Male,over 34,Other ethnic group - Any other ethnic group,Asian,Misuse of Drugs Act 1971 (section 23),Controlled drugs,A no further action disposal,True,
Person and Vehicle search,2019-06-09T19:09:17+00:00,False,,52.440878,-2.834330,Male,25-34,White - English/Welsh/Scottish/Northern Irish/British,White,Police and Criminal Evidence Act 1984 (section 1),Offensive weapons,A no further action disposal,True,False
Person and Vehicle search,2019-06-09T19:11:43+00:00,False,,52.440878,-2.834330,Female,10-17,White - English/Welsh/Scottish/Northern Irish/British,White,Police and Criminal Evidence Act 1984 (section 1),Offensive weapons,A no further action disposal,True,
Person and Vehicle search,2019-06-09T22:10:08+00:00,False,,52.852394,-3.044330,Male,25-34,White - English/Welsh/Scottish/Northern Irish/British,White,Police and Criminal Evidence Act 1984 (section 1),Article for use in theft,A no further action disposal,True,
Person search,2019-06-10T08:34:23+00:00,False,,52.698845,-2.518083,Male,10-17,White - English/Welsh/Scottish/Northern Irish/British,White,Misuse of Drugs Act 1971 (section 23),Controlled drugs,A no further action disposal,True,
Person search,2019-06-10T08:48:42+00:00,False,,52.700331,-2.515511,Male,25-34,White - English/Welsh/Scottish/Northern Irish/British,White,Misuse of Drugs Act 1971 (section 23),Controlled drugs,Khat or Cannabis warning,True,
Person search,2019-06-10T09:35:47+00:00,False,,52.701318,-2.517950,Male,18-24,Asian/Asian British - Pakistani,Asian,Misuse of Drugs Act 1971 (section 23),Controlled drugs,A no further action disposal,True,
Person search,2019-06-10T09:45:26+00:00,False,,52.707010,-2.751113,Male,25-34,White - English/Welsh/Scottish/Northern Irish/British,White,Police and Criminal Evidence Act 1984 (section 1),Stolen goods,Community resolution,True,
Person search,2019-06-10T09:47:52+00:00,True,,52.700937,-2.516702,Female,18-24,White - English/Welsh/Scottish/Northern Irish/British,White,Misuse of Drugs Act 1971 (section 23),Controlled drugs,A no further action disposal,True,
Person search,2019-06-10T09:48:18+00:00,False,,52.700263,-2.516709,Male,25-34,Asian/Asian British - Pakistani,Asian,Misuse of Drugs Act 1971 (section 23),Controlled drugs,A no further action disposal,True,
Person search,2019-06-10T09:49:18+00:00,True,,52.700937,-2.516702,Female,25-34,White - English/Welsh/Scottish/Northern Irish/British,White,Misuse of Drugs Act 1971 (section 23),Controlled drugs,A no further action disposal,True,
Person search,2019-06-10T10:09:18+00:00,False,,52.700263,-2.516709,Male,10-17,White - English/Welsh/Scottish/Northern Irish/British,White,Misuse of Drugs Act 1971 (section 23),Controlled drugs,A no further action disposal,True,
Person search,2019-06-10T10:10:48+00:00,False,,52.700263,-2.516709,Male,10-17,Asian/Asian British - Pakistani,Asian,Misuse of Drugs Act 1971 (section 23),Controlled drugs,A no further action disposal,True,
Person search,2019-06-10T10:11:53+00:00,True,,52.700937,-2.516702,Male,10-17,Mixed/Multiple ethnic groups - White and Asian,Mixed,Misuse of Drugs Act 1971 (section 23),Controlled drugs,A no further action disposal,True,
Person search,2019-06-10T10:50:47+00:00,False,,52.053573,-2.709563,Male,25-34,Other ethnic group - Not stated,White,Misuse of Drugs Act 1971 (section 23),Controlled drugs,A no further action disposal,True,True
Person search,2019-06-10T10:51:25+00:00,False,,52.709609,-2.752371,Female,25-34,White - English/Welsh/Scottish/Northern Irish/British,White,Police and Criminal Evidence Act 1984 (section 1),Stolen goods,Summons / charged by post,True,
Person search,2019-06-10T10:52:11+00:00,False,,52.692744,-2.492193,Female,25-34,White - English/Welsh/Scottish/Northern Irish/British,White,Police and Criminal Evidence Act 1984 (section 1),Article for use in theft,Arrest,True,
Person search,2019-06-10T10:52:35+00:00,False,,52.053573,-2.709563,Male,25-34,Other ethnic group - Not stated,White,Misuse of Drugs Act 1971 (section 23),Controlled drugs,A no further action disposal,True,False
Person search,2019-06-10T12:51:10+00:00,False,,,,Male,over 34,White - Any other White background,White,Police and Criminal Evidence Act 1984 (section 1),Stolen goods,Community resolution,False,
Person search,2019-06-10T14:40:00+00:00,False,,52.196852,-2.225892,Female,over 34,White - English/Welsh/Scottish/Northern Irish/British,White,Police and Criminal Evidence Act 1984 (section 1),Stolen goods,Arrest,True,
Person and Vehicle search,2019-06-10T14:53:26+00:00,False,,52.687398,-2.478271,Male,18-24,White - English/Welsh/Scottish/Northern Irish/British,White,Misuse of Drugs Act 1971 (section 23),Controlled drugs,A no further action disposal,True,
Person search,2019-06-10T16:17:05+00:00,False,,52.386214,-2.248324,Male,10-17,White - English/Welsh/Scottish/Northern Irish/British,White,Police and Criminal Evidence Act 1984 (section 1),Evidence of offences under the Act,Arrest,False,False
Person search,2019-06-11T02:01:57+00:00,False,,,,Male,18-24,Asian/Asian British - Any other Asian background,Asian,Police and Criminal Evidence Act 1984 (section 1),Offensive weapons,Arrest,True,
Person and Vehicle search,2019-06-11T02:59:21+00:00,False,,,,Male,25-34,White - English/Welsh/Scottish/Northern Irish/British,White,Misuse of Drugs Act 1971 (section 23),Controlled drugs,Community resolution,True,
Person search,2019-06-11T07:08:47+00:00,False,,52.174405,-2.214927,Female,18-24,White - English/Welsh/Scottish/Northern Irish/British,White,Misuse of Drugs Act 1971 (section 23),Controlled drugs,Khat or Cannabis warning,True,
Person and Vehicle search,2019-06-11T11:10:34+00:00,False,,52.661582,-2.488693,Male,over 34,White - English/Welsh/Scottish/Northern Irish/British,White,Police and Criminal Evidence Act 1984 (section 1),Offensive weapons,Arrest,True,
Person search,2019-06-11T14:36:19+00:00,False,,52.059043,-2.713398,Male,10-17,White - English/Welsh/Scottish/Northern Irish/British,White,Police and Criminal Evidence Act 1984 (section 1),Offensive weapons,A no further action disposal,True,
Person search,2019-06-11T18:44:20+00:00,False,,52.193327,-2.221251,Male,18-24,White - English/Welsh/Scottish/Northern Irish/British,White,Police and Criminal Evidence Act 1984 (section 1),Offensive weapons,A no further action disposal,True,
Person search,2019-06-11T19:28:57+00:00,False,,52.302436,-1.897666,Male,25-34,White - English/Welsh/Scottish/Northern Irish/British,White,Police and Criminal Evidence Act 1984 (section 1),Offensive weapons,A no further action disposal,True,
Person search,2019-06-11T19:52:59+00:00,False,,52.196432,-2.224265,Male,18-24,White - English/Welsh/Scottish/Northern Irish/British,White,Police and Criminal Evidence Act 1984 (section 1),Offensive weapons,A no further action disposal,True,
Person search,2019-06-11T22:07:34+00:00,False,,,,Male,18-24,White - English/Welsh/Scottish/Northern Irish/British,White,Police and Criminal Evidence Act 1984 (section 1),Offensive weapons,Arrest,True,
Person search,2019-06-12T08:10:00+00:00,False,,52.375478,-1.884292,Male,over 34,White - English/Welsh/Scottish/Northern Irish/British,White,Misuse of Drugs Act 1971 (section 23),Controlled drugs,Arrest,False,
Person search,2019-06-12T14:28:19+00:00,False,,52.707276,-2.753086,Female,10-17,White - English/Welsh/Scottish/Northern Irish/British,White,Police and Criminal Evidence Act 1984 (section 1),Stolen goods,Community resolution,True,
Person search,2019-06-12T15:45:51+00:00,False,,52.769247,-2.387614,Female,25-34,White - English/Welsh/Scottish/Northern Irish/British,White,Misuse of Drugs Act 1971 (section 23),Controlled drugs,Arrest,False,
Person search,2019-06-12T17:05:05+00:00,False,,52.745686,-2.739260,Male,10-17,White - English/Welsh/Scottish/Northern Irish/British,White,Police and Criminal Evidence Act 1984 (section 1),Article for use in theft,A no further action disposal,True,
Person search,2019-06-12T17:05:05+00:00,False,,52.746016,-2.738288,Male,10-17,White - English/Welsh/Scottish/Northern Irish/British,White,Police and Criminal Evidence Act 1984 (section 1),Articles for use in criminal damage,A no further action disposal,True,
Person search,2019-06-12T19:42:34+00:00,False,,,,Male,10-17,White - English/Welsh/Scottish/Northern Irish/British,White,Police and Criminal Evidence Act 1984 (section 1),Stolen goods,A no further action disposal,True,False
Person search,2019-06-12T19:42:34+00:00,False,,,,Male,10-17,White - English/Welsh/Scottish/Northern Irish/British,White,Police and Criminal Evidence Act 1984 (section 1),Stolen goods,A no further action disposal,True,
Person search,2019-06-12T19:42:34+00:00,False,,52.903738,-2.483342,Male,10-17,White - English/Welsh/Scottish/Northern Irish/British,White,Police and Criminal Evidence Act 1984 (section 1),Stolen goods,A no further action disposal,True,
Person search,2019-06-12T21:22:06+00:00,False,,,,Male,over 34,Other ethnic group - Not stated,White,Police and Criminal Evidence Act 1984 (section 1),Offensive weapons,A no further action disposal,True,
Person search,2019-06-13T10:18:20+00:00,False,,52.341538,-2.055336,Male,10-17,White - English/Welsh/Scottish/Northern Irish/British,White,Police and Criminal Evidence Act 1984 (section 1),Stolen goods,A no further action disposal,True,
Person and Vehicle search,2019-06-13T11:10:00+00:00,False,,52.304350,-1.935309,Male,25-34,Asian/Asian British - Pakistani,Asian,Misuse of Drugs Act 1971 (section 23),Controlled drugs,A no further action disposal,True,False
Person and Vehicle search,2019-06-13T11:10:00+00:00,False,,52.304350,-1.935309,Male,18-24,Asian/Asian British - Pakistani,Asian,Misuse of Drugs Act 1971 (section 23),Controlled drugs,Arrest,True,
Person and Vehicle search,2019-06-13T11:20:32+00:00,False,,52.696415,-2.510567,Male,25-34,Black/African/Caribbean/Black British - Any other Black/African/Caribbean background,Black,Misuse of Drugs Act 1971 (section 23),Controlled drugs,A no further action disposal,True,
Person and Vehicle search,2019-06-13T11:32:22+00:00,False,,52.171496,-2.241087,Male,18-24,Asian/Asian British - Pakistani,Asian,Misuse of Drugs Act 1971 (section 23),Controlled drugs,Arrest,False,
Person search,2019-06-13T13:17:41+00:00,False,,52.859106,-2.719279,Male,10-17,White - English/Welsh/Scottish/Northern Irish/British,White,Misuse of Drugs Act 1971 (section 23),Controlled drugs,A no further action disposal,True,
Person search,2019-06-13T13:20:55+00:00,False,,52.858316,-2.717662,Male,10-17,White - English/Welsh/Scottish/Northern Irish/British,White,Misuse of Drugs Act 1971 (section 23),Controlled drugs,A no further action disposal,True,
Person and Vehicle search,2019-06-13T14:55:00+00:00,False,,52.701597,-2.513676,Male,10-17,Asian/Asian British - Pakistani,Asian,Police and Criminal Evidence Act 1984 (section 1),Anything to threaten or harm anyone,Arrest,False,
Person and Vehicle search,2019-06-13T14:55:00+00:00,False,,52.701597,-2.513676,Male,10-17,Asian/Asian British - Pakistani,Asian,Police and Criminal Evidence Act 1984 (section 1),Anything to threaten or harm anyone,Arrest,False,
Person search,2019-06-13T15:13:52+00:00,False,,52.389207,-2.252911,Male,25-34,White - Any other White background,White,Police and Criminal Evidence Act 1984 (section 1),Stolen goods,Community resolution,False,
Person search,2019-06-13T17:50:00+00:00,False,,52.108704,-2.310923,Male,25-34,White - English/Welsh/Scottish/Northern Irish/British,White,Police and Criminal Evidence Act 1984 (section 1),Offensive weapons,Arrest,False,
Person search,2019-06-13T22:58:37+00:00,False,,52.694111,-3.029672,Male,25-34,White - English/Welsh/Scottish/Northern Irish/British,White,Police and Criminal Evidence Act 1984 (section 1),Article for use in theft,A no further action disposal,True,True
Person search,2019-06-14T07:15:28+00:00,False,,52.090341,-1.949936,Male,25-34,White - Any other White background,White,Police and Criminal Evidence Act 1984 (section 1),Anything to threaten or harm anyone,Caution (simple or conditional),True,False
Person and Vehicle search,2019-06-14T17:05:23+00:00,False,,,,Male,18-24,White - English/Welsh/Scottish/Northern Irish/British,White,Misuse of Drugs Act 1971 (section 23),Controlled drugs,Penalty Notice for Disorder,True,
Person search,2019-06-14T23:04:02+00:00,False,,52.633451,-2.464502,Male,18-24,White - English/Welsh/Scottish/Northern Irish/British,White,Police and Criminal Evidence Act 1984 (section 1),Offensive weapons,A no further action disposal,True,False
Person and Vehicle search,2019-06-15T01:00:37+00:00,False,,52.691557,-2.446772,Male,10-17,White - English/Welsh/Scottish/Northern Irish/British,White,Misuse of Drugs Act 1971 (section 23),Controlled drugs,A no further action disposal,True,
Person and Vehicle search,2019-06-15T01:02:39+00:00,False,,52.691557,-2.446772,Male,10-17,White - English/Welsh/Scottish/Northern Irish/British,White,Misuse of Drugs Act 1971 (section 23),Controlled drugs,A no further action disposal,True,
Person search,2019-06-15T01:09:48+00:00,False,,52.193626,-2.220375,Male,25-34,White - English/Welsh/Scottish/Northern Irish/British,White,Misuse of Drugs Act 1971 (section 23),Controlled drugs,A no further action disposal,True,
Person and Vehicle search,2019-06-15T01:11:16+00:00,False,,52.687802,-2.446187,Male,18-24,White - English/Welsh/Scottish/Northern Irish/British,White,Misuse of Drugs Act 1971 (section 23),Controlled drugs,A no further action disposal,True,
Person search,2019-06-15T01:15:00+00:00,False,,52.195589,-2.218702,Male,18-24,White - English/Welsh/Scottish/Northern Irish/British,White,Misuse of Drugs Act 1971 (section 23),Controlled drugs,A no further action disposal,True,
Person search,2019-06-15T01:36:23+00:00,False,,52.056762,-2.713099,Male,over 34,Other ethnic group - Not stated,White,Misuse of Drugs Act 1971 (section 23),Controlled drugs,A no further action disposal,True,
Person search,2019-06-15T02:02:21+00:00,False,,52.158538,-2.263192,Male,18-24,White - English/Welsh/Scottish/Northern Irish/British,White,Police and Criminal Evidence Act 1984 (section 1),Anything to threaten or harm anyone,A no further action disposal,True,
Person search,2019-06-15T02:04:00+00:00,False,,52.111189,-2.326419,Male,25-34,White - English/Welsh/Scottish/Northern Irish/British,White,Police and Criminal Evidence Act 1984 (section 1),Offensive weapons,A no further action disposal,True,
Person search,2019-06-15T02:05:17+00:00,False,,52.111366,-2.327179,Male,18-24,White - English/Welsh/Scottish/Northern Irish/British,White,Police and Criminal Evidence Act 1984 (section 1),Anything to threaten or harm anyone,Arrest,False,
Person and Vehicle search,2019-06-15T02:32:38+00:00,False,,52.336350,-2.056577,Male,18-24,Asian/Asian British - Pakistani,Asian,Misuse of Drugs Act 1971 (section 23),Controlled drugs,A no further action disposal,True,
Person and Vehicle search,2019-06-15T02:35:09+00:00,False,,52.336350,-2.056577,Male,18-24,Other ethnic group - Not stated,Asian,Misuse of Drugs Act 1971 (section 23),Controlled drugs,A no further action disposal,True,
Person and Vehicle search,2019-06-15T02:38:04+00:00,False,,52.336350,-2.056577,Male,18-24,Asian/Asian British - Pakistani,Asian,Misuse of Drugs Act 1971 (section 23),Controlled drugs,A no further action disposal,True,
Person and Vehicle search,2019-06-15T02:39:40+00:00,False,,52.336350,-2.056577,Male,18-24,Other ethnic group - Not stated,Asian,Misuse of Drugs Act 1971 (section 23),Controlled drugs,A no further action disposal,True,
Person search,2019-06-15T08:08:37+00:00,False,,52.714397,-2.802281,Male,25-34,,Black,Police and Criminal Evidence Act 1984 (section 1),Offensive weapons,Arrest,False,
Person search,2019-06-15T12:31:13+00:00,False,,52.113624,-2.084565,Male,18-24,White - English/Welsh/Scottish/Northern Irish/British,White,Misuse of Drugs Act 1971 (section 23),Controlled drugs,A no further action disposal,True,
Person search,2019-06-15T12:35:30+00:00,True,,52.114595,-2.085560,Male,18-24,Other ethnic group - Any other ethnic group,White,Misuse of Drugs Act 1971 (section 23),Controlled drugs,Arrest,False,
Person and Vehicle search,2019-06-15T12:37:44+00:00,True,,52.113624,-2.084565,Male,18-24,White - English/Welsh/Scottish/Northern Irish/British,White,Misuse of Drugs Act 1971 (section 23),Controlled drugs,A no further action disposal,True,
Person and Vehicle search,2019-06-15T20:35:00+00:00,False,,52.361736,-2.062248,Male,25-34,White - English/Welsh/Scottish/Northern Irish/British,White,Misuse of Drugs Act 1971 (section 23),Controlled drugs,Arrest,True,
Person search,2019-06-16T02:07:15+00:00,False,,52.712730,-2.750707,Male,25-34,White - English/Welsh/Scottish/Northern Irish/British,White,Police and Criminal Evidence Act 1984 (section 1),Offensive weapons,Summons / charged by post,True,False
Person search,2019-06-16T02:08:48+00:00,False,,,,Male,over 34,White - Any other White background,White,Police and Criminal Evidence Act 1984 (section 1),Offensive weapons,A no further action disposal,True,False
Person search,2019-06-16T13:39:44+00:00,False,,52.716377,-2.725115,Female,18-24,White - English/Welsh/Scottish/Northern Irish/British,White,Misuse of Drugs Act 1971 (section 23),Controlled drugs,A no further action disposal,True,
Person search,2019-06-16T13:43:49+00:00,False,,52.729179,-2.720692,Male,25-34,White - English/Welsh/Scottish/Northern Irish/British,White,Misuse of Drugs Act 1971 (section 23),Controlled drugs,Arrest,True,
Person search,2019-06-16T19:24:00+00:00,False,,52.210793,-2.197702,Male,over 34,White - English/Welsh/Scottish/Northern Irish/British,White,Police and Criminal Evidence Act 1984 (section 1),Offensive weapons,Arrest,True,
Person search,2019-06-16T21:00:42+00:00,False,,52.037534,-2.734413,Male,10-17,White - English/Welsh/Scottish/Northern Irish/British,White,Misuse of Drugs Act 1971 (section 23),Controlled drugs,A no further action disposal,True,False
Person search,2019-06-17T00:33:31+00:00,False,,52.312826,-1.949085,Male,10-17,White - English/Welsh/Scottish/Northern Irish/British,White,Misuse of Drugs Act 1971 (section 23),Controlled drugs,Community resolution,True,
Person search,2019-06-17T00:36:42+00:00,False,,52.312826,-1.949085,Male,10-17,White - English/Welsh/Scottish/Northern Irish/British,White,Misuse of Drugs Act 1971 (section 23),Controlled drugs,A no further action disposal,True,
Person search,2019-06-17T00:39:42+00:00,False,,52.312826,-1.949085,Female,10-17,White - English/Welsh/Scottish/Northern Irish/British,White,Misuse of Drugs Act 1971 (section 23),Controlled drugs,A no further action disposal,True,
Person search,2019-06-17T01:18:56+00:00,False,,,,Male,18-24,White - English/Welsh/Scottish/Northern Irish/British,White,Police and Criminal Evidence Act 1984 (section 1),Anything to threaten or harm anyone,A no further action disposal,True,False
Person search,2019-06-17T13:27:02+00:00,False,,52.306925,-1.941700,Male,18-24,White - English/Welsh/Scottish/Northern Irish/British,White,Police and Criminal Evidence Act 1984 (section 1),Offensive weapons,Arrest,False,
Person and Vehicle search,2019-06-17T16:08:49+00:00,False,,52.735045,-2.538684,Male,18-24,White - English/Welsh/Scottish/Northern Irish/British,White,Misuse of Drugs Act 1971 (section 23),Controlled drugs,Khat or Cannabis warning,True,
Person and Vehicle search,2019-06-17T16:45:39+00:00,False,,52.697519,-2.621856,Male,over 34,White - English/Welsh/Scottish/Northern Irish/British,White,Misuse of Drugs Act 1971 (section 23),Controlled drugs,Arrest,True,
Person and Vehicle search,2019-06-17T16:45:39+00:00,False,,52.697519,-2.621856,Male,over 34,White - English/Welsh/Scottish/Northern Irish/British,White,Misuse of Drugs Act 1971 (section 23),Controlled drugs,A no further action disposal,True,
Person search,2019-06-17T16:46:07+00:00,False,,,,Male,18-24,White - English/Welsh/Scottish/Northern Irish/British,White,Misuse of Drugs Act 1971 (section 23),Controlled drugs,Summons / charged by post,False,
Person search,2019-06-17T20:33:15+00:00,False,,52.216484,-2.731610,Male,10-17,Other ethnic group - Not stated,Asian,Police and Criminal Evidence Act 1984 (section 1),Offensive weapons,A no further action disposal,True,
Person search,2019-06-17T20:55:42+00:00,False,,52.092063,-2.996483,Male,18-24,White - English/Welsh/Scottish/Northern Irish/British,White,Misuse of Drugs Act 1971 (section 23),Controlled drugs,A no further action disposal,True,
Person search,2019-06-17T20:55:42+00:00,False,,52.092063,-2.996483,Male,10-17,White - English/Welsh/Scottish/Northern Irish/British,White,Misuse of Drugs Act 1971 (section 23),Controlled drugs,A no further action disposal,True,
Person search,2019-06-17T20:59:16+00:00,False,,52.092063,-2.996483,Male,10-17,White - English/Welsh/Scottish/Northern Irish/British,White,Misuse of Drugs Act 1971 (section 23),Controlled drugs,Khat or Cannabis warning,True,
Person and Vehicle search,2019-06-17T21:02:34+00:00,False,,52.092063,-2.996483,Male,10-17,White - English/Welsh/Scottish/Northern Irish/British,White,Misuse of Drugs Act 1971 (section 23),Controlled drugs,A no further action disposal,True,
Person search,2019-06-17T21:22:09+00:00,False,,52.723211,-2.733638,Male,18-24,White - English/Welsh/Scottish/Northern Irish/British,White,Misuse of Drugs Act 1971 (section 23),Controlled drugs,A no further action disposal,True,
Person search,2019-06-17T21:24:18+00:00,False,,52.723211,-2.733638,Male,18-24,White - English/Welsh/Scottish/Northern Irish/British,White,Misuse of Drugs Act 1971 (section 23),Controlled drugs,A no further action disposal,True,
Person search,2019-06-17T21:30:00+00:00,False,,52.371098,-2.245669,Female,25-34,Other ethnic group - Any other ethnic group,Other,Misuse of Drugs Act 1971 (section 23),Controlled drugs,Khat or Cannabis warning,True,False
Person search,2019-06-18T09:33:15+00:00,False,,52.699674,-2.519810,Male,over 34,White - English/Welsh/Scottish/Northern Irish/British,White,Misuse of Drugs Act 1971 (section 23),Controlled drugs,Arrest,False,True
Person search,2019-06-18T09:39:10+00:00,False,,52.691395,-2.507239,Male,10-17,White - English/Welsh/Scottish/Northern Irish/British,White,Misuse of Drugs Act 1971 (section 23),Controlled drugs,A no further action disposal,True,
Person search,2019-06-18T09:42:00+00:00,False,,52.685896,-2.448608,Male,18-24,White - English/Welsh/Scottish/Northern Irish/British,White,Misuse of Drugs Act 1971 (section 23),Controlled drugs,Arrest,True,True
Person search,2019-06-18T09:58:36+00:00,False,,,,Male,25-34,White - English/Welsh/Scottish/Northern Irish/British,White,Misuse of Drugs Act 1971 (section 23),Controlled drugs,A no further action disposal,True,
Person and Vehicle search,2019-06-18T10:01:28+00:00,False,,52.338863,-1.919877,Male,25-34,Other ethnic group - Not stated,Black,Misuse of Drugs Act 1971 (section 23),Controlled drugs,A no further action disposal,True,
Person search,2019-06-18T13:00:00+00:00,False,,52.390600,-2.265012,Male,over 34,White - English/Welsh/Scottish/Northern Irish/British,White,Misuse of Drugs Act 1971 (section 23),Controlled drugs,A no further action disposal,True,
Person and Vehicle search,2019-06-18T13:50:00+00:00,False,,52.212256,-2.204119,Male,18-24,Asian/Asian British - Pakistani,Asian,Misuse of Drugs Act 1971 (section 23),Controlled drugs,Arrest,True,
Person search,2019-06-18T14:49:49+00:00,False,,52.390919,-2.263266,Female,over 34,White - English/Welsh/Scottish/Northern Irish/British,White,Misuse of Drugs Act 1971 (section 23),Controlled drugs,A no further action disposal,True,
Person search,2019-06-18T14:55:08+00:00,False,,52.061061,-2.720198,Male,18-24,White - English/Welsh/Scottish/Northern Irish/British,White,Misuse of Drugs Act 1971 (section 23),Controlled drugs,Khat or Cannabis warning,True,
Person search,2019-06-18T20:17:55+00:00,False,,52.966965,-2.705331,Male,18-24,White - English/Welsh/Scottish/Northern Irish/British,White,Misuse of Drugs Act 1971 (section 23),Controlled drugs,Summons / charged by post,True,
Person and Vehicle search,2019-06-18T20:19:39+00:00,False,,52.966965,-2.705331,Male,25-34,White - English/Welsh/Scottish/Northern Irish/British,White,Misuse of Drugs Act 1971 (section 23),Controlled drugs,A no further action disposal,True,
Person search,2019-06-18T22:05:02+00:00,False,,52.718964,-2.742864,Male,10-17,White - English/Welsh/Scottish/Northern Irish/British,White,Police and Criminal Evidence Act 1984 (section 1),Article for use in theft,A no further action disposal,True,
Person search,2019-06-18T23:01:00+00:00,False,,52.855791,-2.723413,Male,over 34,Other ethnic group - Not stated,White,Police and Criminal Evidence Act 1984 (section 1),Article for use in theft,A no further action disposal,True,
Person search,2019-06-18T23:15:56+00:00,False,,52.056762,-2.713099,Male,10-17,White - English/Welsh/Scottish/Northern Irish/British,White,Misuse of Drugs Act 1971 (section 23),Controlled drugs,A no further action disposal,True,False
Person search,2019-06-18T23:21:22+00:00,False,,52.860229,-2.725284,Male,over 34,Other ethnic group - Not stated,Asian,Misuse of Drugs Act 1971 (section 23),Controlled drugs,A no further action disposal,True,
Person search,2019-06-18T23:34:24+00:00,False,,52.419035,-2.081841,Male,18-24,White - English/Welsh/Scottish/Northern Irish/British,White,Police and Criminal Evidence Act 1984 (section 1),Offensive weapons,Summons / charged by post,True,
Person and Vehicle search,2019-06-19T03:28:18+00:00,False,,52.375579,-2.008108,Male,18-24,White - English/Welsh/Scottish/Northern Irish/British,White,Misuse of Drugs Act 1971 (section 23),Controlled drugs,Arrest,True,
Person search,2019-06-19T11:28:20+00:00,False,,,,Male,10-17,White - English/Welsh/Scottish/Northern Irish/British,White,Misuse of Drugs Act 1971 (section 23),Controlled drugs,A no further action disposal,True,
Person search,2019-06-19T11:47:57+00:00,True,,52.305716,-1.933899,Male,18-24,,Mixed,Misuse of Drugs Act 1971 (section 23),Controlled drugs,Khat or Cannabis warning,False,
Person and Vehicle search,2019-06-19T13:30:00+00:00,True,,,,Male,25-34,White - English/Welsh/Scottish/Northern Irish/British,White,Misuse of Drugs Act 1971 (section 23),Controlled drugs,A no further action disposal,True,
Person search,2019-06-19T13:38:35+00:00,True,,52.304747,-1.937889,Male,18-24,White - English/Welsh/Scottish/Northern Irish/British,White,Misuse of Drugs Act 1971 (section 23),Controlled drugs,A no further action disposal,True,
Person search,2019-06-19T19:25:00+00:00,False,,52.390600,-2.265012,Male,,Black/African/Caribbean/Black British - Any other Black/African/Caribbean background,Mixed,Police and Criminal Evidence Act 1984 (section 1),Offensive weapons,Arrest,True,
Person and Vehicle search,2019-06-19T21:00:52+00:00,False,,,,Male,18-24,Asian/Asian British - Pakistani,Asian,Misuse of Drugs Act 1971 (section 23),Controlled drugs,A no further action disposal,True,
Person and Vehicle search,2019-06-19T22:09:53+00:00,True,,52.579770,-2.547270,Male,18-24,White - English/Welsh/Scottish/Northern Irish/British,White,Misuse of Drugs Act 1971 (section 23),Controlled drugs,Arrest,True,
Person search,2019-06-19T22:15:49+00:00,True,,52.579770,-2.547270,Male,10-17,White - English/Welsh/Scottish/Northern Irish/British,White,Misuse of Drugs Act 1971 (section 23),Controlled drugs,A no further action disposal,True,
Person search,2019-06-19T22:18:18+00:00,True,,,,Male,25-34,White - English/Welsh/Scottish/Northern Irish/British,White,Misuse of Drugs Act 1971 (section 23),Controlled drugs,Community resolution,True,
Person and Vehicle search,2019-06-19T23:03:46+00:00,False,,52.579770,-2.547270,Female,18-24,White - English/Welsh/Scottish/Northern Irish/British,White,Misuse of Drugs Act 1971 (section 23),Controlled drugs,A no further action disposal,True,
Person search,2019-06-20T02:06:18+00:00,False,,52.715894,-2.523245,Male,over 34,White - English/Welsh/Scottish/Northern Irish/British,White,Police and Criminal Evidence Act 1984 (section 1),Offensive weapons,A no further action disposal,True,
Person search,2019-06-20T10:46:06+00:00,False,,52.907104,-2.486903,Male,over 34,White - English/Welsh/Scottish/Northern Irish/British,White,Misuse of Drugs Act 1971 (section 23),Controlled drugs,A no further action disposal,True,
Person search,2019-06-20T12:54:00+00:00,False,,52.209031,-2.186119,Male,10-17,White - English/Welsh/Scottish/Northern Irish/British,White,Misuse of Drugs Act 1971 (section 23),Controlled drugs,A no further action disposal,True,
Vehicle search,2019-06-20T21:57:43+00:00,False,,52.296126,-1.888751,Male,over 34,,,Misuse of Drugs Act 1971 (section 23),Controlled drugs,A no further action disposal,True,
Person search,2019-06-20T22:05:25+00:00,True,,52.530871,-2.412635,Male,18-24,Other ethnic group - Not stated,White,Misuse of Drugs Act 1971 (section 23),Controlled drugs,A no further action disposal,True,
Person and Vehicle search,2019-06-20T23:30:00+00:00,False,,52.592889,-2.558284,Male,25-34,White - English/Welsh/Scottish/Northern Irish/British,White,Misuse of Drugs Act 1971 (section 23),Controlled drugs,Arrest,False,
Person search,2019-06-20T23:30:32+00:00,False,,52.093467,-1.943539,Male,25-34,White - English/Welsh/Scottish/Northern Irish/British,White,Police and Criminal Evidence Act 1984 (section 1),Offensive weapons,Arrest,False,False
Person and Vehicle search,2019-06-20T23:45:17+00:00,False,,,,Male,18-24,White - English/Welsh/Scottish/Northern Irish/British,White,Misuse of Drugs Act 1971 (section 23),Controlled drugs,Arrest,True,
Person search,2019-06-21T00:52:52+00:00,False,,52.290735,-1.945621,Male,over 34,White - English/Welsh/Scottish/Northern Irish/British,White,Police and Criminal Evidence Act 1984 (section 1),Stolen goods,A no further action disposal,True,
Person and Vehicle search,2019-06-21T13:03:07+00:00,False,,52.309167,-2.235616,Male,25-34,White - English/Welsh/Scottish/Northern Irish/British,White,Misuse of Drugs Act 1971 (section 23),Controlled drugs,Arrest,True,
Person search,2019-06-21T15:54:56+00:00,True,,,,Male,25-34,White - English/Welsh/Scottish/Northern Irish/British,White,Misuse of Drugs Act 1971 (section 23),Controlled drugs,A no further action disposal,True,
Person and Vehicle search,2019-06-21T16:41:45+00:00,False,,,,Male,18-24,White - English/Welsh/Scottish/Northern Irish/British,White,Misuse of Drugs Act 1971 (section 23),Controlled drugs,Khat or Cannabis warning,False,
Person and Vehicle search,2019-06-21T16:41:45+00:00,False,,,,Male,18-24,White - English/Welsh/Scottish/Northern Irish/British,White,Misuse of Drugs Act 1971 (section 23),Controlled drugs,Arrest,False,False
Person and Vehicle search,2019-06-21T16:41:45+00:00,False,,,,Male,18-24,White - English/Welsh/Scottish/Northern Irish/British,White,Misuse of Drugs Act 1971 (section 23),Controlled drugs,Khat or Cannabis warning,False,False
Person and Vehicle search,2019-06-21T16:41:45+00:00,False,,,,Female,18-24,White - English/Welsh/Scottish/Northern Irish/British,White,Misuse of Drugs Act 1971 (section 23),Controlled drugs,A no further action disposal,True,
Person search,2019-06-22T00:30:32+00:00,False,,52.058328,-2.712745,Male,25-34,White - English/Welsh/Scottish/Northern Irish/British,White,Misuse of Drugs Act 1971 (section 23),Controlled drugs,A no further action disposal,True,True
Person and Vehicle search,2019-06-22T08:43:59+00:00,False,,,,Male,over 34,White - English/Welsh/Scottish/Northern Irish/British,White,Firearms Act 1968 (section 47),Firearms,A no further action disposal,True,
Person and Vehicle search,2019-06-22T16:48:00+00:00,False,,52.283388,-1.911973,Female,18-24,White - English/Welsh/Scottish/Northern Irish/British,White,Misuse of Drugs Act 1971 (section 23),Controlled drugs,A no further action disposal,True,
Person search,2019-06-22T22:06:55+00:00,False,,52.388511,-2.237273,Male,over 34,White - English/Welsh/Scottish/Northern Irish/British,White,Police and Criminal Evidence Act 1984 (section 1),Offensive weapons,A no further action disposal,True,False
Person search,2019-06-22T22:18:17+00:00,False,,52.186189,-2.517089,Male,18-24,Mixed/Multiple ethnic groups - Any other Mixed/Multiple ethnic background,Mixed,Misuse of Drugs Act 1971 (section 23),Controlled drugs,A no further action disposal,True,
Person search,2019-06-23T00:43:19+00:00,False,,51.983821,-2.806180,Male,18-24,White - English/Welsh/Scottish/Northern Irish/British,White,Police and Criminal Evidence Act 1984 (section 1),Articles for use in criminal damage,A no further action disposal,True,
Person search,2019-06-23T01:59:40+00:00,False,,52.332787,-2.063235,Male,25-34,Other ethnic group - Not stated,Black,Police and Criminal Evidence Act 1984 (section 1),Offensive weapons,A no further action disposal,True,
Person search,2019-06-23T13:37:26+00:00,False,,52.738323,-2.730619,Male,10-17,White - English/Welsh/Scottish/Northern Irish/British,White,Police and Criminal Evidence Act 1984 (section 1),Stolen goods,A no further action disposal,True,
Person search,2019-06-23T14:02:56+00:00,False,,52.194684,-2.221740,Male,over 34,White - English/Welsh/Scottish/Northern Irish/British,White,Police and Criminal Evidence Act 1984 (section 1),Article for use in theft,A no further action disposal,True,
Person search,2019-06-23T14:50:00+00:00,False,,52.133441,-2.302563,Male,10-17,White - English/Welsh/Scottish/Northern Irish/British,White,Police and Criminal Evidence Act 1984 (section 1),Stolen goods,Community resolution,True,
Person search,2019-06-23T16:34:35+00:00,False,,,,Male,10-17,Asian/Asian British - Pakistani,Asian,Police and Criminal Evidence Act 1984 (section 1),Stolen goods,A no further action disposal,True,
Person search,2019-06-23T21:15:00+00:00,False,,52.092487,-1.943613,Male,over 34,Asian/Asian British - Any other Asian background,Asian,Police and Criminal Evidence Act 1984 (section 1),Offensive weapons,Arrest,False,
Person and Vehicle search,2019-06-24T00:01:10+00:00,False,,52.419035,-2.081841,Male,10-17,White - English/Welsh/Scottish/Northern Irish/British,White,Misuse of Drugs Act 1971 (section 23),Controlled drugs,Khat or Cannabis warning,True,
Person and Vehicle search,2019-06-24T00:01:10+00:00,False,,52.419035,-2.081841,Male,18-24,White - English/Welsh/Scottish/Northern Irish/British,White,Misuse of Drugs Act 1971 (section 23),Controlled drugs,Khat or Cannabis warning,True,
Person and Vehicle search,2019-06-24T09:38:56+00:00,False,,52.697305,-2.725835,Male,18-24,White - English/Welsh/Scottish/Northern Irish/British,White,Misuse of Drugs Act 1971 (section 23),Controlled drugs,A no further action disposal,True,
Person search,2019-06-24T10:09:25+00:00,False,,52.713059,-2.454305,Male,18-24,White - English/Welsh/Scottish/Northern Irish/British,White,Misuse of Drugs Act 1971 (section 23),Controlled drugs,A no further action disposal,True,
Person search,2019-06-24T21:25:00+00:00,False,,52.306099,-1.928340,Male,18-24,White - English/Welsh/Scottish/Northern Irish/British,White,Police and Criminal Evidence Act 1984 (section 1),Offensive weapons,A no further action disposal,True,False
Person and Vehicle search,2019-06-24T21:31:04+00:00,False,,52.057926,-2.142157,Male,over 34,White - English/Welsh/Scottish/Northern Irish/British,White,Misuse of Drugs Act 1971 (section 23),Controlled drugs,A no further action disposal,True,
Person search,2019-06-24T21:36:00+00:00,False,,52.306343,-1.929322,Male,18-24,Mixed/Multiple ethnic groups - White and Asian,Mixed,Police and Criminal Evidence Act 1984 (section 1),Offensive weapons,A no further action disposal,True,
Person search,2019-06-24T21:36:00+00:00,False,,52.306427,-1.936318,Male,18-24,White - English/Welsh/Scottish/Northern Irish/British,White,Police and Criminal Evidence Act 1984 (section 1),Offensive weapons,A no further action disposal,True,
Person search,2019-06-24T21:36:00+00:00,False,,52.306343,-1.929322,Male,18-24,White - English/Welsh/Scottish/Northern Irish/British,White,Police and Criminal Evidence Act 1984 (section 1),Offensive weapons,A no further action disposal,True,
Person search,2019-06-24T21:36:01+00:00,False,,52.306427,-1.936318,Male,18-24,White - English/Welsh/Scottish/Northern Irish/British,White,Police and Criminal Evidence Act 1984 (section 1),Offensive weapons,A no further action disposal,True,
Person search,2019-06-24T22:16:28+00:00,False,,52.954487,-3.040596,Male,over 34,White - English/Welsh/Scottish/Northern Irish/British,White,Misuse of Drugs Act 1971 (section 23),Controlled drugs,A no further action disposal,True,
Person search,2019-06-24T22:19:56+00:00,False,,52.918694,-3.042281,Female,25-34,White - English/Welsh/Scottish/Northern Irish/British,White,Misuse of Drugs Act 1971 (section 23),Controlled drugs,A no further action disposal,True,
Person search,2019-06-24T22:27:16+00:00,False,,52.956489,-3.044023,Female,over 34,White - English/Welsh/Scottish/Northern Irish/British,White,Misuse of Drugs Act 1971 (section 23),Controlled drugs,A no further action disposal,True,
Person search,2019-06-25T01:25:39+00:00,False,,52.292801,-1.925194,Male,over 34,White - Any other White background,White,Police and Criminal Evidence Act 1984 (section 1),Stolen goods,Community resolution,False,
Person search,2019-06-25T01:25:39+00:00,False,,52.292801,-1.925194,Male,over 34,White - Any other White background,White,Police and Criminal Evidence Act 1984 (section 1),Article for use in theft,A no further action disposal,True,
Person search,2019-06-25T09:33:04+00:00,False,,52.906018,-2.484170,Male,25-34,White - English/Welsh/Scottish/Northern Irish/British,White,Police and Criminal Evidence Act 1984 (section 1),Offensive weapons,A no further action disposal,True,
Person search,2019-06-25T11:54:30+00:00,False,,52.226259,-2.735519,Male,25-34,White - English/Welsh/Scottish/Northern Irish/British,White,Misuse of Drugs Act 1971 (section 23),Controlled drugs,A no further action disposal,True,False
Person search,2019-06-25T12:43:34+00:00,True,,52.535674,-2.419712,Male,over 34,White - English/Welsh/Scottish/Northern Irish/British,White,Misuse of Drugs Act 1971 (section 23),Controlled drugs,A no further action disposal,True,
Person and Vehicle search,2019-06-25T14:20:04+00:00,False,,52.719981,-2.755570,Male,18-24,White - English/Welsh/Scottish/Northern Irish/British,White,Misuse of Drugs Act 1971 (section 23),Controlled drugs,A no further action disposal,True,
Person and Vehicle search,2019-06-25T17:11:48+00:00,False,,52.733804,-2.721391,Male,over 34,White - English/Welsh/Scottish/Northern Irish/British,White,Misuse of Drugs Act 1971 (section 23),Controlled drugs,Arrest,True,
Person and Vehicle search,2019-06-25T17:13:36+00:00,False,,52.302062,-1.902492,Male,25-34,White - English/Welsh/Scottish/Northern Irish/British,White,Misuse of Drugs Act 1971 (section 23),Controlled drugs,Summons / charged by post,True,
Person search,2019-06-25T17:15:20+00:00,False,,52.302736,-1.902080,Male,18-24,White - Any other White background,Other,Misuse of Drugs Act 1971 (section 23),Controlled drugs,Khat or Cannabis warning,True,True
Person search,2019-06-25T20:07:44+00:00,False,,52.017021,-2.654486,Male,18-24,White - English/Welsh/Scottish/Northern Irish/British,White,Misuse of Drugs Act 1971 (section 23),Controlled drugs,Community resolution,True,
Person search,2019-06-25T20:07:44+00:00,False,,52.017021,-2.654486,Male,18-24,White - English/Welsh/Scottish/Northern Irish/British,White,Misuse of Drugs Act 1971 (section 23),Controlled drugs,A no further action disposal,True,
Person search,2019-06-25T20:07:44+00:00,False,,52.017021,-2.654486,Female,18-24,White - English/Welsh/Scottish/Northern Irish/British,White,Misuse of Drugs Act 1971 (section 23),Controlled drugs,A no further action disposal,True,
Person and Vehicle search,2019-06-25T20:50:37+00:00,False,,52.324960,-2.072863,Male,18-24,White - English/Welsh/Scottish/Northern Irish/British,White,Misuse of Drugs Act 1971 (section 23),Controlled drugs,Khat or Cannabis warning,True,
Person and Vehicle search,2019-06-25T22:50:31+00:00,False,,52.713846,-2.790621,Male,,White - English/Welsh/Scottish/Northern Irish/British,White,Misuse of Drugs Act 1971 (section 23),Controlled drugs,A no further action disposal,True,
Person and Vehicle search,2019-06-25T22:50:31+00:00,False,,52.713874,-2.789023,Male,18-24,White - English/Welsh/Scottish/Northern Irish/British,White,Misuse of Drugs Act 1971 (section 23),Controlled drugs,A no further action disposal,True,
Person search,2019-06-26T08:55:56+00:00,False,,52.533489,-2.406880,Male,18-24,White - English/Welsh/Scottish/Northern Irish/British,White,Misuse of Drugs Act 1971 (section 23),Controlled drugs,A no further action disposal,True,
Person search,2019-06-26T08:59:11+00:00,True,,52.533028,-2.410429,Female,10-17,White - English/Welsh/Scottish/Northern Irish/British,White,Misuse of Drugs Act 1971 (section 23),Controlled drugs,A no further action disposal,True,
Person search,2019-06-26T10:26:00+00:00,False,,52.232961,-2.739246,Male,25-34,White - English/Welsh/Scottish/Northern Irish/British,White,Police and Criminal Evidence Act 1984 (section 1),Stolen goods,Arrest,True,
Person search,2019-06-26T12:30:09+00:00,True,,52.538407,-2.427213,Male,18-24,White - English/Welsh/Scottish/Northern Irish/British,White,Misuse of Drugs Act 1971 (section 23),Controlled drugs,A no further action disposal,True,
Person and Vehicle search,2019-06-26T14:07:21+00:00,True,,52.702570,-2.730791,Female,,White - Any other White background,White,Misuse of Drugs Act 1971 (section 23),Controlled drugs,A no further action disposal,True,True
Person search,2019-06-26T15:37:00+00:00,False,,52.197059,-2.225424,Female,10-17,,Mixed,Police and Criminal Evidence Act 1984 (section 1),Stolen goods,Arrest,True,False
Person search,2019-06-26T15:37:00+00:00,False,,52.197059,-2.225424,Female,10-17,White - English/Welsh/Scottish/Northern Irish/British,White,Police and Criminal Evidence Act 1984 (section 1),Stolen goods,Arrest,True,
Person search,2019-06-26T15:37:00+00:00,False,,52.197059,-2.225424,Female,18-24,White - English/Welsh/Scottish/Northern Irish/British,White,Police and Criminal Evidence Act 1984 (section 1),Stolen goods,Arrest,True,
Person search,2019-06-26T16:02:47+00:00,False,,52.309696,-1.947548,Male,,White - English/Welsh/Scottish/Northern Irish/British,White,Police and Criminal Evidence Act 1984 (section 1),Offensive weapons,A no further action disposal,True,
Person search,2019-06-26T16:20:28+00:00,False,,52.309139,-1.948312,Male,10-17,Black/African/Caribbean/Black British - Caribbean,Black,Police and Criminal Evidence Act 1984 (section 1),Offensive weapons,A no further action disposal,True,
Person search,2019-06-26T16:21:52+00:00,False,,52.306721,-1.947478,Male,10-17,,Mixed,Police and Criminal Evidence Act 1984 (section 1),Offensive weapons,A no further action disposal,True,
Person search,2019-06-26T16:23:16+00:00,False,,52.306721,-1.947478,Male,10-17,Black/African/Caribbean/Black British - Caribbean,Black,Police and Criminal Evidence Act 1984 (section 1),Offensive weapons,A no further action disposal,True,
Person search,2019-06-26T16:24:38+00:00,False,,52.306721,-1.947478,Male,10-17,White - English/Welsh/Scottish/Northern Irish/British,White,Police and Criminal Evidence Act 1984 (section 1),Offensive weapons,A no further action disposal,True,
Person and Vehicle search,2019-06-26T20:44:04+00:00,False,,52.698594,-2.505547,Male,18-24,Asian/Asian British - Pakistani,Asian,Police and Criminal Evidence Act 1984 (section 1),Anything to threaten or harm anyone,A no further action disposal,True,
Person and Vehicle search,2019-06-26T20:46:43+00:00,False,,52.698594,-2.505547,Male,10-17,Asian/Asian British - Pakistani,Asian,Police and Criminal Evidence Act 1984 (section 1),Anything to threaten or harm anyone,A no further action disposal,True,
Person and Vehicle search,2019-06-26T20:48:02+00:00,False,,52.698594,-2.505547,Male,10-17,Asian/Asian British - Pakistani,Asian,Police and Criminal Evidence Act 1984 (section 1),Anything to threaten or harm anyone,A no further action disposal,True,
Person and Vehicle search,2019-06-26T20:49:11+00:00,False,,52.698594,-2.505547,Male,18-24,Asian/Asian British - Pakistani,Asian,Police and Criminal Evidence Act 1984 (section 1),Anything to threaten or harm anyone,A no further action disposal,True,
Person and Vehicle search,2019-06-26T20:50:20+00:00,False,,52.698594,-2.505547,Male,10-17,Asian/Asian British - Pakistani,Asian,Police and Criminal Evidence Act 1984 (section 1),Anything to threaten or harm anyone,A no further action disposal,True,
Person search,2019-06-26T22:19:41+00:00,False,,52.822161,-2.739370,Male,10-17,White - English/Welsh/Scottish/Northern Irish/British,White,Misuse of Drugs Act 1971 (section 23),Controlled drugs,Arrest,False,
Person search,2019-06-26T22:23:42+00:00,False,,52.822161,-2.739370,Male,18-24,White - English/Welsh/Scottish/Northern Irish/British,White,Misuse of Drugs Act 1971 (section 23),Controlled drugs,Khat or Cannabis warning,True,
Person search,2019-06-27T00:47:11+00:00,False,,,,Male,10-17,White - English/Welsh/Scottish/Northern Irish/British,White,Police and Criminal Evidence Act 1984 (section 1),Stolen goods,A no further action disposal,True,
Person search,2019-06-27T11:59:10+00:00,False,,,,Female,over 34,White - Any other White background,White,Police and Criminal Evidence Act 1984 (section 1),Stolen goods,A no further action disposal,True,
Person and Vehicle search,2019-06-27T12:35:40+00:00,False,,52.081728,-1.949537,Male,over 34,White - English/Welsh/Scottish/Northern Irish/British,White,Misuse of Drugs Act 1971 (section 23),Controlled drugs,A no further action disposal,True,
Person search,2019-06-27T12:35:40+00:00,False,,52.081718,-1.929836,Female,25-34,White - English/Welsh/Scottish/Northern Irish/British,White,Misuse of Drugs Act 1971 (section 23),Controlled drugs,A no further action disposal,True,
Person search,2019-06-27T13:09:02+00:00,False,,,,Male,18-24,Asian/Asian British - Indian,Asian,Misuse of Drugs Act 1971 (section 23),Controlled drugs,A no further action disposal,True,
Person search,2019-06-27T20:52:00+00:00,False,,52.384771,-2.232566,Male,18-24,White - English/Welsh/Scottish/Northern Irish/British,White,Police and Criminal Evidence Act 1984 (section 1),Offensive weapons,A no further action disposal,True,
Person search,2019-06-27T23:08:59+00:00,False,,52.135661,-2.115449,Male,18-24,White - English/Welsh/Scottish/Northern Irish/British,White,Police and Criminal Evidence Act 1984 (section 1),Article for use in theft,A no further action disposal,True,
Person and Vehicle search,2019-06-28T13:58:26+00:00,False,,52.300613,-1.940520,Male,18-24,White - English/Welsh/Scottish/Northern Irish/British,White,Misuse of Drugs Act 1971 (section 23),Controlled drugs,Arrest,False,
Person and Vehicle search,2019-06-28T14:26:07+00:00,False,,52.410758,-2.256166,Male,over 34,White - English/Welsh/Scottish/Northern Irish/British,White,Misuse of Drugs Act 1971 (section 23),Controlled drugs,Arrest,True,
Person and Vehicle search,2019-06-28T14:26:07+00:00,False,,,,Male,over 34,White - English/Welsh/Scottish/Northern Irish/British,White,Misuse of Drugs Act 1971 (section 23),Controlled drugs,Arrest,True,
Person search,2019-06-28T17:58:00+00:00,False,,52.336232,-2.060275,Male,25-34,White - English/Welsh/Scottish/Northern Irish/British,White,Police and Criminal Evidence Act 1984 (section 1),Offensive weapons,A no further action disposal,True,
Person and Vehicle search,2019-06-28T22:15:00+00:00,False,,51.915593,-2.599171,Male,18-24,White - English/Welsh/Scottish/Northern Irish/British,White,Misuse of Drugs Act 1971 (section 23),Controlled drugs,A no further action disposal,True,
Person and Vehicle search,2019-06-28T22:15:00+00:00,False,,51.915593,-2.599171,Male,25-34,White - English/Welsh/Scottish/Northern Irish/British,White,Misuse of Drugs Act 1971 (section 23),Controlled drugs,A no further action disposal,True,
Person and Vehicle search,2019-06-28T23:29:21+00:00,False,,52.738323,-2.730619,Male,18-24,White - English/Welsh/Scottish/Northern Irish/British,White,Misuse of Drugs Act 1971 (section 23),Controlled drugs,Khat or Cannabis warning,True,
Person and Vehicle search,2019-06-28T23:29:45+00:00,False,,52.323306,-2.072171,Male,over 34,White - English/Welsh/Scottish/Northern Irish/British,White,Misuse of Drugs Act 1971 (section 23),Controlled drugs,A no further action disposal,True,
Person search,2019-06-28T23:43:47+00:00,False,,52.058328,-2.712745,Male,25-34,White - Any other White background,White,Misuse of Drugs Act 1971 (section 23),Controlled drugs,Arrest,True,
Person search,2019-06-29T00:03:32+00:00,False,,52.057648,-2.712268,Male,18-24,White - English/Welsh/Scottish/Northern Irish/British,White,Misuse of Drugs Act 1971 (section 23),Controlled drugs,Caution (simple or conditional),True,
Person search,2019-06-29T02:26:29+00:00,False,,52.310898,-1.924504,Male,over 34,White - English/Welsh/Scottish/Northern Irish/British,White,Misuse of Drugs Act 1971 (section 23),Controlled drugs,A no further action disposal,True,False
Person search,2019-06-29T10:44:25+00:00,False,,52.708030,-2.754727,Female,25-34,White - English/Welsh/Scottish/Northern Irish/British,White,Police and Criminal Evidence Act 1984 (section 1),Stolen goods,A no further action disposal,True,
Person search,2019-06-29T13:25:00+00:00,False,,52.668519,-2.469325,Male,over 34,White - English/Welsh/Scottish/Northern Irish/British,White,Police and Criminal Evidence Act 1984 (section 1),Offensive weapons,Arrest,False,
Person search,2019-06-29T14:00:00+00:00,False,,52.060412,-2.737808,Female,25-34,White - English/Welsh/Scottish/Northern Irish/British,White,Police and Criminal Evidence Act 1984 (section 1),Stolen goods,Arrest,True,
Person and Vehicle search,2019-06-29T14:10:00+00:00,False,,52.692416,-2.540556,Male,,Other ethnic group - Not stated,White,Police and Criminal Evidence Act 1984 (section 1),Stolen goods,A no further action disposal,True,
Person search,2019-06-29T15:16:13+00:00,False,,52.673873,-2.377289,Male,18-24,White - English/Welsh/Scottish/Northern Irish/British,White,Misuse of Drugs Act 1971 (section 23),Controlled drugs,Community resolution,True,
Person search,2019-06-29T17:07:31+00:00,False,,52.387158,-2.248095,Female,over 34,White - English/Welsh/Scottish/Northern Irish/British,White,Police and Criminal Evidence Act 1984 (section 1),Stolen goods,A no further action disposal,True,
Person search,2019-06-29T20:05:42+00:00,False,,52.133683,-2.332953,Male,25-34,White - English/Welsh/Scottish/Northern Irish/British,White,Police and Criminal Evidence Act 1984 (section 1),Offensive weapons,A no further action disposal,True,
Person search,2019-06-29T21:32:22+00:00,False,,52.041783,-2.312339,Male,18-24,White - English/Welsh/Scottish/Northern Irish/British,White,Misuse of Drugs Act 1971 (section 23),Controlled drugs,Arrest,True,
Person and Vehicle search,2019-06-29T21:34:29+00:00,False,,52.041783,-2.312339,Male,18-24,White - English/Welsh/Scottish/Northern Irish/British,White,Misuse of Drugs Act 1971 (section 23),Controlled drugs,A no further action disposal,True,
Person search,2019-06-29T21:36:42+00:00,False,,52.041783,-2.312339,Male,18-24,White - English/Welsh/Scottish/Northern Irish/British,White,Misuse of Drugs Act 1971 (section 23),Controlled drugs,Khat or Cannabis warning,True,
Person search,2019-06-30T00:02:38+00:00,False,,52.678439,-2.447482,Male,18-24,White - Any other White background,White,Police and Criminal Evidence Act 1984 (section 1),Article for use in theft,Arrest,True,
Person search,2019-06-30T00:14:43+00:00,False,,52.676888,-2.450897,Male,18-24,White - English/Welsh/Scottish/Northern Irish/British,White,Police and Criminal Evidence Act 1984 (section 1),Article for use in theft,Arrest,False,
Person search,2019-06-30T01:54:00+00:00,False,,52.058328,-2.712745,Male,18-24,White - English/Welsh/Scottish/Northern Irish/British,White,Misuse of Drugs Act 1971 (section 23),Controlled drugs,Community resolution,False,
Person search,2019-06-30T16:44:43+00:00,False,,52.856523,-2.718301,Male,10-17,White - English/Welsh/Scottish/Northern Irish/British,White,Misuse of Drugs Act 1971 (section 23),Controlled drugs,A no further action disposal,True,False
Person search,2019-06-30T22:53:55+00:00,False,,52.119873,-2.306487,Male,18-24,White - English/Welsh/Scottish/Northern Irish/British,White,Police and Criminal Evidence Act 1984 (section 1),Offensive weapons,A no further action disposal,True,
