Type,Date,Part of a policing operation,Policing operation,Latitude,Longitude,Gender,Age range,Self-defined ethnicity,Officer-defined ethnicity,Legislation,Object of search,Outcome,Outcome linked to object of search,Removal of more than just outer clothing
Person search,2019-03-01T01:46:00+00:00,False,,52.943129,-1.155626,Male,over 34,White - English/Welsh/Scottish/Northern Irish/British,White,Misuse of Drugs Act 1971 (section 23),Controlled drugs,Arrest,True,False
Person search,2019-03-01T02:56:00+00:00,False,,53.075107,-0.811802,Male,18-24,White - English/Welsh/Scottish/Northern Irish/British,White,Police and Criminal Evidence Act 1984 (section 1),Stolen goods,A no further action disposal,,False
Person search,2019-03-01T11:11:00+00:00,False,,52.960711,-1.171943,Male,25-34,Black/African/Caribbean/Black British - Any other Black/African/Caribbean background,Black,Misuse of Drugs Act 1971 (section 23),Controlled drugs,Arrest,,False
Person and Vehicle search,2019-03-01T14:14:00+00:00,True,,52.960593,-1.175741,Male,over 34,White - English/Welsh/Scottish/Northern Irish/British,White,Police and Criminal Evidence Act 1984 (section 1),Offensive weapons,Summons / charged by post,False,False
Person search,2019-03-01T14:14:00+00:00,False,,52.969052,-1.173064,Male,18-24,White - Any other White background,White,Misuse of Drugs Act 1971 (section 23),Controlled drugs,A no further action disposal,,False
Person search,2019-03-01T18:18:00+00:00,True,,52.954053,-1.150829,Male,25-34,White - English/Welsh/Scottish/Northern Irish/British,White,Misuse of Drugs Act 1971 (section 23),Controlled drugs,A no further action disposal,True,False
Person search,2019-03-01T21:21:00+00:00,False,,52.955238,-1.154274,Male,over 34,Mixed/Multiple ethnic groups - White and Black Caribbean,Black,Misuse of Drugs Act 1971 (section 23),Controlled drugs,Arrest,True,False
Person search,2019-03-01T21:42:00+00:00,False,,53.141801,-1.044665,Male,25-34,White - English/Welsh/Scottish/Northern Irish/British,White,Police and Criminal Evidence Act 1984 (section 1),Article for use in theft,A no further action disposal,,False
Person search,2019-03-01T21:42:00+00:00,False,,53.141801,-1.044665,Male,25-34,White - English/Welsh/Scottish/Northern Irish/British,White,Police and Criminal Evidence Act 1984 (section 1),Article for use in theft,A no further action disposal,,False
Person search,2019-03-02T01:01:00+00:00,False,,52.956293,-1.147153,Male,over 34,Other ethnic group - Not stated,Black,Misuse of Drugs Act 1971 (section 23),Controlled drugs,A no further action disposal,,False
Person and Vehicle search,2019-03-02T01:30:00+00:00,False,,52.999610,-1.135616,Male,25-34,Other ethnic group - Not stated,White,Misuse of Drugs Act 1971 (section 23),Controlled drugs,Khat or Cannabis warning,True,False
Person search,2019-03-02T01:57:00+00:00,False,,53.002579,-1.198755,Male,25-34,Other ethnic group - Not stated,White,Misuse of Drugs Act 1971 (section 23),Controlled drugs,A no further action disposal,,False
Person search,2019-03-02T09:02:00+00:00,False,,52.976693,-1.208750,Male,over 34,White - English/Welsh/Scottish/Northern Irish/British,White,Criminal Justice Act 1988 (section 139B),Offensive weapons,A no further action disposal,,False
Person search,2019-03-02T11:30:00+00:00,False,,52.897134,-1.183263,Male,10-17,Other ethnic group - Not stated,White,Police and Criminal Evidence Act 1984 (section 1),Offensive weapons,A no further action disposal,,False
Person search,2019-03-02T17:17:00+00:00,False,,52.954311,-1.156748,Female,25-34,Other ethnic group - Not stated,White,Police and Criminal Evidence Act 1984 (section 1),Article for use in theft,A no further action disposal,,False
Person search,2019-03-02T18:18:00+00:00,True,,52.954068,-1.146601,Male,25-34,White - English/Welsh/Scottish/Northern Irish/British,White,Misuse of Drugs Act 1971 (section 23),Controlled drugs,Summons / charged by post,True,False
Person search,2019-03-02T18:18:00+00:00,True,,52.954068,-1.146601,Male,over 34,White - English/Welsh/Scottish/Northern Irish/British,White,Misuse of Drugs Act 1971 (section 23),Controlled drugs,A no further action disposal,,False
Person search,2019-03-02T18:18:00+00:00,True,,52.953187,-1.149045,Male,over 34,Black/African/Caribbean/Black British - Caribbean,Black,Misuse of Drugs Act 1971 (section 23),Controlled drugs,Arrest,True,False
Person search,2019-03-02T19:19:00+00:00,True,,52.952111,-1.155719,Male,over 34,White - English/Welsh/Scottish/Northern Irish/British,White,Misuse of Drugs Act 1971 (section 23),Controlled drugs,Summons / charged by post,True,False
Person search,2019-03-02T19:19:00+00:00,True,,52.952111,-1.155719,Male,over 34,White - English/Welsh/Scottish/Northern Irish/British,White,Misuse of Drugs Act 1971 (section 23),Controlled drugs,Summons / charged by post,True,False
Person search,2019-03-02T20:20:00+00:00,False,,52.952912,-1.148336,Male,over 34,White - English/Welsh/Scottish/Northern Irish/British,White,Misuse of Drugs Act 1971 (section 23),Controlled drugs,Summons / charged by post,True,False
Person search,2019-03-02T22:19:00+00:00,False,,52.951320,-1.180189,Female,over 34,White - English/Welsh/Scottish/Northern Irish/British,White,Police and Criminal Evidence Act 1984 (section 1),Offensive weapons,A no further action disposal,,False
Person and Vehicle search,2019-03-02T23:15:00+00:00,False,,53.146970,-1.199525,Male,over 34,Other ethnic group - Not stated,,Misuse of Drugs Act 1971 (section 23),Controlled drugs,Summons / charged by post,True,False
Person and Vehicle search,2019-03-03T00:00:00+00:00,False,,53.077312,-1.254959,Male,18-24,White - English/Welsh/Scottish/Northern Irish/British,White,Misuse of Drugs Act 1971 (section 23),Controlled drugs,A no further action disposal,True,False
Person and Vehicle search,2019-03-03T06:16:00+00:00,False,,52.967934,-1.155917,Male,18-24,Black/African/Caribbean/Black British - Any other Black/African/Caribbean background,Black,Misuse of Drugs Act 1971 (section 23),Controlled drugs,Arrest,True,False
Person search,2019-03-03T12:09:00+00:00,False,,53.122285,-1.262086,Male,18-24,White - English/Welsh/Scottish/Northern Irish/British,White,Misuse of Drugs Act 1971 (section 23),Controlled drugs,A no further action disposal,True,False
Person search,2019-03-04T09:09:00+00:00,True,,52.951797,-1.148358,Male,over 34,White - English/Welsh/Scottish/Northern Irish/British,White,Misuse of Drugs Act 1971 (section 23),Controlled drugs,A no further action disposal,,False
Person search,2019-03-04T09:09:00+00:00,True,,52.951797,-1.148358,Male,over 34,White - English/Welsh/Scottish/Northern Irish/British,White,Misuse of Drugs Act 1971 (section 23),Controlled drugs,Summons / charged by post,True,False
Person search,2019-03-04T09:09:00+00:00,True,,52.951797,-1.148358,Male,18-24,White - English/Welsh/Scottish/Northern Irish/British,White,Misuse of Drugs Act 1971 (section 23),Controlled drugs,Summons / charged by post,True,False
Person search,2019-03-04T09:09:00+00:00,False,,52.951797,-1.148358,Male,over 34,Other ethnic group - Not stated,White,Misuse of Drugs Act 1971 (section 23),Controlled drugs,Arrest,,False
Person search,2019-03-04T10:10:00+00:00,False,,52.949595,-1.143400,Male,over 34,White - English/Welsh/Scottish/Northern Irish/British,White,Misuse of Drugs Act 1971 (section 23),Controlled drugs,Summons / charged by post,True,False
Person search,2019-03-04T11:11:00+00:00,False,,52.949595,-1.143400,Male,over 34,White - English/Welsh/Scottish/Northern Irish/British,White,Misuse of Drugs Act 1971 (section 23),Controlled drugs,Arrest,True,False
Person search,2019-03-04T11:11:00+00:00,True,,52.949595,-1.143400,Male,25-34,White - English/Welsh/Scottish/Northern Irish/British,White,Misuse of Drugs Act 1971 (section 23),Controlled drugs,Summons / charged by post,,False
Person search,2019-03-04T22:04:00+00:00,False,,52.958696,-1.088214,Male,over 34,White - English/Welsh/Scottish/Northern Irish/British,White,Police and Criminal Evidence Act 1984 (section 1),Article for use in theft,A no further action disposal,,False
Person search,2019-03-05T02:03:00+00:00,False,,52.961470,-1.177720,Male,over 34,Other ethnic group - Not stated,White,Police and Criminal Evidence Act 1984 (section 1),Stolen goods,A no further action disposal,,False
Person and Vehicle search,2019-03-05T03:04:00+00:00,False,,52.954839,-1.179468,Male,25-34,Other ethnic group - Not stated,Black,Misuse of Drugs Act 1971 (section 23),Controlled drugs,A no further action disposal,,False
Person search,2019-03-05T10:10:00+00:00,False,,52.958315,-1.150939,Male,over 34,White - English/Welsh/Scottish/Northern Irish/British,White,Misuse of Drugs Act 1971 (section 23),Controlled drugs,Summons / charged by post,True,False
Person search,2019-03-05T10:10:00+00:00,True,,52.958315,-1.150939,Male,18-24,White - English/Welsh/Scottish/Northern Irish/British,White,Misuse of Drugs Act 1971 (section 23),Controlled drugs,A no further action disposal,,False
Person and Vehicle search,2019-03-05T11:11:00+00:00,True,,52.960711,-1.171943,Male,25-34,Black/African/Caribbean/Black British - Any other Black/African/Caribbean background,Black,Misuse of Drugs Act 1971 (section 23),Controlled drugs,Arrest,False,False
Person search,2019-03-05T12:12:00+00:00,False,,52.953187,-1.149045,Male,18-24,Black/African/Caribbean/Black British - African,Black,Misuse of Drugs Act 1971 (section 23),Controlled drugs,A no further action disposal,,False
Person search,2019-03-05T12:12:00+00:00,False,,52.953187,-1.149045,Male,18-24,Black/African/Caribbean/Black British - African,Black,Misuse of Drugs Act 1971 (section 23),Controlled drugs,A no further action disposal,,False
Person search,2019-03-05T12:43:00+00:00,False,,53.074405,-0.804507,Male,25-34,White - Any other White background,White,Police and Criminal Evidence Act 1984 (section 1),Stolen goods,A no further action disposal,,False
Person and Vehicle search,2019-03-05T13:13:00+00:00,False,,52.944846,-0.958362,Male,25-34,White - Any other White background,White,Misuse of Drugs Act 1971 (section 23),Controlled drugs,Arrest,True,False
Person and Vehicle search,2019-03-05T14:14:00+00:00,True,,52.969052,-1.173064,Male,18-24,White - Any other White background,White,Misuse of Drugs Act 1971 (section 23),Controlled drugs,Arrest,True,False
Person search,2019-03-05T14:17:00+00:00,False,,53.137483,-1.251586,Female,25-34,White - English/Welsh/Scottish/Northern Irish/British,White,Police and Criminal Evidence Act 1984 (section 1),Article for use in theft,A no further action disposal,,False
Person search,2019-03-05T14:18:00+00:00,True,,52.963410,-1.165876,Male,over 34,White - Any other White background,White,Misuse of Drugs Act 1971 (section 23),Controlled drugs,Arrest,True,False
Person search,2019-03-05T15:36:00+00:00,False,,52.960091,-1.144116,Male,18-24,White - English/Welsh/Scottish/Northern Irish/British,White,Misuse of Drugs Act 1971 (section 23),Controlled drugs,A no further action disposal,,False
Vehicle search,2019-03-05T17:40:00+00:00,True,,52.961371,-1.267031,,,,,Police and Criminal Evidence Act 1984 (section 1),Article for use in theft,A no further action disposal,True,
Person and Vehicle search,2019-03-06T09:32:00+00:00,False,,53.004345,-1.259136,Male,over 34,White - English/Welsh/Scottish/Northern Irish/British,White,Misuse of Drugs Act 1971 (section 23),Controlled drugs,A no further action disposal,,False
Person and Vehicle search,2019-03-06T10:10:00+00:00,False,,52.905366,-1.190706,Male,18-24,Mixed/Multiple ethnic groups - White and Black Caribbean,Mixed,Misuse of Drugs Act 1971 (section 23),Controlled drugs,Arrest,False,False
Person search,2019-03-06T13:13:00+00:00,True,,52.956878,-1.149761,Male,25-34,Other ethnic group - Not stated,White,Criminal Justice Act 1988 (section 139B),Offensive weapons,A no further action disposal,,False
Vehicle search,2019-03-06T13:22:00+00:00,False,,52.974076,-1.213995,,,,,Police and Criminal Evidence Act 1984 (section 1),Offensive weapons,Arrest,True,
Person search,2019-03-06T14:20:00+00:00,False,,53.142894,-1.204295,Male,25-34,White - English/Welsh/Scottish/Northern Irish/British,White,Misuse of Drugs Act 1971 (section 23),Controlled drugs,A no further action disposal,,False
Person search,2019-03-06T14:30:00+00:00,False,,53.142894,-1.204295,Male,over 34,White - English/Welsh/Scottish/Northern Irish/British,White,Misuse of Drugs Act 1971 (section 23),Controlled drugs,A no further action disposal,False,False
Person search,2019-03-06T20:18:00+00:00,False,,52.902216,-1.181027,Male,10-17,White - English/Welsh/Scottish/Northern Irish/British,White,Police and Criminal Evidence Act 1984 (section 1),Stolen goods,A no further action disposal,,False
Person search,2019-03-06T20:20:00+00:00,False,,52.902216,-1.181027,Male,10-17,White - English/Welsh/Scottish/Northern Irish/British,White,Police and Criminal Evidence Act 1984 (section 1),Stolen goods,Community resolution,False,False
Person search,2019-03-07T09:09:00+00:00,False,,52.967238,-1.177283,Male,over 34,Other ethnic group - Not stated,Black,Misuse of Drugs Act 1971 (section 23),Controlled drugs,A no further action disposal,,False
Person search,2019-03-07T10:00:00+00:00,False,,52.964352,-1.168181,Male,25-34,White - English/Welsh/Scottish/Northern Irish/British,White,Misuse of Drugs Act 1971 (section 23),Controlled drugs,A no further action disposal,True,False
Person and Vehicle search,2019-03-07T10:10:00+00:00,False,,52.961821,-1.172532,Male,18-24,Mixed/Multiple ethnic groups - Any other Mixed/Multiple ethnic background,Asian,Misuse of Drugs Act 1971 (section 23),Controlled drugs,A no further action disposal,,False
Person and Vehicle search,2019-03-07T10:10:00+00:00,True,,52.966421,-1.182673,Male,over 34,Mixed/Multiple ethnic groups - White and Black Caribbean,Mixed,Police and Criminal Evidence Act 1984 (section 1),Article for use in theft,A no further action disposal,,False
Person and Vehicle search,2019-03-07T10:10:00+00:00,False,,52.956835,-1.169203,Male,25-34,Asian/Asian British - Pakistani,Asian,Misuse of Drugs Act 1971 (section 23),Controlled drugs,A no further action disposal,True,False
Person search,2019-03-07T10:18:00+00:00,False,,52.953608,-1.143842,Male,over 34,Other ethnic group - Not stated,White,Police and Criminal Evidence Act 1984 (section 1),Offensive weapons,A no further action disposal,,False
Person and Vehicle search,2019-03-07T11:11:00+00:00,False,,52.963850,-1.170915,Male,25-34,Other ethnic group - Not stated,Black,Misuse of Drugs Act 1971 (section 23),Controlled drugs,A no further action disposal,,False
Person and Vehicle search,2019-03-07T11:11:00+00:00,False,,52.961209,-1.167363,Male,18-24,Black/African/Caribbean/Black British - Caribbean,Mixed,Misuse of Drugs Act 1971 (section 23),Controlled drugs,A no further action disposal,,False
Person and Vehicle search,2019-03-07T13:13:00+00:00,True,,52.962515,-1.171611,Male,25-34,Black/African/Caribbean/Black British - Caribbean,Black,Misuse of Drugs Act 1971 (section 23),Controlled drugs,A no further action disposal,,False
Person search,2019-03-07T14:14:00+00:00,False,,52.970109,-1.171287,Male,18-24,Other ethnic group - Not stated,Asian,Misuse of Drugs Act 1971 (section 23),Controlled drugs,A no further action disposal,,False
Person search,2019-03-07T14:14:00+00:00,False,,52.975296,-1.163563,Male,10-17,Other ethnic group - Not stated,White,Police and Criminal Evidence Act 1984 (section 1),Offensive weapons,A no further action disposal,,False
Person search,2019-03-07T15:26:00+00:00,False,,52.975296,-1.163563,Male,10-17,Black/African/Caribbean/Black British - Any other Black/African/Caribbean background,Mixed,Police and Criminal Evidence Act 1984 (section 1),Offensive weapons,Arrest,True,False
Person search,2019-03-08T00:00:00+00:00,False,,52.951963,-1.143859,Male,over 34,Other ethnic group - Not stated,White,Misuse of Drugs Act 1971 (section 23),Controlled drugs,Arrest,True,False
Person search,2019-03-08T02:18:00+00:00,False,,52.952084,-1.134465,Male,over 34,Black/African/Caribbean/Black British - Caribbean,Black,Misuse of Drugs Act 1971 (section 23),Controlled drugs,A no further action disposal,True,False
Person search,2019-03-08T08:08:00+00:00,True,,52.949595,-1.143400,Male,over 34,White - English/Welsh/Scottish/Northern Irish/British,White,Misuse of Drugs Act 1971 (section 23),Controlled drugs,Summons / charged by post,,False
Person search,2019-03-08T08:08:00+00:00,False,,52.950833,-1.142929,Male,over 34,White - English/Welsh/Scottish/Northern Irish/British,White,Misuse of Drugs Act 1971 (section 23),Controlled drugs,A no further action disposal,True,False
Person search,2019-03-08T08:08:00+00:00,True,,52.949595,-1.143400,Male,25-34,White - English/Welsh/Scottish/Northern Irish/British,White,Misuse of Drugs Act 1971 (section 23),Controlled drugs,A no further action disposal,,False
Person search,2019-03-08T09:09:00+00:00,True,,52.970078,-1.159122,Male,18-24,White - English/Welsh/Scottish/Northern Irish/British,White,Misuse of Drugs Act 1971 (section 23),Controlled drugs,Arrest,True,False
Person search,2019-03-08T09:09:00+00:00,False,,52.963410,-1.165876,Male,25-34,Mixed/Multiple ethnic groups - White and Black Caribbean,White,Police and Criminal Evidence Act 1984 (section 1),Stolen goods,A no further action disposal,,False
Person search,2019-03-08T09:55:00+00:00,False,,53.306681,-1.123080,Female,,White - English/Welsh/Scottish/Northern Irish/British,White,Police and Criminal Evidence Act 1984 (section 1),Stolen goods,A no further action disposal,,False
Person and Vehicle search,2019-03-08T10:10:00+00:00,True,,52.979401,-1.176039,Male,25-34,Black/African/Caribbean/Black British - Any other Black/African/Caribbean background,Black,Misuse of Drugs Act 1971 (section 23),Controlled drugs,A no further action disposal,,False
Person search,2019-03-08T10:10:00+00:00,True,,52.967238,-1.177283,Male,over 34,Black/African/Caribbean/Black British - Any other Black/African/Caribbean background,Black,Police and Criminal Evidence Act 1984 (section 1),Stolen goods,A no further action disposal,,False
Person search,2019-03-08T10:30:00+00:00,False,,53.144597,-1.204951,Male,25-34,White - English/Welsh/Scottish/Northern Irish/British,White,Misuse of Drugs Act 1971 (section 23),Controlled drugs,A no further action disposal,,False
Person search,2019-03-08T12:51:00+00:00,False,,53.144597,-1.204951,Male,18-24,White - Any other White background,White,Misuse of Drugs Act 1971 (section 23),Controlled drugs,A no further action disposal,True,False
Person search,2019-03-08T16:16:00+00:00,False,,52.961611,-1.146631,Male,over 34,Black/African/Caribbean/Black British - Caribbean,Black,Police and Criminal Evidence Act 1984 (section 1),Offensive weapons,Arrest,False,False
Vehicle search,2019-03-09T10:55:00+00:00,False,,52.961821,-1.172532,,,,,Misuse of Drugs Act 1971 (section 23),Controlled drugs,A no further action disposal,,
Person and Vehicle search,2019-03-09T14:14:00+00:00,False,,52.951647,-1.139892,Male,18-24,Asian/Asian British - Any other Asian background,Asian,Misuse of Drugs Act 1971 (section 23),Controlled drugs,Arrest,True,False
Person search,2019-03-09T15:15:00+00:00,True,,52.950268,-1.152004,Male,18-24,Other ethnic group - Not stated,White,Misuse of Drugs Act 1971 (section 23),Controlled drugs,Khat or Cannabis warning,True,False
Person search,2019-03-09T17:17:00+00:00,True,,52.954174,-1.142521,Male,25-34,Black/African/Caribbean/Black British - Caribbean,Black,Misuse of Drugs Act 1971 (section 23),Controlled drugs,A no further action disposal,,False
Person search,2019-03-09T17:17:00+00:00,True,,52.954174,-1.142521,Male,18-24,Black/African/Caribbean/Black British - Caribbean,Black,Misuse of Drugs Act 1971 (section 23),Controlled drugs,A no further action disposal,,False
Person search,2019-03-09T17:17:00+00:00,True,,52.954174,-1.142521,Male,10-17,Black/African/Caribbean/Black British - Caribbean,Black,Misuse of Drugs Act 1971 (section 23),Controlled drugs,A no further action disposal,,False
Person and Vehicle search,2019-03-09T17:17:00+00:00,False,,52.954174,-1.142521,Male,18-24,Other ethnic group - Not stated,Black,Misuse of Drugs Act 1971 (section 23),Controlled drugs,A no further action disposal,,False
Person search,2019-03-10T01:01:00+00:00,False,,52.955849,-1.151702,Female,18-24,Mixed/Multiple ethnic groups - Any other Mixed/Multiple ethnic background,Black,Misuse of Drugs Act 1971 (section 23),Controlled drugs,Khat or Cannabis warning,True,False
Person search,2019-03-10T01:47:00+00:00,False,,52.881770,-1.053450,Male,18-24,Asian/Asian British - Indian,Asian,Misuse of Drugs Act 1971 (section 23),Controlled drugs,A no further action disposal,,False
Person search,2019-03-10T08:08:00+00:00,False,,52.955820,-1.150199,Male,,Black/African/Caribbean/Black British - Caribbean,Black,Misuse of Drugs Act 1971 (section 23),Controlled drugs,Community resolution,,False
Person search,2019-03-10T15:33:00+00:00,True,,52.963241,-1.171210,Male,25-34,White - Any other White background,White,Misuse of Drugs Act 1971 (section 23),Controlled drugs,Khat or Cannabis warning,True,False
Person search,2019-03-10T15:35:00+00:00,False,,52.963689,-1.173568,Male,10-17,White - Any other White background,White,Misuse of Drugs Act 1971 (section 23),Controlled drugs,A no further action disposal,,False
Person search,2019-03-10T15:43:00+00:00,True,,52.963241,-1.171210,Male,over 34,White - Any other White background,White,Misuse of Drugs Act 1971 (section 23),Controlled drugs,A no further action disposal,,False
Person search,2019-03-10T15:56:00+00:00,True,,52.971652,-1.177243,Male,18-24,Black/African/Caribbean/Black British - African,Black,Police and Criminal Evidence Act 1984 (section 1),Offensive weapons,A no further action disposal,,False
Person search,2019-03-10T16:40:00+00:00,False,,53.145784,-1.206364,Male,18-24,White - English/Welsh/Scottish/Northern Irish/British,White,Misuse of Drugs Act 1971 (section 23),Controlled drugs,A no further action disposal,,False
Person search,2019-03-10T16:55:00+00:00,False,,53.145784,-1.206364,Male,25-34,White - English/Welsh/Scottish/Northern Irish/British,White,Misuse of Drugs Act 1971 (section 23),Controlled drugs,A no further action disposal,,False
Person search,2019-03-10T16:56:00+00:00,False,,53.144943,-1.208279,Male,25-34,White - English/Welsh/Scottish/Northern Irish/British,White,Misuse of Drugs Act 1971 (section 23),Controlled drugs,A no further action disposal,,False
Person search,2019-03-10T20:20:00+00:00,False,,52.955849,-1.151702,Male,25-34,White - English/Welsh/Scottish/Northern Irish/British,White,Criminal Justice Act 1988 (section 139B),Offensive weapons,A no further action disposal,False,False
Person search,2019-03-11T08:44:00+00:00,False,,52.971872,-1.208347,Male,25-34,White - English/Welsh/Scottish/Northern Irish/British,White,Misuse of Drugs Act 1971 (section 23),Controlled drugs,A no further action disposal,True,True
Person search,2019-03-11T13:29:00+00:00,True,,53.126806,-1.264998,Male,over 34,Other ethnic group - Not stated,White,Misuse of Drugs Act 1971 (section 23),Controlled drugs,A no further action disposal,,False
Person search,2019-03-11T14:14:00+00:00,False,,53.012927,-1.191006,Male,10-17,White - English/Welsh/Scottish/Northern Irish/British,White,Police and Criminal Evidence Act 1984 (section 1),Offensive weapons,Community resolution,,False
Person search,2019-03-11T17:17:00+00:00,False,,52.952111,-1.155719,Male,18-24,Other ethnic group - Not stated,Black,Misuse of Drugs Act 1971 (section 23),Controlled drugs,A no further action disposal,,False
Person search,2019-03-11T17:17:00+00:00,False,,52.952111,-1.155719,Male,18-24,Other ethnic group - Not stated,Black,Misuse of Drugs Act 1971 (section 23),Controlled drugs,Khat or Cannabis warning,True,False
Person search,2019-03-11T17:17:00+00:00,False,,52.952111,-1.155719,Male,18-24,Other ethnic group - Not stated,Black,Misuse of Drugs Act 1971 (section 23),Controlled drugs,Khat or Cannabis warning,,False
Person search,2019-03-12T01:30:00+00:00,False,,53.158197,-1.137594,Male,18-24,White - English/Welsh/Scottish/Northern Irish/British,White,Misuse of Drugs Act 1971 (section 23),Controlled drugs,A no further action disposal,,False
Person search,2019-03-12T11:40:00+00:00,False,,52.954650,-1.280720,Male,25-34,Other ethnic group - Not stated,White,Police and Criminal Evidence Act 1984 (section 1),Article for use in theft,A no further action disposal,,False
Person search,2019-03-12T19:19:00+00:00,True,,52.952512,-1.150219,Male,18-24,White - English/Welsh/Scottish/Northern Irish/British,White,Misuse of Drugs Act 1971 (section 23),Controlled drugs,Summons / charged by post,True,False
Person search,2019-03-12T21:15:00+00:00,False,,52.972174,-1.231035,Male,18-24,Other ethnic group - Not stated,Asian,Police and Criminal Evidence Act 1984 (section 1),Offensive weapons,Arrest,,False
Person search,2019-03-12T21:21:00+00:00,True,,52.952912,-1.148336,Male,over 34,White - English/Welsh/Scottish/Northern Irish/British,White,Misuse of Drugs Act 1971 (section 23),Controlled drugs,Summons / charged by post,True,False
Person search,2019-03-12T21:21:00+00:00,False,,52.972722,-1.229656,Male,18-24,Other ethnic group - Not stated,Asian,Police and Criminal Evidence Act 1984 (section 1),Offensive weapons,Arrest,True,False
Person search,2019-03-13T00:40:00+00:00,False,,52.952342,-1.145281,Male,,Black/African/Caribbean/Black British - Any other Black/African/Caribbean background,Mixed,Police and Criminal Evidence Act 1984 (section 1),Article for use in theft,A no further action disposal,,False
Person search,2019-03-13T01:01:00+00:00,False,,52.907388,-1.189375,Male,18-24,Asian/Asian British - Any other Asian background,Asian,Misuse of Drugs Act 1971 (section 23),Controlled drugs,A no further action disposal,,False
Person and Vehicle search,2019-03-13T01:45:00+00:00,False,,53.154945,-1.163202,Male,10-17,White - English/Welsh/Scottish/Northern Irish/British,White,Misuse of Drugs Act 1971 (section 23),Controlled drugs,A no further action disposal,,False
Person and Vehicle search,2019-03-13T01:45:00+00:00,False,,53.154945,-1.163202,Male,18-24,White - English/Welsh/Scottish/Northern Irish/British,White,Misuse of Drugs Act 1971 (section 23),Controlled drugs,A no further action disposal,,False
Person and Vehicle search,2019-03-13T02:11:00+00:00,False,,53.158697,-1.188404,Male,,White - English/Welsh/Scottish/Northern Irish/British,White,Misuse of Drugs Act 1971 (section 23),Controlled drugs,A no further action disposal,,False
Person search,2019-03-13T04:43:00+00:00,False,,52.954309,-1.151300,Male,over 34,White - English/Welsh/Scottish/Northern Irish/British,White,Police and Criminal Evidence Act 1984 (section 1),Article for use in theft,A no further action disposal,,False
Person search,2019-03-13T05:01:00+00:00,False,,52.955849,-1.151702,Male,25-34,Black/African/Caribbean/Black British - Any other Black/African/Caribbean background,Mixed,Police and Criminal Evidence Act 1984 (section 1),Article for use in theft,A no further action disposal,,False
Person search,2019-03-13T11:47:00+00:00,False,,52.954311,-1.156748,Male,over 34,Black/African/Caribbean/Black British - African,Black,Misuse of Drugs Act 1971 (section 23),Controlled drugs,A no further action disposal,,False
Person search,2019-03-13T14:10:00+00:00,False,,53.165554,-1.193450,Male,over 34,White - English/Welsh/Scottish/Northern Irish/British,White,Firearms Act 1968 (section 47),Firearms,A no further action disposal,,False
Person and Vehicle search,2019-03-13T14:14:00+00:00,False,,52.963545,-1.178812,Male,18-24,Asian/Asian British - Pakistani,Asian,Misuse of Drugs Act 1971 (section 23),Controlled drugs,Arrest,True,False
Person search,2019-03-13T14:55:00+00:00,False,,52.970080,-1.161966,Male,over 34,Other ethnic group - Not stated,White,Misuse of Drugs Act 1971 (section 23),Controlled drugs,A no further action disposal,,False
Person search,2019-03-13T18:16:00+00:00,True,,53.006288,-1.128016,Male,10-17,Mixed/Multiple ethnic groups - White and Black Caribbean,Mixed,Criminal Justice Act 1988 (section 139B),Offensive weapons,A no further action disposal,,False
Person search,2019-03-13T18:18:00+00:00,True,,52.955849,-1.151702,Male,over 34,White - English/Welsh/Scottish/Northern Irish/British,White,Misuse of Drugs Act 1971 (section 23),Controlled drugs,A no further action disposal,,False
Person search,2019-03-13T18:18:00+00:00,True,,52.955849,-1.151702,Male,over 34,White - English/Welsh/Scottish/Northern Irish/British,White,Misuse of Drugs Act 1971 (section 23),Controlled drugs,A no further action disposal,,False
Person search,2019-03-13T18:23:00+00:00,True,,53.006288,-1.128016,Male,10-17,Mixed/Multiple ethnic groups - White and Black Caribbean,Black,Criminal Justice Act 1988 (section 139B),Offensive weapons,A no further action disposal,,False
Person search,2019-03-13T18:24:00+00:00,True,,52.955945,-1.147591,Male,over 34,Black/African/Caribbean/Black British - Any other Black/African/Caribbean background,Black,Misuse of Drugs Act 1971 (section 23),Controlled drugs,A no further action disposal,,False
Person search,2019-03-13T18:30:00+00:00,False,,52.953211,-1.151158,Male,18-24,White - Any other White background,White,Misuse of Drugs Act 1971 (section 23),Controlled drugs,A no further action disposal,,False
Person search,2019-03-13T19:19:00+00:00,True,,52.950775,-1.149881,Male,10-17,Mixed/Multiple ethnic groups - White and Black Caribbean,White,Misuse of Drugs Act 1971 (section 23),Controlled drugs,A no further action disposal,,False
Person search,2019-03-13T19:19:00+00:00,True,,52.949732,-1.144915,Male,18-24,Asian/Asian British - Pakistani,White,Misuse of Drugs Act 1971 (section 23),Controlled drugs,Khat or Cannabis warning,True,False
Person search,2019-03-13T19:19:00+00:00,True,,52.949732,-1.144915,Male,18-24,White - Any other White background,White,Misuse of Drugs Act 1971 (section 23),Controlled drugs,A no further action disposal,,False
Person search,2019-03-13T19:19:00+00:00,True,,52.950775,-1.149881,Female,18-24,White - English/Welsh/Scottish/Northern Irish/British,White,Misuse of Drugs Act 1971 (section 23),Controlled drugs,Community resolution,True,False
Person search,2019-03-13T19:19:00+00:00,True,,52.952512,-1.150219,Male,10-17,Black/African/Caribbean/Black British - Caribbean,Black,Misuse of Drugs Act 1971 (section 23),Controlled drugs,A no further action disposal,,False
Person search,2019-03-13T19:19:00+00:00,True,,52.952512,-1.150219,Male,over 34,White - Any other White background,White,Misuse of Drugs Act 1971 (section 23),Controlled drugs,A no further action disposal,,False
Person search,2019-03-13T19:30:00+00:00,False,,52.950201,-1.147645,Male,18-24,White - Any other White background,White,Misuse of Drugs Act 1971 (section 23),Controlled drugs,A no further action disposal,,False
Person search,2019-03-13T19:40:00+00:00,False,,52.950201,-1.147645,Male,18-24,Mixed/Multiple ethnic groups - White and Asian,Asian,Misuse of Drugs Act 1971 (section 23),Controlled drugs,Khat or Cannabis warning,True,False
Person search,2019-03-13T19:50:00+00:00,True,,52.950775,-1.149881,Male,25-34,White - English/Welsh/Scottish/Northern Irish/British,White,Misuse of Drugs Act 1971 (section 23),Controlled drugs,Khat or Cannabis warning,True,False
Person search,2019-03-13T19:55:00+00:00,False,,52.950268,-1.152004,Male,10-17,Other ethnic group - Not stated,White,Misuse of Drugs Act 1971 (section 23),Controlled drugs,Arrest,True,False
Person search,2019-03-13T20:02:00+00:00,True,,52.950775,-1.149881,Male,25-34,White - English/Welsh/Scottish/Northern Irish/British,White,Misuse of Drugs Act 1971 (section 23),Controlled drugs,Summons / charged by post,True,False
Person search,2019-03-13T20:32:00+00:00,True,,52.953211,-1.151158,Male,18-24,White - English/Welsh/Scottish/Northern Irish/British,White,Misuse of Drugs Act 1971 (section 23),Controlled drugs,A no further action disposal,,False
Vehicle search,2019-03-13T21:12:00+00:00,False,,52.972722,-1.229656,,,,,Police and Criminal Evidence Act 1984 (section 1),Offensive weapons,Arrest,True,
Person search,2019-03-13T23:23:00+00:00,False,,52.952111,-1.155719,Male,over 34,Other ethnic group - Not stated,White,Police and Criminal Evidence Act 1984 (section 1),Article for use in theft,A no further action disposal,,False
Person search,2019-03-13T23:30:00+00:00,False,,53.119607,-1.112038,Male,18-24,Other ethnic group - Not stated,White,Misuse of Drugs Act 1971 (section 23),Controlled drugs,A no further action disposal,,False
Person search,2019-03-13T23:30:00+00:00,False,,53.111942,-0.987406,Male,18-24,Other ethnic group - Not stated,White,Misuse of Drugs Act 1971 (section 23),Controlled drugs,A no further action disposal,,False
Person and Vehicle search,2019-03-14T03:54:00+00:00,False,,52.956550,-1.133021,Male,18-24,Other ethnic group - Not stated,White,Misuse of Drugs Act 1971 (section 23),Controlled drugs,Khat or Cannabis warning,True,False
Person search,2019-03-14T16:16:00+00:00,False,,52.950775,-1.149881,Male,25-34,White - English/Welsh/Scottish/Northern Irish/British,White,Criminal Justice Act 1988 (section 139B),Offensive weapons,Arrest,,False
Person search,2019-03-14T16:16:00+00:00,True,,52.963208,-1.143801,Male,18-24,Mixed/Multiple ethnic groups - Any other Mixed/Multiple ethnic background,Mixed,Misuse of Drugs Act 1971 (section 23),Controlled drugs,Summons / charged by post,True,False
Person search,2019-03-14T16:53:00+00:00,True,,52.963208,-1.143801,Male,25-34,Asian/Asian British - Pakistani,Asian,Misuse of Drugs Act 1971 (section 23),Controlled drugs,A no further action disposal,,False
Person and Vehicle search,2019-03-14T19:47:00+00:00,False,,53.303007,-1.113792,Male,over 34,White - English/Welsh/Scottish/Northern Irish/British,White,Misuse of Drugs Act 1971 (section 23),Controlled drugs,A no further action disposal,,False
Person search,2019-03-14T21:00:00+00:00,True,,52.963073,-1.170349,Male,18-24,Other ethnic group - Any other ethnic group,Asian,Police and Criminal Evidence Act 1984 (section 1),Stolen goods,A no further action disposal,False,False
Person search,2019-03-14T23:06:00+00:00,False,,52.967038,-1.142504,Male,18-24,Other ethnic group - Not stated,Black,Police and Criminal Evidence Act 1984 (section 1),Offensive weapons,A no further action disposal,,False
Person search,2019-03-14T23:18:00+00:00,True,,52.963073,-1.170349,Male,25-34,Other ethnic group - Any other ethnic group,Asian,Police and Criminal Evidence Act 1984 (section 1),Stolen goods,A no further action disposal,False,False
Person search,2019-03-15T10:38:00+00:00,False,,52.942195,-1.153159,Male,25-34,Other ethnic group - Not stated,White,Misuse of Drugs Act 1971 (section 23),Controlled drugs,A no further action disposal,True,False
Person search,2019-03-15T10:38:00+00:00,False,,52.942195,-1.153159,Male,over 34,Other ethnic group - Not stated,White,Misuse of Drugs Act 1971 (section 23),Controlled drugs,A no further action disposal,True,False
Person search,2019-03-15T14:14:00+00:00,True,,52.957542,-1.145952,Male,25-34,White - English/Welsh/Scottish/Northern Irish/British,White,Misuse of Drugs Act 1971 (section 23),Controlled drugs,Arrest,True,False
Person search,2019-03-15T17:17:00+00:00,True,,52.959873,-1.152487,Male,25-34,White - English/Welsh/Scottish/Northern Irish/British,White,Misuse of Drugs Act 1971 (section 23),Controlled drugs,A no further action disposal,,False
Person and Vehicle search,2019-03-15T17:17:00+00:00,True,,52.969923,-1.125174,Male,25-34,Other ethnic group - Not stated,Black,Police and Criminal Evidence Act 1984 (section 1),Offensive weapons,Arrest,True,False
Person search,2019-03-15T17:17:00+00:00,True,,52.959179,-1.152351,Male,25-34,Black/African/Caribbean/Black British - Any other Black/African/Caribbean background,Black,Misuse of Drugs Act 1971 (section 23),Controlled drugs,Khat or Cannabis warning,True,False
Person search,2019-03-15T19:19:00+00:00,False,,53.121761,-1.125009,Male,10-17,White - English/Welsh/Scottish/Northern Irish/British,White,Misuse of Drugs Act 1971 (section 23),Controlled drugs,A no further action disposal,,False
Person search,2019-03-15T22:30:00+00:00,False,,52.968414,-1.153913,Male,18-24,Other ethnic group - Not stated,Black,Police and Criminal Evidence Act 1984 (section 1),Article for use in theft,A no further action disposal,,False
Person search,2019-03-15T22:35:00+00:00,False,,53.160975,-1.135220,Male,10-17,White - English/Welsh/Scottish/Northern Irish/British,White,Criminal Justice Act 1988 (section 139B),Offensive weapons,A no further action disposal,,False
Person search,2019-03-15T22:59:00+00:00,False,,53.160975,-1.135220,Male,10-17,White - English/Welsh/Scottish/Northern Irish/British,White,Criminal Justice Act 1988 (section 139B),Offensive weapons,A no further action disposal,,False
Person search,2019-03-15T23:20:00+00:00,False,,53.000531,-1.192356,Male,25-34,Mixed/Multiple ethnic groups - White and Black Caribbean,Mixed,Criminal Justice Act 1988 (section 139B),Offensive weapons,A no further action disposal,,False
Person and Vehicle search,2019-03-16T01:56:00+00:00,False,,53.046815,-0.775287,Male,18-24,Other ethnic group - Not stated,White,Misuse of Drugs Act 1971 (section 23),Controlled drugs,Arrest,True,False
Person search,2019-03-16T09:09:00+00:00,False,,52.970432,-1.175078,Female,over 34,Other ethnic group - Not stated,Mixed,Police and Criminal Evidence Act 1984 (section 1),Stolen goods,A no further action disposal,,True
Person search,2019-03-16T09:09:00+00:00,False,,52.970432,-1.175078,Female,over 34,Other ethnic group - Not stated,Mixed,Police and Criminal Evidence Act 1984 (section 1),Stolen goods,A no further action disposal,,True
Person search,2019-03-16T09:39:00+00:00,False,,52.989990,-1.147860,Female,18-24,White - English/Welsh/Scottish/Northern Irish/British,White,Misuse of Drugs Act 1971 (section 23),Controlled drugs,A no further action disposal,,False
Person and Vehicle search,2019-03-16T23:05:00+00:00,False,,53.046815,-0.775287,Male,25-34,Other ethnic group - Not stated,White,Misuse of Drugs Act 1971 (section 23),Controlled drugs,A no further action disposal,True,False
Person search,2019-03-16T23:23:00+00:00,False,,53.022266,-1.181648,Male,10-17,Other ethnic group - Not stated,White,Police and Criminal Evidence Act 1984 (section 1),Article for use in theft,A no further action disposal,False,False
Person search,2019-03-16T23:23:00+00:00,False,,53.022266,-1.181648,Male,10-17,Other ethnic group - Not stated,White,Police and Criminal Evidence Act 1984 (section 1),Article for use in theft,A no further action disposal,,False
Person search,2019-03-17T00:50:00+00:00,False,,53.146777,-1.198975,Male,18-24,White - English/Welsh/Scottish/Northern Irish/British,White,Misuse of Drugs Act 1971 (section 23),Controlled drugs,Caution (simple or conditional),,False
Person search,2019-03-17T03:52:00+00:00,False,,52.956547,-1.155052,Male,18-24,Asian/Asian British - Pakistani,Mixed,Misuse of Drugs Act 1971 (section 23),Controlled drugs,A no further action disposal,,False
Person search,2019-03-17T09:09:00+00:00,False,,52.956547,-1.155052,Male,over 34,Mixed/Multiple ethnic groups - White and Black Caribbean,Black,Misuse of Drugs Act 1971 (section 23),Controlled drugs,Summons / charged by post,True,False
Person search,2019-03-17T12:20:00+00:00,False,,53.140887,-1.197365,Male,over 34,White - English/Welsh/Scottish/Northern Irish/British,White,Misuse of Drugs Act 1971 (section 23),Controlled drugs,Summons / charged by post,,False
Person search,2019-03-17T12:22:00+00:00,False,,53.140887,-1.197365,Male,18-24,White - English/Welsh/Scottish/Northern Irish/British,White,Misuse of Drugs Act 1971 (section 23),Controlled drugs,A no further action disposal,,False
Person search,2019-03-17T12:25:00+00:00,False,,53.140887,-1.197365,Male,over 34,White - Any other White background,White,Misuse of Drugs Act 1971 (section 23),Controlled drugs,Summons / charged by post,True,False
Person search,2019-03-17T17:31:00+00:00,False,,53.079667,-0.814782,Male,over 34,White - English/Welsh/Scottish/Northern Irish/British,White,Police and Criminal Evidence Act 1984 (section 1),Article for use in theft,A no further action disposal,,False
Person and Vehicle search,2019-03-17T18:25:00+00:00,False,,52.914536,-1.180408,Male,18-24,White - English/Welsh/Scottish/Northern Irish/British,White,Misuse of Drugs Act 1971 (section 23),Controlled drugs,Khat or Cannabis warning,True,False
Person search,2019-03-17T18:32:00+00:00,False,,52.913789,-1.180273,Male,18-24,Other ethnic group - Not stated,White,Misuse of Drugs Act 1971 (section 23),Controlled drugs,A no further action disposal,,False
Person search,2019-03-17T18:58:00+00:00,False,,52.898044,-1.191378,Male,18-24,White - English/Welsh/Scottish/Northern Irish/British,White,Misuse of Drugs Act 1971 (section 23),Controlled drugs,A no further action disposal,,False
Person search,2019-03-17T21:21:00+00:00,False,,52.952912,-1.148336,Male,over 34,White - English/Welsh/Scottish/Northern Irish/British,White,Misuse of Drugs Act 1971 (section 23),Controlled drugs,A no further action disposal,,False
Person search,2019-03-17T21:21:00+00:00,False,,52.951627,-1.154731,Male,over 34,Other ethnic group - Not stated,White,Misuse of Drugs Act 1971 (section 23),Controlled drugs,A no further action disposal,True,False
Person search,2019-03-17T22:47:00+00:00,False,,53.004524,-1.196633,Male,25-34,Other ethnic group - Not stated,White,Police and Criminal Evidence Act 1984 (section 1),Offensive weapons,A no further action disposal,,False
Person search,2019-03-17T23:23:00+00:00,False,,52.954541,-1.152427,Male,25-34,Other ethnic group - Not stated,White,Misuse of Drugs Act 1971 (section 23),Controlled drugs,A no further action disposal,True,False
Person search,2019-03-18T08:08:00+00:00,True,,52.951541,-1.152664,Male,18-24,White - English/Welsh/Scottish/Northern Irish/British,White,Misuse of Drugs Act 1971 (section 23),Controlled drugs,A no further action disposal,,False
Person search,2019-03-18T09:09:00+00:00,True,,52.952642,-1.144560,Male,over 34,White - English/Welsh/Scottish/Northern Irish/British,White,Misuse of Drugs Act 1971 (section 23),Controlled drugs,A no further action disposal,,False
Person search,2019-03-18T09:09:00+00:00,False,,52.952642,-1.144560,Male,over 34,White - English/Welsh/Scottish/Northern Irish/British,White,Misuse of Drugs Act 1971 (section 23),Controlled drugs,A no further action disposal,True,False
Person and Vehicle search,2019-03-18T10:10:00+00:00,False,,52.960370,-1.137843,Male,18-24,Black/African/Caribbean/Black British - Any other Black/African/Caribbean background,Black,Misuse of Drugs Act 1971 (section 23),Controlled drugs,A no further action disposal,True,True
Person search,2019-03-18T11:11:00+00:00,False,,52.955820,-1.150199,Male,25-34,Mixed/Multiple ethnic groups - White and Black Caribbean,Mixed,Misuse of Drugs Act 1971 (section 23),Controlled drugs,Summons / charged by post,True,False
Person search,2019-03-18T11:11:00+00:00,True,,52.955820,-1.150199,Male,25-34,White - English/Welsh/Scottish/Northern Irish/British,White,Misuse of Drugs Act 1971 (section 23),Controlled drugs,A no further action disposal,True,False
Person search,2019-03-18T11:21:00+00:00,True,,52.962215,-1.167180,Female,25-34,White - English/Welsh/Scottish/Northern Irish/British,White,Misuse of Drugs Act 1971 (section 23),Controlled drugs,A no further action disposal,,False
Person search,2019-03-18T13:13:00+00:00,False,,52.917393,-1.111271,Male,10-17,Other ethnic group - Not stated,Black,Misuse of Drugs Act 1971 (section 23),Controlled drugs,A no further action disposal,,False
Person search,2019-03-18T13:13:00+00:00,False,,52.917393,-1.111271,Male,10-17,White - English/Welsh/Scottish/Northern Irish/British,White,Misuse of Drugs Act 1971 (section 23),Controlled drugs,A no further action disposal,True,False
Person and Vehicle search,2019-03-18T14:14:00+00:00,True,,52.960881,-1.140259,Male,25-34,Other ethnic group - Not stated,Mixed,Misuse of Drugs Act 1971 (section 23),Controlled drugs,A no further action disposal,,False
Person search,2019-03-18T15:25:00+00:00,False,,53.078415,-1.297379,Male,25-34,Other ethnic group - Not stated,Mixed,Police and Criminal Evidence Act 1984 (section 1),Article for use in theft,A no further action disposal,,False
Person search,2019-03-19T00:00:00+00:00,False,,53.136155,-1.196691,Male,over 34,White - English/Welsh/Scottish/Northern Irish/British,White,Police and Criminal Evidence Act 1984 (section 1),Stolen goods,A no further action disposal,,False
Person and Vehicle search,2019-03-19T10:54:00+00:00,False,,52.957172,-1.146942,Male,18-24,White - English/Welsh/Scottish/Northern Irish/British,White,Misuse of Drugs Act 1971 (section 23),Controlled drugs,Khat or Cannabis warning,True,False
Person and Vehicle search,2019-03-19T13:13:00+00:00,True,,52.974797,-1.135218,Male,18-24,White - English/Welsh/Scottish/Northern Irish/British,White,Misuse of Drugs Act 1971 (section 23),Controlled drugs,Summons / charged by post,True,False
Person and Vehicle search,2019-03-19T14:14:00+00:00,False,,52.950268,-1.152004,Male,18-24,White - English/Welsh/Scottish/Northern Irish/British,White,Misuse of Drugs Act 1971 (section 23),Controlled drugs,A no further action disposal,,False
Person search,2019-03-19T14:14:00+00:00,False,,52.947700,-1.172757,Male,18-24,Black/African/Caribbean/Black British - Caribbean,Black,Misuse of Drugs Act 1971 (section 23),Controlled drugs,A no further action disposal,,True
Person search,2019-03-19T16:16:00+00:00,False,,52.954311,-1.156748,Male,over 34,Black/African/Caribbean/Black British - Any other Black/African/Caribbean background,Black,Police and Criminal Evidence Act 1984 (section 1),Stolen goods,A no further action disposal,,False
Person search,2019-03-19T17:17:00+00:00,False,,52.928614,-1.138429,Male,25-34,White - English/Welsh/Scottish/Northern Irish/British,White,Misuse of Drugs Act 1971 (section 23),Controlled drugs,Arrest,True,False
Person search,2019-03-20T07:07:00+00:00,False,,52.957728,-1.150489,Male,over 34,White - English/Welsh/Scottish/Northern Irish/British,White,Misuse of Drugs Act 1971 (section 23),Controlled drugs,A no further action disposal,,False
Person search,2019-03-20T07:45:00+00:00,True,,52.955945,-1.147591,Male,25-34,White - English/Welsh/Scottish/Northern Irish/British,White,Misuse of Drugs Act 1971 (section 23),Controlled drugs,A no further action disposal,True,False
Person search,2019-03-20T07:50:00+00:00,True,,52.956878,-1.149761,Male,25-34,White - English/Welsh/Scottish/Northern Irish/British,White,Misuse of Drugs Act 1971 (section 23),Controlled drugs,Summons / charged by post,True,False
Person search,2019-03-20T08:08:00+00:00,False,,52.956878,-1.149761,Male,25-34,Black/African/Caribbean/Black British - Caribbean,Black,Misuse of Drugs Act 1971 (section 23),Controlled drugs,Khat or Cannabis warning,True,False
Person search,2019-03-20T09:09:00+00:00,False,,52.956888,-1.156341,Male,over 34,Other ethnic group - Not stated,Black,Misuse of Drugs Act 1971 (section 23),Controlled drugs,Summons / charged by post,True,False
Person search,2019-03-20T10:10:00+00:00,True,,52.952512,-1.150219,Male,18-24,White - English/Welsh/Scottish/Northern Irish/British,White,Police and Criminal Evidence Act 1984 (section 1),Offensive weapons,A no further action disposal,True,False
Person search,2019-03-20T12:12:00+00:00,False,,52.953292,-1.146111,Male,over 34,White - English/Welsh/Scottish/Northern Irish/British,White,Misuse of Drugs Act 1971 (section 23),Controlled drugs,A no further action disposal,True,False
Person search,2019-03-20T13:13:00+00:00,True,,52.953292,-1.146111,Male,over 34,White - English/Welsh/Scottish/Northern Irish/British,White,Misuse of Drugs Act 1971 (section 23),Controlled drugs,A no further action disposal,True,False
Person and Vehicle search,2019-03-20T14:14:00+00:00,True,,52.947700,-1.172757,Male,18-24,Black/African/Caribbean/Black British - African,Black,Misuse of Drugs Act 1971 (section 23),Controlled drugs,Arrest,,True
Person search,2019-03-20T16:16:00+00:00,True,,52.950775,-1.149881,Male,25-34,White - English/Welsh/Scottish/Northern Irish/British,White,Misuse of Drugs Act 1971 (section 23),Controlled drugs,A no further action disposal,True,False
Person search,2019-03-20T17:01:00+00:00,False,,52.963241,-1.171210,Male,18-24,Other ethnic group - Not stated,Mixed,Misuse of Drugs Act 1971 (section 23),Controlled drugs,A no further action disposal,,False
Person search,2019-03-20T17:05:00+00:00,True,,52.965289,-1.169771,Male,25-34,Asian/Asian British - Any other Asian background,Asian,Misuse of Drugs Act 1971 (section 23),Controlled drugs,A no further action disposal,,False
Person search,2019-03-20T17:36:00+00:00,True,,52.967925,-1.161129,Male,18-24,Asian/Asian British - Any other Asian background,Asian,Misuse of Drugs Act 1971 (section 23),Controlled drugs,A no further action disposal,,False
Person search,2019-03-20T17:45:00+00:00,True,,52.965234,-1.165737,Male,10-17,Asian/Asian British - Pakistani,Asian,Misuse of Drugs Act 1971 (section 23),Controlled drugs,A no further action disposal,True,False
Person search,2019-03-21T03:03:00+00:00,True,,52.956878,-1.149761,Male,25-34,White - English/Welsh/Scottish/Northern Irish/British,White,Misuse of Drugs Act 1971 (section 23),Controlled drugs,Summons / charged by post,True,False
Person search,2019-03-21T08:08:00+00:00,True,,52.955473,-1.145710,Male,25-34,Black/African/Caribbean/Black British - Any other Black/African/Caribbean background,Black,Misuse of Drugs Act 1971 (section 23),Controlled drugs,Summons / charged by post,,False
Person search,2019-03-21T10:36:00+00:00,False,,52.957030,-1.209704,Male,10-17,White - English/Welsh/Scottish/Northern Irish/British,White,Police and Criminal Evidence Act 1984 (section 1),Article for use in theft,Arrest,False,False
Person search,2019-03-21T12:12:00+00:00,False,,52.962711,-1.147086,Male,25-34,White - English/Welsh/Scottish/Northern Irish/British,White,Misuse of Drugs Act 1971 (section 23),Controlled drugs,Arrest,True,False
Person and Vehicle search,2019-03-21T13:20:00+00:00,False,,52.974076,-1.213995,Male,18-24,Other ethnic group - Not stated,Mixed,Misuse of Drugs Act 1971 (section 23),Controlled drugs,Arrest,True,False
Person search,2019-03-21T14:14:00+00:00,False,,52.922290,-1.141619,Male,over 34,Other ethnic group - Not stated,White,Police and Criminal Evidence Act 1984 (section 1),Article for use in theft,A no further action disposal,,False
Person search,2019-03-21T14:14:00+00:00,False,,52.922290,-1.141619,Male,10-17,Other ethnic group - Not stated,White,Police and Criminal Evidence Act 1984 (section 1),Article for use in theft,A no further action disposal,,False
Person search,2019-03-21T14:14:00+00:00,False,,52.922290,-1.141619,Male,10-17,Other ethnic group - Not stated,White,Police and Criminal Evidence Act 1984 (section 1),Article for use in theft,A no further action disposal,,False
Person search,2019-03-21T14:14:00+00:00,False,,52.922290,-1.141619,Male,over 34,Other ethnic group - Not stated,White,Police and Criminal Evidence Act 1984 (section 1),Article for use in theft,A no further action disposal,,False
Person search,2019-03-21T15:47:00+00:00,True,,52.963435,-1.166888,Male,18-24,Black/African/Caribbean/Black British - African,Black,Police and Criminal Evidence Act 1984 (section 1),Article for use in theft,Arrest,False,False
Person search,2019-03-21T20:03:00+00:00,True,,52.963241,-1.171210,Male,over 34,White - English/Welsh/Scottish/Northern Irish/British,White,Misuse of Drugs Act 1971 (section 23),Controlled drugs,A no further action disposal,,False
Person search,2019-03-21T20:15:00+00:00,False,,52.961040,-1.180571,Male,25-34,White - English/Welsh/Scottish/Northern Irish/British,White,Police and Criminal Evidence Act 1984 (section 1),Offensive weapons,A no further action disposal,,False
Person search,2019-03-21T20:20:00+00:00,True,,52.952111,-1.155719,Male,over 34,White - English/Welsh/Scottish/Northern Irish/British,White,Misuse of Drugs Act 1971 (section 23),Controlled drugs,Summons / charged by post,True,False
Person search,2019-03-21T20:20:00+00:00,False,,52.928603,-1.275648,Male,10-17,White - English/Welsh/Scottish/Northern Irish/British,White,Criminal Justice Act 1988 (section 139B),Offensive weapons,A no further action disposal,,False
Person search,2019-03-21T21:21:00+00:00,True,,52.953187,-1.149045,Male,25-34,White - English/Welsh/Scottish/Northern Irish/British,White,Misuse of Drugs Act 1971 (section 23),Controlled drugs,Summons / charged by post,True,False
Person search,2019-03-21T23:23:00+00:00,False,,52.967038,-1.142504,Male,25-34,Other ethnic group - Not stated,Black,Police and Criminal Evidence Act 1984 (section 1),Offensive weapons,A no further action disposal,,False
Person search,2019-03-21T23:23:00+00:00,False,,52.967038,-1.142504,Male,25-34,Other ethnic group - Not stated,Black,Police and Criminal Evidence Act 1984 (section 1),Offensive weapons,A no further action disposal,,False
Person search,2019-03-22T00:00:00+00:00,False,,53.142292,-1.193646,Male,25-34,White - English/Welsh/Scottish/Northern Irish/British,White,Misuse of Drugs Act 1971 (section 23),Controlled drugs,Arrest,True,True
Person search,2019-03-22T00:00:00+00:00,False,,53.142292,-1.193646,Male,25-34,White - English/Welsh/Scottish/Northern Irish/British,White,Misuse of Drugs Act 1971 (section 23),Controlled drugs,Arrest,True,True
Person search,2019-03-22T00:00:00+00:00,True,,52.949595,-1.143400,Male,25-34,White - English/Welsh/Scottish/Northern Irish/British,White,Misuse of Drugs Act 1971 (section 23),Controlled drugs,Arrest,True,False
Person search,2019-03-22T20:20:00+00:00,False,,52.952949,-1.147278,Male,over 34,White - English/Welsh/Scottish/Northern Irish/British,White,Misuse of Drugs Act 1971 (section 23),Controlled drugs,A no further action disposal,True,False
Person search,2019-03-22T20:20:00+00:00,False,,52.952949,-1.147278,Male,25-34,White - English/Welsh/Scottish/Northern Irish/British,White,Misuse of Drugs Act 1971 (section 23),Controlled drugs,A no further action disposal,True,False
Person search,2019-03-23T03:28:00+00:00,False,,52.933092,-1.193686,Male,25-34,White - English/Welsh/Scottish/Northern Irish/British,White,Criminal Justice Act 1988 (section 139B),Offensive weapons,Penalty Notice for Disorder,False,False
Person search,2019-03-23T14:14:00+00:00,True,,52.951794,-1.150352,Female,18-24,Mixed/Multiple ethnic groups - White and Black Caribbean,Mixed,Misuse of Drugs Act 1971 (section 23),Controlled drugs,A no further action disposal,,False
Person search,2019-03-23T16:16:00+00:00,False,,53.305031,-1.123669,Male,over 34,White - English/Welsh/Scottish/Northern Irish/British,White,Criminal Justice Act 1988 (section 139B),Offensive weapons,A no further action disposal,,False
Person search,2019-03-23T18:09:00+00:00,False,,53.004911,-1.125332,Male,,Other ethnic group - Not stated,White,Misuse of Drugs Act 1971 (section 23),Controlled drugs,A no further action disposal,,False
Person search,2019-03-23T19:41:00+00:00,False,,53.075107,-0.811802,Male,25-34,White - Any other White background,White,Police and Criminal Evidence Act 1984 (section 1),Offensive weapons,A no further action disposal,,False
Person search,2019-03-23T19:41:00+00:00,False,,53.079131,-0.806033,Male,25-34,White - Any other White background,White,Police and Criminal Evidence Act 1984 (section 1),Offensive weapons,A no further action disposal,,False
Person search,2019-03-23T22:30:00+00:00,False,,52.960135,-1.151439,Male,10-17,White - English/Welsh/Scottish/Northern Irish/British,White,Police and Criminal Evidence Act 1984 (section 1),Offensive weapons,A no further action disposal,,False
Person search,2019-03-23T22:44:00+00:00,True,,53.308254,-1.124354,Male,10-17,White - English/Welsh/Scottish/Northern Irish/British,White,Misuse of Drugs Act 1971 (section 23),Controlled drugs,Community resolution,,False
Person search,2019-03-24T00:10:00+00:00,False,,52.952912,-1.148336,Male,over 34,White - Any other White background,White,Police and Criminal Evidence Act 1984 (section 1),Offensive weapons,Arrest,True,False
Person search,2019-03-24T01:08:00+00:00,False,,53.144638,-1.199015,Male,25-34,White - English/Welsh/Scottish/Northern Irish/British,White,Misuse of Drugs Act 1971 (section 23),Controlled drugs,A no further action disposal,,False
Person search,2019-03-24T14:14:00+00:00,True,,52.951794,-1.150352,Male,10-17,Other ethnic group - Not stated,Mixed,Misuse of Drugs Act 1971 (section 23),Controlled drugs,A no further action disposal,,False
Person search,2019-03-24T14:14:00+00:00,False,,52.951794,-1.150352,Male,10-17,Black/African/Caribbean/Black British - Caribbean,Black,Misuse of Drugs Act 1971 (section 23),Controlled drugs,A no further action disposal,,False
Person search,2019-03-24T14:31:00+00:00,False,,52.959063,-1.123890,Male,,White - English/Welsh/Scottish/Northern Irish/British,White,Police and Criminal Evidence Act 1984 (section 1),Article for use in theft,Arrest,,False
Person and Vehicle search,2019-03-24T15:15:00+00:00,False,,52.955979,-1.156165,Male,25-34,White - English/Welsh/Scottish/Northern Irish/British,White,Misuse of Drugs Act 1971 (section 23),Controlled drugs,Arrest,True,False
Person search,2019-03-24T15:15:00+00:00,True,,52.975371,-1.127700,Male,18-24,Black/African/Caribbean/Black British - Any other Black/African/Caribbean background,Black,Misuse of Drugs Act 1971 (section 23),Controlled drugs,A no further action disposal,,True
Person search,2019-03-24T17:17:00+00:00,True,,52.953016,-1.152799,Male,18-24,Black/African/Caribbean/Black British - Caribbean,Mixed,Misuse of Drugs Act 1971 (section 23),Controlled drugs,Community resolution,,False
Person search,2019-03-24T17:17:00+00:00,False,,52.953016,-1.152799,Male,18-24,White - English/Welsh/Scottish/Northern Irish/British,White,Misuse of Drugs Act 1971 (section 23),Controlled drugs,Arrest,True,False
Person search,2019-03-24T21:04:00+00:00,False,,53.302880,-1.135583,Male,over 34,White - English/Welsh/Scottish/Northern Irish/British,White,Misuse of Drugs Act 1971 (section 23),Controlled drugs,Arrest,False,False
Person search,2019-03-25T04:04:00+00:00,False,,52.954104,-1.173275,Male,over 34,White - English/Welsh/Scottish/Northern Irish/British,White,Police and Criminal Evidence Act 1984 (section 1),Article for use in theft,A no further action disposal,,False
Person search,2019-03-25T04:04:00+00:00,False,,52.954104,-1.173275,Male,over 34,White - English/Welsh/Scottish/Northern Irish/British,White,Police and Criminal Evidence Act 1984 (section 1),Article for use in theft,A no further action disposal,,False
Person search,2019-03-25T11:11:00+00:00,True,,52.951797,-1.148358,Male,over 34,White - English/Welsh/Scottish/Northern Irish/British,White,Misuse of Drugs Act 1971 (section 23),Controlled drugs,Summons / charged by post,True,False
Person search,2019-03-25T16:16:00+00:00,False,,52.969654,-1.131374,Female,25-34,White - Any other White background,White,Misuse of Drugs Act 1971 (section 23),Controlled drugs,Arrest,True,False
Person and Vehicle search,2019-03-25T16:16:00+00:00,False,,52.969654,-1.131374,Male,25-34,White - Any other White background,White,Misuse of Drugs Act 1971 (section 23),Controlled drugs,Arrest,True,False
Person search,2019-03-25T22:58:00+00:00,False,,53.079597,-0.809559,Male,over 34,White - Any other White background,White,Police and Criminal Evidence Act 1984 (section 1),Offensive weapons,Arrest,,False
Person search,2019-03-26T09:05:00+00:00,True,,52.947940,-1.148240,Male,over 34,White - English/Welsh/Scottish/Northern Irish/British,White,Misuse of Drugs Act 1971 (section 23),Controlled drugs,A no further action disposal,True,False
Person search,2019-03-26T09:50:00+00:00,True,,52.952542,-1.148075,Male,,White - English/Welsh/Scottish/Northern Irish/British,White,Misuse of Drugs Act 1971 (section 23),Controlled drugs,Summons / charged by post,True,False
Person and Vehicle search,2019-03-26T11:11:00+00:00,True,,52.970593,-1.130715,Male,18-24,Black/African/Caribbean/Black British - African,Black,Misuse of Drugs Act 1971 (section 23),Controlled drugs,Arrest,True,False
Person search,2019-03-26T11:56:00+00:00,False,,52.944672,-1.146325,Male,over 34,Other ethnic group - Not stated,White,Misuse of Drugs Act 1971 (section 23),Controlled drugs,A no further action disposal,,False
Person and Vehicle search,2019-03-26T12:12:00+00:00,True,,52.949595,-1.143400,Male,18-24,Black/African/Caribbean/Black British - Caribbean,Black,Misuse of Drugs Act 1971 (section 23),Controlled drugs,A no further action disposal,True,True
Person search,2019-03-26T13:13:00+00:00,True,,52.953608,-1.143842,Male,over 34,White - English/Welsh/Scottish/Northern Irish/British,White,Misuse of Drugs Act 1971 (section 23),Controlled drugs,Summons / charged by post,True,False
Person search,2019-03-26T19:19:00+00:00,True,,52.965289,-1.169771,Male,25-34,White - Any other White background,White,Misuse of Drugs Act 1971 (section 23),Controlled drugs,Khat or Cannabis warning,True,False
Person search,2019-03-26T22:22:00+00:00,False,,52.995112,-1.179465,Female,18-24,Other ethnic group - Not stated,White,Misuse of Drugs Act 1971 (section 23),Controlled drugs,A no further action disposal,,False
Person search,2019-03-27T09:09:00+00:00,False,,52.950406,-1.141092,Male,over 34,White - English/Welsh/Scottish/Northern Irish/British,White,Misuse of Drugs Act 1971 (section 23),Controlled drugs,A no further action disposal,True,False
Person search,2019-03-27T09:45:00+00:00,False,,52.956293,-1.147153,Female,over 34,White - English/Welsh/Scottish/Northern Irish/British,White,Misuse of Drugs Act 1971 (section 23),Controlled drugs,A no further action disposal,,False
Person and Vehicle search,2019-03-27T10:10:00+00:00,True,,52.955393,-1.143330,Male,25-34,Black/African/Caribbean/Black British - Caribbean,Black,Misuse of Drugs Act 1971 (section 23),Controlled drugs,Arrest,True,False
Person search,2019-03-27T10:10:00+00:00,False,,52.949732,-1.144915,Male,over 34,White - English/Welsh/Scottish/Northern Irish/British,White,Misuse of Drugs Act 1971 (section 23),Controlled drugs,Summons / charged by post,True,False
Person search,2019-03-27T10:10:00+00:00,True,,52.949732,-1.144915,Male,over 34,Other ethnic group - Not stated,White,Misuse of Drugs Act 1971 (section 23),Controlled drugs,Summons / charged by post,True,False
Person search,2019-03-27T10:10:00+00:00,True,,52.952512,-1.150219,Male,18-24,White - English/Welsh/Scottish/Northern Irish/British,White,Misuse of Drugs Act 1971 (section 23),Controlled drugs,Arrest,True,False
Person search,2019-03-27T10:50:00+00:00,True,,52.953187,-1.149045,Male,18-24,Other ethnic group - Not stated,Black,Misuse of Drugs Act 1971 (section 23),Controlled drugs,A no further action disposal,,False
Vehicle search,2019-03-27T11:00:00+00:00,False,,52.996800,-1.257134,,,,,Police and Criminal Evidence Act 1984 (section 1),Stolen goods,A no further action disposal,,
Person search,2019-03-27T11:11:00+00:00,False,,52.950406,-1.141092,Male,over 34,Other ethnic group - Not stated,White,Misuse of Drugs Act 1971 (section 23),Controlled drugs,Summons / charged by post,True,False
Person search,2019-03-27T12:12:00+00:00,False,,52.962788,-1.136678,Male,25-34,Black/African/Caribbean/Black British - Any other Black/African/Caribbean background,Black,Misuse of Drugs Act 1971 (section 23),Controlled drugs,,,False
Person search,2019-03-27T13:13:00+00:00,True,,52.954467,-1.143244,Male,over 34,Other ethnic group - Not stated,White,Misuse of Drugs Act 1971 (section 23),Controlled drugs,Summons / charged by post,True,False
Person search,2019-03-27T13:13:00+00:00,True,,52.954467,-1.143244,Male,over 34,Other ethnic group - Not stated,White,Misuse of Drugs Act 1971 (section 23),Controlled drugs,Summons / charged by post,True,False
Person search,2019-03-27T14:14:00+00:00,False,,52.961498,-1.137225,Male,25-34,Other ethnic group - Not stated,Black,Misuse of Drugs Act 1971 (section 23),Controlled drugs,A no further action disposal,,False
Person search,2019-03-27T14:14:00+00:00,False,,52.970896,-1.143962,Male,25-34,Other ethnic group - Not stated,White,Misuse of Drugs Act 1971 (section 23),Controlled drugs,A no further action disposal,True,False
Person and Vehicle search,2019-03-27T15:15:00+00:00,True,,52.965852,-1.145134,Male,25-34,White - English/Welsh/Scottish/Northern Irish/British,White,Misuse of Drugs Act 1971 (section 23),Controlled drugs,A no further action disposal,,False
Person search,2019-03-27T15:15:00+00:00,True,,52.961269,-1.141606,Male,10-17,White - English/Welsh/Scottish/Northern Irish/British,White,Misuse of Drugs Act 1971 (section 23),Controlled drugs,Arrest,True,False
Person search,2019-03-27T18:18:00+00:00,True,,52.963241,-1.171210,Male,18-24,Other ethnic group - Not stated,Black,Misuse of Drugs Act 1971 (section 23),Controlled drugs,A no further action disposal,,False
Person search,2019-03-27T18:24:00+00:00,True,,52.963241,-1.171210,Male,18-24,Other ethnic group - Any other ethnic group,Other,Misuse of Drugs Act 1971 (section 23),Controlled drugs,A no further action disposal,,False
Person search,2019-03-27T18:27:00+00:00,False,,52.961259,-1.171903,Male,18-24,Black/African/Caribbean/Black British - Caribbean,Black,Misuse of Drugs Act 1971 (section 23),Controlled drugs,A no further action disposal,,False
Person search,2019-03-27T18:55:00+00:00,False,,52.974985,-1.186086,Male,over 34,White - English/Welsh/Scottish/Northern Irish/British,White,Misuse of Drugs Act 1971 (section 23),Controlled drugs,A no further action disposal,,False
Person search,2019-03-27T21:21:00+00:00,True,,52.952949,-1.147278,Male,over 34,White - English/Welsh/Scottish/Northern Irish/British,White,Misuse of Drugs Act 1971 (section 23),Controlled drugs,Khat or Cannabis warning,True,False
Person search,2019-03-27T22:34:00+00:00,False,,52.963073,-1.170349,Male,18-24,Black/African/Caribbean/Black British - Caribbean,Black,Misuse of Drugs Act 1971 (section 23),Controlled drugs,A no further action disposal,,False
Person search,2019-03-28T09:09:00+00:00,True,,52.950371,-1.143727,Male,over 34,White - English/Welsh/Scottish/Northern Irish/British,White,Misuse of Drugs Act 1971 (section 23),Controlled drugs,A no further action disposal,,False
Person and Vehicle search,2019-03-28T10:10:00+00:00,False,,53.097998,-1.118263,Male,over 34,White - English/Welsh/Scottish/Northern Irish/British,White,Police and Criminal Evidence Act 1984 (section 1),Stolen goods,A no further action disposal,,False
Person search,2019-03-28T12:12:00+00:00,False,,53.049554,-1.146552,Male,over 34,White - English/Welsh/Scottish/Northern Irish/British,White,Police and Criminal Evidence Act 1984 (section 1),Offensive weapons,Arrest,True,False
Person search,2019-03-28T12:12:00+00:00,False,,53.305139,-1.121236,Male,over 34,White - English/Welsh/Scottish/Northern Irish/British,White,Police and Criminal Evidence Act 1984 (section 1),Offensive weapons,Arrest,True,False
Person search,2019-03-28T13:13:00+00:00,False,,52.952512,-1.150219,Male,25-34,White - Any other White background,White,Misuse of Drugs Act 1971 (section 23),Controlled drugs,Khat or Cannabis warning,True,False
Person search,2019-03-28T14:14:00+00:00,False,,52.954247,-1.140257,Male,25-34,White - Any other White background,White,Misuse of Drugs Act 1971 (section 23),Controlled drugs,Khat or Cannabis warning,True,False
Person search,2019-03-28T15:15:00+00:00,True,,52.964801,-1.127958,Male,25-34,White - English/Welsh/Scottish/Northern Irish/British,White,Misuse of Drugs Act 1971 (section 23),Controlled drugs,A no further action disposal,,False
Person search,2019-03-28T15:15:00+00:00,False,,52.965574,-1.127927,Male,25-34,Mixed/Multiple ethnic groups - White and Black Caribbean,Mixed,Misuse of Drugs Act 1971 (section 23),Controlled drugs,A no further action disposal,,False
Person search,2019-03-28T15:15:00+00:00,True,,52.964801,-1.127958,Male,over 34,White - English/Welsh/Scottish/Northern Irish/British,White,Misuse of Drugs Act 1971 (section 23),Controlled drugs,A no further action disposal,,False
Person and Vehicle search,2019-03-28T16:07:00+00:00,True,,52.963073,-1.132608,Male,25-34,White - English/Welsh/Scottish/Northern Irish/British,White,Misuse of Drugs Act 1971 (section 23),Controlled drugs,A no further action disposal,,False
Person search,2019-03-28T16:16:00+00:00,True,,52.955898,-1.131188,Male,25-34,Black/African/Caribbean/Black British - Caribbean,Black,Misuse of Drugs Act 1971 (section 23),Controlled drugs,Khat or Cannabis warning,True,False
Person and Vehicle search,2019-03-28T16:16:00+00:00,False,,52.965354,-1.133530,Male,18-24,White - English/Welsh/Scottish/Northern Irish/British,White,Misuse of Drugs Act 1971 (section 23),Controlled drugs,A no further action disposal,,False
Person search,2019-03-28T16:16:00+00:00,True,,52.955898,-1.131188,Male,over 34,Other ethnic group - Not stated,Black,Misuse of Drugs Act 1971 (section 23),Controlled drugs,Khat or Cannabis warning,,False
Person search,2019-03-28T16:16:00+00:00,False,,52.956217,-1.130557,Male,25-34,Other ethnic group - Not stated,Black,Misuse of Drugs Act 1971 (section 23),Controlled drugs,A no further action disposal,,False
Person and Vehicle search,2019-03-28T17:17:00+00:00,True,,52.961672,-1.121723,Male,18-24,White - English/Welsh/Scottish/Northern Irish/British,White,Misuse of Drugs Act 1971 (section 23),Controlled drugs,A no further action disposal,,False
Person search,2019-03-28T20:15:00+00:00,True,,52.953323,-1.135542,Male,25-34,Other ethnic group - Not stated,Asian,Misuse of Drugs Act 1971 (section 23),Controlled drugs,A no further action disposal,,False
Person search,2019-03-28T20:20:00+00:00,False,,52.957744,-1.156547,Male,18-24,Mixed/Multiple ethnic groups - Any other Mixed/Multiple ethnic background,Asian,Misuse of Drugs Act 1971 (section 23),Controlled drugs,Arrest,True,False
Person search,2019-03-28T20:20:00+00:00,True,,52.952998,-1.136516,Male,25-34,Asian/Asian British - Any other Asian background,Asian,Misuse of Drugs Act 1971 (section 23),Controlled drugs,A no further action disposal,,False
Person search,2019-03-29T01:56:00+00:00,False,,52.956547,-1.155052,Male,,Black/African/Caribbean/Black British - Caribbean,Black,Police and Criminal Evidence Act 1984 (section 1),Offensive weapons,A no further action disposal,,False
Person search,2019-03-29T09:09:00+00:00,True,,52.960881,-1.140259,Male,25-34,White - English/Welsh/Scottish/Northern Irish/British,White,Misuse of Drugs Act 1971 (section 23),Controlled drugs,A no further action disposal,,False
Person search,2019-03-29T15:05:00+00:00,True,,52.954311,-1.156748,Male,25-34,Black/African/Caribbean/Black British - Any other Black/African/Caribbean background,Black,Misuse of Drugs Act 1971 (section 23),Controlled drugs,A no further action disposal,,False
Person search,2019-03-29T15:15:00+00:00,False,,52.952512,-1.150219,Male,18-24,Black/African/Caribbean/Black British - Caribbean,Black,Misuse of Drugs Act 1971 (section 23),Controlled drugs,Community resolution,,False
Person search,2019-03-29T16:55:00+00:00,False,,52.955820,-1.150199,Male,10-17,Mixed/Multiple ethnic groups - White and Black Caribbean,Mixed,Firearms Act 1968 (section 47),Firearms,A no further action disposal,,False
Person search,2019-03-29T17:17:00+00:00,False,,52.959096,-1.154497,Male,over 34,White - English/Welsh/Scottish/Northern Irish/British,White,Misuse of Drugs Act 1971 (section 23),Controlled drugs,A no further action disposal,True,False
Person search,2019-03-29T17:17:00+00:00,True,,52.947940,-1.148240,Male,over 34,Other ethnic group - Not stated,White,Misuse of Drugs Act 1971 (section 23),Controlled drugs,Summons / charged by post,True,False
Person search,2019-03-29T18:18:00+00:00,False,,52.948097,-1.150053,Male,18-24,Other ethnic group - Not stated,Black,Misuse of Drugs Act 1971 (section 23),Controlled drugs,Summons / charged by post,True,False
Person search,2019-03-29T20:20:00+00:00,False,,52.957744,-1.156547,Male,25-34,Asian/Asian British - Pakistani,Asian,Misuse of Drugs Act 1971 (section 23),Controlled drugs,Arrest,True,False
Person search,2019-03-29T20:20:00+00:00,False,,52.957744,-1.156547,Male,18-24,Asian/Asian British - Pakistani,Asian,Misuse of Drugs Act 1971 (section 23),Controlled drugs,Arrest,True,False
Person search,2019-03-29T21:21:00+00:00,True,,52.951627,-1.154731,Male,over 34,White - English/Welsh/Scottish/Northern Irish/British,White,Misuse of Drugs Act 1971 (section 23),Controlled drugs,Summons / charged by post,True,False
Person search,2019-03-29T22:22:00+00:00,True,,52.952912,-1.148336,Male,25-34,White - English/Welsh/Scottish/Northern Irish/British,White,Misuse of Drugs Act 1971 (section 23),Controlled drugs,A no further action disposal,,False
Person search,2019-03-29T22:22:00+00:00,True,,52.951797,-1.148358,Male,18-24,White - English/Welsh/Scottish/Northern Irish/British,White,Misuse of Drugs Act 1971 (section 23),Controlled drugs,Khat or Cannabis warning,True,False
Person and Vehicle search,2019-03-30T00:00:00+00:00,False,,52.966364,-1.179562,Male,18-24,Asian/Asian British - Pakistani,Asian,Misuse of Drugs Act 1971 (section 23),Controlled drugs,A no further action disposal,True,False
Person search,2019-03-30T00:00:00+00:00,False,,52.966364,-1.179562,Male,18-24,Asian/Asian British - Pakistani,Asian,Misuse of Drugs Act 1971 (section 23),Controlled drugs,Khat or Cannabis warning,True,False
Person and Vehicle search,2019-03-30T01:30:00+00:00,False,,52.998028,-1.199808,Male,25-34,Other ethnic group - Not stated,Other,Misuse of Drugs Act 1971 (section 23),Controlled drugs,Summons / charged by post,True,False
Person search,2019-03-30T01:58:00+00:00,False,,52.955849,-1.151702,Male,25-34,Black/African/Caribbean/Black British - African,Black,Misuse of Drugs Act 1971 (section 23),Controlled drugs,Arrest,True,False
Person search,2019-03-30T14:56:00+00:00,False,,53.129891,-1.302578,Male,25-34,Other ethnic group - Not stated,White,Police and Criminal Evidence Act 1984 (section 1),Article for use in theft,A no further action disposal,,False
Person search,2019-03-30T17:29:00+00:00,False,,52.955979,-1.156165,Male,18-24,Mixed/Multiple ethnic groups - White and Black Caribbean,Black,Police and Criminal Evidence Act 1984 (section 1),Offensive weapons,A no further action disposal,,False
Person search,2019-03-30T18:18:00+00:00,False,,52.951627,-1.154731,Male,over 34,White - English/Welsh/Scottish/Northern Irish/British,White,Misuse of Drugs Act 1971 (section 23),Controlled drugs,Summons / charged by post,True,False
Person search,2019-03-30T19:19:00+00:00,True,,52.952949,-1.147278,Male,25-34,White - English/Welsh/Scottish/Northern Irish/British,White,Misuse of Drugs Act 1971 (section 23),Controlled drugs,Summons / charged by post,True,False
Person search,2019-03-30T19:19:00+00:00,True,,52.952390,-1.151978,Male,over 34,White - English/Welsh/Scottish/Northern Irish/British,White,Misuse of Drugs Act 1971 (section 23),Controlled drugs,Summons / charged by post,True,False
Person search,2019-03-30T20:20:00+00:00,False,,52.958315,-1.150939,Male,over 34,White - English/Welsh/Scottish/Northern Irish/British,White,Misuse of Drugs Act 1971 (section 23),Controlled drugs,Summons / charged by post,True,False
Person and Vehicle search,2019-03-30T21:42:00+00:00,False,,52.913383,-1.176102,Male,25-34,White - English/Welsh/Scottish/Northern Irish/British,White,Police and Criminal Evidence Act 1984 (section 1),Offensive weapons,A no further action disposal,,False
Person search,2019-03-31T14:36:00+00:00,False,,52.963752,-1.177468,Male,25-34,Other ethnic group - Not stated,White,Police and Criminal Evidence Act 1984 (section 1),Article for use in theft,A no further action disposal,,False
Person search,2019-03-31T16:17:00+00:00,False,,52.955573,-1.213661,Male,18-24,Other ethnic group - Not stated,Black,Police and Criminal Evidence Act 1984 (section 1),Offensive weapons,Khat or Cannabis warning,False,False
Person search,2019-03-31T18:19:00+00:00,True,,52.952949,-1.147278,Male,25-34,White - English/Welsh/Scottish/Northern Irish/British,White,Misuse of Drugs Act 1971 (section 23),Controlled drugs,A no further action disposal,True,False
Person search,2019-03-31T18:47:00+00:00,False,,52.963078,-1.158260,Male,25-34,Other ethnic group - Not stated,Black,Misuse of Drugs Act 1971 (section 23),Controlled drugs,Khat or Cannabis warning,True,False
