Type,Date,Part of a policing operation,Policing operation,Latitude,Longitude,Gender,Age range,Self-defined ethnicity,Officer-defined ethnicity,Legislation,Object of search,Outcome,Outcome linked to object of search,Removal of more than just outer clothing
Person search,2019-04-01T02:16:11+00:00,,,,,Male,18-24,Other ethnic group - Not stated,Black,Police and Criminal Evidence Act 1984 (section 1),Article for use in theft,A no further action disposal,False,False
Person search,2019-04-01T02:48:43+00:00,,,,,Male,,Other ethnic group - Not stated,Black,Police and Criminal Evidence Act 1984 (section 1),Article for use in theft,A no further action disposal,False,False
Person and Vehicle search,2019-04-02T01:06:01+00:00,,,51.511210,-0.094206,Male,over 34,White - English/Welsh/Scottish/Northern Irish/British,White,Misuse of Drugs Act 1971 (section 23),Controlled drugs,Penalty Notice for Disorder,True,False
Person and Vehicle search,2019-04-02T01:45:11+00:00,,,51.516122,-0.077224,Male,over 34,Asian/Asian British - Chinese,Asian,Misuse of Drugs Act 1971 (section 23),Controlled drugs,A no further action disposal,True,False
Person search,2019-04-02T07:57:32+00:00,,,,,Male,25-34,Other ethnic group - Not stated,White,Police and Criminal Evidence Act 1984 (section 1),Article for use in theft,A no further action disposal,False,False
Person search,2019-04-02T08:02:41+00:00,,,51.512598,-0.084967,Male,over 34,White - Any other White background,Other,Police and Criminal Evidence Act 1984 (section 1),Stolen goods,Community resolution,False,False
Person and Vehicle search,2019-04-03T01:04:06+00:00,,,51.511794,-0.088042,Male,over 34,Other ethnic group - Not stated,White,Police and Criminal Evidence Act 1984 (section 1),Article for use in theft,A no further action disposal,False,False
Person search,2019-04-03T01:05:32+00:00,,,,,Male,over 34,Mixed/Multiple ethnic groups - Any other Mixed/Multiple ethnic background,Other,Police and Criminal Evidence Act 1984 (section 1),Article for use in theft,A no further action disposal,False,False
Person search,2019-04-03T03:56:55+00:00,,,51.512598,-0.084967,Female,over 34,White - English/Welsh/Scottish/Northern Irish/British,White,Police and Criminal Evidence Act 1984 (section 1),Article for use in theft,A no further action disposal,False,False
Person search,2019-04-03T05:03:19+00:00,,,,,Male,over 34,White - Any other White background,White,Police and Criminal Evidence Act 1984 (section 1),Stolen goods,Arrest,True,False
Person and Vehicle search,2019-04-04T00:29:08+00:00,,,51.515033,-0.078250,Female,18-24,White - English/Welsh/Scottish/Northern Irish/British,White,Misuse of Drugs Act 1971 (section 23),Controlled drugs,A no further action disposal,False,False
Person and Vehicle search,2019-04-04T00:34:54+00:00,,,51.515033,-0.078250,Male,over 34,White - English/Welsh/Scottish/Northern Irish/British,White,Misuse of Drugs Act 1971 (section 23),Controlled drugs,Arrest,True,False
Person and Vehicle search,2019-04-04T03:08:26+00:00,,,51.512650,-0.101452,Male,25-34,Asian/Asian British - Any other Asian background,Asian,Misuse of Drugs Act 1971 (section 23),Controlled drugs,A no further action disposal,False,False
Person and Vehicle search,2019-04-04T03:16:59+00:00,,,51.518864,-0.097562,Male,18-24,White - Any other White background,White,Misuse of Drugs Act 1971 (section 23),Controlled drugs,A no further action disposal,False,False
Person search,2019-04-04T03:17:09+00:00,,,51.512650,-0.101452,Male,25-34,Other ethnic group - Not stated,Asian,Misuse of Drugs Act 1971 (section 23),Controlled drugs,A no further action disposal,False,False
Person search,2019-04-04T03:35:31+00:00,,,51.517431,-0.082458,Male,18-24,White - Any other White background,White,Misuse of Drugs Act 1971 (section 23),Controlled drugs,Arrest,False,False
Person and Vehicle search,2019-04-04T11:15:33+00:00,,,51.507469,-0.068308,Male,over 34,Asian/Asian British - Bangladeshi,Asian,Police and Criminal Evidence Act 1984 (section 1),Article for use in theft,Arrest,True,False
Person search,2019-04-04T11:24:37+00:00,,,51.507469,-0.068308,Female,over 34,Other ethnic group - Not stated,White,Police and Criminal Evidence Act 1984 (section 1),Article for use in theft,Arrest,True,False
Person search,2019-04-05T02:20:43+00:00,,,,,Male,25-34,Other ethnic group - Not stated,Black,Police and Criminal Evidence Act 1984 (section 1),Offensive weapons,Arrest,False,False
Person search,2019-04-05T02:25:48+00:00,,,51.516386,-0.108965,Male,25-34,Other ethnic group - Any other ethnic group,Asian,Firearms Act 1968 (section 47),Firearms,A no further action disposal,False,False
Person search,2019-04-05T04:50:40+00:00,,,,,Male,25-34,White - English/Welsh/Scottish/Northern Irish/British,White,Police and Criminal Evidence Act 1984 (section 1),Stolen goods,A no further action disposal,True,False
Person search,2019-04-05T04:55:18+00:00,,,,,Male,25-34,White - Any other White background,Other,Police and Criminal Evidence Act 1984 (section 1),Article for use in theft,A no further action disposal,False,False
Person and Vehicle search,2019-04-05T05:02:36+00:00,,,,,Male,25-34,Asian/Asian British - Pakistani,Asian,Misuse of Drugs Act 1971 (section 23),Controlled drugs,A no further action disposal,False,False
Person and Vehicle search,2019-04-05T05:28:01+00:00,,,51.516571,-0.108164,Male,25-34,Asian/Asian British - Bangladeshi,Asian,Misuse of Drugs Act 1971 (section 23),Controlled drugs,A no further action disposal,False,False
Person and Vehicle search,2019-04-05T05:30:33+00:00,,,51.516571,-0.108164,Male,25-34,Asian/Asian British - Bangladeshi,Asian,Misuse of Drugs Act 1971 (section 23),Controlled drugs,A no further action disposal,False,False
Person search,2019-04-05T07:03:27+00:00,,,,,Male,25-34,White - Any other White background,White,Police and Criminal Evidence Act 1984 (section 1),Article for use in theft,A no further action disposal,False,False
Person and Vehicle search,2019-04-05T07:23:13+00:00,,,51.520348,-0.095914,Male,25-34,White - Any other White background,White,Police and Criminal Evidence Act 1984 (section 1),Article for use in theft,A no further action disposal,True,False
Person and Vehicle search,2019-04-06T00:42:15+00:00,,,51.516814,-0.081620,Male,25-34,Other ethnic group - Not stated,White,Misuse of Drugs Act 1971 (section 23),Controlled drugs,Arrest,True,False
Person search,2019-04-06T01:06:33+00:00,,,51.516814,-0.081620,Male,over 34,White - English/Welsh/Scottish/Northern Irish/British,White,Police and Criminal Evidence Act 1984 (section 1),Article for use in theft,A no further action disposal,False,False
Person and Vehicle search,2019-04-06T03:30:14+00:00,,,51.517680,-0.078484,Male,18-24,Asian/Asian British - Any other Asian background,Asian,Misuse of Drugs Act 1971 (section 23),Controlled drugs,A no further action disposal,False,False
Person and Vehicle search,2019-04-06T03:39:54+00:00,,,,,Male,18-24,Asian/Asian British - Pakistani,Other,Misuse of Drugs Act 1971 (section 23),Controlled drugs,A no further action disposal,False,False
Person search,2019-04-06T04:04:49+00:00,,,,,Male,18-24,Other ethnic group - Not stated,Asian,Misuse of Drugs Act 1971 (section 23),Controlled drugs,A no further action disposal,False,False
Person search,2019-04-06T07:14:28+00:00,,,,,Male,18-24,Other ethnic group - Not stated,White,Police and Criminal Evidence Act 1984 (section 1),Article for use in theft,Arrest,True,False
Person search,2019-04-06T07:58:12+00:00,,,,,Male,over 34,Other ethnic group - Not stated,White,Police and Criminal Evidence Act 1984 (section 1),Stolen goods,Arrest,True,False
Person search,2019-04-06T09:38:53+00:00,,,51.514970,-0.095346,Male,25-34,Black/African/Caribbean/Black British - Caribbean,Black,Police and Criminal Evidence Act 1984 (section 1),Offensive weapons,Arrest,True,False
Person search,2019-04-06T09:45:59+00:00,,,,,Male,25-34,Other ethnic group - Any other ethnic group,Other,Police and Criminal Evidence Act 1984 (section 1),Stolen goods,Arrest,True,False
Person and Vehicle search,2019-04-07T02:27:19+00:00,,,51.515033,-0.078250,Male,18-24,White - Any other White background,White,Police and Criminal Evidence Act 1984 (section 1),Stolen goods,Arrest,True,False
Person and Vehicle search,2019-04-07T02:40:25+00:00,,,51.514457,-0.073849,Male,25-34,White - Any other White background,White,Police and Criminal Evidence Act 1984 (section 1),Article for use in theft,Arrest,True,False
Person and Vehicle search,2019-04-07T02:49:47+00:00,,,,,Male,18-24,White - Any other White background,White,Police and Criminal Evidence Act 1984 (section 1),Article for use in theft,Arrest,True,False
Person and Vehicle search,2019-04-07T03:06:50+00:00,,,51.516814,-0.081620,Male,18-24,Other ethnic group - Not stated,White,Police and Criminal Evidence Act 1984 (section 1),,A no further action disposal,False,False
Person search,2019-04-07T04:06:50+00:00,,,51.506338,-0.088227,Male,over 34,Black/African/Caribbean/Black British - Caribbean,Black,Police and Criminal Evidence Act 1984 (section 1),Offensive weapons,A no further action disposal,False,False
Person search,2019-04-07T04:57:37+00:00,,,51.502915,-0.092290,Male,10-17,Black/African/Caribbean/Black British - Caribbean,Black,Police and Criminal Evidence Act 1984 (section 1),Offensive weapons,A no further action disposal,False,False
Person search,2019-04-07T05:04:58+00:00,,,,,Male,over 34,Black/African/Caribbean/Black British - African,Black,Police and Criminal Evidence Act 1984 (section 1),Offensive weapons,A no further action disposal,False,False
Person search,2019-04-07T09:42:17+00:00,,,,,Male,10-17,Black/African/Caribbean/Black British - African,Black,Police and Criminal Evidence Act 1984 (section 1),Offensive weapons,A no further action disposal,False,False
Person search,2019-04-07T10:06:42+00:00,,,,,Male,18-24,Black/African/Caribbean/Black British - African,Black,Police and Criminal Evidence Act 1984 (section 1),Evidence of offences under the Act,A no further action disposal,False,False
Person search,2019-04-07T11:39:34+00:00,,,51.601320,-1.115128,Male,18-24,Other ethnic group - Not stated,White,Police and Criminal Evidence Act 1984 (section 1),Article for use in theft,Arrest,True,False
Person and Vehicle search,2019-04-08T01:56:01+00:00,,,51.517058,-0.083296,Male,25-34,Asian/Asian British - Bangladeshi,Asian,Misuse of Drugs Act 1971 (section 23),Controlled drugs,A no further action disposal,False,False
Person search,2019-04-08T02:23:19+00:00,,,51.517680,-0.078484,Male,10-17,White - English/Welsh/Scottish/Northern Irish/British,White,Police and Criminal Evidence Act 1984 (section 1),Offensive weapons,A no further action disposal,False,False
Person search,2019-04-08T02:42:08+00:00,,,51.516886,-0.090985,Male,25-34,Black/African/Caribbean/Black British - Caribbean,Black,Police and Criminal Evidence Act 1984 (section 1),Offensive weapons,Arrest,True,False
Person search,2019-04-08T03:36:58+00:00,,,51.516233,-0.077392,Male,10-17,Other ethnic group - Not stated,Black,Police and Criminal Evidence Act 1984 (section 1),Offensive weapons,A no further action disposal,False,False
Person search,2019-04-08T08:39:01+00:00,,,51.516814,-0.081620,Male,18-24,White - Any other White background,White,Misuse of Drugs Act 1971 (section 23),Controlled drugs,A no further action disposal,False,False
Person search,2019-04-08T08:44:23+00:00,,,51.518433,-0.078856,Female,25-34,White - English/Welsh/Scottish/Northern Irish/British,White,Police and Criminal Evidence Act 1984 (section 1),Offensive weapons,A no further action disposal,False,True
Person and Vehicle search,2019-04-09T00:58:07+00:00,,,,,Male,18-24,Asian/Asian British - Bangladeshi,Asian,Misuse of Drugs Act 1971 (section 23),Controlled drugs,A no further action disposal,False,False
Person search,2019-04-09T01:08:49+00:00,,,,,Male,over 34,White - Irish,White,Police and Criminal Evidence Act 1984 (section 1),Article for use in theft,A no further action disposal,False,False
Person search,2019-04-09T01:20:47+00:00,,,,,Male,over 34,White - Any other White background,White,Police and Criminal Evidence Act 1984 (section 1),Article for use in theft,A no further action disposal,False,False
Person search,2019-04-09T02:51:45+00:00,,,,,Male,over 34,Black/African/Caribbean/Black British - Any other Black/African/Caribbean background,Black,Firearms Act 1968 (section 47),Firearms,A no further action disposal,False,False
Person and Vehicle search,2019-04-09T04:04:51+00:00,,,,,Male,18-24,Other ethnic group - Not stated,White,Police and Criminal Evidence Act 1984 (section 1),Evidence of offences under the Act,Arrest,True,False
Person search,2019-04-09T04:54:05+00:00,,,51.521810,-0.097929,Male,18-24,Other ethnic group - Not stated,White,Police and Criminal Evidence Act 1984 (section 1),Article for use in theft,A no further action disposal,True,False
Person search,2019-04-09T05:21:11+00:00,,,51.513885,-0.102741,Female,10-17,,,Police and Criminal Evidence Act 1984 (section 1),Stolen goods,A no further action disposal,False,False
Person search,2019-04-09T05:22:10+00:00,,,51.521567,-0.097334,Male,18-24,White - Any other White background,White,Police and Criminal Evidence Act 1984 (section 1),,Arrest,True,False
Person search,2019-04-09T05:58:09+00:00,,,,,Female,10-17,,,Police and Criminal Evidence Act 1984 (section 1),Stolen goods,A no further action disposal,False,False
Person search,2019-04-09T06:08:25+00:00,,,51.513885,-0.102741,Female,10-17,,,Police and Criminal Evidence Act 1984 (section 1),Stolen goods,A no further action disposal,False,False
Person search,2019-04-09T07:17:52+00:00,,,51.517680,-0.078484,Male,over 34,Other ethnic group - Not stated,White,Police and Criminal Evidence Act 1984 (section 1),Stolen goods,A no further action disposal,False,False
Person search,2019-04-10T02:11:51+00:00,,,51.518511,-0.085310,Male,over 34,White - English/Welsh/Scottish/Northern Irish/British,White,Police and Criminal Evidence Act 1984 (section 1),Stolen goods,A no further action disposal,False,False
Person search,2019-04-10T02:15:28+00:00,,,,,Female,10-17,White - Any other White background,White,Police and Criminal Evidence Act 1984 (section 1),Stolen goods,A no further action disposal,False,False
Person search,2019-04-10T02:17:22+00:00,,,,,Male,10-17,White - Any other White background,White,Police and Criminal Evidence Act 1984 (section 1),Article for use in theft,A no further action disposal,False,False
Person search,2019-04-11T07:26:11+00:00,,,51.516508,-0.079398,Male,over 34,Other ethnic group - Not stated,White,Police and Criminal Evidence Act 1984 (section 1),Offensive weapons,A no further action disposal,True,False
Person search,2019-04-11T10:15:33+00:00,,,,,Male,10-17,Other ethnic group - Not stated,Asian,Police and Criminal Evidence Act 1984 (section 1),Article for use in theft,Arrest,False,False
Person and Vehicle search,2019-04-12T00:18:25+00:00,,,51.517032,-0.089451,Male,18-24,Asian/Asian British - Pakistani,Asian,Misuse of Drugs Act 1971 (section 23),Controlled drugs,A no further action disposal,False,False
Person search,2019-04-12T03:09:18+00:00,,,51.517149,-0.087760,Male,18-24,Other ethnic group - Not stated,Asian,Misuse of Drugs Act 1971 (section 23),Controlled drugs,A no further action disposal,False,False
Person search,2019-04-13T04:48:28+00:00,,,51.518262,-0.088203,Male,10-17,Black/African/Caribbean/Black British - African,Black,Police and Criminal Evidence Act 1984 (section 1),Article for use in theft,A no further action disposal,False,False
Person search,2019-04-13T05:24:20+00:00,,,51.516371,-0.088614,Male,10-17,Other ethnic group - Not stated,Black,Police and Criminal Evidence Act 1984 (section 1),Stolen goods,A no further action disposal,False,False
Person and Vehicle search,2019-04-13T05:37:30+00:00,,,51.515523,-0.077451,Male,,Other ethnic group - Not stated,Black,Misuse of Drugs Act 1971 (section 23),Controlled drugs,A no further action disposal,False,False
Person search,2019-04-14T05:28:29+00:00,,,51.513885,-0.102741,Male,25-34,White - Any other White background,White,Police and Criminal Evidence Act 1984 (section 1),Stolen goods,A no further action disposal,True,False
Person search,2019-04-14T05:43:39+00:00,,,51.513885,-0.102741,Male,18-24,White - Any other White background,White,Police and Criminal Evidence Act 1984 (section 1),Stolen goods,Arrest,True,False
Person and Vehicle search,2019-04-14T06:28:27+00:00,,,,,Male,18-24,Other ethnic group - Not stated,White,Misuse of Drugs Act 1971 (section 23),Controlled drugs,A no further action disposal,False,True
Person search,2019-04-14T06:56:03+00:00,,,51.518262,-0.088203,Male,,,,Police and Criminal Evidence Act 1984 (section 1),Stolen goods,A no further action disposal,False,False
Person search,2019-04-14T06:56:03+00:00,,,51.518262,-0.088203,Male,10-17,Black/African/Caribbean/Black British - African,Black,Police and Criminal Evidence Act 1984 (section 1),Stolen goods,A no further action disposal,False,False
Person search,2019-04-14T07:11:56+00:00,,,51.518262,-0.088203,Male,10-17,Black/African/Caribbean/Black British - African,Black,Police and Criminal Evidence Act 1984 (section 1),Article for use in theft,A no further action disposal,False,False
Person search,2019-04-14T07:36:12+00:00,,,51.513885,-0.102741,Male,25-34,Black/African/Caribbean/Black British - Caribbean,Black,Misuse of Drugs Act 1971 (section 23),Controlled drugs,A no further action disposal,False,False
Person search,2019-04-14T11:23:00+00:00,,,51.513435,-0.075146,Male,25-34,Other ethnic group - Not stated,White,Misuse of Drugs Act 1971 (section 23),Controlled drugs,Arrest,True,False
Person search,2019-04-15T08:10:04+00:00,,,51.512652,-0.092719,Female,18-24,White - Any other White background,White,Misuse of Drugs Act 1971 (section 23),Evidence of offences under the Act,Arrest,False,False
Person and Vehicle search,2019-04-16T01:22:09+00:00,,,51.516814,-0.081620,Male,25-34,Other ethnic group - Not stated,White,Misuse of Drugs Act 1971 (section 23),Controlled drugs,A no further action disposal,False,False
Person search,2019-04-16T03:08:06+00:00,,,51.517244,-0.080376,Male,over 34,White - Any other White background,White,Police and Criminal Evidence Act 1984 (section 1),Article for use in theft,A no further action disposal,False,False
Person search,2019-04-16T06:13:33+00:00,,,,,Male,25-34,Other ethnic group - Not stated,White,Misuse of Drugs Act 1971 (section 23),Controlled drugs,Arrest,True,False
Person search,2019-04-16T06:24:26+00:00,,,51.515739,-0.100632,Female,over 34,Other ethnic group - Not stated,White,Police and Criminal Evidence Act 1984 (section 1),Article for use in theft,Arrest,True,False
Person search,2019-04-16T06:33:38+00:00,,,51.515739,-0.100632,Female,over 34,Other ethnic group - Not stated,White,Police and Criminal Evidence Act 1984 (section 1),Article for use in theft,Arrest,True,False
Person search,2019-04-16T06:40:50+00:00,,,51.515739,-0.100632,Female,over 34,Other ethnic group - Not stated,White,Police and Criminal Evidence Act 1984 (section 1),Article for use in theft,Arrest,True,False
Person search,2019-04-16T06:46:06+00:00,,,51.515739,-0.100632,Female,25-34,Other ethnic group - Not stated,White,Police and Criminal Evidence Act 1984 (section 1),Article for use in theft,Arrest,True,False
Person search,2019-04-16T09:33:19+00:00,,,51.517680,-0.078484,Male,over 34,Other ethnic group - Not stated,Asian,Misuse of Drugs Act 1971 (section 23),Controlled drugs,A no further action disposal,False,False
Person search,2019-04-17T00:54:54+00:00,,,51.517058,-0.083296,Male,10-17,Black/African/Caribbean/Black British - African,Black,Police and Criminal Evidence Act 1984 (section 1),Article for use in theft,A no further action disposal,False,False
Person search,2019-04-17T02:07:30+00:00,,,,,Male,25-34,Other ethnic group - Not stated,White,Misuse of Drugs Act 1971 (section 23),Controlled drugs,A no further action disposal,False,False
Person search,2019-04-17T02:17:58+00:00,,,,,Male,25-34,Other ethnic group - Not stated,White,Misuse of Drugs Act 1971 (section 23),Controlled drugs,A no further action disposal,False,False
Person and Vehicle search,2019-04-17T03:03:15+00:00,,,,,Male,18-24,Other ethnic group - Any other ethnic group,White,Misuse of Drugs Act 1971 (section 23),Controlled drugs,A no further action disposal,False,False
Person search,2019-04-17T03:23:33+00:00,,,,,Male,18-24,White - Any other White background,White,Police and Criminal Evidence Act 1984 (section 1),Article for use in theft,A no further action disposal,True,False
Person search,2019-04-17T03:24:45+00:00,,,,,Male,18-24,White - Any other White background,White,Police and Criminal Evidence Act 1984 (section 1),Article for use in theft,A no further action disposal,False,False
Person search,2019-04-17T03:36:23+00:00,,,51.510873,-0.105561,Male,over 34,White - Any other White background,White,Police and Criminal Evidence Act 1984 (section 1),Offensive weapons,A no further action disposal,False,False
Person and Vehicle search,2019-04-17T07:54:23+00:00,,,51.511794,-0.088042,Male,over 34,White - Any other White background,White,Misuse of Drugs Act 1971 (section 23),Controlled drugs,Arrest,True,False
Person search,2019-04-17T10:48:33+00:00,,,,,Male,25-34,White - English/Welsh/Scottish/Northern Irish/British,White,Police and Criminal Evidence Act 1984 (section 1),Article for use in theft,A no further action disposal,True,False
Person search,2019-04-17T11:53:06+00:00,,,51.517058,-0.083296,Male,10-17,Asian/Asian British - Any other Asian background,Asian,Police and Criminal Evidence Act 1984 (section 1),Article for use in theft,A no further action disposal,False,False
Person search,2019-04-18T01:59:29+00:00,,,,,,18-24,Other ethnic group - Any other ethnic group,White,Police and Criminal Evidence Act 1984 (section 1),Article for use in theft,A no further action disposal,True,False
Person search,2019-04-18T02:33:47+00:00,,,51.517680,-0.078484,Male,25-34,White - English/Welsh/Scottish/Northern Irish/British,White,Misuse of Drugs Act 1971 (section 23),Controlled drugs,A no further action disposal,False,False
Person search,2019-04-18T03:29:10+00:00,,,,,Male,10-17,Other ethnic group - Not stated,White,Police and Criminal Evidence Act 1984 (section 1),Article for use in theft,A no further action disposal,False,False
Person search,2019-04-18T03:54:36+00:00,,,,,Male,10-17,Other ethnic group - Not stated,White,Police and Criminal Evidence Act 1984 (section 1),Article for use in theft,A no further action disposal,False,False
Person and Vehicle search,2019-04-18T04:25:52+00:00,,,51.516814,-0.081620,Male,18-24,White - Any other White background,White,Misuse of Drugs Act 1971 (section 23),Controlled drugs,Arrest,True,False
Person search,2019-04-18T05:06:18+00:00,,,51.509950,-0.078665,Male,10-17,White - Any other White background,White,Police and Criminal Evidence Act 1984 (section 1),Article for use in theft,A no further action disposal,False,False
Person search,2019-04-18T05:10:44+00:00,,,,,Male,18-24,Other ethnic group - Not stated,White,Police and Criminal Evidence Act 1984 (section 1),Article for use in theft,A no further action disposal,False,False
Person search,2019-04-18T05:17:39+00:00,,,,,Male,18-24,Other ethnic group - Not stated,White,Police and Criminal Evidence Act 1984 (section 1),Article for use in theft,A no further action disposal,False,False
Person search,2019-04-18T08:29:36+00:00,,,51.514151,-0.074958,Male,18-24,White - Any other White background,White,Police and Criminal Evidence Act 1984 (section 1),Article for use in theft,A no further action disposal,False,False
Person search,2019-04-19T02:49:28+00:00,,,,,Female,,Other ethnic group - Not stated,White,Misuse of Drugs Act 1971 (section 23),Controlled drugs,A no further action disposal,False,False
Person search,2019-04-19T03:58:09+00:00,,,,,Male,over 34,Asian/Asian British - Any other Asian background,Asian,Firearms Act 1968 (section 47),Firearms,A no further action disposal,False,False
Person and Vehicle search,2019-04-19T06:17:07+00:00,,,,,,over 34,Other ethnic group - Not stated,Other,Firearms Act 1968 (section 47),Firearms,A no further action disposal,False,False
Person search,2019-04-19T11:09:44+00:00,,,51.517244,-0.080376,Male,over 34,Asian/Asian British - Indian,Asian,Police and Criminal Evidence Act 1984 (section 1),Stolen goods,Summons / charged by post,True,False
Person and Vehicle search,2019-04-20T00:36:02+00:00,,,51.512598,-0.084967,Male,25-34,White - Any other White background,White,Police and Criminal Evidence Act 1984 (section 1),Offensive weapons,A no further action disposal,False,False
Person search,2019-04-20T00:57:04+00:00,,,,,Male,25-34,White - Any other White background,White,Misuse of Drugs Act 1971 (section 23),Controlled drugs,A no further action disposal,False,False
Person search,2019-04-20T01:21:16+00:00,,,,,Male,25-34,Other ethnic group - Not stated,White,Police and Criminal Evidence Act 1984 (section 1),Offensive weapons,A no further action disposal,True,False
Person search,2019-04-20T04:05:32+00:00,,,,,Male,,Other ethnic group - Not stated,White,Police and Criminal Evidence Act 1984 (section 1),Offensive weapons,A no further action disposal,False,False
Person search,2019-04-20T05:17:14+00:00,,,,,Male,25-34,Black/African/Caribbean/Black British - Caribbean,Black,Police and Criminal Evidence Act 1984 (section 1),Offensive weapons,A no further action disposal,False,False
Person search,2019-04-20T06:08:40+00:00,,,51.509313,-0.073850,Male,,Other ethnic group - Not stated,Asian,Police and Criminal Evidence Act 1984 (section 1),Offensive weapons,A no further action disposal,False,False
Person search,2019-04-20T06:11:03+00:00,,,51.509313,-0.073850,Male,,Other ethnic group - Not stated,Asian,Police and Criminal Evidence Act 1984 (section 1),Offensive weapons,A no further action disposal,False,False
Person and Vehicle search,2019-04-20T07:27:17+00:00,,,,,Male,25-34,Other ethnic group - Not stated,White,Misuse of Drugs Act 1971 (section 23),Controlled drugs,A no further action disposal,False,False
Person search,2019-04-21T02:48:17+00:00,,,51.517680,-0.078484,Male,over 34,White - English/Welsh/Scottish/Northern Irish/British,White,Misuse of Drugs Act 1971 (section 23),Controlled drugs,A no further action disposal,False,False
Person search,2019-04-21T03:43:13+00:00,,,51.517680,-0.078484,Male,over 34,Other ethnic group - Not stated,Black,Misuse of Drugs Act 1971 (section 23),Controlled drugs,A no further action disposal,False,False
Person search,2019-04-21T04:14:18+00:00,,,51.511478,-0.096846,Male,over 34,White - Any other White background,Other,Police and Criminal Evidence Act 1984 (section 1),Article for use in theft,A no further action disposal,False,False
Person search,2019-04-21T04:16:24+00:00,,,51.511478,-0.096846,Male,over 34,White - Any other White background,White,Police and Criminal Evidence Act 1984 (section 1),Article for use in theft,A no further action disposal,False,False
Person search,2019-04-21T05:02:26+00:00,,,51.512462,-0.076095,Male,over 34,White - English/Welsh/Scottish/Northern Irish/British,White,Police and Criminal Evidence Act 1984 (section 1),Article for use in theft,A no further action disposal,False,False
Person and Vehicle search,2019-04-21T05:44:21+00:00,,,51.517058,-0.083296,Male,25-34,White - Any other White background,White,Police and Criminal Evidence Act 1984 (section 1),Stolen goods,A no further action disposal,False,False
Person search,2019-04-21T05:48:31+00:00,,,51.517058,-0.083296,Male,18-24,Other ethnic group - Not stated,White,Police and Criminal Evidence Act 1984 (section 1),Stolen goods,A no further action disposal,False,False
Person search,2019-04-22T04:33:35+00:00,,,,,Male,over 34,Other ethnic group - Not stated,Black,Police and Criminal Evidence Act 1984 (section 1),Stolen goods,A no further action disposal,False,False
Person search,2019-04-22T04:52:40+00:00,,,,,Male,18-24,,,Police and Criminal Evidence Act 1984 (section 1),Stolen goods,Arrest,True,False
Person search,2019-04-22T05:32:01+00:00,,,,,Male,18-24,White - English/Welsh/Scottish/Northern Irish/British,White,Police and Criminal Evidence Act 1984 (section 1),Stolen goods,Arrest,True,False
Person and Vehicle search,2019-04-22T09:49:03+00:00,,,51.517058,-0.083296,Male,18-24,Black/African/Caribbean/Black British - Any other Black/African/Caribbean background,Black,Misuse of Drugs Act 1971 (section 23),Controlled drugs,Arrest,True,False
Person search,2019-04-22T10:17:07+00:00,,,51.517058,-0.083296,Male,18-24,Other ethnic group - Not stated,Black,Misuse of Drugs Act 1971 (section 23),Controlled drugs,Arrest,False,False
Person and Vehicle search,2019-04-23T00:02:21+00:00,,,,,Male,25-34,White - Any other White background,White,Police and Criminal Evidence Act 1984 (section 1),Stolen goods,A no further action disposal,False,False
Person search,2019-04-23T01:12:05+00:00,,,,,Male,25-34,Other ethnic group - Not stated,Asian,Police and Criminal Evidence Act 1984 (section 1),Article for use in theft,A no further action disposal,False,False
Person search,2019-04-23T07:00:39+00:00,,,51.506255,-0.074901,Male,over 34,Other ethnic group - Not stated,White,Police and Criminal Evidence Act 1984 (section 1),Stolen goods,Arrest,False,False
Person search,2019-04-23T08:35:36+00:00,,,51.513171,-0.077694,Male,18-24,White - Any other White background,White,Police and Criminal Evidence Act 1984 (section 1),Article for use in theft,Arrest,True,False
Person and Vehicle search,2019-04-23T10:53:41+00:00,,,,,Male,18-24,Mixed/Multiple ethnic groups - White and Asian,White,Police and Criminal Evidence Act 1984 (section 1),Article for use in theft,A no further action disposal,False,False
Person and Vehicle search,2019-04-23T11:56:50+00:00,,,,,Female,over 34,White - Any other White background,White,Police and Criminal Evidence Act 1984 (section 1),Article for use in theft,A no further action disposal,False,False
Person search,2019-04-24T02:27:40+00:00,,,51.520206,-0.097736,Male,over 34,Other ethnic group - Not stated,Asian,Police and Criminal Evidence Act 1984 (section 1),Offensive weapons,A no further action disposal,False,False
Person search,2019-04-24T02:27:44+00:00,,,,,Male,25-34,Other ethnic group - Not stated,White,Police and Criminal Evidence Act 1984 (section 1),Stolen goods,A no further action disposal,True,False
Person search,2019-04-24T06:51:58+00:00,,,51.510893,-0.120231,Male,25-34,Other ethnic group - Not stated,White,Police and Criminal Evidence Act 1984 (section 1),Article for use in theft,A no further action disposal,False,False
Person search,2019-04-24T08:07:31+00:00,,,51.517431,-0.082458,Male,over 34,White - English/Welsh/Scottish/Northern Irish/British,White,Misuse of Drugs Act 1971 (section 23),Controlled drugs,A no further action disposal,False,False
Person search,2019-04-24T09:37:44+00:00,,,,,Male,18-24,White - Any other White background,White,Police and Criminal Evidence Act 1984 (section 1),Article for use in theft,Arrest,True,False
Person search,2019-04-24T11:55:42+00:00,,,,,Female,25-34,Other ethnic group - Not stated,Asian,Misuse of Drugs Act 1971 (section 23),Firearms,Arrest,True,False
Person and Vehicle search,2019-04-25T01:28:40+00:00,,,51.517680,-0.078484,Male,over 34,White - English/Welsh/Scottish/Northern Irish/British,White,Misuse of Drugs Act 1971 (section 23),Controlled drugs,A no further action disposal,False,False
Person search,2019-04-25T01:56:55+00:00,,,51.517431,-0.082458,Male,over 34,White - English/Welsh/Scottish/Northern Irish/British,White,Police and Criminal Evidence Act 1984 (section 1),Stolen goods,A no further action disposal,False,False
Person search,2019-04-25T03:13:44+00:00,,,51.513114,-0.086272,Male,25-34,White - Any other White background,White,Police and Criminal Evidence Act 1984 (section 1),Stolen goods,A no further action disposal,False,False
Person search,2019-04-25T04:26:48+00:00,,,,,Male,18-24,White - Any other White background,White,Police and Criminal Evidence Act 1984 (section 1),Stolen goods,Arrest,True,False
Person search,2019-04-26T01:05:34+00:00,,,51.505397,-0.083468,Male,18-24,Other ethnic group - Not stated,White,Police and Criminal Evidence Act 1984 (section 1),Stolen goods,Arrest,True,False
Person search,2019-04-26T01:48:50+00:00,,,,,Male,18-24,Asian/Asian British - Any other Asian background,Asian,Misuse of Drugs Act 1971 (section 23),Controlled drugs,A no further action disposal,False,False
Person search,2019-04-26T01:51:42+00:00,,,51.515621,-0.085086,Male,18-24,Other ethnic group - Not stated,White,Misuse of Drugs Act 1971 (section 23),Controlled drugs,Arrest,True,False
Person search,2019-04-26T01:58:27+00:00,,,51.514457,-0.073849,Male,18-24,Asian/Asian British - Any other Asian background,Asian,Misuse of Drugs Act 1971 (section 23),Controlled drugs,A no further action disposal,False,False
Person search,2019-04-26T02:34:56+00:00,,,51.515621,-0.085086,Male,over 34,White - English/Welsh/Scottish/Northern Irish/British,White,Misuse of Drugs Act 1971 (section 23),Controlled drugs,Arrest,True,False
Person search,2019-04-26T04:27:38+00:00,,,,,Male,18-24,Asian/Asian British - Any other Asian background,Asian,Misuse of Drugs Act 1971 (section 23),Controlled drugs,A no further action disposal,False,False
Person search,2019-04-26T04:36:21+00:00,,,,,Male,18-24,Asian/Asian British - Any other Asian background,Asian,Misuse of Drugs Act 1971 (section 23),Controlled drugs,A no further action disposal,False,False
Person and Vehicle search,2019-04-26T08:31:31+00:00,,,,,Male,25-34,Other ethnic group - Not stated,White,Misuse of Drugs Act 1971 (section 23),Controlled drugs,Arrest,True,False
Person search,2019-04-26T09:02:09+00:00,,,,,Female,25-34,Black/African/Caribbean/Black British - Caribbean,Black,Misuse of Drugs Act 1971 (section 23),Controlled drugs,A no further action disposal,False,False
Person search,2019-04-26T09:30:33+00:00,,,51.513676,-0.078307,Male,18-24,Other ethnic group - Not stated,Black,Misuse of Drugs Act 1971 (section 23),Controlled drugs,Khat or Cannabis warning,True,False
Person search,2019-04-26T09:55:55+00:00,,,51.517576,-0.079786,Male,over 34,Other ethnic group - Not stated,Other,Misuse of Drugs Act 1971 (section 23),Controlled drugs,A no further action disposal,False,False
Person search,2019-04-26T11:05:55+00:00,,,,,Male,25-34,White - Any other White background,White,Police and Criminal Evidence Act 1984 (section 1),Article for use in theft,Arrest,True,False
Person and Vehicle search,2019-04-26T11:20:51+00:00,,,51.536103,-0.071191,Male,18-24,White - Any other White background,White,Misuse of Drugs Act 1971 (section 23),Controlled drugs,Arrest,True,False
Person search,2019-04-26T11:54:58+00:00,,,,,Male,25-34,White - Any other White background,White,Police and Criminal Evidence Act 1984 (section 1),Stolen goods,Arrest,True,False
Person search,2019-04-27T03:42:45+00:00,,,,,Male,over 34,White - English/Welsh/Scottish/Northern Irish/British,White,Police and Criminal Evidence Act 1984 (section 1),Offensive weapons,A no further action disposal,False,False
Person search,2019-04-27T06:43:21+00:00,,,,,Male,25-34,Other ethnic group - Not stated,Black,Police and Criminal Evidence Act 1984 (section 1),Offensive weapons,A no further action disposal,False,False
Person search,2019-04-27T11:32:47+00:00,,,51.514917,-0.090419,Male,25-34,Black/African/Caribbean/Black British - Caribbean,Black,Misuse of Drugs Act 1971 (section 23),Controlled drugs,A no further action disposal,True,False
Person search,2019-04-28T01:21:28+00:00,,,51.520510,-0.081580,Male,,Asian/Asian British - Bangladeshi,Asian,Misuse of Drugs Act 1971 (section 23),Controlled drugs,A no further action disposal,False,False
Person and Vehicle search,2019-04-28T03:40:37+00:00,,,51.512830,-0.108175,Male,25-34,Other ethnic group - Not stated,White,Misuse of Drugs Act 1971 (section 23),Controlled drugs,A no further action disposal,False,False
Person and Vehicle search,2019-04-28T04:42:00+00:00,,,51.512830,-0.108175,Male,25-34,Other ethnic group - Any other ethnic group,White,Misuse of Drugs Act 1971 (section 23),Controlled drugs,A no further action disposal,False,False
Person and Vehicle search,2019-04-28T05:32:29+00:00,,,51.515075,-0.077513,Male,25-34,White - Any other White background,White,Misuse of Drugs Act 1971 (section 23),Controlled drugs,Arrest,True,False
Person and Vehicle search,2019-04-28T05:40:50+00:00,,,,,Male,25-34,Black/African/Caribbean/Black British - African,Black,Misuse of Drugs Act 1971 (section 23),Controlled drugs,A no further action disposal,False,False
Person search,2019-04-28T06:38:36+00:00,,,51.510014,-0.081516,Male,over 34,,,Psychoactive Substances Act 2016 (s36(2)),Psychoactive substances,,True,False
Person search,2019-04-28T06:38:36+00:00,,,51.510014,-0.081516,Male,10-17,White - English/Welsh/Scottish/Northern Irish/British,White,Psychoactive Substances Act 2016 (s36(2)),Psychoactive substances,,True,False
Person and Vehicle search,2019-04-28T10:27:01+00:00,,,51.516351,-0.082965,Male,18-24,White - Any other White background,White,Misuse of Drugs Act 1971 (section 23),Controlled drugs,Arrest,True,False
Person search,2019-04-28T11:12:38+00:00,,,51.518189,-0.082628,Male,10-17,Asian/Asian British - Bangladeshi,Asian,Misuse of Drugs Act 1971 (section 23),Controlled drugs,A no further action disposal,True,False
Person search,2019-04-29T00:48:51+00:00,,,51.517680,-0.078484,Male,25-34,White - English/Welsh/Scottish/Northern Irish/British,White,Misuse of Drugs Act 1971 (section 23),Controlled drugs,A no further action disposal,False,False
Person and Vehicle search,2019-04-29T01:37:57+00:00,,,,,Male,18-24,Other ethnic group - Not stated,Black,Police and Criminal Evidence Act 1984 (section 1),Article for use in theft,A no further action disposal,False,False
Person and Vehicle search,2019-04-29T01:59:28+00:00,,,51.515546,-0.070056,Male,over 34,Asian/Asian British - Bangladeshi,Asian,Misuse of Drugs Act 1971 (section 23),Controlled drugs,A no further action disposal,False,False
Person and Vehicle search,2019-04-29T05:33:49+00:00,,,51.516966,-0.105900,Male,25-34,Other ethnic group - Not stated,White,Misuse of Drugs Act 1971 (section 23),Controlled drugs,A no further action disposal,True,False
Person and Vehicle search,2019-04-30T00:01:03+00:00,,,51.513171,-0.077694,Male,25-34,Black/African/Caribbean/Black British - African,Black,Misuse of Drugs Act 1971 (section 23),Controlled drugs,A no further action disposal,False,False
Person search,2019-04-30T07:02:42+00:00,,,,,Male,10-17,Asian/Asian British - Any other Asian background,Asian,Firearms Act 1968 (section 47),Firearms,A no further action disposal,True,False
Person search,2019-04-30T07:14:12+00:00,,,,,Male,10-17,Asian/Asian British - Indian,Asian,Firearms Act 1968 (section 47),Firearms,A no further action disposal,False,False
Person and Vehicle search,2019-04-30T08:29:47+00:00,,,,,Male,18-24,Other ethnic group - Not stated,White,Misuse of Drugs Act 1971 (section 23),Controlled drugs,Arrest,True,False
Person search,2019-04-30T10:45:54+00:00,,,51.509614,-0.079011,Male,18-24,Other ethnic group - Not stated,White,Psychoactive Substances Act 2016 (s36(2)),Psychoactive substances,A no further action disposal,True,False
Person search,2019-04-30T11:31:24+00:00,,,,,Male,18-24,Asian/Asian British - Any other Asian background,Other,Police and Criminal Evidence Act 1984 (section 1),Article for use in theft,A no further action disposal,False,False
