Type,Date,Part of a policing operation,Policing operation,Latitude,Longitude,Gender,Age range,Self-defined ethnicity,Officer-defined ethnicity,Legislation,Object of search,Outcome,Outcome linked to object of search,Removal of more than just outer clothing
Person search,2019-05-01T11:00:00+00:00,False,,52.202769,-1.723448,Male,over 34,White - English/Welsh/Scottish/Northern Irish/British,White,Misuse of Drugs Act 1971 (section 23),Controlled drugs,A no further action disposal,True,
Person search,2019-05-01T17:26:47+00:00,False,,52.260176,-1.561239,Female,18-24,White - Gypsy or Irish Traveller,White,Police and Criminal Evidence Act 1984 (section 1),Stolen goods,A no further action disposal,True,
Person and Vehicle search,2019-05-01T17:30:22+00:00,False,,52.260176,-1.561239,Female,18-24,White - English/Welsh/Scottish/Northern Irish/British,White,Police and Criminal Evidence Act 1984 (section 1),Stolen goods,A no further action disposal,True,
Person search,2019-05-01T17:35:41+00:00,False,,52.285762,-1.533001,Female,,White - English/Welsh/Scottish/Northern Irish/British,White,Police and Criminal Evidence Act 1984 (section 1),Stolen goods,Summons / charged by post,True,
Person and Vehicle search,2019-05-01T23:37:00+00:00,False,,52.211354,-1.600679,Male,18-24,White - English/Welsh/Scottish/Northern Irish/British,White,Misuse of Drugs Act 1971 (section 23),Controlled drugs,Arrest,True,
Person and Vehicle search,2019-05-01T23:56:07+00:00,False,,52.211354,-1.600679,Male,18-24,White - English/Welsh/Scottish/Northern Irish/British,White,Misuse of Drugs Act 1971 (section 23),Controlled drugs,A no further action disposal,True,
Person search,2019-05-02T18:12:00+00:00,False,,52.519197,-1.466320,Male,18-24,White - English/Welsh/Scottish/Northern Irish/British,White,Police and Criminal Evidence Act 1984 (section 1),Offensive weapons,A no further action disposal,True,
Person search,2019-05-02T18:13:32+00:00,False,,52.522095,-1.461039,Male,18-24,Other ethnic group - Not stated,White,Police and Criminal Evidence Act 1984 (section 1),Offensive weapons,A no further action disposal,True,
Person search,2019-05-02T19:35:46+00:00,True,,52.285827,-1.526828,Male,over 34,Other ethnic group - Not stated,Asian,Misuse of Drugs Act 1971 (section 23),Controlled drugs,A no further action disposal,True,
Person search,2019-05-03T23:45:30+00:00,False,,52.518532,-1.460360,Male,over 34,White - English/Welsh/Scottish/Northern Irish/British,White,Police and Criminal Evidence Act 1984 (section 1),Article for use in theft,A no further action disposal,True,
Person search,2019-05-03T23:48:29+00:00,False,,52.518532,-1.460360,Male,25-34,White - English/Welsh/Scottish/Northern Irish/British,White,Police and Criminal Evidence Act 1984 (section 1),Article for use in theft,A no further action disposal,True,
Person search,2019-05-04T01:25:23+00:00,False,,52.371700,-1.262874,Male,25-34,White - English/Welsh/Scottish/Northern Irish/British,White,Police and Criminal Evidence Act 1984 (section 1),Offensive weapons,A no further action disposal,True,
Person search,2019-05-04T01:34:47+00:00,False,,52.373789,-1.264867,Male,25-34,White - English/Welsh/Scottish/Northern Irish/British,White,Police and Criminal Evidence Act 1984 (section 1),Offensive weapons,A no further action disposal,True,
Person search,2019-05-04T02:42:49+00:00,False,,52.377593,-1.265127,Male,18-24,White - English/Welsh/Scottish/Northern Irish/British,White,Misuse of Drugs Act 1971 (section 23),Controlled drugs,Caution (simple or conditional),True,
Person and Vehicle search,2019-05-04T11:52:39+00:00,False,,52.211354,-1.600679,Male,over 34,White - English/Welsh/Scottish/Northern Irish/British,White,Firearms Act 1968 (section 47),Firearms,A no further action disposal,True,
Person and Vehicle search,2019-05-04T11:57:12+00:00,False,,52.227970,-1.609314,Male,25-34,White - English/Welsh/Scottish/Northern Irish/British,Asian,Firearms Act 1968 (section 47),Firearms,A no further action disposal,True,
Person search,2019-05-04T17:50:00+00:00,False,,52.197517,-1.723042,Male,25-34,White - English/Welsh/Scottish/Northern Irish/British,White,Misuse of Drugs Act 1971 (section 23),Controlled drugs,Arrest,True,
Person search,2019-05-05T02:20:00+00:00,False,,52.373720,-1.246771,Male,10-17,White - English/Welsh/Scottish/Northern Irish/British,White,Police and Criminal Evidence Act 1984 (section 1),Offensive weapons,A no further action disposal,True,
Person search,2019-05-05T16:35:00+00:00,False,,52.497695,-1.472738,Female,over 34,Other ethnic group - Not stated,White,Police and Criminal Evidence Act 1984 (section 1),Offensive weapons,A no further action disposal,True,
Person search,2019-05-06T02:21:08+00:00,False,,52.472751,-1.711087,Male,10-17,Asian/Asian British - Any other Asian background,Asian,Misuse of Drugs Act 1971 (section 23),Controlled drugs,Khat or Cannabis warning,True,
Person search,2019-05-06T07:39:29+00:00,False,,52.387144,-1.268450,Male,18-24,White - English/Welsh/Scottish/Northern Irish/British,White,Misuse of Drugs Act 1971 (section 23),Controlled drugs,A no further action disposal,True,False
Person search,2019-05-06T17:22:57+00:00,False,,52.191330,-1.710997,Male,over 34,White - English/Welsh/Scottish/Northern Irish/British,White,Police and Criminal Evidence Act 1984 (section 1),Stolen goods,A no further action disposal,True,
Person and Vehicle search,2019-05-06T17:26:00+00:00,False,,52.204743,-1.703652,Male,25-34,White - Any other White background,Other,Misuse of Drugs Act 1971 (section 23),Controlled drugs,A no further action disposal,True,False
Person search,2019-05-06T17:41:50+00:00,False,,52.205658,-1.706134,Male,25-34,White - English/Welsh/Scottish/Northern Irish/British,White,Misuse of Drugs Act 1971 (section 23),Controlled drugs,A no further action disposal,True,False
Person and Vehicle search,2019-05-06T17:46:01+00:00,False,,52.205658,-1.706134,Male,over 34,White - English/Welsh/Scottish/Northern Irish/British,White,Misuse of Drugs Act 1971 (section 23),Controlled drugs,A no further action disposal,True,
Person search,2019-05-06T18:30:45+00:00,False,,52.464389,-1.487619,Female,10-17,White - English/Welsh/Scottish/Northern Irish/British,White,Police and Criminal Evidence Act 1984 (section 1),Stolen goods,Arrest,False,False
Person search,2019-05-06T18:35:22+00:00,False,,52.464389,-1.487619,Male,10-17,White - English/Welsh/Scottish/Northern Irish/British,White,Police and Criminal Evidence Act 1984 (section 1),Stolen goods,Arrest,True,
Person search,2019-05-06T18:41:01+00:00,False,,52.464036,-1.480897,Male,18-24,White - Any other White background,White,Police and Criminal Evidence Act 1984 (section 1),Stolen goods,Arrest,True,
Person search,2019-05-08T19:15:00+00:00,False,,52.265091,-1.528031,Male,10-17,White - English/Welsh/Scottish/Northern Irish/British,White,Misuse of Drugs Act 1971 (section 23),Controlled drugs,Caution (simple or conditional),True,
Person search,2019-05-08T19:15:00+00:00,False,,52.265091,-1.528031,Male,10-17,Other ethnic group - Any other ethnic group,Asian,Misuse of Drugs Act 1971 (section 23),Controlled drugs,Khat or Cannabis warning,True,
Person and Vehicle search,2019-05-08T20:40:45+00:00,False,,52.514611,-1.448501,Male,,,Mixed,Misuse of Drugs Act 1971 (section 23),Controlled drugs,Arrest,True,
Person and Vehicle search,2019-05-08T21:53:47+00:00,False,,52.122381,-1.741429,Male,over 34,White - English/Welsh/Scottish/Northern Irish/British,White,Police and Criminal Evidence Act 1984 (section 1),Article for use in theft,Arrest,True,
Person search,2019-05-08T22:39:29+00:00,False,,52.193114,-1.709025,Male,over 34,White - English/Welsh/Scottish/Northern Irish/British,White,Police and Criminal Evidence Act 1984 (section 1),Offensive weapons,A no further action disposal,True,False
Person and Vehicle search,2019-05-09T12:46:06+00:00,False,,52.327226,-1.156848,Male,25-34,White - English/Welsh/Scottish/Northern Irish/British,White,Police and Criminal Evidence Act 1984 (section 1),Evidence of offences under the Act,A no further action disposal,True,
Person search,2019-05-09T15:02:45+00:00,False,,52.385528,-1.258809,Female,18-24,White - Any other White background,White,Police and Criminal Evidence Act 1984 (section 1),Stolen goods,Penalty Notice for Disorder,False,False
Person search,2019-05-11T01:01:24+00:00,False,,52.291005,-1.538107,Male,25-34,White - English/Welsh/Scottish/Northern Irish/British,White,Misuse of Drugs Act 1971 (section 23),Controlled drugs,A no further action disposal,True,
Person search,2019-05-11T02:31:26+00:00,False,,52.342403,-1.579244,Male,over 34,Other ethnic group - Not stated,Asian,Police and Criminal Evidence Act 1984 (section 1),Article for use in theft,A no further action disposal,True,False
Person and Vehicle search,2019-05-11T10:31:39+00:00,False,,52.264668,-1.628627,Male,25-34,Other ethnic group - Any other ethnic group,Other,Police and Criminal Evidence Act 1984 (section 1),Article for use in theft,A no further action disposal,True,
Person and Vehicle search,2019-05-11T10:39:16+00:00,False,,52.264668,-1.628627,Male,over 34,Other ethnic group - Any other ethnic group,Other,Police and Criminal Evidence Act 1984 (section 1),Article for use in theft,A no further action disposal,True,
Person and Vehicle search,2019-05-11T10:44:51+00:00,False,,52.264668,-1.628627,Male,10-17,Other ethnic group - Any other ethnic group,Other,Police and Criminal Evidence Act 1984 (section 1),Article for use in theft,A no further action disposal,True,
Person search,2019-05-11T15:45:59+00:00,False,,52.204613,-1.716574,Female,over 34,White - English/Welsh/Scottish/Northern Irish/British,White,Misuse of Drugs Act 1971 (section 23),Controlled drugs,A no further action disposal,True,
Person and Vehicle search,2019-05-11T15:45:59+00:00,False,,52.204613,-1.716574,Male,over 34,White - Any other White background,White,Misuse of Drugs Act 1971 (section 23),Controlled drugs,A no further action disposal,True,
Person and Vehicle search,2019-05-11T15:53:13+00:00,False,,52.201500,-1.715291,Female,over 34,White - English/Welsh/Scottish/Northern Irish/British,White,Misuse of Drugs Act 1971 (section 23),Controlled drugs,A no further action disposal,True,
Person search,2019-05-12T02:27:49+00:00,False,,52.291245,-1.537444,Male,18-24,White - English/Welsh/Scottish/Northern Irish/British,White,Misuse of Drugs Act 1971 (section 23),Controlled drugs,A no further action disposal,True,
Person search,2019-05-12T02:28:32+00:00,False,,,,Male,18-24,White - English/Welsh/Scottish/Northern Irish/British,Mixed,Misuse of Drugs Act 1971 (section 23),Controlled drugs,A no further action disposal,True,
Person search,2019-05-12T02:30:59+00:00,False,,52.291944,-1.539050,Male,18-24,White - English/Welsh/Scottish/Northern Irish/British,White,Misuse of Drugs Act 1971 (section 23),Controlled drugs,A no further action disposal,True,
Person and Vehicle search,2019-05-12T13:55:07+00:00,False,,52.271518,-1.896916,Male,10-17,White - English/Welsh/Scottish/Northern Irish/British,White,Misuse of Drugs Act 1971 (section 23),Controlled drugs,A no further action disposal,True,
Person and Vehicle search,2019-05-12T13:55:07+00:00,False,,52.271518,-1.896916,Male,18-24,White - English/Welsh/Scottish/Northern Irish/British,White,Misuse of Drugs Act 1971 (section 23),Controlled drugs,Community resolution,True,
Person and Vehicle search,2019-05-12T13:58:59+00:00,False,,52.271518,-1.896916,Male,10-17,White - English/Welsh/Scottish/Northern Irish/British,White,Misuse of Drugs Act 1971 (section 23),Controlled drugs,A no further action disposal,True,
Person search,2019-05-12T16:30:00+00:00,False,,52.196513,-1.709193,Male,,Other ethnic group - Not stated,Asian,Police and Criminal Evidence Act 1984 (section 1),Offensive weapons,A no further action disposal,True,
Person search,2019-05-12T17:00:47+00:00,False,,52.103429,-1.641705,Male,10-17,White - English/Welsh/Scottish/Northern Irish/British,White,Police and Criminal Evidence Act 1984 (section 1),Article for use in theft,A no further action disposal,True,
Person search,2019-05-12T17:03:05+00:00,False,,52.103429,-1.641705,Male,10-17,Other ethnic group - Not stated,White,Police and Criminal Evidence Act 1984 (section 1),Article for use in theft,A no further action disposal,True,
Person and Vehicle search,2019-05-12T19:36:26+00:00,False,,52.208786,-1.728489,Female,18-24,White - English/Welsh/Scottish/Northern Irish/British,White,Misuse of Drugs Act 1971 (section 23),Controlled drugs,A no further action disposal,True,
Person search,2019-05-13T21:39:22+00:00,False,,52.387144,-1.268450,Male,10-17,White - English/Welsh/Scottish/Northern Irish/British,White,Police and Criminal Evidence Act 1984 (section 1),Offensive weapons,A no further action disposal,True,
Person search,2019-05-13T23:24:00+00:00,False,,52.290069,-1.535477,Female,over 34,White - English/Welsh/Scottish/Northern Irish/British,White,Police and Criminal Evidence Act 1984 (section 1),Stolen goods,A no further action disposal,True,
Person and Vehicle search,2019-05-14T11:57:00+00:00,True,,52.576978,-1.542177,Male,over 34,White - English/Welsh/Scottish/Northern Irish/British,White,Misuse of Drugs Act 1971 (section 23),Controlled drugs,A no further action disposal,True,
Person and Vehicle search,2019-05-14T11:57:00+00:00,False,,52.576978,-1.542177,Male,over 34,White - English/Welsh/Scottish/Northern Irish/British,White,Misuse of Drugs Act 1971 (section 23),Controlled drugs,A no further action disposal,True,
Person search,2019-05-14T12:35:18+00:00,False,,52.279138,-1.531180,Female,25-34,White - English/Welsh/Scottish/Northern Irish/British,White,Misuse of Drugs Act 1971 (section 23),Controlled drugs,Khat or Cannabis warning,True,
Person search,2019-05-14T12:40:03+00:00,True,,52.278513,-1.532417,Female,over 34,White - English/Welsh/Scottish/Northern Irish/British,White,Misuse of Drugs Act 1971 (section 23),Controlled drugs,A no further action disposal,True,
Person search,2019-05-14T13:53:22+00:00,False,,52.374027,-1.252729,Male,25-34,White - English/Welsh/Scottish/Northern Irish/British,White,Misuse of Drugs Act 1971 (section 23),Controlled drugs,A no further action disposal,True,
Person search,2019-05-14T14:22:19+00:00,True,,52.374279,-1.269956,Male,over 34,White - English/Welsh/Scottish/Northern Irish/British,White,Misuse of Drugs Act 1971 (section 23),Controlled drugs,A no further action disposal,True,
Person search,2019-05-15T00:40:17+00:00,False,,52.525095,-1.478497,Male,over 34,White - English/Welsh/Scottish/Northern Irish/British,White,Police and Criminal Evidence Act 1984 (section 1),Article for use in theft,A no further action disposal,True,False
Person search,2019-05-15T00:43:46+00:00,False,,52.525095,-1.478497,Male,over 34,White - English/Welsh/Scottish/Northern Irish/British,White,Police and Criminal Evidence Act 1984 (section 1),Stolen goods,A no further action disposal,True,
Person search,2019-05-15T13:13:26+00:00,True,,52.288822,-1.533951,Male,18-24,Asian/Asian British - Pakistani,Asian,Misuse of Drugs Act 1971 (section 23),Controlled drugs,A no further action disposal,True,True
Person search,2019-05-15T13:15:22+00:00,True,,52.288822,-1.533951,Male,18-24,White - English/Welsh/Scottish/Northern Irish/British,White,Misuse of Drugs Act 1971 (section 23),Controlled drugs,A no further action disposal,True,True
Person search,2019-05-15T13:17:28+00:00,True,,52.288409,-1.534087,Male,18-24,Asian/Asian British - Pakistani,Asian,Misuse of Drugs Act 1971 (section 23),Controlled drugs,A no further action disposal,True,True
Person search,2019-05-15T13:50:17+00:00,False,,52.374857,-1.257401,Male,18-24,Other ethnic group - Not stated,Black,Misuse of Drugs Act 1971 (section 23),Controlled drugs,A no further action disposal,True,True
Person and Vehicle search,2019-05-15T14:20:53+00:00,True,,52.249653,-1.398971,Male,25-34,White - English/Welsh/Scottish/Northern Irish/British,White,Firearms Act 1968 (section 47),Firearms,Arrest,True,
Person and Vehicle search,2019-05-15T14:20:53+00:00,False,,52.249653,-1.398971,Male,18-24,White - English/Welsh/Scottish/Northern Irish/British,White,Firearms Act 1968 (section 47),Firearms,A no further action disposal,True,
Person search,2019-05-15T14:37:20+00:00,False,,52.278892,-1.548932,Female,18-24,White - Any other White background,White,Police and Criminal Evidence Act 1984 (section 1),Stolen goods,Arrest,True,
Person search,2019-05-16T00:40:00+00:00,False,,52.284395,-1.570968,Male,over 34,White - English/Welsh/Scottish/Northern Irish/British,White,Police and Criminal Evidence Act 1984 (section 1),Stolen goods,A no further action disposal,True,
Person search,2019-05-16T01:31:00+00:00,False,,52.562957,-1.581903,Male,over 34,White - English/Welsh/Scottish/Northern Irish/British,Black,Police and Criminal Evidence Act 1984 (section 1),Article for use in theft,A no further action disposal,True,False
Person search,2019-05-16T04:10:56+00:00,False,,52.478164,-1.471852,Male,over 34,White - English/Welsh/Scottish/Northern Irish/British,White,Police and Criminal Evidence Act 1984 (section 1),Article for use in theft,A no further action disposal,True,
Person search,2019-05-16T10:09:32+00:00,True,,52.288409,-1.534087,Male,over 34,White - English/Welsh/Scottish/Northern Irish/British,White,Misuse of Drugs Act 1971 (section 23),Controlled drugs,A no further action disposal,True,True
Person and Vehicle search,2019-05-16T11:09:19+00:00,False,,52.208786,-1.728489,Male,25-34,White - English/Welsh/Scottish/Northern Irish/British,White,Police and Criminal Evidence Act 1984 (section 1),Stolen goods,Summons / charged by post,True,
Person search,2019-05-16T15:55:00+00:00,False,,,,Male,18-24,White - English/Welsh/Scottish/Northern Irish/British,White,Misuse of Drugs Act 1971 (section 23),Controlled drugs,Arrest,True,
Person search,2019-05-16T17:38:19+00:00,False,,52.378801,-1.308885,Male,10-17,White - English/Welsh/Scottish/Northern Irish/British,White,Police and Criminal Evidence Act 1984 (section 1),Article for use in theft,A no further action disposal,True,
Person search,2019-05-16T17:39:45+00:00,False,,52.378801,-1.308885,Male,10-17,White - English/Welsh/Scottish/Northern Irish/British,White,Police and Criminal Evidence Act 1984 (section 1),Article for use in theft,Community resolution,True,
Person search,2019-05-16T19:59:14+00:00,True,,52.529827,-1.483439,Male,25-34,Asian/Asian British - Any other Asian background,Asian,Misuse of Drugs Act 1971 (section 23),Controlled drugs,A no further action disposal,True,
Person and Vehicle search,2019-05-17T09:25:13+00:00,False,,52.383590,-1.268010,Male,25-34,White - English/Welsh/Scottish/Northern Irish/British,White,Misuse of Drugs Act 1971 (section 23),Controlled drugs,A no further action disposal,True,
Person search,2019-05-18T02:21:32+00:00,False,,52.292712,-1.537840,Male,,Asian/Asian British - Indian,Asian,Misuse of Drugs Act 1971 (section 23),Controlled drugs,Arrest,True,
Person search,2019-05-18T02:33:59+00:00,False,,52.293131,-1.536853,Female,18-24,Other ethnic group - Not stated,Asian,Misuse of Drugs Act 1971 (section 23),Controlled drugs,A no further action disposal,True,
Person search,2019-05-18T02:33:59+00:00,False,,52.293131,-1.536853,Male,18-24,Other ethnic group - Not stated,Mixed,Misuse of Drugs Act 1971 (section 23),Controlled drugs,A no further action disposal,True,
Person search,2019-05-18T15:13:53+00:00,True,,52.292396,-1.542066,Male,over 34,White - English/Welsh/Scottish/Northern Irish/British,White,Misuse of Drugs Act 1971 (section 23),Controlled drugs,A no further action disposal,True,
Person and Vehicle search,2019-05-18T19:20:41+00:00,False,,52.191449,-1.711888,Male,18-24,White - English/Welsh/Scottish/Northern Irish/British,White,Misuse of Drugs Act 1971 (section 23),Controlled drugs,A no further action disposal,True,
Person search,2019-05-18T19:21:53+00:00,False,,52.191449,-1.711888,Male,18-24,White - English/Welsh/Scottish/Northern Irish/British,White,Misuse of Drugs Act 1971 (section 23),Controlled drugs,A no further action disposal,True,
Person search,2019-05-18T19:45:42+00:00,False,,52.291967,-1.535736,Male,over 34,White - English/Welsh/Scottish/Northern Irish/British,White,Police and Criminal Evidence Act 1984 (section 1),Offensive weapons,A no further action disposal,True,
Person search,2019-05-18T23:45:00+00:00,False,,52.467350,-1.478179,Male,10-17,White - English/Welsh/Scottish/Northern Irish/British,White,Police and Criminal Evidence Act 1984 (section 1),Article for use in theft,A no further action disposal,True,
Person search,2019-05-18T23:46:00+00:00,False,,52.467350,-1.478179,Male,10-17,Asian/Asian British - Any other Asian background,Asian,Police and Criminal Evidence Act 1984 (section 1),Article for use in theft,A no further action disposal,True,
Person search,2019-05-19T00:29:40+00:00,False,,52.390943,-1.418435,Male,over 34,Black/African/Caribbean/Black British - Any other Black/African/Caribbean background,Black,Police and Criminal Evidence Act 1984 (section 1),Article for use in theft,A no further action disposal,True,
Person search,2019-05-19T03:07:00+00:00,False,,52.375103,-1.263655,Male,25-34,White - Any other White background,White,Misuse of Drugs Act 1971 (section 23),Controlled drugs,Community resolution,False,
Person and Vehicle search,2019-05-19T04:48:22+00:00,False,,52.193323,-1.702777,Male,18-24,White - English/Welsh/Scottish/Northern Irish/British,White,Misuse of Drugs Act 1971 (section 23),Controlled drugs,A no further action disposal,True,
Person and Vehicle search,2019-05-19T04:50:43+00:00,False,,52.193323,-1.702777,Male,18-24,White - English/Welsh/Scottish/Northern Irish/British,White,Misuse of Drugs Act 1971 (section 23),Controlled drugs,Khat or Cannabis warning,True,
Person and Vehicle search,2019-05-19T04:54:56+00:00,False,,52.193323,-1.702777,Female,18-24,White - English/Welsh/Scottish/Northern Irish/British,White,Misuse of Drugs Act 1971 (section 23),Controlled drugs,A no further action disposal,True,
Person and Vehicle search,2019-05-19T04:54:56+00:00,False,,52.193323,-1.702777,Female,18-24,Other ethnic group - Not stated,White,Misuse of Drugs Act 1971 (section 23),Controlled drugs,A no further action disposal,True,
Person search,2019-05-19T12:49:27+00:00,False,,52.534310,-1.443139,Male,25-34,White - English/Welsh/Scottish/Northern Irish/British,White,Psychoactive Substances Act 2016 (s36(2)),Controlled drugs,Khat or Cannabis warning,True,
Person search,2019-05-19T12:52:06+00:00,False,,52.534310,-1.443139,Male,25-34,White - English/Welsh/Scottish/Northern Irish/British,White,Misuse of Drugs Act 1971 (section 23),Controlled drugs,Khat or Cannabis warning,True,
Person search,2019-05-19T12:57:41+00:00,False,,52.488573,-1.473392,Male,10-17,Other ethnic group - Not stated,White,Misuse of Drugs Act 1971 (section 23),Controlled drugs,Arrest,True,True
Person search,2019-05-20T09:14:45+00:00,False,,52.191330,-1.710997,Female,over 34,White - English/Welsh/Scottish/Northern Irish/British,White,Police and Criminal Evidence Act 1984 (section 1),Anything to threaten or harm anyone,A no further action disposal,True,
Person search,2019-05-20T11:45:00+00:00,False,,52.514671,-1.498205,Male,25-34,Asian/Asian British - Pakistani,Asian,Misuse of Drugs Act 1971 (section 23),Controlled drugs,A no further action disposal,True,
Person and Vehicle search,2019-05-20T11:45:00+00:00,False,,52.515451,-1.497710,Male,25-34,Asian/Asian British - Indian,Asian,Misuse of Drugs Act 1971 (section 23),Controlled drugs,A no further action disposal,True,
Person and Vehicle search,2019-05-21T21:04:16+00:00,False,,52.589854,-1.783149,Male,over 34,Black/African/Caribbean/Black British - Caribbean,Black,Misuse of Drugs Act 1971 (section 23),Controlled drugs,A no further action disposal,True,
Person and Vehicle search,2019-05-22T04:24:46+00:00,False,,52.389076,-1.255400,Male,over 34,White - Any other White background,Mixed,Police and Criminal Evidence Act 1984 (section 1),Stolen goods,A no further action disposal,True,False
Person and Vehicle search,2019-05-22T04:26:55+00:00,False,,52.389076,-1.255400,Male,25-34,White - Any other White background,White,Police and Criminal Evidence Act 1984 (section 1),Article for use in theft,A no further action disposal,True,
Person search,2019-05-22T10:33:52+00:00,False,,52.574077,-1.540643,Male,18-24,White - English/Welsh/Scottish/Northern Irish/British,White,Police and Criminal Evidence Act 1984 (section 1),Article for use in theft,A no further action disposal,True,
Person and Vehicle search,2019-05-22T13:49:00+00:00,False,,52.254838,-1.618908,Male,18-24,Black/African/Caribbean/Black British - Caribbean,Black,Firearms Act 1968 (section 47),Firearms,Arrest,False,
Person search,2019-05-22T20:49:51+00:00,False,,52.346543,-1.572907,Male,10-17,White - English/Welsh/Scottish/Northern Irish/British,White,Police and Criminal Evidence Act 1984 (section 1),Article for use in theft,A no further action disposal,True,
Person search,2019-05-22T20:56:15+00:00,False,,52.345640,-1.574222,Male,10-17,White - English/Welsh/Scottish/Northern Irish/British,White,Police and Criminal Evidence Act 1984 (section 1),Article for use in theft,A no further action disposal,True,False
Person and Vehicle search,2019-05-22T23:25:31+00:00,False,,52.404295,-1.435355,Female,25-34,White - English/Welsh/Scottish/Northern Irish/British,White,Misuse of Drugs Act 1971 (section 23),Controlled drugs,Caution (simple or conditional),True,
Person and Vehicle search,2019-05-22T23:28:08+00:00,False,,52.404295,-1.435355,Male,25-34,White - English/Welsh/Scottish/Northern Irish/British,White,Misuse of Drugs Act 1971 (section 23),Controlled drugs,Arrest,False,
Person search,2019-05-23T21:14:23+00:00,False,,52.529706,-1.507807,Male,10-17,White - English/Welsh/Scottish/Northern Irish/British,White,Police and Criminal Evidence Act 1984 (section 1),Offensive weapons,A no further action disposal,True,
Person search,2019-05-24T00:30:23+00:00,False,,52.358334,-1.226680,Male,25-34,White - Any other White background,White,Police and Criminal Evidence Act 1984 (section 1),Article for use in theft,A no further action disposal,True,
Person search,2019-05-24T00:30:49+00:00,False,,52.358334,-1.226680,Male,18-24,White - Any other White background,White,Police and Criminal Evidence Act 1984 (section 1),Article for use in theft,A no further action disposal,True,
Person and Vehicle search,2019-05-24T02:30:28+00:00,False,,52.288822,-1.533951,Male,25-34,White - Any other White background,White,Misuse of Drugs Act 1971 (section 23),Controlled drugs,Arrest,True,
Person search,2019-05-24T04:38:47+00:00,False,,52.293753,-1.537242,Male,25-34,White - English/Welsh/Scottish/Northern Irish/British,White,Police and Criminal Evidence Act 1984 (section 1),Article for use in theft,A no further action disposal,True,False
Person and Vehicle search,2019-05-24T14:28:26+00:00,False,,52.430049,-1.490282,Male,18-24,Asian/Asian British - Pakistani,Asian,Police and Criminal Evidence Act 1984 (section 1),Stolen goods,Arrest,False,
Person search,2019-05-25T12:02:28+00:00,False,,52.372918,-1.260754,Male,over 34,White - English/Welsh/Scottish/Northern Irish/British,White,Police and Criminal Evidence Act 1984 (section 1),Anything to threaten or harm anyone,A no further action disposal,True,
Person search,2019-05-25T17:18:00+00:00,False,,,,Male,10-17,White - English/Welsh/Scottish/Northern Irish/British,White,Police and Criminal Evidence Act 1984 (section 1),Offensive weapons,A no further action disposal,True,False
Person and Vehicle search,2019-05-26T02:24:51+00:00,False,,52.529498,-1.460005,Male,18-24,Asian/Asian British - Any other Asian background,Asian,Misuse of Drugs Act 1971 (section 23),Controlled drugs,A no further action disposal,True,
Person and Vehicle search,2019-05-26T02:24:51+00:00,False,,52.529498,-1.460005,Male,18-24,Asian/Asian British - Indian,Asian,Misuse of Drugs Act 1971 (section 23),Controlled drugs,A no further action disposal,True,
Person search,2019-05-26T21:10:00+00:00,False,,52.393227,-1.259342,Male,10-17,White - English/Welsh/Scottish/Northern Irish/British,White,Police and Criminal Evidence Act 1984 (section 1),Articles for use in criminal damage,A no further action disposal,True,
Person search,2019-05-26T21:14:00+00:00,False,,52.393227,-1.259342,Male,10-17,White - English/Welsh/Scottish/Northern Irish/British,White,Police and Criminal Evidence Act 1984 (section 1),Articles for use in criminal damage,A no further action disposal,True,
Person search,2019-05-26T23:20:00+00:00,False,,52.304791,-1.683993,Male,18-24,White - English/Welsh/Scottish/Northern Irish/British,White,Misuse of Drugs Act 1971 (section 23),Controlled drugs,A no further action disposal,True,
Person search,2019-05-27T02:40:44+00:00,False,,52.259719,-1.621489,Male,10-17,White - English/Welsh/Scottish/Northern Irish/British,White,Misuse of Drugs Act 1971 (section 23),Controlled drugs,A no further action disposal,True,
Person and Vehicle search,2019-05-27T02:48:15+00:00,False,,,,Male,10-17,White - English/Welsh/Scottish/Northern Irish/British,White,Misuse of Drugs Act 1971 (section 23),Controlled drugs,Arrest,True,
Person search,2019-05-27T18:48:44+00:00,False,,52.268613,-1.608620,Male,over 34,Asian/Asian British - Indian,Asian,Misuse of Drugs Act 1971 (section 23),Controlled drugs,Khat or Cannabis warning,True,
Person search,2019-05-27T19:30:00+00:00,False,,,,Male,10-17,White - English/Welsh/Scottish/Northern Irish/British,White,Misuse of Drugs Act 1971 (section 23),Controlled drugs,A no further action disposal,True,
Person search,2019-05-28T12:44:07+00:00,False,,52.195690,-1.699938,Male,over 34,White - English/Welsh/Scottish/Northern Irish/British,White,Misuse of Drugs Act 1971 (section 23),Controlled drugs,A no further action disposal,True,
Person search,2019-05-28T12:44:07+00:00,False,,,,Male,10-17,Black/African/Caribbean/Black British - Any other Black/African/Caribbean background,Black,Police and Criminal Evidence Act 1984 (section 1),Offensive weapons,A no further action disposal,True,
Person search,2019-05-28T13:11:12+00:00,False,,,,Male,10-17,White - English/Welsh/Scottish/Northern Irish/British,White,Police and Criminal Evidence Act 1984 (section 1),Offensive weapons,Arrest,True,
Person search,2019-05-28T13:13:18+00:00,False,,52.193323,-1.702777,Male,over 34,White - English/Welsh/Scottish/Northern Irish/British,White,Misuse of Drugs Act 1971 (section 23),Controlled drugs,A no further action disposal,True,False
Person search,2019-05-28T13:13:48+00:00,False,,52.288409,-1.534087,Female,over 34,Other ethnic group - Not stated,Mixed,Misuse of Drugs Act 1971 (section 23),Controlled drugs,A no further action disposal,True,
Person search,2019-05-28T13:16:24+00:00,False,,52.247046,-1.642893,Male,over 34,White - English/Welsh/Scottish/Northern Irish/British,White,Misuse of Drugs Act 1971 (section 23),Controlled drugs,A no further action disposal,True,
Person and Vehicle search,2019-05-28T20:44:45+00:00,False,,52.515871,-1.667981,Male,18-24,White - English/Welsh/Scottish/Northern Irish/British,White,Misuse of Drugs Act 1971 (section 23),Controlled drugs,A no further action disposal,True,
Person search,2019-05-28T20:45:56+00:00,False,,52.514285,-1.663676,Male,18-24,White - English/Welsh/Scottish/Northern Irish/British,White,Misuse of Drugs Act 1971 (section 23),Controlled drugs,Caution (simple or conditional),True,
Person search,2019-05-29T09:00:00+00:00,False,,52.375103,-1.263655,Male,over 34,White - English/Welsh/Scottish/Northern Irish/British,White,Police and Criminal Evidence Act 1984 (section 1),Offensive weapons,Arrest,True,False
Person search,2019-05-29T10:00:00+00:00,False,,52.383535,-1.266483,Male,10-17,White - Any other White background,White,Police and Criminal Evidence Act 1984 (section 1),Article for use in theft,A no further action disposal,True,
Person search,2019-05-29T10:23:49+00:00,False,,52.374798,-1.260913,Male,10-17,White - Any other White background,White,Police and Criminal Evidence Act 1984 (section 1),Article for use in theft,A no further action disposal,True,
Person search,2019-05-29T10:26:57+00:00,False,,52.374798,-1.260913,Male,10-17,White - Any other White background,White,Police and Criminal Evidence Act 1984 (section 1),Article for use in theft,A no further action disposal,True,
Person and Vehicle search,2019-05-29T10:52:22+00:00,False,,52.517308,-1.555353,Male,25-34,White - English/Welsh/Scottish/Northern Irish/British,White,Police and Criminal Evidence Act 1984 (section 1),Offensive weapons,A no further action disposal,True,
Person search,2019-05-29T17:21:05+00:00,True,,52.486179,-1.470843,Male,10-17,White - English/Welsh/Scottish/Northern Irish/British,White,Misuse of Drugs Act 1971 (section 23),Controlled drugs,A no further action disposal,True,
Person search,2019-05-29T17:25:25+00:00,True,,52.486179,-1.470843,Male,10-17,Asian/Asian British - Indian,Asian,Misuse of Drugs Act 1971 (section 23),Controlled drugs,A no further action disposal,True,
Person search,2019-05-29T18:23:11+00:00,False,,52.208786,-1.728489,Female,over 34,White - English/Welsh/Scottish/Northern Irish/British,White,Misuse of Drugs Act 1971 (section 23),Controlled drugs,Caution (simple or conditional),True,
Person search,2019-05-29T18:33:28+00:00,True,,52.480725,-1.473633,Male,10-17,White - English/Welsh/Scottish/Northern Irish/British,White,Police and Criminal Evidence Act 1984 (section 1),Offensive weapons,A no further action disposal,True,
Person search,2019-05-29T20:33:59+00:00,True,,52.480725,-1.473633,Male,10-17,White - English/Welsh/Scottish/Northern Irish/British,White,Police and Criminal Evidence Act 1984 (section 1),Offensive weapons,A no further action disposal,True,
Person search,2019-05-29T20:39:08+00:00,True,,52.480583,-1.473988,Male,10-17,White - English/Welsh/Scottish/Northern Irish/British,White,Police and Criminal Evidence Act 1984 (section 1),Offensive weapons,A no further action disposal,True,
Person search,2019-05-29T20:40:33+00:00,True,,52.480583,-1.473988,Male,10-17,White - English/Welsh/Scottish/Northern Irish/British,White,Misuse of Drugs Act 1971 (section 23),Controlled drugs,A no further action disposal,True,
Person search,2019-05-29T22:04:27+00:00,False,,52.253745,-1.888065,Male,18-24,White - English/Welsh/Scottish/Northern Irish/British,White,Police and Criminal Evidence Act 1984 (section 1),Article for use in theft,Arrest,True,
Person and Vehicle search,2019-05-29T22:06:53+00:00,False,,,,Male,10-17,Other ethnic group - Not stated,White,Police and Criminal Evidence Act 1984 (section 1),Article for use in theft,Arrest,True,
Person search,2019-05-29T22:31:45+00:00,False,,52.273186,-1.892926,Male,18-24,White - English/Welsh/Scottish/Northern Irish/British,White,Police and Criminal Evidence Act 1984 (section 1),Article for use in theft,A no further action disposal,True,
Person search,2019-05-30T13:33:20+00:00,False,,52.265248,-1.465754,Male,25-34,White - English/Welsh/Scottish/Northern Irish/British,White,Police and Criminal Evidence Act 1984 (section 1),Stolen goods,A no further action disposal,True,
Person and Vehicle search,2019-05-30T15:24:38+00:00,False,,52.373650,-1.268482,Male,25-34,White - English/Welsh/Scottish/Northern Irish/British,White,Misuse of Drugs Act 1971 (section 23),Controlled drugs,A no further action disposal,True,
Person search,2019-05-30T17:00:00+00:00,False,,52.360788,-1.267549,Male,over 34,White - English/Welsh/Scottish/Northern Irish/British,White,Police and Criminal Evidence Act 1984 (section 1),Stolen goods,Community resolution,True,
Person search,2019-05-30T18:02:51+00:00,False,,52.375103,-1.263655,Male,over 34,White - English/Welsh/Scottish/Northern Irish/British,White,Police and Criminal Evidence Act 1984 (section 1),Offensive weapons,A no further action disposal,True,True
Person search,2019-05-30T20:34:00+00:00,True,,52.478164,-1.471852,Male,10-17,White - Any other White background,White,Police and Criminal Evidence Act 1984 (section 1),Offensive weapons,A no further action disposal,True,
Person search,2019-05-31T04:46:41+00:00,False,,52.191449,-1.711888,Male,25-34,White - English/Welsh/Scottish/Northern Irish/British,Black,Police and Criminal Evidence Act 1984 (section 1),Offensive weapons,A no further action disposal,True,
Person search,2019-05-31T20:52:10+00:00,False,,52.378271,-1.265659,Male,over 34,White - English/Welsh/Scottish/Northern Irish/British,White,Police and Criminal Evidence Act 1984 (section 1),Article for use in theft,A no further action disposal,True,
Person and Vehicle search,2019-05-31T22:49:43+00:00,False,,52.475034,-1.500407,Male,25-34,White - Any other White background,White,Police and Criminal Evidence Act 1984 (section 1),Article for use in theft,Summons / charged by post,True,
