Type,Date,Part of a policing operation,Policing operation,Latitude,Longitude,Gender,Age range,Self-defined ethnicity,Officer-defined ethnicity,Legislation,Object of search,Outcome,Outcome linked to object of search,Removal of more than just outer clothing
Person search,2019-10-01T02:00:00+00:00,,,51.714430,-3.054526,Male,18-24,White - English/Welsh/Scottish/Northern Irish/British,,Police and Criminal Evidence Act 1984 (section 1),,A no further action disposal,,
Person search,2019-10-01T08:00:00+00:00,,,,,Male,over 34,White - English/Welsh/Scottish/Northern Irish/British,,Police and Criminal Evidence Act 1984 (section 1),,A no further action disposal,,
Person search,2019-10-01T11:00:00+00:00,,,51.591276,-2.990190,Male,25-34,White - English/Welsh/Scottish/Northern Irish/British,,Misuse of Drugs Act 1971 (section 23),,,,
Vehicle search,2019-10-01T11:00:00+00:00,,,51.591276,-2.990190,,,,,Misuse of Drugs Act 1971 (section 23),,A no further action disposal,,
Person search,2019-10-01T13:00:00+00:00,,,51.699975,-3.040139,Male,18-24,White - English/Welsh/Scottish/Northern Irish/British,,Misuse of Drugs Act 1971 (section 23),,A no further action disposal,,
Vehicle search,2019-10-01T13:00:00+00:00,,,51.699975,-3.040139,,,,,Misuse of Drugs Act 1971 (section 23),,,,
Person search,2019-10-01T13:00:00+00:00,,,51.699975,-3.040139,Male,18-24,White - English/Welsh/Scottish/Northern Irish/British,,Misuse of Drugs Act 1971 (section 23),,A no further action disposal,,
Person search,2019-10-01T15:00:00+00:00,,,51.582113,-2.992315,Male,18-24,White - English/Welsh/Scottish/Northern Irish/British,,Misuse of Drugs Act 1971 (section 23),,A no further action disposal,,
Person search,2019-10-01T16:00:00+00:00,,,,,Male,over 34,Black/African/Caribbean/Black British - African,,Misuse of Drugs Act 1971 (section 23),,A no further action disposal,,
Vehicle search,2019-10-01T16:00:00+00:00,,,51.582113,-2.992315,,,,,Misuse of Drugs Act 1971 (section 23),,A no further action disposal,,
Person search,2019-10-01T22:00:00+00:00,,,51.575970,-3.225656,Male,10-17,White - English/Welsh/Scottish/Northern Irish/British,,Misuse of Drugs Act 1971 (section 23),,A no further action disposal,,
Person search,2019-10-01T23:00:00+00:00,,,51.642537,-2.672879,Male,25-34,White - English/Welsh/Scottish/Northern Irish/British,,Misuse of Drugs Act 1971 (section 23),,A no further action disposal,,
Vehicle search,2019-10-01T23:00:00+00:00,,,51.642537,-2.672879,,,,,Misuse of Drugs Act 1971 (section 23),,A no further action disposal,,
Person search,2019-10-02T10:00:00+00:00,,,51.631931,-3.001334,Female,18-24,White - English/Welsh/Scottish/Northern Irish/British,,Misuse of Drugs Act 1971 (section 23),,A no further action disposal,,
Person search,2019-10-02T13:00:00+00:00,,,51.646781,-2.686803,Male,18-24,White - English/Welsh/Scottish/Northern Irish/British,,Misuse of Drugs Act 1971 (section 23),,,,
Vehicle search,2019-10-02T13:00:00+00:00,,,51.646781,-2.686803,,,,,Misuse of Drugs Act 1971 (section 23),,,,
Person search,2019-10-02T14:00:00+00:00,,,,,Male,10-17,Mixed/Multiple ethnic groups - White and Black Caribbean,,Firearms Act 1968 (section 47),,A no further action disposal,,
Person search,2019-10-02T17:00:00+00:00,,,51.594486,-2.989105,Male,18-24,White - English/Welsh/Scottish/Northern Irish/British,,Misuse of Drugs Act 1971 (section 23),,,,
Person search,2019-10-02T17:00:00+00:00,,,51.588421,-2.760562,Male,10-17,White - English/Welsh/Scottish/Northern Irish/British,,Misuse of Drugs Act 1971 (section 23),,A no further action disposal,,
Person search,2019-10-02T17:00:00+00:00,,,51.594486,-2.989105,Male,18-24,White - English/Welsh/Scottish/Northern Irish/British,,Misuse of Drugs Act 1971 (section 23),,,,
Person search,2019-10-02T17:00:00+00:00,,,51.577489,-2.950306,Male,10-17,White - English/Welsh/Scottish/Northern Irish/British,,Misuse of Drugs Act 1971 (section 23),,A no further action disposal,,
Person search,2019-10-02T17:00:00+00:00,,,51.642175,-2.674753,Female,25-34,White - English/Welsh/Scottish/Northern Irish/British,,Police and Criminal Evidence Act 1984 (section 1),Stolen goods,Penalty Notice for Disorder,,
Person search,2019-10-02T18:00:00+00:00,,,51.585002,-2.949640,Male,over 34,White - English/Welsh/Scottish/Northern Irish/British,,Police and Criminal Evidence Act 1984 (section 1),,A no further action disposal,,
Person search,2019-10-02T18:00:00+00:00,,,51.587053,-2.971550,Male,10-17,White - English/Welsh/Scottish/Northern Irish/British,,Misuse of Drugs Act 1971 (section 23),,A no further action disposal,,
Vehicle search,2019-10-02T18:00:00+00:00,,,51.585002,-2.949640,,,,,Police and Criminal Evidence Act 1984 (section 1),,,,
Person search,2019-10-02T22:00:00+00:00,,,51.798386,-3.179183,Male,over 34,White - English/Welsh/Scottish/Northern Irish/British,,Police and Criminal Evidence Act 1984 (section 1),,A no further action disposal,,
Person search,2019-10-02T22:00:00+00:00,,,51.786444,-3.214638,Male,18-24,White - English/Welsh/Scottish/Northern Irish/British,,Firearms Act 1968 (section 47),Firearms,A no further action disposal,,
Person search,2019-10-03T00:00:00+00:00,,,51.483192,-3.171004,Male,10-17,White - English/Welsh/Scottish/Northern Irish/British,,Firearms Act 1968 (section 47),Firearms,A no further action disposal,,
Person search,2019-10-03T01:00:00+00:00,,,51.587567,-2.997067,Male,25-34,Mixed/Multiple ethnic groups - Any other Mixed/Multiple ethnic background,,Police and Criminal Evidence Act 1984 (section 1),,A no further action disposal,,
Person search,2019-10-03T07:00:00+00:00,,,51.589736,-2.977627,Male,over 34,White - English/Welsh/Scottish/Northern Irish/British,,Police and Criminal Evidence Act 1984 (section 1),,,,
Person search,2019-10-03T07:00:00+00:00,,,51.589736,-2.977627,Female,25-34,White - English/Welsh/Scottish/Northern Irish/British,,Firearms Act 1968 (section 47),,,,
Person search,2019-10-03T10:00:00+00:00,,,,,Male,10-17,White - English/Welsh/Scottish/Northern Irish/British,,Police and Criminal Evidence Act 1984 (section 1),Stolen goods,A no further action disposal,,
Person search,2019-10-03T10:00:00+00:00,,,,,Male,10-17,White - English/Welsh/Scottish/Northern Irish/British,,Police and Criminal Evidence Act 1984 (section 1),,A no further action disposal,,
Person search,2019-10-03T10:00:00+00:00,,,,,Male,10-17,White - English/Welsh/Scottish/Northern Irish/British,,Police and Criminal Evidence Act 1984 (section 1),Article for use in theft,A no further action disposal,,
Person search,2019-10-03T11:00:00+00:00,,,51.586979,-2.997530,Male,over 34,White - English/Welsh/Scottish/Northern Irish/British,,,,A no further action disposal,,
Person search,2019-10-03T16:00:00+00:00,,,51.586683,-2.992140,Male,25-34,White - English/Welsh/Scottish/Northern Irish/British,,Misuse of Drugs Act 1971 (section 23),,A no further action disposal,,
Vehicle search,2019-10-04T11:00:00+00:00,,,51.590450,-2.995311,,,,,Misuse of Drugs Act 1971 (section 23),,,,
Person search,2019-10-04T11:00:00+00:00,,,51.590450,-2.995311,Male,25-34,Other ethnic group - Not stated,,Misuse of Drugs Act 1971 (section 23),,A no further action disposal,,
Person search,2019-10-04T12:00:00+00:00,,,,,Male,,Other ethnic group - Not stated,,Police and Criminal Evidence Act 1984 (section 1),,A no further action disposal,,
Person search,2019-10-04T12:00:00+00:00,,,,,Male,,Other ethnic group - Not stated,,Police and Criminal Evidence Act 1984 (section 1),,A no further action disposal,,
Person search,2019-10-04T12:00:00+00:00,,,51.588021,-2.982657,Male,10-17,Mixed/Multiple ethnic groups - White and Asian,,Police and Criminal Evidence Act 1984 (section 1),,A no further action disposal,,
Person search,2019-10-04T18:00:00+00:00,,,51.650654,-3.019814,Male,18-24,White - English/Welsh/Scottish/Northern Irish/British,,Misuse of Drugs Act 1971 (section 23),,Penalty Notice for Disorder,,
Person search,2019-10-04T18:00:00+00:00,,,51.650654,-3.019814,Female,18-24,White - English/Welsh/Scottish/Northern Irish/British,,Misuse of Drugs Act 1971 (section 23),,A no further action disposal,,
Vehicle search,2019-10-04T18:00:00+00:00,,,51.650654,-3.019814,,,,,Misuse of Drugs Act 1971 (section 23),,A no further action disposal,,
Vehicle search,2019-10-04T19:00:00+00:00,,,51.545452,-3.078144,,,,,Misuse of Drugs Act 1971 (section 23),,A no further action disposal,,
Person search,2019-10-04T19:00:00+00:00,,,51.545452,-3.078144,Male,10-17,White - English/Welsh/Scottish/Northern Irish/British,,Misuse of Drugs Act 1971 (section 23),,A no further action disposal,,
Vehicle search,2019-10-04T23:00:00+00:00,,,51.590848,-2.725251,,,,,Misuse of Drugs Act 1971 (section 23),,A no further action disposal,,
Person search,2019-10-04T23:00:00+00:00,,,51.655265,-3.021147,Male,18-24,White - English/Welsh/Scottish/Northern Irish/British,,Misuse of Drugs Act 1971 (section 23),,A no further action disposal,,
Person search,2019-10-04T23:00:00+00:00,,,51.590848,-2.725251,Male,18-24,White - English/Welsh/Scottish/Northern Irish/British,,Misuse of Drugs Act 1971 (section 23),,,,
Vehicle search,2019-10-04T23:00:00+00:00,,,,,,,,,Misuse of Drugs Act 1971 (section 23),,Penalty Notice for Disorder,,
Person search,2019-10-05T03:00:00+00:00,,,51.538544,-3.130884,Male,25-34,Asian/Asian British - Any other Asian background,,Misuse of Drugs Act 1971 (section 23),,A no further action disposal,,
Vehicle search,2019-10-05T03:00:00+00:00,,,51.538544,-3.130884,,,,,Misuse of Drugs Act 1971 (section 23),,A no further action disposal,,
Person search,2019-10-05T04:00:00+00:00,,,51.539271,-3.131103,Male,25-34,Asian/Asian British - Any other Asian background,,Misuse of Drugs Act 1971 (section 23),,A no further action disposal,,
Person search,2019-10-05T15:00:00+00:00,,,51.641302,-2.690347,Male,18-24,White - English/Welsh/Scottish/Northern Irish/British,,Misuse of Drugs Act 1971 (section 23),,A no further action disposal,,
Vehicle search,2019-10-05T15:00:00+00:00,,,51.641302,-2.690347,,,,,Misuse of Drugs Act 1971 (section 23),,,,
Person search,2019-10-05T16:00:00+00:00,,,51.577298,-3.214695,Male,25-34,White - English/Welsh/Scottish/Northern Irish/British,,Police and Criminal Evidence Act 1984 (section 1),Offensive weapons,A no further action disposal,,
Person search,2019-10-05T16:00:00+00:00,,,51.577298,-3.214695,Male,25-34,White - English/Welsh/Scottish/Northern Irish/British,,Police and Criminal Evidence Act 1984 (section 1),,A no further action disposal,,
Person search,2019-10-05T19:00:00+00:00,,,51.822931,-3.028997,Male,over 34,White - English/Welsh/Scottish/Northern Irish/British,,Misuse of Drugs Act 1971 (section 23),,A no further action disposal,,
Vehicle search,2019-10-05T19:00:00+00:00,,,51.822931,-3.028997,,,,,Misuse of Drugs Act 1971 (section 23),,,,
Person search,2019-10-05T19:00:00+00:00,,,51.816615,-3.028490,Male,over 34,White - English/Welsh/Scottish/Northern Irish/British,,Misuse of Drugs Act 1971 (section 23),,A no further action disposal,,
Vehicle search,2019-10-05T20:00:00+00:00,,,51.587530,-2.939459,,,,,Misuse of Drugs Act 1971 (section 23),,,,
Person search,2019-10-05T20:00:00+00:00,,,51.587530,-2.939459,Male,over 34,White - English/Welsh/Scottish/Northern Irish/British,,Misuse of Drugs Act 1971 (section 23),,,,
Person search,2019-10-05T22:00:00+00:00,,,51.684983,-3.027211,Male,18-24,White - English/Welsh/Scottish/Northern Irish/British,,Misuse of Drugs Act 1971 (section 23),,,,
Vehicle search,2019-10-05T22:00:00+00:00,,,51.684983,-3.027211,,,,,Misuse of Drugs Act 1971 (section 23),,A no further action disposal,,
Person search,2019-10-05T22:00:00+00:00,,,51.656213,-3.030940,Male,18-24,White - Any other White background,,Misuse of Drugs Act 1971 (section 23),,,,
Vehicle search,2019-10-05T22:00:00+00:00,,,51.656213,-3.030940,,,,,Misuse of Drugs Act 1971 (section 23),,A no further action disposal,,
Person search,2019-10-05T22:00:00+00:00,,,51.656213,-3.030940,Female,10-17,,,Misuse of Drugs Act 1971 (section 23),,A no further action disposal,,
Person search,2019-10-05T22:00:00+00:00,,,51.656213,-3.030940,Male,18-24,Black/African/Caribbean/Black British - Any other Black/African/Caribbean background,,Misuse of Drugs Act 1971 (section 23),,A no further action disposal,,
Person search,2019-10-05T23:00:00+00:00,,,51.655265,-3.021147,Male,18-24,White - English/Welsh/Scottish/Northern Irish/British,,Misuse of Drugs Act 1971 (section 23),,A no further action disposal,,
Person search,2019-10-06T00:00:00+00:00,,,51.829694,-3.039019,Male,18-24,White - English/Welsh/Scottish/Northern Irish/British,,Misuse of Drugs Act 1971 (section 23),,A no further action disposal,,
Person search,2019-10-06T00:00:00+00:00,,,51.824775,-3.021697,Male,18-24,White - English/Welsh/Scottish/Northern Irish/British,,Misuse of Drugs Act 1971 (section 23),,Penalty Notice for Disorder,,
Person search,2019-10-06T01:00:00+00:00,,,51.587365,-3.002807,Male,over 34,Mixed/Multiple ethnic groups - Any other Mixed/Multiple ethnic background,,Misuse of Drugs Act 1971 (section 23),,A no further action disposal,,
Person search,2019-10-06T02:00:00+00:00,,,51.629136,-2.678243,Male,over 34,White - English/Welsh/Scottish/Northern Irish/British,,Police and Criminal Evidence Act 1984 (section 1),Stolen goods,A no further action disposal,,
Person search,2019-10-06T02:00:00+00:00,,,51.629136,-2.678243,Male,over 34,White - English/Welsh/Scottish/Northern Irish/British,,Police and Criminal Evidence Act 1984 (section 1),,A no further action disposal,,
Person search,2019-10-06T14:00:00+00:00,,,51.668140,-3.219177,Male,10-17,White - English/Welsh/Scottish/Northern Irish/British,,Police and Criminal Evidence Act 1984 (section 1),,A no further action disposal,,
Person search,2019-10-07T00:00:00+00:00,,,51.580486,-2.827668,Male,25-34,White - English/Welsh/Scottish/Northern Irish/British,,Misuse of Drugs Act 1971 (section 23),,,,
Vehicle search,2019-10-07T00:00:00+00:00,,,51.580486,-2.827668,,,,,Misuse of Drugs Act 1971 (section 23),,A no further action disposal,,
Person search,2019-10-07T09:00:00+00:00,,,51.821670,-3.018971,Male,over 34,White - English/Welsh/Scottish/Northern Irish/British,,Misuse of Drugs Act 1971 (section 23),,A no further action disposal,,
Person search,2019-10-07T10:00:00+00:00,,,51.545452,-3.078144,Male,over 34,White - English/Welsh/Scottish/Northern Irish/British,,Police and Criminal Evidence Act 1984 (section 1),Stolen goods,A no further action disposal,,
Person search,2019-10-07T20:00:00+00:00,,,51.589969,-2.995820,Male,10-17,White - English/Welsh/Scottish/Northern Irish/British,,Police and Criminal Evidence Act 1984 (section 1),,A no further action disposal,,
Person search,2019-10-08T00:00:00+00:00,,,51.660554,-3.244550,Male,25-34,White - English/Welsh/Scottish/Northern Irish/British,,Police and Criminal Evidence Act 1984 (section 1),,A no further action disposal,,
Person search,2019-10-08T00:00:00+00:00,,,51.660554,-3.244550,Male,25-34,White - English/Welsh/Scottish/Northern Irish/British,,Police and Criminal Evidence Act 1984 (section 1),Stolen goods,A no further action disposal,,
Person search,2019-10-08T21:00:00+00:00,,,51.588183,-3.237388,Male,25-34,White - English/Welsh/Scottish/Northern Irish/British,,Police and Criminal Evidence Act 1984 (section 1),Offensive weapons,,,
Person search,2019-10-09T00:00:00+00:00,,,51.621278,-3.010546,Male,25-34,White - English/Welsh/Scottish/Northern Irish/British,,Misuse of Drugs Act 1971 (section 23),,,,
Person search,2019-10-09T00:00:00+00:00,,,51.764553,-3.235047,Female,25-34,Black/African/Caribbean/Black British - Caribbean,,Police and Criminal Evidence Act 1984 (section 1),,A no further action disposal,,
Person search,2019-10-09T03:00:00+00:00,,,51.583485,-2.963680,Female,25-34,Other ethnic group - Not stated,,Misuse of Drugs Act 1971 (section 23),,A no further action disposal,,
Person search,2019-10-09T03:00:00+00:00,,,51.583485,-2.963680,Male,over 34,Other ethnic group - Not stated,,Misuse of Drugs Act 1971 (section 23),,A no further action disposal,,
Person search,2019-10-09T23:00:00+00:00,,,51.618273,-2.967003,Male,18-24,Other ethnic group - Not stated,,Police and Criminal Evidence Act 1984 (section 1),,A no further action disposal,,
Person search,2019-10-09T23:00:00+00:00,,,51.618273,-2.967003,Male,18-24,Other ethnic group - Not stated,,Police and Criminal Evidence Act 1984 (section 1),Article for use in theft,A no further action disposal,,
Person search,2019-10-10T14:00:00+00:00,,,51.588768,-2.762488,Male,10-17,White - English/Welsh/Scottish/Northern Irish/British,,Misuse of Drugs Act 1971 (section 23),,,,
Person search,2019-10-10T16:00:00+00:00,,,51.781062,-3.206419,Male,over 34,White - English/Welsh/Scottish/Northern Irish/British,,Police and Criminal Evidence Act 1984 (section 1),Stolen goods,Summons / charged by post,,
Vehicle search,2019-10-11T09:00:00+00:00,,,51.610146,-3.087085,,,,,Misuse of Drugs Act 1971 (section 23),,A no further action disposal,,
Person search,2019-10-11T16:00:00+00:00,,,51.575551,-2.987886,Male,10-17,Asian/Asian British - Bangladeshi,,Misuse of Drugs Act 1971 (section 23),,A no further action disposal,,
Person search,2019-10-11T17:00:00+00:00,,,51.646162,-3.037852,Male,18-24,White - English/Welsh/Scottish/Northern Irish/British,,Misuse of Drugs Act 1971 (section 23),,A no further action disposal,,
Vehicle search,2019-10-11T17:00:00+00:00,,,51.646162,-3.037852,,,,,Misuse of Drugs Act 1971 (section 23),,A no further action disposal,,
Person search,2019-10-11T17:00:00+00:00,,,51.646162,-3.037852,Male,18-24,White - English/Welsh/Scottish/Northern Irish/British,,Misuse of Drugs Act 1971 (section 23),,,,
Person search,2019-10-11T20:00:00+00:00,,,51.579214,-2.990649,Male,25-34,Asian/Asian British - Pakistani,,Misuse of Drugs Act 1971 (section 23),,A no further action disposal,,
Person search,2019-10-11T20:00:00+00:00,,,51.579214,-2.990649,Male,10-17,Mixed/Multiple ethnic groups - White and Black African,,Misuse of Drugs Act 1971 (section 23),,A no further action disposal,,
Person search,2019-10-11T20:00:00+00:00,,,51.579214,-2.990649,Male,18-24,White - English/Welsh/Scottish/Northern Irish/British,,Misuse of Drugs Act 1971 (section 23),,A no further action disposal,,
Person search,2019-10-11T20:00:00+00:00,,,51.579214,-2.990649,Male,25-34,White - English/Welsh/Scottish/Northern Irish/British,,Misuse of Drugs Act 1971 (section 23),,A no further action disposal,,
Person search,2019-10-11T21:00:00+00:00,,,51.407182,-3.480269,Male,10-17,White - English/Welsh/Scottish/Northern Irish/British,,Firearms Act 1968 (section 47),,A no further action disposal,,
Person search,2019-10-12T17:00:00+00:00,,,51.587292,-2.998750,Male,10-17,White - English/Welsh/Scottish/Northern Irish/British,,Misuse of Drugs Act 1971 (section 23),,A no further action disposal,,
Person search,2019-10-12T17:00:00+00:00,,,,,Male,18-24,White - English/Welsh/Scottish/Northern Irish/British,,Misuse of Drugs Act 1971 (section 23),,,,
Person search,2019-10-12T17:00:00+00:00,,,51.587292,-2.998750,Male,25-34,White - English/Welsh/Scottish/Northern Irish/British,,Misuse of Drugs Act 1971 (section 23),,,,
Person search,2019-10-12T19:00:00+00:00,,,51.581765,-2.993072,Male,18-24,White - English/Welsh/Scottish/Northern Irish/British,,Misuse of Drugs Act 1971 (section 23),,A no further action disposal,,
Vehicle search,2019-10-12T22:00:00+00:00,,,51.722863,-3.058718,,,,,Police and Criminal Evidence Act 1984 (section 1),Offensive weapons,A no further action disposal,,
Person search,2019-10-12T22:00:00+00:00,,,51.722863,-3.058718,Male,18-24,White - English/Welsh/Scottish/Northern Irish/British,,Police and Criminal Evidence Act 1984 (section 1),Offensive weapons,A no further action disposal,,
Person search,2019-10-12T22:00:00+00:00,,,51.722863,-3.058718,Male,18-24,White - English/Welsh/Scottish/Northern Irish/British,,Police and Criminal Evidence Act 1984 (section 1),Offensive weapons,A no further action disposal,,
Person search,2019-10-12T22:00:00+00:00,,,51.590622,-2.982381,Male,18-24,Black/African/Caribbean/Black British - Any other Black/African/Caribbean background,,Misuse of Drugs Act 1971 (section 23),,A no further action disposal,,
Person search,2019-10-12T22:00:00+00:00,,,,,Male,18-24,Asian/Asian British - Any other Asian background,,Misuse of Drugs Act 1971 (section 23),,A no further action disposal,,
Person search,2019-10-12T23:00:00+00:00,,,51.638289,-2.679724,Male,10-17,White - English/Welsh/Scottish/Northern Irish/British,,Misuse of Drugs Act 1971 (section 23),,A no further action disposal,,
Person search,2019-10-12T23:00:00+00:00,,,51.579950,-2.992917,Male,18-24,Asian/Asian British - Pakistani,,Misuse of Drugs Act 1971 (section 23),,Penalty Notice for Disorder,,
Person search,2019-10-12T23:00:00+00:00,,,51.588274,-2.997443,Male,10-17,Other ethnic group - Not stated,,Misuse of Drugs Act 1971 (section 23),,A no further action disposal,,
Person search,2019-10-12T23:00:00+00:00,,,51.587365,-3.002807,Male,18-24,Other ethnic group - Not stated,,,,,,
Person search,2019-10-13T03:00:00+00:00,,,51.634371,-3.127009,Male,18-24,,,Misuse of Drugs Act 1971 (section 23),,A no further action disposal,,
Person search,2019-10-13T03:00:00+00:00,,,51.634371,-3.127009,Male,18-24,Other ethnic group - Not stated,,Misuse of Drugs Act 1971 (section 23),,A no further action disposal,,
Person search,2019-10-13T05:00:00+00:00,,,51.589803,-2.995268,Male,over 34,Other ethnic group - Not stated,,Police and Criminal Evidence Act 1984 (section 1),,A no further action disposal,,
Person search,2019-10-13T05:00:00+00:00,,,51.589803,-2.995268,Male,25-34,Other ethnic group - Not stated,,Police and Criminal Evidence Act 1984 (section 1),,A no further action disposal,,
Person search,2019-10-13T09:00:00+00:00,,,51.586781,-3.037898,Male,over 34,White - English/Welsh/Scottish/Northern Irish/British,,Misuse of Drugs Act 1971 (section 23),,A no further action disposal,,
Person search,2019-10-13T11:00:00+00:00,,,51.585899,-2.981586,Male,25-34,Other ethnic group - Not stated,,Police and Criminal Evidence Act 1984 (section 1),,A no further action disposal,,
Person search,2019-10-13T12:00:00+00:00,,,51.570902,-2.994307,Male,18-24,White - Any other White background,,Misuse of Drugs Act 1971 (section 23),,A no further action disposal,,
Vehicle search,2019-10-13T12:00:00+00:00,,,51.570902,-2.994307,,,,,Misuse of Drugs Act 1971 (section 23),,A no further action disposal,,
Person search,2019-10-13T20:00:00+00:00,,,51.539753,-3.113553,Male,18-24,White - English/Welsh/Scottish/Northern Irish/British,,Misuse of Drugs Act 1971 (section 23),,Penalty Notice for Disorder,,
Person search,2019-10-14T10:00:00+00:00,,,51.587567,-2.997067,Male,25-34,White - English/Welsh/Scottish/Northern Irish/British,,Misuse of Drugs Act 1971 (section 23),,A no further action disposal,,
Person search,2019-10-14T11:00:00+00:00,,,51.666594,-3.194598,Male,over 34,White - English/Welsh/Scottish/Northern Irish/British,,Misuse of Drugs Act 1971 (section 23),,A no further action disposal,,
Person search,2019-10-14T11:00:00+00:00,,,51.666594,-3.194598,Male,18-24,White - English/Welsh/Scottish/Northern Irish/British,,Misuse of Drugs Act 1971 (section 23),,A no further action disposal,,
Person search,2019-10-14T11:00:00+00:00,,,51.666594,-3.194598,Male,25-34,White - English/Welsh/Scottish/Northern Irish/British,,Misuse of Drugs Act 1971 (section 23),,A no further action disposal,,
Vehicle search,2019-10-14T11:00:00+00:00,,,51.666594,-3.194598,,,,,Misuse of Drugs Act 1971 (section 23),,Penalty Notice for Disorder,,
Person search,2019-10-14T12:00:00+00:00,,,51.579312,-3.003496,Male,10-17,Asian/Asian British - Pakistani,,Misuse of Drugs Act 1971 (section 23),,A no further action disposal,,
Person search,2019-10-14T14:00:00+00:00,,,51.579312,-3.003496,Male,10-17,,,Misuse of Drugs Act 1971 (section 23),,A no further action disposal,,
Person search,2019-10-14T15:00:00+00:00,,,51.579312,-3.003496,Male,10-17,Asian/Asian British - Pakistani,,Misuse of Drugs Act 1971 (section 23),,A no further action disposal,,
Person search,2019-10-14T15:00:00+00:00,,,51.577169,-2.996478,Male,10-17,Asian/Asian British - Pakistani,,Misuse of Drugs Act 1971 (section 23),,A no further action disposal,,
Person search,2019-10-14T15:00:00+00:00,,,51.579312,-3.003496,Male,18-24,,,Misuse of Drugs Act 1971 (section 23),,A no further action disposal,,
Person search,2019-10-14T15:00:00+00:00,,,51.579312,-3.003496,Male,10-17,Asian/Asian British - Pakistani,,Misuse of Drugs Act 1971 (section 23),,A no further action disposal,,
Person search,2019-10-14T15:00:00+00:00,,,51.579312,-3.003496,Male,10-17,Asian/Asian British - Bangladeshi,,Misuse of Drugs Act 1971 (section 23),,A no further action disposal,,
Person search,2019-10-14T15:00:00+00:00,,,51.579312,-3.003496,Male,10-17,Black/African/Caribbean/Black British - Caribbean,,Misuse of Drugs Act 1971 (section 23),,A no further action disposal,,
Person search,2019-10-14T17:00:00+00:00,,,51.565957,-3.008958,Male,10-17,Other ethnic group - Not stated,,Misuse of Drugs Act 1971 (section 23),,A no further action disposal,,
Person search,2019-10-14T17:00:00+00:00,,,51.656851,-3.022772,Male,10-17,White - English/Welsh/Scottish/Northern Irish/British,,Misuse of Drugs Act 1971 (section 23),,A no further action disposal,,
Person search,2019-10-14T17:00:00+00:00,,,51.565957,-3.008958,Male,18-24,White - English/Welsh/Scottish/Northern Irish/British,,Misuse of Drugs Act 1971 (section 23),,A no further action disposal,,
Person search,2019-10-15T00:00:00+00:00,,,51.578403,-2.954019,Male,25-34,Asian/Asian British - Any other Asian background,,Police and Criminal Evidence Act 1984 (section 1),,A no further action disposal,,
Person search,2019-10-15T00:00:00+00:00,,,51.578403,-2.954019,Male,25-34,Asian/Asian British - Any other Asian background,,Police and Criminal Evidence Act 1984 (section 1),Article for use in theft,A no further action disposal,,
Person search,2019-10-15T14:00:00+00:00,,,51.821670,-3.018971,Male,over 34,White - English/Welsh/Scottish/Northern Irish/British,,Misuse of Drugs Act 1971 (section 23),,,,
Person search,2019-10-15T18:00:00+00:00,,,51.603798,-2.978752,Male,10-17,White - English/Welsh/Scottish/Northern Irish/British,,Misuse of Drugs Act 1971 (section 23),,,,
Person search,2019-10-15T23:00:00+00:00,,,51.576413,-2.955478,Male,18-24,White - English/Welsh/Scottish/Northern Irish/British,,Misuse of Drugs Act 1971 (section 23),,,,
Person search,2019-10-16T10:00:00+00:00,,,51.587567,-2.997067,Male,over 34,Mixed/Multiple ethnic groups - Any other Mixed/Multiple ethnic background,,Police and Criminal Evidence Act 1984 (section 1),,A no further action disposal,,
Person search,2019-10-16T10:00:00+00:00,,,51.587567,-2.997067,Male,over 34,Mixed/Multiple ethnic groups - Any other Mixed/Multiple ethnic background,,Police and Criminal Evidence Act 1984 (section 1),Offensive weapons,A no further action disposal,,
Person search,2019-10-16T13:00:00+00:00,,,51.582263,-2.972285,Male,,,,Misuse of Drugs Act 1971 (section 23),,A no further action disposal,,
Person search,2019-10-16T13:00:00+00:00,,,51.582263,-2.972285,Male,18-24,,,Misuse of Drugs Act 1971 (section 23),,A no further action disposal,,
Person search,2019-10-16T18:00:00+00:00,,,51.825122,-3.018019,Male,25-34,Other ethnic group - Not stated,,Misuse of Drugs Act 1971 (section 23),,A no further action disposal,,
Person search,2019-10-17T16:00:00+00:00,,,51.664313,-3.138134,Male,over 34,White - English/Welsh/Scottish/Northern Irish/British,,Police and Criminal Evidence Act 1984 (section 1),,A no further action disposal,,
Person search,2019-10-17T19:00:00+00:00,,,51.597348,-2.982353,Male,10-17,White - English/Welsh/Scottish/Northern Irish/British,,Misuse of Drugs Act 1971 (section 23),,,,
Vehicle search,2019-10-18T00:00:00+00:00,,,51.820629,-3.016612,,,,,Misuse of Drugs Act 1971 (section 23),,A no further action disposal,,
Person search,2019-10-18T00:00:00+00:00,,,51.820629,-3.016612,Male,over 34,White - English/Welsh/Scottish/Northern Irish/British,,Misuse of Drugs Act 1971 (section 23),,A no further action disposal,,
Person search,2019-10-18T00:00:00+00:00,,,51.820629,-3.016612,Male,over 34,White - English/Welsh/Scottish/Northern Irish/British,,Misuse of Drugs Act 1971 (section 23),,A no further action disposal,,
Person search,2019-10-18T00:00:00+00:00,,,51.820629,-3.016612,Female,over 34,White - English/Welsh/Scottish/Northern Irish/British,,Misuse of Drugs Act 1971 (section 23),,A no further action disposal,,
Vehicle search,2019-10-18T02:00:00+00:00,,,51.574998,-2.853210,,,,,Police and Criminal Evidence Act 1984 (section 1),,A no further action disposal,,
Person search,2019-10-18T17:00:00+00:00,,,51.610621,-2.953814,Male,10-17,Mixed/Multiple ethnic groups - White and Asian,,Misuse of Drugs Act 1971 (section 23),,A no further action disposal,,
Person search,2019-10-18T18:00:00+00:00,,,51.808594,-2.718762,Male,18-24,White - English/Welsh/Scottish/Northern Irish/British,,Misuse of Drugs Act 1971 (section 23),,,,
Vehicle search,2019-10-18T18:00:00+00:00,,,51.808594,-2.718762,,,,,Misuse of Drugs Act 1971 (section 23),,,,
Person search,2019-10-18T18:00:00+00:00,,,51.810676,-2.716489,Male,18-24,White - English/Welsh/Scottish/Northern Irish/British,,Misuse of Drugs Act 1971 (section 23),,,,
Person search,2019-10-18T19:00:00+00:00,,,51.565957,-3.008958,Male,10-17,Other ethnic group - Not stated,,Misuse of Drugs Act 1971 (section 23),,A no further action disposal,,
Person search,2019-10-18T19:00:00+00:00,,,51.565957,-3.008958,Male,18-24,White - English/Welsh/Scottish/Northern Irish/British,,Misuse of Drugs Act 1971 (section 23),,A no further action disposal,,
Person search,2019-10-18T19:00:00+00:00,,,51.565957,-3.008958,Male,10-17,White - English/Welsh/Scottish/Northern Irish/British,,Misuse of Drugs Act 1971 (section 23),,A no further action disposal,,
Person search,2019-10-18T19:00:00+00:00,,,51.565957,-3.008958,Male,,Other ethnic group - Not stated,,Misuse of Drugs Act 1971 (section 23),,A no further action disposal,,
Vehicle search,2019-10-18T23:00:00+00:00,,,51.597828,-2.997898,,,,,Misuse of Drugs Act 1971 (section 23),,A no further action disposal,,
Person search,2019-10-18T23:00:00+00:00,,,51.597828,-2.997898,Male,10-17,White - English/Welsh/Scottish/Northern Irish/British,,Misuse of Drugs Act 1971 (section 23),,A no further action disposal,,
Person search,2019-10-18T23:00:00+00:00,,,51.608525,-2.951705,Male,25-34,Other ethnic group - Any other ethnic group,,Misuse of Drugs Act 1971 (section 23),,,,
Vehicle search,2019-10-18T23:00:00+00:00,,,51.608525,-2.951705,,,,,Misuse of Drugs Act 1971 (section 23),,A no further action disposal,,
Person search,2019-10-18T23:00:00+00:00,,,51.608525,-2.951705,Male,over 34,Other ethnic group - Any other ethnic group,,Misuse of Drugs Act 1971 (section 23),,A no further action disposal,,
Person search,2019-10-18T23:00:00+00:00,,,51.588698,-2.997250,Male,over 34,Asian/Asian British - Any other Asian background,,Misuse of Drugs Act 1971 (section 23),,,,
Person search,2019-10-18T23:00:00+00:00,,,51.597828,-2.997898,Male,18-24,White - English/Welsh/Scottish/Northern Irish/British,,Misuse of Drugs Act 1971 (section 23),,A no further action disposal,,
Vehicle search,2019-10-18T23:00:00+00:00,,,51.588698,-2.997250,,,,,Misuse of Drugs Act 1971 (section 23),,,,
Person search,2019-10-18T23:00:00+00:00,,,51.597828,-2.997898,Male,18-24,White - English/Welsh/Scottish/Northern Irish/British,,Misuse of Drugs Act 1971 (section 23),,A no further action disposal,,
Person search,2019-10-19T01:00:00+00:00,,,51.589177,-2.998055,Male,10-17,White - English/Welsh/Scottish/Northern Irish/British,,Misuse of Drugs Act 1971 (section 23),,A no further action disposal,,
Vehicle search,2019-10-19T02:00:00+00:00,,,,,,,,,Misuse of Drugs Act 1971 (section 23),,A no further action disposal,,
Person search,2019-10-19T02:00:00+00:00,,,,,Male,18-24,White - English/Welsh/Scottish/Northern Irish/British,,Misuse of Drugs Act 1971 (section 23),,A no further action disposal,,
Person search,2019-10-19T21:00:00+00:00,,,51.824775,-3.021697,Male,10-17,White - English/Welsh/Scottish/Northern Irish/British,,Misuse of Drugs Act 1971 (section 23),,A no further action disposal,,
Person search,2019-10-20T10:00:00+00:00,,,51.581176,-2.958003,Male,25-34,White - English/Welsh/Scottish/Northern Irish/British,,Misuse of Drugs Act 1971 (section 23),,A no further action disposal,,
Person search,2019-10-20T13:00:00+00:00,,,51.572130,-3.021923,Male,over 34,White - English/Welsh/Scottish/Northern Irish/British,,Misuse of Drugs Act 1971 (section 23),,A no further action disposal,,
Vehicle search,2019-10-20T16:00:00+00:00,,,51.646162,-3.037852,,,,,Misuse of Drugs Act 1971 (section 23),,,,
Person search,2019-10-20T18:00:00+00:00,,,51.788774,-3.249686,Male,over 34,White - Any other White background,,Police and Criminal Evidence Act 1984 (section 1),Stolen goods,,,
Person search,2019-10-20T18:00:00+00:00,,,51.767732,-3.292247,Male,18-24,Mixed/Multiple ethnic groups - White and Asian,,Misuse of Drugs Act 1971 (section 23),,A no further action disposal,,
Vehicle search,2019-10-20T18:00:00+00:00,,,51.788774,-3.249686,,,,,Police and Criminal Evidence Act 1984 (section 1),Article for use in theft,A no further action disposal,,
Person search,2019-10-20T18:00:00+00:00,,,51.788774,-3.249686,Male,over 34,White - Any other White background,,Police and Criminal Evidence Act 1984 (section 1),Article for use in theft,,,
Vehicle search,2019-10-20T18:00:00+00:00,,,51.788774,-3.249686,,,,,Police and Criminal Evidence Act 1984 (section 1),Stolen goods,A no further action disposal,,
Vehicle search,2019-10-20T18:00:00+00:00,,,51.767732,-3.292247,,,,,Misuse of Drugs Act 1971 (section 23),,A no further action disposal,,
Person search,2019-10-20T18:00:00+00:00,,,,,Male,over 34,White - English/Welsh/Scottish/Northern Irish/British,,Misuse of Drugs Act 1971 (section 23),,A no further action disposal,,
Person search,2019-10-20T18:00:00+00:00,,,51.767732,-3.292247,Male,18-24,Mixed/Multiple ethnic groups - White and Asian,,Misuse of Drugs Act 1971 (section 23),,A no further action disposal,,
Vehicle search,2019-10-20T21:00:00+00:00,,,51.681778,-3.139657,,,,,Misuse of Drugs Act 1971 (section 23),,A no further action disposal,,
Person search,2019-10-20T23:00:00+00:00,,,51.572177,-3.009226,Male,over 34,White - English/Welsh/Scottish/Northern Irish/British,,Police and Criminal Evidence Act 1984 (section 1),Article for use in theft,A no further action disposal,,
Person search,2019-10-20T23:00:00+00:00,,,51.572177,-3.009226,Male,over 34,White - English/Welsh/Scottish/Northern Irish/British,,Police and Criminal Evidence Act 1984 (section 1),,A no further action disposal,,
Person search,2019-10-21T00:00:00+00:00,,,51.831975,-3.091969,Male,18-24,White - English/Welsh/Scottish/Northern Irish/British,,Misuse of Drugs Act 1971 (section 23),,A no further action disposal,,
Vehicle search,2019-10-21T01:00:00+00:00,,,,,,,,,Police and Criminal Evidence Act 1984 (section 1),Article for use in theft,A no further action disposal,,
Vehicle search,2019-10-21T01:00:00+00:00,,,,,,,,,Police and Criminal Evidence Act 1984 (section 1),,A no further action disposal,,
Person search,2019-10-21T01:00:00+00:00,,,51.761886,-3.286676,Male,over 34,White - English/Welsh/Scottish/Northern Irish/British,,Police and Criminal Evidence Act 1984 (section 1),Article for use in theft,A no further action disposal,,
Person search,2019-10-21T01:00:00+00:00,,,51.761886,-3.286676,Male,over 34,White - English/Welsh/Scottish/Northern Irish/British,,Police and Criminal Evidence Act 1984 (section 1),Stolen goods,A no further action disposal,,
Person search,2019-10-21T01:00:00+00:00,,,51.761886,-3.286676,Male,over 34,White - English/Welsh/Scottish/Northern Irish/British,,Police and Criminal Evidence Act 1984 (section 1),,A no further action disposal,,
Vehicle search,2019-10-21T01:00:00+00:00,,,,,,,,,Police and Criminal Evidence Act 1984 (section 1),Stolen goods,A no further action disposal,,
Person search,2019-10-21T03:00:00+00:00,,,51.661070,-3.188684,Male,25-34,White - English/Welsh/Scottish/Northern Irish/British,,Police and Criminal Evidence Act 1984 (section 1),,,,
Person search,2019-10-21T03:00:00+00:00,,,51.661070,-3.188684,Male,25-34,White - English/Welsh/Scottish/Northern Irish/British,,Police and Criminal Evidence Act 1984 (section 1),Stolen goods,,,
Person search,2019-10-21T09:00:00+00:00,,,,,Male,10-17,White - English/Welsh/Scottish/Northern Irish/British,,Police and Criminal Evidence Act 1984 (section 1),Firearms,A no further action disposal,,
Vehicle search,2019-10-21T18:00:00+00:00,,,51.577206,-3.240611,,,,,Misuse of Drugs Act 1971 (section 23),,A no further action disposal,,
Person search,2019-10-21T18:00:00+00:00,,,51.572773,-3.222598,Male,over 34,White - English/Welsh/Scottish/Northern Irish/British,,Misuse of Drugs Act 1971 (section 23),,A no further action disposal,,
Person search,2019-10-21T18:00:00+00:00,,,51.771708,-3.085905,Male,10-17,Other ethnic group - Not stated,,Misuse of Drugs Act 1971 (section 23),,A no further action disposal,,
Person search,2019-10-21T21:00:00+00:00,,,51.466610,-3.141053,Male,18-24,White - English/Welsh/Scottish/Northern Irish/British,,Police and Criminal Evidence Act 1984 (section 1),,A no further action disposal,,
Person search,2019-10-21T21:00:00+00:00,,,51.466610,-3.141053,Male,18-24,White - English/Welsh/Scottish/Northern Irish/British,,Police and Criminal Evidence Act 1984 (section 1),Stolen goods,A no further action disposal,,
Person search,2019-10-21T23:00:00+00:00,,,51.810405,-2.706259,Male,25-34,White - English/Welsh/Scottish/Northern Irish/British,,Misuse of Drugs Act 1971 (section 23),,A no further action disposal,,
Person search,2019-10-21T23:00:00+00:00,,,,,Male,25-34,White - English/Welsh/Scottish/Northern Irish/British,,Misuse of Drugs Act 1971 (section 23),,,,
Person search,2019-10-22T03:00:00+00:00,,,51.661070,-3.188684,Male,over 34,White - English/Welsh/Scottish/Northern Irish/British,,Police and Criminal Evidence Act 1984 (section 1),,A no further action disposal,,
Person search,2019-10-22T11:00:00+00:00,,,51.580123,-2.991607,Male,25-34,White - English/Welsh/Scottish/Northern Irish/British,,Misuse of Drugs Act 1971 (section 23),,A no further action disposal,,
Person search,2019-10-22T12:00:00+00:00,,,51.609130,-3.357360,Male,25-34,White - English/Welsh/Scottish/Northern Irish/British,,Misuse of Drugs Act 1971 (section 23),,A no further action disposal,,
Person search,2019-10-22T12:00:00+00:00,,,51.609130,-3.357360,Male,18-24,White - English/Welsh/Scottish/Northern Irish/British,,Misuse of Drugs Act 1971 (section 23),,,,
Person search,2019-10-22T18:00:00+00:00,,,51.572163,-3.203375,Male,over 34,White - English/Welsh/Scottish/Northern Irish/British,,Police and Criminal Evidence Act 1984 (section 1),Article for use in theft,A no further action disposal,,
Person search,2019-10-22T18:00:00+00:00,,,51.572163,-3.203375,Male,over 34,White - English/Welsh/Scottish/Northern Irish/British,,Police and Criminal Evidence Act 1984 (section 1),Stolen goods,A no further action disposal,,
Person search,2019-10-22T18:00:00+00:00,,,51.572163,-3.203375,Male,over 34,White - English/Welsh/Scottish/Northern Irish/British,,Police and Criminal Evidence Act 1984 (section 1),,A no further action disposal,,
Person search,2019-10-22T21:00:00+00:00,,,,,Male,18-24,White - English/Welsh/Scottish/Northern Irish/British,,Misuse of Drugs Act 1971 (section 23),,A no further action disposal,,
Vehicle search,2019-10-22T21:00:00+00:00,,,,,,,,,Misuse of Drugs Act 1971 (section 23),,A no further action disposal,,
Person search,2019-10-22T22:00:00+00:00,,,51.743287,-3.278832,Male,25-34,White - English/Welsh/Scottish/Northern Irish/British,,Misuse of Drugs Act 1971 (section 23),,A no further action disposal,,
Person search,2019-10-22T22:00:00+00:00,,,51.743287,-3.278832,,25-34,White - English/Welsh/Scottish/Northern Irish/British,,Misuse of Drugs Act 1971 (section 23),,A no further action disposal,,
Vehicle search,2019-10-22T22:00:00+00:00,,,51.743287,-3.278832,,,,,Misuse of Drugs Act 1971 (section 23),,A no further action disposal,,
Vehicle search,2019-10-22T22:00:00+00:00,,,,,,,,,Misuse of Drugs Act 1971 (section 23),,A no further action disposal,,
Vehicle search,2019-10-22T22:00:00+00:00,,,,,,,,,Misuse of Drugs Act 1971 (section 23),,A no further action disposal,,
Person search,2019-10-22T22:00:00+00:00,,,51.743287,-3.278832,Male,over 34,White - English/Welsh/Scottish/Northern Irish/British,,Misuse of Drugs Act 1971 (section 23),,A no further action disposal,,
Person search,2019-10-22T22:00:00+00:00,,,,,Male,18-24,White - English/Welsh/Scottish/Northern Irish/British,,Misuse of Drugs Act 1971 (section 23),,A no further action disposal,,
Person search,2019-10-22T23:00:00+00:00,,,51.583231,-2.970502,Male,over 34,White - English/Welsh/Scottish/Northern Irish/British,,Misuse of Drugs Act 1971 (section 23),,A no further action disposal,,
Person search,2019-10-22T23:00:00+00:00,,,51.583231,-2.970502,Male,25-34,White - English/Welsh/Scottish/Northern Irish/British,,Misuse of Drugs Act 1971 (section 23),,A no further action disposal,,
Person search,2019-10-22T23:00:00+00:00,,,51.759632,-3.292914,Male,18-24,White - English/Welsh/Scottish/Northern Irish/British,,Misuse of Drugs Act 1971 (section 23),,A no further action disposal,,
Person search,2019-10-23T01:00:00+00:00,,,51.611665,-3.006477,Male,18-24,White - English/Welsh/Scottish/Northern Irish/British,,Police and Criminal Evidence Act 1984 (section 1),Article for use in theft,A no further action disposal,,
Person search,2019-10-23T01:00:00+00:00,,,51.611665,-3.006477,Male,18-24,White - English/Welsh/Scottish/Northern Irish/British,,Police and Criminal Evidence Act 1984 (section 1),,A no further action disposal,,
Person search,2019-10-23T03:00:00+00:00,,,51.594859,-2.998208,Male,25-34,White - English/Welsh/Scottish/Northern Irish/British,,Misuse of Drugs Act 1971 (section 23),,A no further action disposal,,
Vehicle search,2019-10-23T08:00:00+00:00,,,,,,,,,Misuse of Drugs Act 1971 (section 23),,,,
Person search,2019-10-23T12:00:00+00:00,,,51.557032,-3.021079,Male,25-34,White - English/Welsh/Scottish/Northern Irish/British,,Police and Criminal Evidence Act 1984 (section 1),Stolen goods,,,
Person search,2019-10-23T12:00:00+00:00,,,51.557032,-3.021079,Male,25-34,White - English/Welsh/Scottish/Northern Irish/British,,Police and Criminal Evidence Act 1984 (section 1),Article for use in theft,,,
Person search,2019-10-23T19:00:00+00:00,,,51.609711,-3.018333,Male,10-17,White - English/Welsh/Scottish/Northern Irish/British,,Misuse of Drugs Act 1971 (section 23),,A no further action disposal,,
Person search,2019-10-23T19:00:00+00:00,,,51.609711,-3.018333,Male,18-24,White - English/Welsh/Scottish/Northern Irish/British,,Misuse of Drugs Act 1971 (section 23),,A no further action disposal,,
Person search,2019-10-23T19:00:00+00:00,,,51.609711,-3.018333,Male,18-24,White - English/Welsh/Scottish/Northern Irish/British,,Misuse of Drugs Act 1971 (section 23),,A no further action disposal,,
Person search,2019-10-23T22:00:00+00:00,,,51.468334,-3.168637,Male,over 34,White - English/Welsh/Scottish/Northern Irish/British,,Police and Criminal Evidence Act 1984 (section 1),Stolen goods,A no further action disposal,,
Vehicle search,2019-10-23T22:00:00+00:00,,,,,,,,,Police and Criminal Evidence Act 1984 (section 1),Stolen goods,A no further action disposal,,
Person search,2019-10-23T22:00:00+00:00,,,51.584880,-2.983008,Male,10-17,Other ethnic group - Not stated,,Police and Criminal Evidence Act 1984 (section 1),,,,
Vehicle search,2019-10-23T22:00:00+00:00,,,,,,,,,Police and Criminal Evidence Act 1984 (section 1),,A no further action disposal,,
Person search,2019-10-24T00:00:00+00:00,,,51.592507,-3.049245,Male,25-34,White - English/Welsh/Scottish/Northern Irish/British,,Police and Criminal Evidence Act 1984 (section 1),,Summons / charged by post,,
Person search,2019-10-24T00:00:00+00:00,,,51.592507,-3.049245,Male,25-34,Other ethnic group - Not stated,,Misuse of Drugs Act 1971 (section 23),,A no further action disposal,,
Vehicle search,2019-10-24T00:00:00+00:00,,,51.592507,-3.049245,,,,,Misuse of Drugs Act 1971 (section 23),,Penalty Notice for Disorder,,
Person search,2019-10-24T00:00:00+00:00,,,51.592507,-3.049245,Male,25-34,White - English/Welsh/Scottish/Northern Irish/British,,Police and Criminal Evidence Act 1984 (section 1),Stolen goods,Summons / charged by post,,
Person search,2019-10-24T09:00:00+00:00,,,51.691292,-3.229638,Male,25-34,White - English/Welsh/Scottish/Northern Irish/British,,Misuse of Drugs Act 1971 (section 23),,A no further action disposal,,
Vehicle search,2019-10-24T09:00:00+00:00,,,51.691292,-3.229638,,,,,Misuse of Drugs Act 1971 (section 23),,A no further action disposal,,
Person search,2019-10-24T09:00:00+00:00,,,51.691292,-3.229638,Female,25-34,White - English/Welsh/Scottish/Northern Irish/British,,Misuse of Drugs Act 1971 (section 23),,A no further action disposal,,
Person search,2019-10-24T15:00:00+00:00,,,51.829694,-3.039019,Male,over 34,White - English/Welsh/Scottish/Northern Irish/British,,Police and Criminal Evidence Act 1984 (section 1),Stolen goods,A no further action disposal,,
Person search,2019-10-24T15:00:00+00:00,,,51.829694,-3.039019,Male,25-34,White - English/Welsh/Scottish/Northern Irish/British,,Police and Criminal Evidence Act 1984 (section 1),Stolen goods,A no further action disposal,,
Person search,2019-10-24T16:00:00+00:00,,,51.596794,-2.963500,Male,18-24,White - English/Welsh/Scottish/Northern Irish/British,,Misuse of Drugs Act 1971 (section 23),,,,
Person search,2019-10-24T16:00:00+00:00,,,51.596794,-2.963500,Male,18-24,White - English/Welsh/Scottish/Northern Irish/British,,Misuse of Drugs Act 1971 (section 23),,A no further action disposal,,
Vehicle search,2019-10-24T16:00:00+00:00,,,51.596794,-2.963500,,,,,Misuse of Drugs Act 1971 (section 23),,A no further action disposal,,
Person search,2019-10-24T16:00:00+00:00,,,51.587085,-2.994487,Male,18-24,White - Irish,,Police and Criminal Evidence Act 1984 (section 1),Stolen goods,,,
Person search,2019-10-24T16:00:00+00:00,,,51.587085,-2.994487,Male,18-24,Other ethnic group - Not stated,,Police and Criminal Evidence Act 1984 (section 1),Stolen goods,,,
Person search,2019-10-24T16:00:00+00:00,,,,,Male,10-17,Other ethnic group - Not stated,,Misuse of Drugs Act 1971 (section 23),,A no further action disposal,,
Person search,2019-10-24T16:00:00+00:00,,,51.594169,-2.982934,Male,18-24,White - English/Welsh/Scottish/Northern Irish/British,,Misuse of Drugs Act 1971 (section 23),,A no further action disposal,,
Person search,2019-10-24T16:00:00+00:00,,,,,Female,10-17,White - English/Welsh/Scottish/Northern Irish/British,,Misuse of Drugs Act 1971 (section 23),,A no further action disposal,,
Person search,2019-10-24T16:00:00+00:00,,,51.656851,-3.022772,Female,10-17,White - English/Welsh/Scottish/Northern Irish/British,,Misuse of Drugs Act 1971 (section 23),,A no further action disposal,,
Person search,2019-10-24T17:00:00+00:00,,,51.594169,-2.982934,Male,18-24,White - English/Welsh/Scottish/Northern Irish/British,,Misuse of Drugs Act 1971 (section 23),,A no further action disposal,,
Person search,2019-10-24T18:00:00+00:00,,,51.652559,-3.022083,Male,10-17,Other ethnic group - Not stated,,Misuse of Drugs Act 1971 (section 23),,A no further action disposal,,
Person search,2019-10-24T19:00:00+00:00,,,51.642493,-3.030831,Male,18-24,Other ethnic group - Not stated,,Misuse of Drugs Act 1971 (section 23),,A no further action disposal,,
Vehicle search,2019-10-24T19:00:00+00:00,,,51.642493,-3.030831,,,,,Misuse of Drugs Act 1971 (section 23),,A no further action disposal,,
Person search,2019-10-24T20:00:00+00:00,,,51.778007,-3.207932,Male,25-34,White - English/Welsh/Scottish/Northern Irish/British,,Police and Criminal Evidence Act 1984 (section 1),,A no further action disposal,,
Person search,2019-10-24T23:00:00+00:00,,,51.799721,-3.175186,Male,over 34,White - English/Welsh/Scottish/Northern Irish/British,,Police and Criminal Evidence Act 1984 (section 1),,A no further action disposal,,
Person search,2019-10-24T23:00:00+00:00,,,51.691038,-3.129574,Male,over 34,White - English/Welsh/Scottish/Northern Irish/British,,Police and Criminal Evidence Act 1984 (section 1),,A no further action disposal,,
Person search,2019-10-25T00:00:00+00:00,,,51.698752,-3.027870,Male,18-24,White - English/Welsh/Scottish/Northern Irish/British,,Police and Criminal Evidence Act 1984 (section 1),,A no further action disposal,,
Person search,2019-10-25T13:00:00+00:00,,,51.722919,-3.058473,Male,over 34,White - English/Welsh/Scottish/Northern Irish/British,,Misuse of Drugs Act 1971 (section 23),,,,
Person search,2019-10-25T13:00:00+00:00,,,51.722919,-3.058473,Male,over 34,White - English/Welsh/Scottish/Northern Irish/British,,Misuse of Drugs Act 1971 (section 23),,A no further action disposal,,
Person search,2019-10-25T16:00:00+00:00,,,51.793895,-3.174165,Male,over 34,White - English/Welsh/Scottish/Northern Irish/British,,Police and Criminal Evidence Act 1984 (section 1),Offensive weapons,A no further action disposal,,
Person search,2019-10-25T17:00:00+00:00,,,51.652498,-3.022833,Male,10-17,White - English/Welsh/Scottish/Northern Irish/British,,Misuse of Drugs Act 1971 (section 23),,A no further action disposal,,
Person search,2019-10-25T18:00:00+00:00,,,51.588416,-2.998745,Male,25-34,White - English/Welsh/Scottish/Northern Irish/British,,Misuse of Drugs Act 1971 (section 23),,A no further action disposal,,
Person search,2019-10-25T19:00:00+00:00,,,51.652498,-3.022833,Male,10-17,White - English/Welsh/Scottish/Northern Irish/British,,Misuse of Drugs Act 1971 (section 23),,A no further action disposal,,
Person search,2019-10-25T19:00:00+00:00,,,51.652498,-3.022833,Male,10-17,White - English/Welsh/Scottish/Northern Irish/British,,Misuse of Drugs Act 1971 (section 23),,A no further action disposal,,
Person search,2019-10-25T22:00:00+00:00,,,51.824775,-3.021697,Male,18-24,White - English/Welsh/Scottish/Northern Irish/British,,Police and Criminal Evidence Act 1984 (section 1),,A no further action disposal,,
Person search,2019-10-26T00:00:00+00:00,,,51.784286,-3.167594,Male,25-34,White - English/Welsh/Scottish/Northern Irish/British,,Police and Criminal Evidence Act 1984 (section 1),,A no further action disposal,,
Person search,2019-10-26T02:00:00+00:00,,,51.585377,-3.002994,Male,18-24,White - English/Welsh/Scottish/Northern Irish/British,,Misuse of Drugs Act 1971 (section 23),,A no further action disposal,,
Vehicle search,2019-10-26T02:00:00+00:00,,,51.585377,-3.002994,,,,,Misuse of Drugs Act 1971 (section 23),,A no further action disposal,,
Person search,2019-10-26T02:00:00+00:00,,,51.585377,-3.002994,Male,18-24,White - English/Welsh/Scottish/Northern Irish/British,,Misuse of Drugs Act 1971 (section 23),,A no further action disposal,,
Vehicle search,2019-10-26T02:00:00+00:00,,,52.770697,-2.381387,,,,,Police and Criminal Evidence Act 1984 (section 1),,A no further action disposal,,
Person search,2019-10-26T02:00:00+00:00,,,52.770697,-2.381387,Male,18-24,White - English/Welsh/Scottish/Northern Irish/British,,Police and Criminal Evidence Act 1984 (section 1),,A no further action disposal,,
Person search,2019-10-26T11:00:00+00:00,,,51.589803,-2.995268,Male,10-17,White - English/Welsh/Scottish/Northern Irish/British,,Police and Criminal Evidence Act 1984 (section 1),,A no further action disposal,,
Person search,2019-10-26T14:00:00+00:00,,,51.651568,-3.021266,Male,18-24,White - English/Welsh/Scottish/Northern Irish/British,,Police and Criminal Evidence Act 1984 (section 1),,,,
Person search,2019-10-26T17:00:00+00:00,,,51.655876,-3.020105,Male,10-17,White - English/Welsh/Scottish/Northern Irish/British,,Misuse of Drugs Act 1971 (section 23),,,,
Person search,2019-10-26T17:00:00+00:00,,,51.585042,-2.990531,Male,10-17,Asian/Asian British - Any other Asian background,,Misuse of Drugs Act 1971 (section 23),,A no further action disposal,,
Person search,2019-10-26T17:00:00+00:00,,,51.585042,-2.990531,Male,10-17,Asian/Asian British - Any other Asian background,,Misuse of Drugs Act 1971 (section 23),,A no further action disposal,,
Person search,2019-10-26T17:00:00+00:00,,,51.655876,-3.020105,Male,10-17,White - English/Welsh/Scottish/Northern Irish/British,,Misuse of Drugs Act 1971 (section 23),,,,
Person search,2019-10-26T17:00:00+00:00,,,51.585042,-2.990531,Male,10-17,Asian/Asian British - Any other Asian background,,Misuse of Drugs Act 1971 (section 23),,A no further action disposal,,
Person search,2019-10-26T17:00:00+00:00,,,51.645299,-3.018321,Male,10-17,White - English/Welsh/Scottish/Northern Irish/British,,Police and Criminal Evidence Act 1984 (section 1),,A no further action disposal,,
Person search,2019-10-26T17:00:00+00:00,,,51.585042,-2.990531,Male,10-17,Asian/Asian British - Any other Asian background,,Misuse of Drugs Act 1971 (section 23),,A no further action disposal,,
Person search,2019-10-26T18:00:00+00:00,,,51.652559,-3.022083,Male,10-17,White - English/Welsh/Scottish/Northern Irish/British,,Misuse of Drugs Act 1971 (section 23),,,,
Person search,2019-10-26T18:00:00+00:00,,,51.672381,-3.019464,Male,25-34,White - English/Welsh/Scottish/Northern Irish/British,,Police and Criminal Evidence Act 1984 (section 1),,A no further action disposal,,
Person search,2019-10-26T18:00:00+00:00,,,51.656803,-3.019967,Male,10-17,White - English/Welsh/Scottish/Northern Irish/British,,Misuse of Drugs Act 1971 (section 23),,A no further action disposal,,
Person search,2019-10-26T18:00:00+00:00,,,51.655876,-3.020105,Male,10-17,White - English/Welsh/Scottish/Northern Irish/British,,Misuse of Drugs Act 1971 (section 23),,,,
Person search,2019-10-26T18:00:00+00:00,,,51.659466,-3.162084,Male,10-17,White - English/Welsh/Scottish/Northern Irish/British,,Misuse of Drugs Act 1971 (section 23),Article for use in theft,A no further action disposal,,
Person search,2019-10-26T18:00:00+00:00,,,51.659466,-3.162084,Male,10-17,White - English/Welsh/Scottish/Northern Irish/British,,Misuse of Drugs Act 1971 (section 23),,A no further action disposal,,
Person search,2019-10-26T18:00:00+00:00,,,51.652559,-3.022083,Male,10-17,White - English/Welsh/Scottish/Northern Irish/British,,Misuse of Drugs Act 1971 (section 23),,A no further action disposal,,
Person search,2019-10-26T19:00:00+00:00,,,,,Male,18-24,White - English/Welsh/Scottish/Northern Irish/British,,Misuse of Drugs Act 1971 (section 23),,,,
Person search,2019-10-26T21:00:00+00:00,,,51.582882,-3.002420,Male,25-34,Black/African/Caribbean/Black British - Caribbean,,Misuse of Drugs Act 1971 (section 23),,A no further action disposal,,
Vehicle search,2019-10-26T22:00:00+00:00,,,51.594169,-2.982934,,,,,Police and Criminal Evidence Act 1984 (section 1),,,,
Person search,2019-10-26T22:00:00+00:00,,,51.594169,-2.982934,Male,10-17,White - English/Welsh/Scottish/Northern Irish/British,,Misuse of Drugs Act 1971 (section 23),,A no further action disposal,,
Person search,2019-10-26T22:00:00+00:00,,,51.594169,-2.982934,Male,10-17,White - English/Welsh/Scottish/Northern Irish/British,,Misuse of Drugs Act 1971 (section 23),,A no further action disposal,,
Person search,2019-10-26T22:00:00+00:00,,,51.594169,-2.982934,Male,10-17,White - English/Welsh/Scottish/Northern Irish/British,,Police and Criminal Evidence Act 1984 (section 1),,A no further action disposal,,
Person search,2019-10-26T22:00:00+00:00,,,51.658219,-3.184258,Male,25-34,White - English/Welsh/Scottish/Northern Irish/British,,Police and Criminal Evidence Act 1984 (section 1),,A no further action disposal,,
Person search,2019-10-26T22:00:00+00:00,,,51.594169,-2.982934,Male,10-17,White - English/Welsh/Scottish/Northern Irish/British,,Misuse of Drugs Act 1971 (section 23),,A no further action disposal,,
Person search,2019-10-26T22:00:00+00:00,,,51.658219,-3.184258,Male,25-34,White - English/Welsh/Scottish/Northern Irish/British,,Police and Criminal Evidence Act 1984 (section 1),,A no further action disposal,,
Person search,2019-10-26T22:00:00+00:00,,,51.658219,-3.184258,Male,25-34,White - English/Welsh/Scottish/Northern Irish/British,,Police and Criminal Evidence Act 1984 (section 1),,A no further action disposal,,
Person search,2019-10-26T23:00:00+00:00,,,51.583179,-3.009657,Male,over 34,White - English/Welsh/Scottish/Northern Irish/British,,Misuse of Drugs Act 1971 (section 23),,A no further action disposal,,
Person search,2019-10-26T23:00:00+00:00,,,51.583179,-3.009657,Male,25-34,White - English/Welsh/Scottish/Northern Irish/British,,Misuse of Drugs Act 1971 (section 23),,A no further action disposal,,
Person search,2019-10-27T01:00:00+00:00,,,51.548598,-3.112024,Male,18-24,Mixed/Multiple ethnic groups - Any other Mixed/Multiple ethnic background,,Misuse of Drugs Act 1971 (section 23),,A no further action disposal,,
Person search,2019-10-27T01:00:00+00:00,,,51.588416,-2.998745,Male,over 34,White - English/Welsh/Scottish/Northern Irish/British,,Misuse of Drugs Act 1971 (section 23),,A no further action disposal,,
Person search,2019-10-27T01:00:00+00:00,,,51.589337,-2.996211,Male,10-17,White - English/Welsh/Scottish/Northern Irish/British,,Misuse of Drugs Act 1971 (section 23),,A no further action disposal,,
Person search,2019-10-27T01:00:00+00:00,,,51.548598,-3.112024,Male,18-24,White - English/Welsh/Scottish/Northern Irish/British,,Misuse of Drugs Act 1971 (section 23),,A no further action disposal,,
Person search,2019-10-27T03:00:00+00:00,,,51.605322,-3.001687,Male,25-34,White - English/Welsh/Scottish/Northern Irish/British,,Police and Criminal Evidence Act 1984 (section 1),,A no further action disposal,,
Person search,2019-10-27T03:00:00+00:00,,,51.584533,-3.024669,Male,25-34,White - English/Welsh/Scottish/Northern Irish/British,,Police and Criminal Evidence Act 1984 (section 1),,A no further action disposal,,
Person search,2019-10-27T03:00:00+00:00,,,51.605322,-3.001687,Male,over 34,White - English/Welsh/Scottish/Northern Irish/British,,Police and Criminal Evidence Act 1984 (section 1),,A no further action disposal,,
Person search,2019-10-27T03:00:00+00:00,,,51.584533,-3.024669,Male,25-34,White - English/Welsh/Scottish/Northern Irish/British,,Police and Criminal Evidence Act 1984 (section 1),Offensive weapons,A no further action disposal,,
Person search,2019-10-27T10:00:00+00:00,,,51.653697,-3.021502,Male,18-24,White - Any other White background,,Police and Criminal Evidence Act 1984 (section 1),Offensive weapons,,,
Vehicle search,2019-10-27T11:00:00+00:00,,,51.651656,-3.020487,,,,,Police and Criminal Evidence Act 1984 (section 1),,,,
Person search,2019-10-27T12:00:00+00:00,,,51.572034,-3.232231,Male,25-34,White - English/Welsh/Scottish/Northern Irish/British,,Misuse of Drugs Act 1971 (section 23),,A no further action disposal,,
Vehicle search,2019-10-27T12:00:00+00:00,,,51.572034,-3.232231,,,,,Misuse of Drugs Act 1971 (section 23),,A no further action disposal,,
Person search,2019-10-27T15:00:00+00:00,,,51.575551,-2.987886,Male,25-34,Black/African/Caribbean/Black British - African,,Misuse of Drugs Act 1971 (section 23),,A no further action disposal,,
Person search,2019-10-27T16:00:00+00:00,,,51.656590,-3.020728,Male,10-17,White - English/Welsh/Scottish/Northern Irish/British,,Misuse of Drugs Act 1971 (section 23),,A no further action disposal,,
Person search,2019-10-27T18:00:00+00:00,,,,,Male,18-24,Black/African/Caribbean/Black British - African,,Misuse of Drugs Act 1971 (section 23),,A no further action disposal,,
Person search,2019-10-27T20:00:00+00:00,,,51.598445,-2.996266,Male,10-17,Mixed/Multiple ethnic groups - White and Black African,,Police and Criminal Evidence Act 1984 (section 1),,A no further action disposal,,
Person search,2019-10-27T20:00:00+00:00,,,,,Male,10-17,White - English/Welsh/Scottish/Northern Irish/British,,Police and Criminal Evidence Act 1984 (section 1),,A no further action disposal,,
Person search,2019-10-27T20:00:00+00:00,,,51.652559,-3.022083,Male,10-17,White - English/Welsh/Scottish/Northern Irish/British,,Misuse of Drugs Act 1971 (section 23),,,,
Person search,2019-10-28T02:00:00+00:00,,,51.588335,-2.993432,Male,18-24,Asian/Asian British - Any other Asian background,,Police and Criminal Evidence Act 1984 (section 1),,A no further action disposal,,
Person search,2019-10-28T02:00:00+00:00,,,51.588335,-2.993432,Male,18-24,Asian/Asian British - Any other Asian background,,Police and Criminal Evidence Act 1984 (section 1),Firearms,A no further action disposal,,
Vehicle search,2019-10-28T03:00:00+00:00,,,,,,,,,Police and Criminal Evidence Act 1984 (section 1),Offensive weapons,,,
Person search,2019-10-28T03:00:00+00:00,,,51.586683,-2.992140,Male,18-24,Asian/Asian British - Bangladeshi,,Police and Criminal Evidence Act 1984 (section 1),Firearms,A no further action disposal,,
Person search,2019-10-28T04:00:00+00:00,,,51.588274,-2.997443,Male,over 34,White - English/Welsh/Scottish/Northern Irish/British,,Police and Criminal Evidence Act 1984 (section 1),Offensive weapons,A no further action disposal,,
Person search,2019-10-28T04:00:00+00:00,,,51.588274,-2.997443,Male,over 34,White - English/Welsh/Scottish/Northern Irish/British,,Police and Criminal Evidence Act 1984 (section 1),Stolen goods,A no further action disposal,,
Person search,2019-10-28T15:00:00+00:00,,,51.836231,-3.014365,Male,10-17,,,Misuse of Drugs Act 1971 (section 23),,,,
Person search,2019-10-28T16:00:00+00:00,,,51.836231,-3.014365,Male,25-34,White - English/Welsh/Scottish/Northern Irish/British,,Police and Criminal Evidence Act 1984 (section 1),,A no further action disposal,,
Vehicle search,2019-10-28T17:00:00+00:00,,,51.572036,-2.967305,,,,,Police and Criminal Evidence Act 1984 (section 1),Stolen goods,,,
Person search,2019-10-28T17:00:00+00:00,,,51.572036,-2.967305,Male,over 34,White - English/Welsh/Scottish/Northern Irish/British,,Police and Criminal Evidence Act 1984 (section 1),Article for use in theft,A no further action disposal,,
Person search,2019-10-28T17:00:00+00:00,,,51.572036,-2.967305,Male,over 34,White - English/Welsh/Scottish/Northern Irish/British,,Police and Criminal Evidence Act 1984 (section 1),Stolen goods,A no further action disposal,,
Person search,2019-10-28T17:00:00+00:00,,,51.579564,-2.944981,Female,25-34,White - English/Welsh/Scottish/Northern Irish/British,,Police and Criminal Evidence Act 1984 (section 1),Stolen goods,A no further action disposal,,
Person search,2019-10-28T17:00:00+00:00,,,51.572036,-2.967305,Male,25-34,White - English/Welsh/Scottish/Northern Irish/British,,Police and Criminal Evidence Act 1984 (section 1),Stolen goods,A no further action disposal,,
Vehicle search,2019-10-28T17:00:00+00:00,,,51.579564,-2.944981,,,,,Police and Criminal Evidence Act 1984 (section 1),Stolen goods,,,
Person search,2019-10-28T17:00:00+00:00,,,51.572036,-2.967305,Male,25-34,White - English/Welsh/Scottish/Northern Irish/British,,Police and Criminal Evidence Act 1984 (section 1),Article for use in theft,A no further action disposal,,
Vehicle search,2019-10-28T17:00:00+00:00,,,51.572036,-2.967305,,,,,Police and Criminal Evidence Act 1984 (section 1),Article for use in theft,,,
Vehicle search,2019-10-28T17:00:00+00:00,,,51.572036,-2.967305,,,,,Police and Criminal Evidence Act 1984 (section 1),Article for use in theft,Penalty Notice for Disorder,,
Vehicle search,2019-10-28T17:00:00+00:00,,,51.572036,-2.967305,,,,,Police and Criminal Evidence Act 1984 (section 1),Stolen goods,Penalty Notice for Disorder,,
Person search,2019-10-28T19:00:00+00:00,,,51.662144,-3.210327,Male,18-24,White - English/Welsh/Scottish/Northern Irish/British,,Police and Criminal Evidence Act 1984 (section 1),Article for use in theft,A no further action disposal,,
Person search,2019-10-28T19:00:00+00:00,,,51.662144,-3.210327,Male,18-24,White - English/Welsh/Scottish/Northern Irish/British,,Police and Criminal Evidence Act 1984 (section 1),Article for use in theft,A no further action disposal,,
Person search,2019-10-28T19:00:00+00:00,,,51.662144,-3.210327,Male,18-24,White - English/Welsh/Scottish/Northern Irish/British,,Police and Criminal Evidence Act 1984 (section 1),Stolen goods,A no further action disposal,,
Person search,2019-10-28T19:00:00+00:00,,,51.662144,-3.210327,Male,18-24,White - English/Welsh/Scottish/Northern Irish/British,,Police and Criminal Evidence Act 1984 (section 1),Stolen goods,A no further action disposal,,
Person search,2019-10-28T19:00:00+00:00,,,51.662144,-3.210327,Male,18-24,White - English/Welsh/Scottish/Northern Irish/British,,Police and Criminal Evidence Act 1984 (section 1),Stolen goods,A no further action disposal,,
Person search,2019-10-28T19:00:00+00:00,,,51.662144,-3.210327,Male,18-24,White - English/Welsh/Scottish/Northern Irish/British,,Police and Criminal Evidence Act 1984 (section 1),,A no further action disposal,,
Person search,2019-10-28T19:00:00+00:00,,,51.662144,-3.210327,Male,18-24,White - English/Welsh/Scottish/Northern Irish/British,,Police and Criminal Evidence Act 1984 (section 1),,A no further action disposal,,
Person search,2019-10-28T19:00:00+00:00,,,51.662144,-3.210327,Male,18-24,White - English/Welsh/Scottish/Northern Irish/British,,Police and Criminal Evidence Act 1984 (section 1),,A no further action disposal,,
Person search,2019-10-28T19:00:00+00:00,,,51.662144,-3.210327,Male,18-24,White - English/Welsh/Scottish/Northern Irish/British,,Police and Criminal Evidence Act 1984 (section 1),Article for use in theft,A no further action disposal,,
Person search,2019-10-28T19:00:00+00:00,,,51.662144,-3.210327,Male,18-24,White - English/Welsh/Scottish/Northern Irish/British,,Police and Criminal Evidence Act 1984 (section 1),,A no further action disposal,,
Person search,2019-10-28T19:00:00+00:00,,,51.655876,-3.020105,Female,over 34,White - English/Welsh/Scottish/Northern Irish/British,,Police and Criminal Evidence Act 1984 (section 1),,A no further action disposal,,
Person search,2019-10-28T19:00:00+00:00,,,51.662144,-3.210327,Male,18-24,White - English/Welsh/Scottish/Northern Irish/British,,Police and Criminal Evidence Act 1984 (section 1),Stolen goods,A no further action disposal,,
Person search,2019-10-28T19:00:00+00:00,,,51.662144,-3.210327,Male,18-24,White - English/Welsh/Scottish/Northern Irish/British,,Police and Criminal Evidence Act 1984 (section 1),Article for use in theft,A no further action disposal,,
Person search,2019-10-28T19:00:00+00:00,,,51.585042,-2.990531,Male,18-24,Asian/Asian British - Pakistani,,Misuse of Drugs Act 1971 (section 23),,,,
Person search,2019-10-29T12:00:00+00:00,,,51.821670,-3.018971,Male,25-34,White - English/Welsh/Scottish/Northern Irish/British,,Misuse of Drugs Act 1971 (section 23),,A no further action disposal,,
Person search,2019-10-29T17:00:00+00:00,,,51.608703,-3.036882,Male,18-24,White - English/Welsh/Scottish/Northern Irish/British,,Misuse of Drugs Act 1971 (section 23),,A no further action disposal,,
Person search,2019-10-29T19:00:00+00:00,,,51.664082,-3.193129,Male,25-34,White - English/Welsh/Scottish/Northern Irish/British,,Police and Criminal Evidence Act 1984 (section 1),Stolen goods,A no further action disposal,,
Person search,2019-10-29T19:00:00+00:00,,,51.664082,-3.193129,Male,25-34,White - English/Welsh/Scottish/Northern Irish/British,,Police and Criminal Evidence Act 1984 (section 1),,A no further action disposal,,
Person search,2019-10-29T19:00:00+00:00,,,51.664082,-3.193129,Male,25-34,White - English/Welsh/Scottish/Northern Irish/British,,Police and Criminal Evidence Act 1984 (section 1),Article for use in theft,A no further action disposal,,
Person search,2019-10-29T20:00:00+00:00,,,51.678516,-3.226919,Male,over 34,White - English/Welsh/Scottish/Northern Irish/British,,Police and Criminal Evidence Act 1984 (section 1),Offensive weapons,A no further action disposal,,
Person search,2019-10-30T01:00:00+00:00,,,51.565448,-3.237766,Male,18-24,White - English/Welsh/Scottish/Northern Irish/British,,Misuse of Drugs Act 1971 (section 23),,A no further action disposal,,
Person search,2019-10-30T01:00:00+00:00,,,51.565448,-3.237766,Male,18-24,White - English/Welsh/Scottish/Northern Irish/British,,Misuse of Drugs Act 1971 (section 23),,A no further action disposal,,
Person search,2019-10-30T01:00:00+00:00,,,51.600225,-2.994168,Male,18-24,White - English/Welsh/Scottish/Northern Irish/British,,Misuse of Drugs Act 1971 (section 23),,A no further action disposal,,
Person search,2019-10-30T01:00:00+00:00,,,51.565448,-3.237766,Male,18-24,White - English/Welsh/Scottish/Northern Irish/British,,Misuse of Drugs Act 1971 (section 23),,,,
Vehicle search,2019-10-30T01:00:00+00:00,,,51.554987,-3.214894,,,,,Misuse of Drugs Act 1971 (section 23),,A no further action disposal,,
Vehicle search,2019-10-30T03:00:00+00:00,,,51.594859,-2.998208,,,,,Misuse of Drugs Act 1971 (section 23),,A no further action disposal,,
Person search,2019-10-30T03:00:00+00:00,,,51.594859,-2.998208,Male,,Other ethnic group - Not stated,,Misuse of Drugs Act 1971 (section 23),,A no further action disposal,,
Person search,2019-10-30T16:00:00+00:00,,,,,Male,18-24,Other ethnic group - Not stated,,Misuse of Drugs Act 1971 (section 23),,A no further action disposal,,
Person search,2019-10-30T17:00:00+00:00,,,51.655876,-3.020105,Male,18-24,White - English/Welsh/Scottish/Northern Irish/British,,Misuse of Drugs Act 1971 (section 23),,,,
Person search,2019-10-30T17:00:00+00:00,,,51.557032,-3.021079,Female,,Other ethnic group - Not stated,,Police and Criminal Evidence Act 1984 (section 1),Stolen goods,A no further action disposal,,
Person search,2019-10-30T17:00:00+00:00,,,51.557032,-3.021079,Male,over 34,,,Police and Criminal Evidence Act 1984 (section 1),,Penalty Notice for Disorder,,
Person search,2019-10-30T17:00:00+00:00,,,51.557032,-3.021079,Male,over 34,,,Police and Criminal Evidence Act 1984 (section 1),Stolen goods,Penalty Notice for Disorder,,
Person search,2019-10-30T17:00:00+00:00,,,51.655876,-3.020105,Male,18-24,White - English/Welsh/Scottish/Northern Irish/British,,Misuse of Drugs Act 1971 (section 23),,A no further action disposal,,
Person search,2019-10-30T17:00:00+00:00,,,51.655876,-3.020105,Male,18-24,White - English/Welsh/Scottish/Northern Irish/British,,Misuse of Drugs Act 1971 (section 23),,A no further action disposal,,
Person search,2019-10-30T18:00:00+00:00,,,51.576274,-2.988464,Female,18-24,Black/African/Caribbean/Black British - Any other Black/African/Caribbean background,,Misuse of Drugs Act 1971 (section 23),,A no further action disposal,,
Person search,2019-10-30T19:00:00+00:00,,,51.822931,-3.028997,Male,over 34,White - English/Welsh/Scottish/Northern Irish/British,,Misuse of Drugs Act 1971 (section 23),,A no further action disposal,,
Vehicle search,2019-10-30T19:00:00+00:00,,,51.822931,-3.028997,,,,,Misuse of Drugs Act 1971 (section 23),,A no further action disposal,,
Person search,2019-10-31T16:00:00+00:00,,,51.585899,-2.981586,Male,18-24,White - Any other White background,,Police and Criminal Evidence Act 1984 (section 1),,A no further action disposal,,
Person search,2019-10-31T16:00:00+00:00,,,51.691187,-3.078320,Male,25-34,White - English/Welsh/Scottish/Northern Irish/British,,Police and Criminal Evidence Act 1984 (section 1),,A no further action disposal,,
Person search,2019-10-31T18:00:00+00:00,,,51.586683,-2.992140,Male,10-17,Mixed/Multiple ethnic groups - Any other Mixed/Multiple ethnic background,,Misuse of Drugs Act 1971 (section 23),,A no further action disposal,,
Person search,2019-10-31T19:00:00+00:00,,,51.580123,-2.991607,Male,10-17,White - English/Welsh/Scottish/Northern Irish/British,,Police and Criminal Evidence Act 1984 (section 1),,A no further action disposal,,
Person search,2019-10-31T19:00:00+00:00,,,,,Male,10-17,Asian/Asian British - Pakistani,,Misuse of Drugs Act 1971 (section 23),,A no further action disposal,,
Person search,2019-10-31T19:00:00+00:00,,,51.581765,-2.993072,Male,10-17,Asian/Asian British - Any other Asian background,,Misuse of Drugs Act 1971 (section 23),,A no further action disposal,,
Person search,2019-10-31T20:00:00+00:00,,,51.575551,-2.987886,Male,18-24,Black/African/Caribbean/Black British - African,,Police and Criminal Evidence Act 1984 (section 1),,A no further action disposal,,
Person search,2019-10-31T21:00:00+00:00,,,51.580123,-2.991607,Male,10-17,White - English/Welsh/Scottish/Northern Irish/British,,Police and Criminal Evidence Act 1984 (section 1),,A no further action disposal,,
Person search,2019-10-31T23:00:00+00:00,,,51.690563,-3.028654,Male,25-34,White - English/Welsh/Scottish/Northern Irish/British,,Police and Criminal Evidence Act 1984 (section 1),Article for use in theft,A no further action disposal,,
Vehicle search,2019-10-31T23:00:00+00:00,,,51.690563,-3.028654,,,,,Police and Criminal Evidence Act 1984 (section 1),,,,
