Type,Date,Part of a policing operation,Policing operation,Latitude,Longitude,Gender,Age range,Self-defined ethnicity,Officer-defined ethnicity,Legislation,Object of search,Outcome,Outcome linked to object of search,Removal of more than just outer clothing
Person search,2019-05-01T00:20:00+00:00,False,,,,Male,18-24,Other ethnic group - Not stated,Black,,Controlled drugs,Community resolution,True,
Person search,2019-05-01T15:20:00+00:00,False,,51.432153,-0.517014,Male,18-24,White - Any other White background,White,,Controlled drugs,Khat or Cannabis warning,True,
Person search,2019-05-01T16:15:00+00:00,False,,51.435725,-0.519991,Male,18-24,Other ethnic group - Not stated,Black,,Offensive weapons,A no further action disposal,False,
Person search,2019-05-01T17:20:00+00:00,False,,51.377279,-0.410447,Male,25-34,White - English/Welsh/Scottish/Northern Irish/British,White,,Controlled drugs,A no further action disposal,False,
Person search,2019-05-01T18:30:00+00:00,False,,51.319642,-0.148769,Male,25-34,Other ethnic group - Not stated,Black,,Controlled drugs,A no further action disposal,False,
Person search,2019-05-01T18:30:00+00:00,False,,51.233165,-0.752524,Male,25-34,Other ethnic group - Not stated,Black,,Controlled drugs,A no further action disposal,False,
Person search,2019-05-01T18:30:00+00:00,False,,51.233165,-0.752524,Male,25-34,Other ethnic group - Not stated,Black,,Controlled drugs,Arrest,False,
Person search,2019-05-01T18:50:00+00:00,True,,51.459656,-0.579113,Male,18-24,White - English/Welsh/Scottish/Northern Irish/British,White,,Controlled drugs,Arrest,True,
Person search,2019-05-01T20:21:00+00:00,False,,51.412032,-0.431646,Male,25-34,Asian/Asian British - Any other Asian background,Asian,,Stolen goods,Community resolution,False,
Person search,2019-05-01T20:30:00+00:00,False,,51.237631,-0.186875,Male,10-17,White - English/Welsh/Scottish/Northern Irish/British,White,,Controlled drugs,A no further action disposal,False,
Person search,2019-05-01T20:30:00+00:00,False,,51.259840,-0.147661,Male,18-24,White - English/Welsh/Scottish/Northern Irish/British,White,,Controlled drugs,Community resolution,True,
Person search,2019-05-01T20:30:00+00:00,False,,51.237631,-0.186875,Male,18-24,White - English/Welsh/Scottish/Northern Irish/British,White,,Controlled drugs,A no further action disposal,False,
Person search,2019-05-01T21:23:00+00:00,False,,51.244236,-0.730950,Male,25-34,White - English/Welsh/Scottish/Northern Irish/British,White,,Controlled drugs,Community resolution,False,
Person search,2019-05-01T21:30:00+00:00,True,,51.237631,-0.186875,Male,18-24,White - English/Welsh/Scottish/Northern Irish/British,White,,Controlled drugs,Community resolution,True,
Person search,2019-05-01T21:30:00+00:00,True,,51.233753,-0.193186,Male,18-24,White - English/Welsh/Scottish/Northern Irish/British,White,,Controlled drugs,A no further action disposal,False,
Person search,2019-05-01T23:30:00+00:00,False,,51.214135,-0.162268,Male,over 34,White - English/Welsh/Scottish/Northern Irish/British,White,,Controlled drugs,A no further action disposal,False,
Person search,2019-05-02T00:25:00+00:00,False,,51.431159,-0.554808,Male,18-24,Other ethnic group - Not stated,Asian,,Controlled drugs,A no further action disposal,False,
Person search,2019-05-02T08:00:00+00:00,False,,51.394775,-0.112633,Male,over 34,Other ethnic group - Not stated,White,,Controlled drugs,A no further action disposal,False,
Person search,2019-05-02T11:30:00+00:00,False,,51.239691,-0.573594,Male,over 34,Black/African/Caribbean/Black British - Any other Black/African/Caribbean background,Black,,Controlled drugs,A no further action disposal,False,
Person search,2019-05-02T12:10:00+00:00,False,,51.217917,-0.173516,Male,18-24,White - English/Welsh/Scottish/Northern Irish/British,White,,Controlled drugs,A no further action disposal,False,
Person search,2019-05-02T12:23:00+00:00,False,,51.217917,-0.173516,Male,18-24,White - English/Welsh/Scottish/Northern Irish/British,White,,Controlled drugs,A no further action disposal,False,
Person search,2019-05-02T14:45:00+00:00,False,,51.144570,-0.499728,Male,10-17,White - English/Welsh/Scottish/Northern Irish/British,White,,Anything to threaten or harm anyone,A no further action disposal,False,
Person search,2019-05-02T15:03:00+00:00,False,,51.251317,-0.589068,Male,over 34,White - English/Welsh/Scottish/Northern Irish/British,White,,Stolen goods,Arrest,True,
Person search,2019-05-02T15:14:00+00:00,False,,51.164133,-0.163927,Male,10-17,White - English/Welsh/Scottish/Northern Irish/British,White,,Controlled drugs,A no further action disposal,False,
Person search,2019-05-02T18:00:00+00:00,False,,51.387588,-0.457834,Male,over 34,White - English/Welsh/Scottish/Northern Irish/British,White,,Controlled drugs,Arrest,False,
Person search,2019-05-02T22:00:00+00:00,False,,51.431203,-0.538047,Male,18-24,White - English/Welsh/Scottish/Northern Irish/British,White,,Controlled drugs,Arrest,True,
Person search,2019-05-02T22:30:00+00:00,False,,51.431203,-0.538047,Male,18-24,White - English/Welsh/Scottish/Northern Irish/British,White,,Controlled drugs,Khat or Cannabis warning,True,
Person search,2019-05-02T22:43:00+00:00,False,,51.307274,-0.332323,Male,over 34,Asian/Asian British - Any other Asian background,Asian,,Controlled drugs,A no further action disposal,False,
Person search,2019-05-02T22:50:00+00:00,False,,51.233796,-0.581310,Male,18-24,White - English/Welsh/Scottish/Northern Irish/British,White,,Controlled drugs,A no further action disposal,False,
Person search,2019-05-02T23:05:00+00:00,False,,51.215754,-0.162877,Male,25-34,Other ethnic group - Not stated,Black,,Controlled drugs,Summons / charged by post,True,
Person search,2019-05-03T00:35:00+00:00,False,,51.323975,-0.195901,Male,over 34,White - Any other White background,White,,Controlled drugs,A no further action disposal,False,
Person search,2019-05-03T01:00:00+00:00,False,,51.332136,-0.181656,Male,18-24,White - Any other White background,White,,Controlled drugs,Arrest,True,
Person search,2019-05-03T01:37:00+00:00,False,,51.119781,-0.080537,Male,25-34,White - Any other White background,White,,Anything to threaten or harm anyone,Arrest,True,
Person search,2019-05-03T14:50:00+00:00,False,,51.399841,-0.369211,Male,18-24,White - Any other White background,White,,Offensive weapons,A no further action disposal,False,
Person search,2019-05-03T17:03:00+00:00,False,,51.245719,-0.595429,Male,25-34,White - English/Welsh/Scottish/Northern Irish/British,White,,Controlled drugs,Penalty Notice for Disorder,True,
Person search,2019-05-03T21:22:00+00:00,False,,51.236639,-0.581467,Male,10-17,Asian/Asian British - Pakistani,Other,,Offensive weapons,A no further action disposal,False,
Person search,2019-05-03T22:15:00+00:00,False,,51.239503,-0.576622,Male,18-24,Asian/Asian British - Pakistani,Asian,,Controlled drugs,A no further action disposal,False,
Person search,2019-05-03T22:15:00+00:00,False,,51.307563,-0.053299,Female,18-24,White - English/Welsh/Scottish/Northern Irish/British,White,,Controlled drugs,A no further action disposal,False,
Person search,2019-05-03T22:44:00+00:00,False,,51.233796,-0.581310,Male,18-24,White - English/Welsh/Scottish/Northern Irish/British,White,,Controlled drugs,Khat or Cannabis warning,True,
Person search,2019-05-03T22:56:00+00:00,False,,51.339065,-0.746451,Female,18-24,Other ethnic group - Not stated,Black,,Controlled drugs,A no further action disposal,False,
Person search,2019-05-03T22:56:00+00:00,False,,51.339065,-0.746451,Male,18-24,White - English/Welsh/Scottish/Northern Irish/British,White,,Controlled drugs,A no further action disposal,False,
Person search,2019-05-03T23:00:00+00:00,False,,51.321290,-0.559067,Male,10-17,White - English/Welsh/Scottish/Northern Irish/British,White,,Article for use in theft,A no further action disposal,False,
Person search,2019-05-03T23:04:00+00:00,False,,51.111468,-0.738889,Male,25-34,White - Any other White background,White,,Controlled drugs,A no further action disposal,False,
Person search,2019-05-03T23:12:00+00:00,False,,51.111468,-0.738889,Male,25-34,White - Any other White background,White,,Controlled drugs,A no further action disposal,False,
Person search,2019-05-04T12:00:00+00:00,False,,51.257385,-0.145381,Male,18-24,White - English/Welsh/Scottish/Northern Irish/British,White,,Controlled drugs,A no further action disposal,False,
Person search,2019-05-04T15:54:00+00:00,False,,51.321290,-0.559067,Male,over 34,White - English/Welsh/Scottish/Northern Irish/British,White,,Article for use in theft,Arrest,True,
Person search,2019-05-04T20:20:00+00:00,False,,51.235523,-0.326095,Male,18-24,Other ethnic group - Not stated,White,,Article for use in theft,A no further action disposal,False,
Person search,2019-05-04T20:20:00+00:00,False,,51.235523,-0.326095,Male,18-24,Other ethnic group - Not stated,White,,Article for use in theft,A no further action disposal,False,
Person search,2019-05-04T20:25:00+00:00,False,,51.305763,-0.730243,Male,18-24,Asian/Asian British - Any other Asian background,Asian,,Controlled drugs,Summons / charged by post,True,
Person search,2019-05-04T20:45:00+00:00,False,,51.339483,-0.742678,Female,10-17,White - English/Welsh/Scottish/Northern Irish/British,White,,Controlled drugs,A no further action disposal,False,
Person search,2019-05-04T20:45:00+00:00,False,,51.339196,-0.744394,Male,10-17,White - English/Welsh/Scottish/Northern Irish/British,White,,Controlled drugs,A no further action disposal,False,
Person search,2019-05-04T20:45:00+00:00,False,,51.340039,-0.742534,Female,10-17,White - English/Welsh/Scottish/Northern Irish/British,White,,Controlled drugs,A no further action disposal,False,
Person search,2019-05-04T22:50:00+00:00,False,,51.321678,-0.558395,Male,18-24,White - English/Welsh/Scottish/Northern Irish/British,White,,Controlled drugs,Summons / charged by post,True,
Person search,2019-05-04T22:50:00+00:00,False,,51.321678,-0.558395,Male,10-17,White - English/Welsh/Scottish/Northern Irish/British,White,,Controlled drugs,Summons / charged by post,True,
Person search,2019-05-05T00:20:00+00:00,False,,51.321290,-0.559067,Male,18-24,White - Any other White background,White,,Controlled drugs,Arrest,False,
Person search,2019-05-05T01:07:00+00:00,False,,51.389678,-0.347942,Female,25-34,White - Any other White background,White,,Controlled drugs,A no further action disposal,False,
Person search,2019-05-05T01:10:00+00:00,False,,51.389678,-0.347942,Male,18-24,White - Any other White background,White,,Controlled drugs,A no further action disposal,False,
Person search,2019-05-05T01:43:00+00:00,False,,51.241333,0.001957,Male,18-24,White - English/Welsh/Scottish/Northern Irish/British,White,,Controlled drugs,A no further action disposal,False,
Person search,2019-05-05T01:45:00+00:00,False,,51.240791,0.004225,Female,10-17,White - English/Welsh/Scottish/Northern Irish/British,White,,Controlled drugs,A no further action disposal,False,
Person search,2019-05-05T03:20:00+00:00,False,,51.282516,-0.075997,Male,18-24,White - English/Welsh/Scottish/Northern Irish/British,White,,Article for use in theft,A no further action disposal,False,
Person search,2019-05-05T09:07:00+00:00,False,,51.239757,-0.608919,Female,25-34,Other ethnic group - Not stated,White,,Anything to threaten or harm anyone,A no further action disposal,False,
Person search,2019-05-05T21:48:00+00:00,False,,51.321290,-0.559067,Male,over 34,White - English/Welsh/Scottish/Northern Irish/British,White,,Controlled drugs,A no further action disposal,False,
Person search,2019-05-05T22:20:00+00:00,False,,51.316540,-0.539973,Male,18-24,Asian/Asian British - Pakistani,Asian,,Controlled drugs,A no further action disposal,False,
Person search,2019-05-05T22:38:00+00:00,False,,,,Male,18-24,White - English/Welsh/Scottish/Northern Irish/British,White,,Controlled drugs,A no further action disposal,False,
Person search,2019-05-05T22:38:00+00:00,False,,,,Female,25-34,White - English/Welsh/Scottish/Northern Irish/British,White,,Controlled drugs,A no further action disposal,False,
Person search,2019-05-05T22:38:00+00:00,False,,,,Male,18-24,Black/African/Caribbean/Black British - Any other Black/African/Caribbean background,Black,,Controlled drugs,A no further action disposal,False,
Person search,2019-05-05T22:38:00+00:00,False,,,,Female,18-24,White - English/Welsh/Scottish/Northern Irish/British,White,,Controlled drugs,A no further action disposal,False,
Person search,2019-05-05T22:38:00+00:00,False,,,,Male,,Other ethnic group - Not stated,Black,,Controlled drugs,A no further action disposal,False,
Person search,2019-05-05T23:10:00+00:00,False,,51.366943,-0.536446,Male,18-24,Other ethnic group - Not stated,Black,,Anything to threaten or harm anyone,A no further action disposal,False,
Person search,2019-05-05T23:31:00+00:00,False,,51.260399,-0.136416,Male,18-24,White - Any other White background,White,,Controlled drugs,Community resolution,True,
Person search,2019-05-06T00:00:00+00:00,False,,51.302508,-0.538266,Male,25-34,Asian/Asian British - Pakistani,Asian,,Controlled drugs,Arrest,True,
Person search,2019-05-06T22:30:00+00:00,False,,51.321290,-0.559067,Male,18-24,White - English/Welsh/Scottish/Northern Irish/British,White,,Controlled drugs,Arrest,False,
Person search,2019-05-06T22:30:00+00:00,False,,51.321290,-0.559067,Male,18-24,White - English/Welsh/Scottish/Northern Irish/British,White,,Controlled drugs,A no further action disposal,False,
Person search,2019-05-06T23:40:00+00:00,False,,51.378268,-0.528886,Male,25-34,Other ethnic group - Not stated,White,,Controlled drugs,Summons / charged by post,True,
Person search,2019-05-07T00:28:00+00:00,False,,51.241912,-0.167881,Male,over 34,Black/African/Caribbean/Black British - African,Other,,Article for use in theft,A no further action disposal,False,
Person search,2019-05-07T10:00:00+00:00,False,,51.431643,-0.545902,Male,18-24,White - English/Welsh/Scottish/Northern Irish/British,White,,Controlled drugs,Arrest,True,
Person search,2019-05-07T14:21:00+00:00,False,,51.413285,-0.368632,Male,25-34,Other ethnic group - Not stated,White,,Article for use in theft,A no further action disposal,False,
Person search,2019-05-07T15:10:00+00:00,False,,51.323849,-0.559489,Male,over 34,White - Any other White background,White,,Anything to threaten or harm anyone,Arrest,True,
Person search,2019-05-07T16:09:00+00:00,False,,51.338231,-0.319427,Male,10-17,White - English/Welsh/Scottish/Northern Irish/British,White,,Anything to threaten or harm anyone,A no further action disposal,False,
Person search,2019-05-07T16:10:00+00:00,False,,51.311648,-0.244538,Male,18-24,White - English/Welsh/Scottish/Northern Irish/British,White,,Firearms,A no further action disposal,False,
Person search,2019-05-07T16:28:00+00:00,False,,51.311648,-0.244538,Male,18-24,White - English/Welsh/Scottish/Northern Irish/British,White,,Firearms,Khat or Cannabis warning,False,
Person search,2019-05-07T16:30:00+00:00,False,,51.296745,-0.330510,Male,25-34,White - English/Welsh/Scottish/Northern Irish/British,White,,Controlled drugs,A no further action disposal,False,
Person search,2019-05-07T18:00:00+00:00,False,,51.426548,-0.556420,Male,18-24,Black/African/Caribbean/Black British - Any other Black/African/Caribbean background,Black,,Offensive weapons,Arrest,False,
Person search,2019-05-07T18:00:00+00:00,False,,51.425853,-0.556888,Male,18-24,Asian/Asian British - Any other Asian background,Asian,,Offensive weapons,Arrest,False,
Person search,2019-05-07T22:31:00+00:00,False,,51.202223,-0.164818,Male,25-34,White - Any other White background,White,,Controlled drugs,Arrest,True,
Person search,2019-05-07T22:46:00+00:00,False,,51.197957,-0.166318,Male,25-34,White - English/Welsh/Scottish/Northern Irish/British,White,,Controlled drugs,Arrest,False,
Person search,2019-05-07T22:52:00+00:00,False,,51.293425,-0.334804,Female,10-17,White - English/Welsh/Scottish/Northern Irish/British,White,,Controlled drugs,A no further action disposal,False,
Person search,2019-05-07T22:52:00+00:00,False,,51.293425,-0.334804,Male,over 34,White - English/Welsh/Scottish/Northern Irish/British,White,,Controlled drugs,A no further action disposal,False,
Person search,2019-05-08T02:55:00+00:00,False,,51.242448,-0.567363,Male,25-34,White - English/Welsh/Scottish/Northern Irish/British,White,,Controlled drugs,Arrest,False,
Person search,2019-05-08T09:30:00+00:00,False,,51.316220,-0.559168,Male,over 34,White - Any other White background,White,,Offensive weapons,Arrest,True,
Person search,2019-05-08T15:40:00+00:00,False,,51.227704,-0.167328,Male,10-17,White - English/Welsh/Scottish/Northern Irish/British,White,,Controlled drugs,A no further action disposal,False,
Person search,2019-05-08T18:50:00+00:00,False,,51.428540,-0.575878,Male,10-17,White - English/Welsh/Scottish/Northern Irish/British,White,,Anything to threaten or harm anyone,A no further action disposal,False,
Person search,2019-05-08T18:50:00+00:00,False,,51.314991,-0.331125,Male,25-34,Black/African/Caribbean/Black British - Caribbean,Black,,Controlled drugs,Arrest,False,
Person search,2019-05-08T19:49:00+00:00,False,,51.314991,-0.331125,Female,25-34,Black/African/Caribbean/Black British - African,Black,,Controlled drugs,A no further action disposal,False,
Person search,2019-05-08T22:50:00+00:00,False,,51.354772,-0.244887,Male,18-24,White - English/Welsh/Scottish/Northern Irish/British,White,,Article for use in theft,A no further action disposal,False,
Person search,2019-05-08T22:51:00+00:00,False,,51.354772,-0.244887,Male,18-24,White - English/Welsh/Scottish/Northern Irish/British,White,,Article for use in theft,A no further action disposal,False,
Person search,2019-05-08T23:10:00+00:00,False,,51.250776,-0.712214,Male,18-24,White - English/Welsh/Scottish/Northern Irish/British,White,,Controlled drugs,A no further action disposal,False,
Person search,2019-05-08T23:17:00+00:00,False,,51.250776,-0.712214,Male,18-24,White - English/Welsh/Scottish/Northern Irish/British,White,,Anything to threaten or harm anyone,A no further action disposal,False,
Person search,2019-05-08T23:22:00+00:00,False,,51.250776,-0.712214,Male,18-24,White - English/Welsh/Scottish/Northern Irish/British,White,,Controlled drugs,A no further action disposal,True,
Person search,2019-05-08T23:30:00+00:00,False,,51.332619,-0.265098,Male,18-24,Other ethnic group - Any other ethnic group,White,,Controlled drugs,Arrest,True,
Person search,2019-05-08T23:30:00+00:00,False,,51.353045,-0.314017,Male,18-24,White - English/Welsh/Scottish/Northern Irish/British,White,,Controlled drugs,A no further action disposal,True,
Person search,2019-05-08T23:33:00+00:00,False,,51.370400,-0.361494,Male,18-24,Other ethnic group - Not stated,White,,Controlled drugs,Summons / charged by post,True,
Person search,2019-05-09T00:00:00+00:00,False,,51.364346,-0.432988,Male,18-24,White - English/Welsh/Scottish/Northern Irish/British,White,,Article for use in theft,A no further action disposal,False,
Person search,2019-05-09T00:00:00+00:00,False,,51.394591,-0.448126,Male,25-34,White - English/Welsh/Scottish/Northern Irish/British,White,,Article for use in theft,A no further action disposal,False,
Person search,2019-05-09T02:53:00+00:00,False,,51.370229,-0.489980,Male,over 34,White - English/Welsh/Scottish/Northern Irish/British,White,,Article for use in theft,A no further action disposal,False,
Person search,2019-05-09T08:30:00+00:00,False,,51.245946,-0.600881,Male,25-34,White - English/Welsh/Scottish/Northern Irish/British,White,,Controlled drugs,A no further action disposal,False,
Person search,2019-05-09T13:17:00+00:00,False,,51.362163,-0.457596,Male,18-24,White - English/Welsh/Scottish/Northern Irish/British,White,,Anything to threaten or harm anyone,A no further action disposal,False,
Person search,2019-05-09T16:19:00+00:00,False,,51.240086,-0.577263,Male,18-24,Black/African/Caribbean/Black British - Caribbean,Black,,Controlled drugs,Arrest,True,
Vehicle search,2019-05-09T17:19:00+00:00,False,,51.243977,-0.603863,,,Other ethnic group - Not stated,,,Controlled drugs,Arrest,True,
Person search,2019-05-09T19:48:00+00:00,False,,51.229465,-0.168418,Male,10-17,White - English/Welsh/Scottish/Northern Irish/British,White,,Controlled drugs,A no further action disposal,False,
Person search,2019-05-09T23:40:00+00:00,False,,51.368064,-0.444756,Female,18-24,White - English/Welsh/Scottish/Northern Irish/British,White,,Controlled drugs,A no further action disposal,False,
Person search,2019-05-09T23:40:00+00:00,False,,51.368064,-0.444756,Male,25-34,White - English/Welsh/Scottish/Northern Irish/British,White,,Controlled drugs,A no further action disposal,False,
Person search,2019-05-09T23:59:00+00:00,False,,51.224501,-0.197960,Male,10-17,White - English/Welsh/Scottish/Northern Irish/British,White,,Offensive weapons,A no further action disposal,False,
Person search,2019-05-10T02:02:00+00:00,False,,51.296745,-0.330510,Male,18-24,White - English/Welsh/Scottish/Northern Irish/British,White,,Article for use in theft,A no further action disposal,False,
Person search,2019-05-10T04:01:00+00:00,False,,51.317808,-0.591420,Male,18-24,Other ethnic group - Not stated,White,,Article for use in theft,A no further action disposal,False,
Person search,2019-05-10T10:28:00+00:00,False,,51.323635,-0.549449,Male,10-17,Asian/Asian British - Pakistani,Asian,,Controlled drugs,A no further action disposal,False,
Person search,2019-05-10T10:28:00+00:00,False,,51.325318,-0.547330,Male,10-17,Asian/Asian British - Pakistani,Asian,,Controlled drugs,A no further action disposal,False,
Person search,2019-05-10T10:28:00+00:00,False,,51.324268,-0.548999,Male,18-24,Asian/Asian British - Pakistani,Asian,,Controlled drugs,A no further action disposal,False,
Person search,2019-05-10T17:50:00+00:00,False,,51.309834,-0.174732,Male,18-24,Other ethnic group - Not stated,Black,,Anything to threaten or harm anyone,Community resolution,True,
Person search,2019-05-10T19:10:00+00:00,False,,51.372127,-0.463109,Male,over 34,Other ethnic group - Not stated,White,,Firearms,A no further action disposal,False,
Person search,2019-05-10T19:20:00+00:00,False,,51.336423,-0.578805,Male,over 34,White - English/Welsh/Scottish/Northern Irish/British,White,,Controlled drugs,A no further action disposal,False,
Person search,2019-05-10T19:25:00+00:00,False,,51.336423,-0.578805,Male,over 34,White - English/Welsh/Scottish/Northern Irish/British,White,,Anything to threaten or harm anyone,Arrest,False,
Person search,2019-05-10T23:10:00+00:00,False,,51.381755,-0.361347,Male,25-34,White - English/Welsh/Scottish/Northern Irish/British,White,,Article for use in theft,A no further action disposal,False,
Person search,2019-05-10T23:10:00+00:00,False,,51.380590,-0.360958,Male,25-34,White - English/Welsh/Scottish/Northern Irish/British,White,,Article for use in theft,Community resolution,False,
Person search,2019-05-11T00:00:00+00:00,False,,51.380590,-0.360958,Male,25-34,Other ethnic group - Not stated,White,,Controlled drugs,Community resolution,True,
Person search,2019-05-11T01:00:00+00:00,False,,51.187043,-0.610492,Female,18-24,Other ethnic group - Not stated,White,,Controlled drugs,A no further action disposal,False,
Person search,2019-05-11T09:40:00+00:00,False,,51.295070,-0.857643,Male,over 34,White - Any other White background,White,,Offensive weapons,Arrest,True,
Person search,2019-05-11T10:03:00+00:00,False,,51.145999,-0.182604,Female,25-34,White - English/Welsh/Scottish/Northern Irish/British,White,,Controlled drugs,A no further action disposal,False,
Person search,2019-05-11T10:03:00+00:00,False,,51.145999,-0.182604,Male,25-34,White - English/Welsh/Scottish/Northern Irish/British,White,,Controlled drugs,Khat or Cannabis warning,True,
Person search,2019-05-11T11:45:00+00:00,False,,51.324318,-0.545036,Male,over 34,Asian/Asian British - Pakistani,Asian,,Controlled drugs,A no further action disposal,False,
Person search,2019-05-11T11:57:00+00:00,False,,51.324318,-0.545036,Male,over 34,White - Any other White background,White,,Controlled drugs,A no further action disposal,False,
Person search,2019-05-11T12:00:00+00:00,False,,51.325318,-0.547330,Male,10-17,Asian/Asian British - Pakistani,Asian,,Controlled drugs,Arrest,True,
Person search,2019-05-11T12:00:00+00:00,False,,51.325318,-0.547330,Male,10-17,Other ethnic group - Not stated,Asian,,Controlled drugs,Arrest,False,
Person search,2019-05-11T18:42:00+00:00,False,,51.380851,-0.389501,Male,10-17,Other ethnic group - Not stated,Black,,Controlled drugs,A no further action disposal,False,
Person search,2019-05-11T19:00:00+00:00,False,,51.156578,-0.159265,Male,25-34,White - Any other White background,White,,Controlled drugs,A no further action disposal,False,
Person search,2019-05-11T21:45:00+00:00,False,,51.297300,-0.319674,Male,over 34,Other ethnic group - Not stated,White,,Controlled drugs,A no further action disposal,False,
Person search,2019-05-11T21:45:00+00:00,False,,51.297300,-0.319674,Female,25-34,Other ethnic group - Not stated,White,,Controlled drugs,A no further action disposal,False,
Person search,2019-05-12T04:09:00+00:00,False,,51.356007,-0.363084,Male,25-34,Other ethnic group - Not stated,White,,Article for use in theft,A no further action disposal,False,
Person search,2019-05-12T05:15:00+00:00,False,,51.415185,-0.443488,Male,18-24,Asian/Asian British - Bangladeshi,Asian,,Article for use in theft,A no further action disposal,False,
Person search,2019-05-12T09:58:00+00:00,False,,51.370090,-0.491105,Male,18-24,White - Any other White background,White,,Controlled drugs,A no further action disposal,False,
Person search,2019-05-12T17:45:00+00:00,False,,51.435098,-0.507409,,18-24,Asian/Asian British - Any other Asian background,Asian,,Article for use in theft,A no further action disposal,False,
Person search,2019-05-12T17:47:00+00:00,False,,51.435098,-0.507409,Male,18-24,White - English/Welsh/Scottish/Northern Irish/British,White,,Article for use in theft,A no further action disposal,False,
Person search,2019-05-12T18:50:00+00:00,False,,51.434667,-0.511767,Male,18-24,White - English/Welsh/Scottish/Northern Irish/British,White,,Anything to threaten or harm anyone,Arrest,False,
Person search,2019-05-12T19:29:00+00:00,False,,51.301964,-0.342801,Male,18-24,White - English/Welsh/Scottish/Northern Irish/British,White,,Controlled drugs,A no further action disposal,False,
Person search,2019-05-12T21:00:00+00:00,False,,51.265621,-0.152675,Male,18-24,White - English/Welsh/Scottish/Northern Irish/British,White,,Controlled drugs,A no further action disposal,False,
Person search,2019-05-12T21:25:00+00:00,False,,51.237631,-0.186875,Male,10-17,White - English/Welsh/Scottish/Northern Irish/British,White,,Article for use in theft,A no further action disposal,False,
Person search,2019-05-12T21:25:00+00:00,False,,51.252601,-0.170537,Male,10-17,White - English/Welsh/Scottish/Northern Irish/British,White,,Article for use in theft,A no further action disposal,False,
Person search,2019-05-12T21:40:00+00:00,True,,51.239892,-0.164064,Male,25-34,Other ethnic group - Not stated,Black,,Controlled drugs,Arrest,True,
Person search,2019-05-12T22:19:00+00:00,False,,51.282516,-0.075997,Male,18-24,White - English/Welsh/Scottish/Northern Irish/British,White,,Controlled drugs,A no further action disposal,False,
Person search,2019-05-12T22:43:00+00:00,False,,51.389435,-0.329510,Male,18-24,Other ethnic group - Not stated,White,,Article for use in theft,A no further action disposal,False,
Person search,2019-05-12T22:45:00+00:00,False,,51.380777,-0.520284,Male,18-24,Asian/Asian British - Pakistani,Asian,,Controlled drugs,A no further action disposal,False,
Person search,2019-05-12T22:59:00+00:00,False,,51.248780,-0.606985,Male,18-24,White - Any other White background,White,,Anything to threaten or harm anyone,A no further action disposal,False,
Person search,2019-05-13T00:05:00+00:00,False,,51.214964,-0.567142,Male,25-34,Other ethnic group - Not stated,White,,Controlled drugs,Arrest,True,
Person search,2019-05-13T10:20:00+00:00,False,,51.399972,-0.432892,Male,25-34,Black/African/Caribbean/Black British - Any other Black/African/Caribbean background,Black,,Controlled drugs,A no further action disposal,False,
Person search,2019-05-13T15:00:00+00:00,False,,51.238625,-0.574658,Male,18-24,White - English/Welsh/Scottish/Northern Irish/British,White,,Controlled drugs,Community resolution,False,
Person search,2019-05-13T15:00:00+00:00,False,,51.233184,-0.566504,Male,18-24,White - English/Welsh/Scottish/Northern Irish/British,White,,Controlled drugs,A no further action disposal,False,
Person search,2019-05-13T15:05:00+00:00,True,,51.232271,-0.564628,Male,18-24,White - English/Welsh/Scottish/Northern Irish/British,White,,Controlled drugs,Community resolution,True,
Person search,2019-05-13T19:05:00+00:00,False,,51.389705,-0.482268,Male,10-17,White - English/Welsh/Scottish/Northern Irish/British,White,,Controlled drugs,Community resolution,True,
Person search,2019-05-13T19:10:00+00:00,False,,51.389705,-0.482268,Male,10-17,White - English/Welsh/Scottish/Northern Irish/British,White,,Controlled drugs,A no further action disposal,False,
Person search,2019-05-13T19:58:00+00:00,False,,51.237367,-0.210092,Male,18-24,White - English/Welsh/Scottish/Northern Irish/British,White,,Controlled drugs,A no further action disposal,False,
Person search,2019-05-13T19:58:00+00:00,False,,51.237631,-0.186875,Male,18-24,White - English/Welsh/Scottish/Northern Irish/British,White,,Controlled drugs,Community resolution,True,
Person search,2019-05-13T19:58:00+00:00,False,,51.237367,-0.210092,Male,18-24,White - English/Welsh/Scottish/Northern Irish/British,White,,Controlled drugs,A no further action disposal,False,
Person search,2019-05-13T19:58:00+00:00,False,,51.237367,-0.210092,Male,10-17,White - English/Welsh/Scottish/Northern Irish/British,White,,Controlled drugs,A no further action disposal,False,
Person search,2019-05-13T21:00:00+00:00,False,,51.317957,-0.556373,Male,over 34,Black/African/Caribbean/Black British - African,Black,,Stolen goods,A no further action disposal,True,
Person search,2019-05-13T22:45:00+00:00,False,,51.317029,-0.616599,Male,18-24,Asian/Asian British - Any other Asian background,Asian,,Controlled drugs,Penalty Notice for Disorder,True,
Person search,2019-05-13T23:05:00+00:00,False,,51.319168,-0.613450,Male,25-34,Asian/Asian British - Bangladeshi,Asian,,Controlled drugs,Penalty Notice for Disorder,True,
Person search,2019-05-14T12:05:00+00:00,False,,51.353387,-0.702460,Male,25-34,White - English/Welsh/Scottish/Northern Irish/British,White,,Stolen goods,A no further action disposal,False,
Person search,2019-05-14T13:00:00+00:00,False,,51.324637,-0.503232,Male,10-17,Asian/Asian British - Pakistani,Asian,,Controlled drugs,A no further action disposal,False,
Person search,2019-05-14T13:00:00+00:00,False,,51.325318,-0.547330,Male,10-17,Asian/Asian British - Pakistani,Asian,,Controlled drugs,A no further action disposal,False,
Person search,2019-05-14T15:30:00+00:00,False,,51.250901,-0.156747,Male,25-34,Mixed/Multiple ethnic groups - White and Black Caribbean,Black,,Controlled drugs,Arrest,True,
Person search,2019-05-14T16:42:00+00:00,False,,51.322034,-0.754866,Male,over 34,White - English/Welsh/Scottish/Northern Irish/British,White,,Controlled drugs,A no further action disposal,False,
Person search,2019-05-14T19:01:00+00:00,False,,54.407351,-1.616834,Female,25-34,White - English/Welsh/Scottish/Northern Irish/British,White,,Articles for use in criminal damage,Arrest,True,
Person search,2019-05-14T22:15:00+00:00,False,,51.432072,-0.461213,Male,10-17,White - English/Welsh/Scottish/Northern Irish/British,White,,Controlled drugs,A no further action disposal,False,
Person search,2019-05-14T22:47:00+00:00,False,,51.432896,-0.463013,Male,10-17,White - English/Welsh/Scottish/Northern Irish/British,White,,Controlled drugs,A no further action disposal,False,
Person search,2019-05-15T10:30:00+00:00,False,,51.180099,-0.610300,Male,10-17,White - English/Welsh/Scottish/Northern Irish/British,White,,Controlled drugs,Community resolution,True,
Person search,2019-05-15T10:31:00+00:00,False,,51.180099,-0.610300,Male,10-17,White - English/Welsh/Scottish/Northern Irish/British,White,,Controlled drugs,Community resolution,True,
Person search,2019-05-15T12:00:00+00:00,False,,51.345539,-0.249246,Male,over 34,White - English/Welsh/Scottish/Northern Irish/British,White,,Controlled drugs,Arrest,True,
Person search,2019-05-15T12:00:00+00:00,False,,51.345539,-0.249246,Male,25-34,Other ethnic group - Not stated,Asian,,Controlled drugs,Arrest,True,
Person search,2019-05-15T15:30:00+00:00,False,,51.239503,-0.576622,Female,over 34,White - English/Welsh/Scottish/Northern Irish/British,White,,Anything to threaten or harm anyone,A no further action disposal,False,
Person search,2019-05-15T15:45:00+00:00,False,,51.345707,-0.744460,Male,over 34,White - English/Welsh/Scottish/Northern Irish/British,White,,Controlled drugs,A no further action disposal,False,
Person search,2019-05-15T17:04:00+00:00,True,,51.371256,-0.415928,Male,over 34,White - English/Welsh/Scottish/Northern Irish/British,White,,Controlled drugs,A no further action disposal,False,
Person search,2019-05-15T17:30:00+00:00,True,,51.371256,-0.415928,Male,18-24,White - English/Welsh/Scottish/Northern Irish/British,White,,Controlled drugs,Arrest,True,
Person search,2019-05-15T17:46:00+00:00,True,,51.372357,-0.414842,Male,10-17,White - English/Welsh/Scottish/Northern Irish/British,White,,Controlled drugs,Community resolution,True,
Person search,2019-05-15T18:37:00+00:00,False,,51.247933,-0.576205,Male,25-34,White - English/Welsh/Scottish/Northern Irish/British,White,,Controlled drugs,A no further action disposal,False,
Person search,2019-05-15T21:58:00+00:00,False,,51.096667,-0.758229,Male,18-24,Asian/Asian British - Any other Asian background,Black,,Controlled drugs,Khat or Cannabis warning,True,
Person search,2019-05-15T22:30:00+00:00,False,,51.366943,-0.536446,Male,18-24,Other ethnic group - Not stated,White,,Controlled drugs,A no further action disposal,False,
Person search,2019-05-15T22:30:00+00:00,False,,51.397368,-0.508277,Male,18-24,White - English/Welsh/Scottish/Northern Irish/British,White,,Controlled drugs,A no further action disposal,False,
Person search,2019-05-16T00:40:00+00:00,False,,51.329035,-0.697521,Male,over 34,White - English/Welsh/Scottish/Northern Irish/British,White,,Article for use in theft,A no further action disposal,False,
Person and Vehicle search,2019-05-16T04:04:00+00:00,False,,51.331973,-0.262179,Male,18-24,Asian/Asian British - Any other Asian background,Asian,,Anything to threaten or harm anyone,A no further action disposal,False,
Person search,2019-05-16T12:50:00+00:00,False,,51.345469,-0.242758,Male,18-24,White - English/Welsh/Scottish/Northern Irish/British,White,,Controlled drugs,A no further action disposal,False,
Person search,2019-05-16T14:45:00+00:00,False,,51.324224,-0.545427,Male,18-24,Other ethnic group - Not stated,Asian,,Anything to threaten or harm anyone,A no further action disposal,False,
Person search,2019-05-16T16:00:00+00:00,False,,51.370229,-0.489980,Male,25-34,White - English/Welsh/Scottish/Northern Irish/British,White,,Controlled drugs,A no further action disposal,False,
Person search,2019-05-16T16:00:00+00:00,False,,51.370229,-0.489980,Female,,White - English/Welsh/Scottish/Northern Irish/British,White,,Controlled drugs,A no further action disposal,False,
Person search,2019-05-16T16:38:00+00:00,False,,51.262758,-0.008795,Male,10-17,White - English/Welsh/Scottish/Northern Irish/British,White,,Controlled drugs,Khat or Cannabis warning,True,
Person search,2019-05-16T16:41:00+00:00,False,,51.282516,-0.075997,Male,10-17,White - English/Welsh/Scottish/Northern Irish/British,White,,Controlled drugs,A no further action disposal,False,
Person search,2019-05-16T16:42:00+00:00,False,,51.262758,-0.008795,Male,10-17,White - English/Welsh/Scottish/Northern Irish/British,White,,Controlled drugs,A no further action disposal,False,
Person search,2019-05-16T20:10:00+00:00,False,,51.237268,-0.577680,Female,over 34,White - Any other White background,White,,Anything to threaten or harm anyone,A no further action disposal,False,
Person search,2019-05-16T20:30:00+00:00,False,,51.339196,-0.744394,Male,18-24,White - English/Welsh/Scottish/Northern Irish/British,White,,Controlled drugs,A no further action disposal,False,
Person search,2019-05-17T01:30:00+00:00,False,,51.253143,-0.323191,Female,18-24,White - English/Welsh/Scottish/Northern Irish/British,White,,Controlled drugs,Community resolution,True,
Person search,2019-05-17T15:16:00+00:00,True,,51.318566,-0.556928,Male,10-17,White - English/Welsh/Scottish/Northern Irish/British,White,,Anything to threaten or harm anyone,A no further action disposal,False,
Person search,2019-05-17T15:20:00+00:00,True,,51.318566,-0.556928,Male,10-17,White - English/Welsh/Scottish/Northern Irish/British,White,,Anything to threaten or harm anyone,A no further action disposal,False,
Person search,2019-05-17T15:35:00+00:00,True,,51.318566,-0.556928,Male,25-34,White - English/Welsh/Scottish/Northern Irish/British,White,,Anything to threaten or harm anyone,A no further action disposal,False,
Person search,2019-05-17T16:47:00+00:00,True,,51.317598,-0.557862,Male,,Other ethnic group - Not stated,Black,,Controlled drugs,A no further action disposal,False,
Person search,2019-05-17T18:00:00+00:00,True,,51.319317,-0.558770,Male,over 34,Other ethnic group - Not stated,Black,,Anything to threaten or harm anyone,A no further action disposal,False,
Person search,2019-05-17T18:00:00+00:00,False,,51.370090,-0.491105,Male,10-17,White - English/Welsh/Scottish/Northern Irish/British,White,,Articles for use in criminal damage,A no further action disposal,False,
Person search,2019-05-17T18:25:00+00:00,False,,51.314510,-0.218543,Male,10-17,White - English/Welsh/Scottish/Northern Irish/British,White,,Articles for use in criminal damage,A no further action disposal,False,
Person search,2019-05-17T18:25:00+00:00,False,,51.314510,-0.218543,Male,10-17,White - English/Welsh/Scottish/Northern Irish/British,White,,Articles for use in criminal damage,A no further action disposal,False,
Person search,2019-05-17T18:39:00+00:00,True,,51.311455,-0.562216,Male,10-17,Other ethnic group - Not stated,Asian,,Anything to threaten or harm anyone,A no further action disposal,False,
Person search,2019-05-17T18:50:00+00:00,True,,51.318566,-0.556928,Male,10-17,White - English/Welsh/Scottish/Northern Irish/British,White,,Anything to threaten or harm anyone,A no further action disposal,False,
Person search,2019-05-17T20:55:00+00:00,False,,53.190028,-1.955226,Female,over 34,Asian/Asian British - Bangladeshi,Asian,,Article for use in theft,A no further action disposal,False,
Person search,2019-05-17T23:10:00+00:00,False,,51.242940,-0.733320,Male,25-34,White - English/Welsh/Scottish/Northern Irish/British,White,,Controlled drugs,A no further action disposal,False,
Person search,2019-05-17T23:12:00+00:00,False,,51.242940,-0.733320,Male,25-34,White - English/Welsh/Scottish/Northern Irish/British,White,,Controlled drugs,A no further action disposal,False,
Person search,2019-05-18T11:15:00+00:00,False,,51.374753,-0.521096,Male,18-24,White - English/Welsh/Scottish/Northern Irish/British,White,,Controlled drugs,A no further action disposal,False,
Person search,2019-05-18T19:29:00+00:00,False,,,,Male,10-17,White - Any other White background,White,,Offensive weapons,A no further action disposal,False,
Person search,2019-05-18T19:33:00+00:00,False,,51.235523,-0.326095,Male,18-24,Other ethnic group - Not stated,White,,Controlled drugs,Penalty Notice for Disorder,True,
Person search,2019-05-19T00:00:00+00:00,False,,51.231349,-0.747546,Male,18-24,Other ethnic group - Not stated,Black,,Controlled drugs,A no further action disposal,False,
Person search,2019-05-19T00:00:00+00:00,False,,51.231349,-0.747546,Male,over 34,White - English/Welsh/Scottish/Northern Irish/British,White,,Controlled drugs,A no further action disposal,False,
Person search,2019-05-19T00:00:00+00:00,False,,51.231349,-0.747546,Male,18-24,Other ethnic group - Not stated,Black,,Controlled drugs,Arrest,False,
Person search,2019-05-19T10:10:00+00:00,False,,51.390929,-0.413711,Male,25-34,Other ethnic group - Not stated,White,,Article for use in theft,A no further action disposal,False,
Person search,2019-05-19T10:23:00+00:00,False,,51.390929,-0.413711,Male,25-34,White - Any other White background,White,,Article for use in theft,A no further action disposal,False,
Person search,2019-05-19T11:53:00+00:00,False,,51.414922,-0.423810,Female,25-34,White - English/Welsh/Scottish/Northern Irish/British,White,,Stolen goods,A no further action disposal,False,
Person search,2019-05-19T11:57:00+00:00,False,,51.417364,-0.423539,Female,25-34,White - English/Welsh/Scottish/Northern Irish/British,White,,Article for use in theft,A no further action disposal,False,
Person search,2019-05-19T16:31:00+00:00,False,,51.309766,-0.407975,Male,25-34,Asian/Asian British - Indian,Asian,,Firearms,A no further action disposal,False,
Person search,2019-05-19T21:30:00+00:00,False,,51.287857,-0.087491,Male,10-17,White - English/Welsh/Scottish/Northern Irish/British,White,,Controlled drugs,A no further action disposal,False,
Person search,2019-05-19T22:18:00+00:00,False,,51.274622,-0.016855,Male,18-24,White - English/Welsh/Scottish/Northern Irish/British,White,,Controlled drugs,A no further action disposal,False,
Person search,2019-05-19T23:00:00+00:00,False,,51.364346,-0.432988,Male,25-34,White - English/Welsh/Scottish/Northern Irish/British,White,,Controlled drugs,A no further action disposal,False,
Person search,2019-05-19T23:15:00+00:00,False,,51.364346,-0.432988,Female,over 34,White - English/Welsh/Scottish/Northern Irish/British,White,,Controlled drugs,A no further action disposal,False,
Person search,2019-05-20T12:01:00+00:00,False,,51.325318,-0.547330,Male,10-17,Other ethnic group - Not stated,Asian,,Controlled drugs,A no further action disposal,False,
Person search,2019-05-20T16:00:00+00:00,False,,51.334399,-0.530678,Male,25-34,White - English/Welsh/Scottish/Northern Irish/British,White,,Anything to threaten or harm anyone,A no further action disposal,False,
Person search,2019-05-20T17:40:00+00:00,False,,51.348369,-0.265939,Male,18-24,White - English/Welsh/Scottish/Northern Irish/British,White,,Controlled drugs,Community resolution,True,
Person search,2019-05-20T18:25:00+00:00,False,,51.314820,-0.743797,Male,10-17,White - English/Welsh/Scottish/Northern Irish/British,White,,Offensive weapons,A no further action disposal,False,
Person search,2019-05-20T18:30:00+00:00,False,,51.314820,-0.743797,Male,,White - English/Welsh/Scottish/Northern Irish/British,White,,Offensive weapons,A no further action disposal,False,
Person search,2019-05-20T23:06:00+00:00,False,,51.320515,-0.386478,Male,18-24,White - English/Welsh/Scottish/Northern Irish/British,White,,Controlled drugs,Khat or Cannabis warning,True,
Person search,2019-05-20T23:06:00+00:00,False,,51.320515,-0.386478,Male,18-24,White - English/Welsh/Scottish/Northern Irish/British,White,,Controlled drugs,Khat or Cannabis warning,True,
Person search,2019-05-21T02:00:00+00:00,False,,51.374045,-0.317326,Male,18-24,White - Irish,White,,Stolen goods,Arrest,False,
Person search,2019-05-21T11:15:00+00:00,False,,51.325318,-0.547330,Male,10-17,Other ethnic group - Not stated,Asian,,Controlled drugs,Summons / charged by post,True,
Person search,2019-05-21T11:35:00+00:00,False,,51.325318,-0.547330,Male,18-24,Asian/Asian British - Pakistani,Asian,,Controlled drugs,A no further action disposal,False,
Person search,2019-05-21T12:51:00+00:00,False,,51.421436,-0.440917,Male,over 34,White - English/Welsh/Scottish/Northern Irish/British,White,,Controlled drugs,A no further action disposal,False,
Person search,2019-05-21T12:51:00+00:00,False,,51.421436,-0.440917,Male,25-34,White - English/Welsh/Scottish/Northern Irish/British,White,,Controlled drugs,A no further action disposal,False,
Person search,2019-05-21T21:30:00+00:00,False,,51.239503,-0.576622,Male,over 34,White - English/Welsh/Scottish/Northern Irish/British,White,,Article for use in theft,Arrest,False,
Person search,2019-05-21T22:12:00+00:00,False,,51.335986,-0.757933,Female,over 34,White - English/Welsh/Scottish/Northern Irish/British,White,,Controlled drugs,A no further action disposal,False,
Person search,2019-05-22T11:56:00+00:00,False,,51.324730,-0.549286,Male,10-17,Asian/Asian British - Pakistani,Asian,,Controlled drugs,A no further action disposal,False,
Person search,2019-05-22T13:00:00+00:00,False,,51.325763,-0.549181,Male,10-17,Other ethnic group - Not stated,Asian,,Controlled drugs,A no further action disposal,False,
Person search,2019-05-22T13:00:00+00:00,False,,51.325763,-0.549181,Male,10-17,Other ethnic group - Not stated,Asian,,Controlled drugs,A no further action disposal,False,
Person search,2019-05-22T21:08:00+00:00,False,,51.240814,-0.167824,Female,over 34,White - English/Welsh/Scottish/Northern Irish/British,White,,Controlled drugs,A no further action disposal,False,
Person search,2019-05-22T21:15:00+00:00,False,,51.236256,-0.186370,Male,over 34,White - English/Welsh/Scottish/Northern Irish/British,White,,Controlled drugs,A no further action disposal,False,
Person search,2019-05-22T23:15:00+00:00,False,,51.259736,-0.581788,Male,18-24,White - English/Welsh/Scottish/Northern Irish/British,White,,Controlled drugs,Khat or Cannabis warning,True,
Person search,2019-05-23T12:40:00+00:00,True,,51.348656,-0.510348,Male,25-34,White - English/Welsh/Scottish/Northern Irish/British,White,,Controlled drugs,A no further action disposal,False,
Person and Vehicle search,2019-05-23T18:20:00+00:00,False,,51.370229,-0.489980,Male,18-24,Other ethnic group - Not stated,White,,Anything to threaten or harm anyone,A no further action disposal,False,
Person search,2019-05-23T18:21:00+00:00,False,,51.231729,-0.334998,Male,25-34,Other ethnic group - Not stated,Asian,,Article for use in theft,Community resolution,True,
Person search,2019-05-23T19:00:00+00:00,False,,51.255533,-0.551393,Male,10-17,White - English/Welsh/Scottish/Northern Irish/British,White,,Controlled drugs,A no further action disposal,False,
Person search,2019-05-23T19:35:00+00:00,False,,51.239503,-0.576622,Male,18-24,Other ethnic group - Not stated,White,,Controlled drugs,A no further action disposal,False,
Person search,2019-05-23T19:35:00+00:00,False,,51.239503,-0.576622,Male,18-24,Black/African/Caribbean/Black British - African,Black,,Controlled drugs,Khat or Cannabis warning,True,
Person search,2019-05-23T19:39:00+00:00,False,,51.238437,-0.578403,Female,18-24,White - English/Welsh/Scottish/Northern Irish/British,White,,Controlled drugs,A no further action disposal,False,
Person search,2019-05-23T23:20:00+00:00,False,,51.425769,-0.450982,Male,25-34,Other ethnic group - Not stated,White,,Article for use in theft,A no further action disposal,False,
Vehicle search,2019-05-24T01:10:00+00:00,False,,51.237329,-0.572349,,,Other ethnic group - Not stated,,,Article for use in theft,A no further action disposal,True,
Person search,2019-05-24T16:55:00+00:00,False,,51.347020,-0.725370,Male,18-24,White - English/Welsh/Scottish/Northern Irish/British,White,,Controlled drugs,A no further action disposal,False,
Person search,2019-05-24T16:56:00+00:00,False,,51.334690,-0.275600,Male,18-24,White - English/Welsh/Scottish/Northern Irish/British,White,,Controlled drugs,A no further action disposal,False,
Person search,2019-05-24T18:20:00+00:00,False,,51.377996,-0.524397,Male,25-34,White - English/Welsh/Scottish/Northern Irish/British,White,,Controlled drugs,A no further action disposal,False,
Person search,2019-05-24T18:20:00+00:00,False,,51.377996,-0.524397,Male,,White - English/Welsh/Scottish/Northern Irish/British,White,,Controlled drugs,A no further action disposal,False,
Person search,2019-05-24T20:45:00+00:00,False,,51.241368,-0.175051,Male,over 34,Black/African/Caribbean/Black British - African,Black,,Controlled drugs,Arrest,True,
Person search,2019-05-24T21:40:00+00:00,False,,51.305686,-0.328148,Male,18-24,White - English/Welsh/Scottish/Northern Irish/British,White,,Controlled drugs,A no further action disposal,False,
Person search,2019-05-25T00:07:00+00:00,False,,51.385531,-0.339583,Male,10-17,White - English/Welsh/Scottish/Northern Irish/British,White,,Article for use in theft,A no further action disposal,False,
Person search,2019-05-25T00:50:00+00:00,False,,51.370090,-0.491105,Male,18-24,White - Any other White background,White,,Controlled drugs,A no further action disposal,False,
Person search,2019-05-25T04:05:00+00:00,False,,51.317017,-0.604230,Male,over 34,White - English/Welsh/Scottish/Northern Irish/British,White,,Article for use in theft,Arrest,False,
Person search,2019-05-25T14:32:00+00:00,False,,51.346915,-0.264960,Male,,White - English/Welsh/Scottish/Northern Irish/British,White,,Firearms,A no further action disposal,False,
Person search,2019-05-25T15:05:00+00:00,False,,51.237631,-0.186875,Male,10-17,White - English/Welsh/Scottish/Northern Irish/British,White,,Offensive weapons,A no further action disposal,False,
Person search,2019-05-25T15:51:00+00:00,False,,,,Male,18-24,White - English/Welsh/Scottish/Northern Irish/British,White,,Controlled drugs,Arrest,True,
Person search,2019-05-25T15:51:00+00:00,False,,,,Male,25-34,White - English/Welsh/Scottish/Northern Irish/British,White,,Controlled drugs,Arrest,True,
Person search,2019-05-25T15:51:00+00:00,False,,51.239503,-0.576622,Male,18-24,White - English/Welsh/Scottish/Northern Irish/British,White,,Controlled drugs,Arrest,True,
Person search,2019-05-25T21:59:00+00:00,False,,51.235115,-0.578119,Male,18-24,White - English/Welsh/Scottish/Northern Irish/British,White,,Controlled drugs,A no further action disposal,False,
Person search,2019-05-25T21:59:00+00:00,False,,51.235115,-0.578119,Male,18-24,White - English/Welsh/Scottish/Northern Irish/British,White,,Controlled drugs,A no further action disposal,False,
Person search,2019-05-26T01:30:00+00:00,False,,51.212945,-0.564599,Male,18-24,Mixed/Multiple ethnic groups - White and Black Caribbean,Black,,Controlled drugs,Community resolution,True,
Person search,2019-05-26T15:00:00+00:00,False,,51.343465,-0.274323,Male,10-17,White - English/Welsh/Scottish/Northern Irish/British,White,,Offensive weapons,A no further action disposal,False,
Person search,2019-05-26T22:10:00+00:00,False,,51.339483,-0.742678,Male,over 34,White - English/Welsh/Scottish/Northern Irish/British,White,,Offensive weapons,A no further action disposal,False,
Person search,2019-05-26T23:24:00+00:00,False,,51.237631,-0.186875,Female,18-24,Other ethnic group - Not stated,,,Controlled drugs,Community resolution,True,
Person search,2019-05-27T01:58:00+00:00,False,,51.238717,-0.187921,Male,25-34,White - English/Welsh/Scottish/Northern Irish/British,White,,Controlled drugs,Community resolution,True,
Person search,2019-05-27T17:30:00+00:00,False,,51.237352,-0.580184,Male,,Other ethnic group - Not stated,White,,Offensive weapons,A no further action disposal,False,
Person search,2019-05-27T17:40:00+00:00,False,,51.385378,-0.410914,Male,over 34,Black/African/Caribbean/Black British - African,Black,,Offensive weapons,Arrest,False,
Person search,2019-05-27T21:06:00+00:00,False,,51.271093,-0.152370,Male,18-24,Asian/Asian British - Any other Asian background,Asian,,Controlled drugs,A no further action disposal,True,
Person search,2019-05-27T21:15:00+00:00,False,,51.265469,-0.153298,Male,18-24,Black/African/Caribbean/Black British - Caribbean,Black,,Controlled drugs,A no further action disposal,False,
Person search,2019-05-28T01:30:00+00:00,False,,51.372730,-0.306570,Male,18-24,Asian/Asian British - Any other Asian background,Asian,,Controlled drugs,Community resolution,True,
Person search,2019-05-28T01:30:00+00:00,False,,,,Male,25-34,Asian/Asian British - Any other Asian background,Asian,,Controlled drugs,A no further action disposal,False,
Person search,2019-05-28T01:30:00+00:00,False,,51.388383,-0.254883,Male,25-34,Asian/Asian British - Any other Asian background,Asian,,Controlled drugs,A no further action disposal,False,
Person search,2019-05-28T01:30:00+00:00,False,,51.372730,-0.306570,Male,25-34,Asian/Asian British - Any other Asian background,Asian,,Controlled drugs,A no further action disposal,False,
Person search,2019-05-28T01:30:00+00:00,False,,51.372730,-0.306570,Female,25-34,Asian/Asian British - Any other Asian background,Asian,,Controlled drugs,A no further action disposal,True,
Person search,2019-05-28T10:30:00+00:00,False,,51.364444,-0.495342,Male,18-24,White - English/Welsh/Scottish/Northern Irish/British,White,,Article for use in theft,Summons / charged by post,False,
Person search,2019-05-28T13:00:00+00:00,False,,51.434424,-0.505373,Male,10-17,White - English/Welsh/Scottish/Northern Irish/British,White,,Article for use in theft,A no further action disposal,False,
Person search,2019-05-28T13:00:00+00:00,False,,51.434424,-0.505373,Male,10-17,White - English/Welsh/Scottish/Northern Irish/British,White,,Article for use in theft,A no further action disposal,False,
Person search,2019-05-28T13:00:00+00:00,False,,51.433482,-0.504800,Male,10-17,Other ethnic group - Not stated,White,,Fireworks,A no further action disposal,False,
Person search,2019-05-28T13:14:00+00:00,False,,51.434424,-0.505373,Female,18-24,White - English/Welsh/Scottish/Northern Irish/British,White,,Stolen goods,A no further action disposal,True,
Person search,2019-05-28T21:30:00+00:00,False,,51.233200,-0.796238,Male,over 34,White - English/Welsh/Scottish/Northern Irish/British,White,,Controlled drugs,A no further action disposal,False,
Person search,2019-05-28T23:16:00+00:00,False,,51.208442,-0.748039,Male,18-24,White - English/Welsh/Scottish/Northern Irish/British,White,,Controlled drugs,A no further action disposal,False,
Person search,2019-05-29T00:14:00+00:00,False,,51.243559,-0.729048,Male,10-17,White - English/Welsh/Scottish/Northern Irish/British,White,,Firearms,A no further action disposal,False,
Person search,2019-05-29T00:40:00+00:00,False,,51.243559,-0.729048,Male,10-17,Other ethnic group - Not stated,White,,Firearms,A no further action disposal,False,
Person search,2019-05-29T00:51:00+00:00,False,,,,Male,18-24,White - English/Welsh/Scottish/Northern Irish/British,White,,Firearms,Arrest,True,
Person search,2019-05-29T02:01:00+00:00,False,,53.800383,-1.616099,Female,25-34,White - English/Welsh/Scottish/Northern Irish/British,White,,Article for use in theft,Arrest,True,
Person search,2019-05-29T02:05:00+00:00,False,,51.245342,-0.578290,Male,18-24,Other ethnic group - Not stated,Asian,,Stolen goods,A no further action disposal,False,
Person search,2019-05-29T02:20:00+00:00,False,,51.425157,-0.434016,Male,over 34,White - English/Welsh/Scottish/Northern Irish/British,White,,Article for use in theft,Arrest,False,
Person search,2019-05-29T02:21:00+00:00,False,,51.245342,-0.578290,Male,18-24,Mixed/Multiple ethnic groups - White and Black African,Black,,Stolen goods,A no further action disposal,False,
Person search,2019-05-29T11:40:00+00:00,False,,51.433141,-0.511918,Female,25-34,White - Irish,White,,Stolen goods,A no further action disposal,False,
Person search,2019-05-29T11:45:00+00:00,False,,51.433141,-0.511918,Female,25-34,White - English/Welsh/Scottish/Northern Irish/British,White,,Stolen goods,A no further action disposal,False,
Person search,2019-05-29T12:45:00+00:00,True,,51.217838,-0.165543,Male,18-24,White - Any other White background,White,,Controlled drugs,A no further action disposal,False,
Person search,2019-05-29T17:00:00+00:00,False,,51.223601,-0.199656,Male,10-17,White - English/Welsh/Scottish/Northern Irish/British,White,,Controlled drugs,A no further action disposal,False,
Person search,2019-05-29T17:00:00+00:00,False,,51.183479,-0.194681,Male,10-17,White - English/Welsh/Scottish/Northern Irish/British,Asian,,Controlled drugs,A no further action disposal,False,
Person search,2019-05-29T17:00:00+00:00,False,,51.154490,-0.138713,Male,10-17,White - English/Welsh/Scottish/Northern Irish/British,White,,Controlled drugs,A no further action disposal,False,
Person search,2019-05-29T17:00:00+00:00,False,,51.223601,-0.199656,Male,18-24,White - English/Welsh/Scottish/Northern Irish/British,White,,Controlled drugs,A no further action disposal,False,
Person search,2019-05-29T18:44:00+00:00,False,,51.325076,-0.539458,Male,,White - English/Welsh/Scottish/Northern Irish/British,White,,Article for use in theft,A no further action disposal,False,
Person search,2019-05-29T23:50:00+00:00,False,,51.331201,-0.405137,Male,10-17,White - English/Welsh/Scottish/Northern Irish/British,White,,Controlled drugs,A no further action disposal,False,
Person search,2019-05-30T01:08:00+00:00,False,,,,Male,25-34,White - English/Welsh/Scottish/Northern Irish/British,White,,Anything to threaten or harm anyone,A no further action disposal,False,
Person search,2019-05-30T01:08:00+00:00,False,,51.421436,-0.440917,Male,25-34,White - English/Welsh/Scottish/Northern Irish/British,White,,Offensive weapons,A no further action disposal,False,
Person search,2019-05-30T03:00:00+00:00,False,,51.161159,-0.169780,Male,25-34,Other ethnic group - Not stated,White,,Controlled drugs,A no further action disposal,False,
Person search,2019-05-30T03:15:00+00:00,False,,52.001899,0.449430,Female,10-17,Other ethnic group - Not stated,White,,Controlled drugs,A no further action disposal,False,
Person search,2019-05-30T08:30:00+00:00,False,,51.263700,-0.151204,Male,over 34,White - English/Welsh/Scottish/Northern Irish/British,White,,Controlled drugs,A no further action disposal,False,
Person search,2019-05-30T08:30:00+00:00,False,,51.263700,-0.151204,Female,over 34,White - English/Welsh/Scottish/Northern Irish/British,White,,Controlled drugs,Arrest,True,
Person search,2019-05-30T08:30:00+00:00,False,,51.263700,-0.151204,Male,over 34,White - English/Welsh/Scottish/Northern Irish/British,White,,Controlled drugs,A no further action disposal,False,
Person search,2019-05-30T12:54:00+00:00,False,,51.271844,0.037031,Male,25-34,White - Any other White background,White,,Offensive weapons,A no further action disposal,False,
Person search,2019-05-30T13:45:00+00:00,True,,51.271844,0.037031,Male,over 34,Other ethnic group - Not stated,White,,Offensive weapons,A no further action disposal,False,
Person search,2019-05-30T14:39:00+00:00,True,,51.271844,0.037031,Male,over 34,White - Any other White background,White,,Offensive weapons,A no further action disposal,False,
Person search,2019-05-30T14:42:00+00:00,True,,51.271844,0.037031,Male,25-34,Other ethnic group - Not stated,White,,Offensive weapons,A no further action disposal,False,
Person search,2019-05-30T16:50:00+00:00,False,,51.377865,-0.391488,Male,18-24,Other ethnic group - Not stated,,,Article for use in theft,A no further action disposal,False,
Person search,2019-05-30T16:54:00+00:00,False,,51.271844,0.037031,Male,over 34,White - Any other White background,White,,Offensive weapons,A no further action disposal,False,
Person search,2019-05-30T18:45:00+00:00,False,,51.433059,-0.390716,Male,18-24,White - English/Welsh/Scottish/Northern Irish/British,White,,Offensive weapons,A no further action disposal,False,
Person search,2019-05-30T18:45:00+00:00,False,,51.431799,-0.391278,Male,18-24,White - English/Welsh/Scottish/Northern Irish/British,White,,Offensive weapons,A no further action disposal,False,
Person search,2019-05-30T18:45:00+00:00,False,,51.430988,-0.391825,Female,18-24,White - English/Welsh/Scottish/Northern Irish/British,White,,Offensive weapons,A no further action disposal,False,
Person search,2019-05-30T18:45:00+00:00,False,,51.431799,-0.391278,Male,18-24,White - English/Welsh/Scottish/Northern Irish/British,White,,Offensive weapons,A no further action disposal,False,
Person search,2019-05-30T18:56:00+00:00,False,,51.329891,-0.536190,Male,25-34,Other ethnic group - Not stated,,,Anything to threaten or harm anyone,A no further action disposal,False,
Person search,2019-05-30T19:00:00+00:00,False,,51.329646,-0.538136,Male,25-34,Mixed/Multiple ethnic groups - Any other Mixed/Multiple ethnic background,,,Anything to threaten or harm anyone,A no further action disposal,False,
Person search,2019-05-30T19:00:00+00:00,False,,51.321290,-0.559067,Male,18-24,Other ethnic group - Not stated,,,Anything to threaten or harm anyone,A no further action disposal,False,
Person search,2019-05-30T19:13:00+00:00,True,,51.154846,-0.363378,Male,25-34,White - Any other White background,White,,Offensive weapons,A no further action disposal,False,
Person search,2019-05-30T19:14:00+00:00,True,,51.154846,-0.363378,Male,over 34,White - Any other White background,White,,Offensive weapons,A no further action disposal,False,
Person search,2019-05-30T19:16:00+00:00,True,,51.154846,-0.363378,Male,over 34,White - Any other White background,White,,Offensive weapons,A no further action disposal,False,
Person search,2019-05-30T19:20:00+00:00,False,,51.435574,-0.546770,Male,25-34,White - English/Welsh/Scottish/Northern Irish/British,White,,Article for use in theft,A no further action disposal,False,
Person search,2019-05-30T19:21:00+00:00,True,,51.154846,-0.363378,Male,over 34,White - Any other White background,White,,Offensive weapons,A no further action disposal,False,
Person search,2019-05-30T19:21:00+00:00,True,,51.154846,-0.363378,Male,over 34,White - Any other White background,White,,Offensive weapons,A no further action disposal,False,
Person search,2019-05-30T19:22:00+00:00,True,,51.154846,-0.363378,Male,25-34,White - Any other White background,White,,Offensive weapons,A no further action disposal,False,
Person search,2019-05-30T19:24:00+00:00,False,,51.435574,-0.546770,Male,25-34,White - English/Welsh/Scottish/Northern Irish/British,White,,Article for use in theft,A no further action disposal,False,
Person search,2019-05-30T19:28:00+00:00,False,,51.154846,-0.363378,Female,over 34,White - Any other White background,White,,Offensive weapons,A no further action disposal,False,
Person search,2019-05-30T19:33:00+00:00,True,,51.154846,-0.363378,Male,over 34,White - English/Welsh/Scottish/Northern Irish/British,White,,Offensive weapons,Arrest,True,
Person search,2019-05-30T19:33:00+00:00,True,,51.154846,-0.363378,Male,over 34,White - Any other White background,White,,Offensive weapons,A no further action disposal,False,
Person search,2019-05-30T19:36:00+00:00,True,,51.154846,-0.363378,Female,25-34,White - Any other White background,White,,Offensive weapons,A no further action disposal,False,
Person search,2019-05-30T19:40:00+00:00,True,,51.154846,-0.363378,Male,over 34,White - Any other White background,White,,Offensive weapons,A no further action disposal,False,
Person search,2019-05-30T19:42:00+00:00,True,,51.154846,-0.363378,Male,over 34,White - Any other White background,White,,Offensive weapons,A no further action disposal,False,
Person search,2019-05-30T20:02:00+00:00,False,,51.154846,-0.363378,Male,over 34,White - Any other White background,White,,Offensive weapons,A no further action disposal,False,
Person search,2019-05-30T20:05:00+00:00,True,,51.154846,-0.363378,Male,over 34,White - Any other White background,White,,Offensive weapons,A no further action disposal,False,
Person search,2019-05-30T20:05:00+00:00,True,,51.154846,-0.363378,Female,over 34,White - Any other White background,White,,Offensive weapons,A no further action disposal,False,
Person search,2019-05-30T20:10:00+00:00,True,,51.153442,-0.351759,Male,over 34,White - Any other White background,White,,Offensive weapons,A no further action disposal,False,
Person search,2019-05-30T20:20:00+00:00,False,,51.154846,-0.363378,Male,over 34,White - English/Welsh/Scottish/Northern Irish/British,White,,Offensive weapons,A no further action disposal,False,
Person search,2019-05-30T20:26:00+00:00,False,,51.154846,-0.363378,Female,over 34,White - Any other White background,White,,Offensive weapons,A no further action disposal,False,
Person search,2019-05-30T20:34:00+00:00,True,,51.154846,-0.363378,Male,over 34,White - Any other White background,White,,Offensive weapons,A no further action disposal,False,
Person search,2019-05-30T20:36:00+00:00,True,,51.154846,-0.363378,Male,over 34,White - Any other White background,White,,Offensive weapons,A no further action disposal,False,
Person search,2019-05-30T20:46:00+00:00,True,,51.154846,-0.363378,Male,25-34,White - Any other White background,White,,Offensive weapons,A no further action disposal,False,
Person search,2019-05-30T20:47:00+00:00,True,,51.154846,-0.363378,Male,18-24,White - Any other White background,White,,Offensive weapons,A no further action disposal,False,
Person search,2019-05-30T20:52:00+00:00,True,,51.154846,-0.363378,Male,over 34,White - Any other White background,White,,Offensive weapons,A no further action disposal,False,
Person search,2019-05-30T20:52:00+00:00,False,,51.413877,-0.553411,Male,25-34,White - English/Welsh/Scottish/Northern Irish/British,White,,Article for use in theft,A no further action disposal,False,
Person search,2019-05-30T20:54:00+00:00,True,,51.154846,-0.363378,Male,over 34,White - Any other White background,White,,Offensive weapons,A no further action disposal,False,
Person search,2019-05-30T20:58:00+00:00,True,,51.154846,-0.363378,Male,over 34,White - Any other White background,White,,Offensive weapons,Community resolution,True,
Person search,2019-05-30T21:00:00+00:00,False,,51.413877,-0.553411,Female,18-24,White - English/Welsh/Scottish/Northern Irish/British,White,,Article for use in theft,A no further action disposal,False,
Person search,2019-05-30T21:10:00+00:00,False,,51.370229,-0.489980,Male,25-34,White - English/Welsh/Scottish/Northern Irish/British,White,,Article for use in theft,Community resolution,False,
Person search,2019-05-30T21:14:00+00:00,False,,51.413877,-0.553411,Female,18-24,White - English/Welsh/Scottish/Northern Irish/British,White,,Article for use in theft,A no further action disposal,False,
Person search,2019-05-30T22:30:00+00:00,False,,51.398561,-0.458672,Female,25-34,White - English/Welsh/Scottish/Northern Irish/British,White,,Offensive weapons,A no further action disposal,False,
Person search,2019-05-30T23:43:00+00:00,False,,51.309793,-0.704938,Male,18-24,White - English/Welsh/Scottish/Northern Irish/British,White,,Article for use in theft,A no further action disposal,False,
Person search,2019-05-31T03:30:00+00:00,False,,51.294943,-0.334663,Male,18-24,White - English/Welsh/Scottish/Northern Irish/British,White,,Article for use in theft,A no further action disposal,False,
Person search,2019-05-31T10:22:00+00:00,False,,51.262804,-0.147413,Male,10-17,Mixed/Multiple ethnic groups - White and Black African,Black,,Offensive weapons,A no further action disposal,False,
Person search,2019-05-31T12:08:00+00:00,False,,51.262804,-0.147413,Male,10-17,Black/African/Caribbean/Black British - African,Black,,Controlled drugs,A no further action disposal,False,
Person search,2019-05-31T14:08:00+00:00,True,,50.840358,-0.164308,Male,25-34,White - English/Welsh/Scottish/Northern Irish/British,White,,Offensive weapons,A no further action disposal,False,
Person search,2019-05-31T14:24:00+00:00,True,,50.840358,-0.164308,Male,over 34,White - Any other White background,White,,Offensive weapons,A no further action disposal,False,
Person search,2019-05-31T14:41:00+00:00,True,,51.271844,0.037031,Male,over 34,White - Any other White background,White,,Offensive weapons,A no further action disposal,False,
Person search,2019-05-31T15:58:00+00:00,True,,51.271844,0.037031,Male,over 34,White - Any other White background,White,,Offensive weapons,A no further action disposal,False,
Person search,2019-05-31T16:06:00+00:00,True,,51.271844,0.037031,Male,25-34,White - Any other White background,White,,Offensive weapons,A no further action disposal,False,
Person search,2019-05-31T18:40:00+00:00,False,,51.239905,-0.583773,Female,18-24,Asian/Asian British - Indian,Asian,,Controlled drugs,Arrest,False,
Vehicle search,2019-05-31T20:02:00+00:00,False,,51.256941,-0.599845,,,Other ethnic group - Not stated,,,Controlled drugs,Arrest,True,
Person search,2019-05-31T20:15:00+00:00,False,,51.234814,-0.170569,Male,25-34,Other ethnic group - Not stated,Black,,Controlled drugs,Arrest,True,
