Type,Date,Part of a policing operation,Policing operation,Latitude,Longitude,Gender,Age range,Self-defined ethnicity,Officer-defined ethnicity,Legislation,Object of search,Outcome,Outcome linked to object of search,Removal of more than just outer clothing
Person search,2019-02-01T00:00:00+00:00,False,,51.306123,-0.562942,Male,18-24,Asian/Asian British - Pakistani,Asian,,Anything to threaten or harm anyone,A no further action disposal,False,
Person search,2019-02-01T15:11:00+00:00,False,,,,Male,10-17,Other ethnic group - Not stated,White,,Firearms,A no further action disposal,False,
Person search,2019-02-01T16:40:00+00:00,False,,51.239503,-0.576622,Male,10-17,White - English/Welsh/Scottish/Northern Irish/British,White,,Controlled drugs,Community resolution,True,
Person search,2019-02-01T16:40:00+00:00,False,,51.239503,-0.576622,Male,10-17,White - English/Welsh/Scottish/Northern Irish/British,White,,Controlled drugs,A no further action disposal,False,
Person search,2019-02-01T16:48:00+00:00,False,,51.236311,-0.575145,Female,18-24,Other ethnic group - Not stated,White,,Controlled drugs,A no further action disposal,False,
Person search,2019-02-01T16:48:00+00:00,False,,51.239503,-0.576622,Male,10-17,White - English/Welsh/Scottish/Northern Irish/British,White,,Controlled drugs,A no further action disposal,False,
Person search,2019-02-01T17:20:00+00:00,False,,51.259356,-0.722164,Male,18-24,White - English/Welsh/Scottish/Northern Irish/British,White,,Controlled drugs,Khat or Cannabis warning,True,
Person search,2019-02-01T19:40:00+00:00,False,,51.385531,-0.339583,Female,10-17,White - English/Welsh/Scottish/Northern Irish/British,White,,Firearms,A no further action disposal,False,
Person search,2019-02-01T20:43:00+00:00,True,,51.391104,-0.318569,Male,10-17,White - English/Welsh/Scottish/Northern Irish/British,White,,Firearms,A no further action disposal,False,
Person search,2019-02-01T21:00:00+00:00,True,,51.387990,-0.320264,Male,10-17,Black/African/Caribbean/Black British - Caribbean,Black,,Firearms,A no further action disposal,False,
Person search,2019-02-01T23:25:00+00:00,False,,51.246124,-0.162326,Male,18-24,Asian/Asian British - Any other Asian background,Asian,,Controlled drugs,A no further action disposal,False,
Person search,2019-02-01T23:31:00+00:00,False,,53.577905,-1.445792,Male,,Black/African/Caribbean/Black British - Caribbean,Black,,Controlled drugs,A no further action disposal,False,
Person search,2019-02-01T23:53:00+00:00,False,,51.240808,-0.169758,Male,18-24,Black/African/Caribbean/Black British - Caribbean,Black,,Controlled drugs,A no further action disposal,False,
Person search,2019-02-02T00:05:00+00:00,False,,51.240814,-0.167824,Male,18-24,Mixed/Multiple ethnic groups - Any other Mixed/Multiple ethnic background,Asian,,Controlled drugs,Caution (simple or conditional),True,
Person search,2019-02-02T00:23:00+00:00,False,,51.319706,-0.064295,Male,25-34,Black/African/Caribbean/Black British - Caribbean,Black,,Controlled drugs,A no further action disposal,False,
Person search,2019-02-02T00:23:00+00:00,False,,51.319706,-0.064295,Male,25-34,Black/African/Caribbean/Black British - Caribbean,Black,,Controlled drugs,A no further action disposal,False,
Person search,2019-02-02T01:05:00+00:00,False,,,,Male,18-24,White - English/Welsh/Scottish/Northern Irish/British,White,,Firearms,A no further action disposal,False,
Person search,2019-02-02T01:05:00+00:00,False,,51.253371,-0.148552,Male,25-34,Other ethnic group - Not stated,Black,,Controlled drugs,A no further action disposal,False,
Person search,2019-02-02T01:53:00+00:00,False,,51.390028,-0.492606,Male,25-34,White - English/Welsh/Scottish/Northern Irish/British,White,,Controlled drugs,A no further action disposal,False,
Person search,2019-02-02T02:50:00+00:00,False,,51.321290,-0.559067,Male,18-24,White - English/Welsh/Scottish/Northern Irish/British,White,,Controlled drugs,A no further action disposal,False,
Person search,2019-02-02T04:30:00+00:00,False,,51.441188,-0.520361,Male,10-17,Black/African/Caribbean/Black British - Caribbean,Black,,Controlled drugs,A no further action disposal,False,
Person search,2019-02-02T04:30:00+00:00,False,,51.441188,-0.520361,Male,10-17,Asian/Asian British - Pakistani,Asian,,Controlled drugs,A no further action disposal,False,
Person search,2019-02-02T17:55:00+00:00,False,,51.385560,-0.335242,Female,10-17,White - English/Welsh/Scottish/Northern Irish/British,White,,Controlled drugs,A no further action disposal,False,
Person search,2019-02-02T18:02:00+00:00,True,,51.385560,-0.335242,Male,10-17,White - English/Welsh/Scottish/Northern Irish/British,White,,Controlled drugs,A no further action disposal,False,
Person search,2019-02-02T18:15:00+00:00,False,,,,Male,18-24,White - English/Welsh/Scottish/Northern Irish/British,White,,Controlled drugs,Arrest,False,
Person search,2019-02-02T18:15:00+00:00,False,,,,Male,18-24,White - English/Welsh/Scottish/Northern Irish/British,White,,Controlled drugs,A no further action disposal,False,
Person search,2019-02-02T19:00:00+00:00,False,,51.246659,-0.569782,Male,18-24,Asian/Asian British - Pakistani,Asian,,Controlled drugs,A no further action disposal,True,
Person search,2019-02-02T19:00:00+00:00,False,,51.278877,-0.569613,Male,10-17,Asian/Asian British - Pakistani,Asian,,Controlled drugs,A no further action disposal,True,
Person search,2019-02-02T19:50:00+00:00,False,,51.235523,-0.326095,Male,25-34,White - English/Welsh/Scottish/Northern Irish/British,White,,Controlled drugs,Caution (simple or conditional),True,
Person search,2019-02-02T19:50:00+00:00,False,,51.236849,-0.323267,Male,18-24,White - Any other White background,White,,Controlled drugs,Penalty Notice for Disorder,True,
Person search,2019-02-03T01:08:00+00:00,False,,51.364204,-0.455502,Male,18-24,White - Any other White background,White,,Controlled drugs,A no further action disposal,False,
Person search,2019-02-03T01:08:00+00:00,False,,51.364204,-0.455502,Male,18-24,White - English/Welsh/Scottish/Northern Irish/British,White,,Controlled drugs,A no further action disposal,False,
Person search,2019-02-03T01:10:00+00:00,False,,51.364204,-0.455502,Male,18-24,White - English/Welsh/Scottish/Northern Irish/British,White,,Controlled drugs,A no further action disposal,False,
Person search,2019-02-03T02:35:00+00:00,False,,51.300614,-0.337628,Female,18-24,White - English/Welsh/Scottish/Northern Irish/British,White,,Controlled drugs,A no further action disposal,False,
Person search,2019-02-03T03:40:00+00:00,False,,51.322783,-0.581911,Male,25-34,Asian/Asian British - Pakistani,White,,Controlled drugs,A no further action disposal,False,
Person search,2019-02-03T04:00:00+00:00,False,,51.340039,-0.742534,Male,over 34,Other ethnic group - Not stated,White,,Firearms,Arrest,True,
Person search,2019-02-03T15:18:00+00:00,False,,51.309463,-0.055629,Male,25-34,Other ethnic group - Not stated,White,,Controlled drugs,A no further action disposal,False,
Person search,2019-02-03T16:30:00+00:00,False,,51.321290,-0.559067,Male,18-24,White - Any other White background,White,,Controlled drugs,Community resolution,True,
Person search,2019-02-03T16:38:00+00:00,False,,51.321089,-0.555155,Male,18-24,Mixed/Multiple ethnic groups - Any other Mixed/Multiple ethnic background,White,,Controlled drugs,A no further action disposal,False,
Person search,2019-02-03T16:40:00+00:00,False,,51.334341,-0.533220,Male,25-34,Other ethnic group - Not stated,Other,,Controlled drugs,A no further action disposal,False,
Person search,2019-02-03T16:43:00+00:00,False,,51.321540,-0.558212,Female,18-24,Mixed/Multiple ethnic groups - Any other Mixed/Multiple ethnic background,White,,Controlled drugs,A no further action disposal,False,
Person search,2019-02-03T16:45:00+00:00,False,,51.334341,-0.533220,Male,18-24,Other ethnic group - Not stated,White,,Controlled drugs,A no further action disposal,False,
Person search,2019-02-03T16:45:00+00:00,False,,51.334341,-0.533220,Female,18-24,White - English/Welsh/Scottish/Northern Irish/British,White,,Controlled drugs,A no further action disposal,False,
Person search,2019-02-03T16:45:00+00:00,False,,51.334341,-0.533220,Female,18-24,White - English/Welsh/Scottish/Northern Irish/British,White,,Controlled drugs,A no further action disposal,False,
Person search,2019-02-03T17:58:00+00:00,False,,51.387112,-0.334381,Male,10-17,White - English/Welsh/Scottish/Northern Irish/British,White,,Firearms,A no further action disposal,False,
Person search,2019-02-03T19:40:00+00:00,False,,51.213030,-0.169800,Male,18-24,Mixed/Multiple ethnic groups - White and Asian,Asian,,Article for use in theft,Khat or Cannabis warning,True,
Person search,2019-02-03T19:59:00+00:00,False,,51.213030,-0.169800,Male,18-24,White - English/Welsh/Scottish/Northern Irish/British,White,,Controlled drugs,A no further action disposal,False,
Person search,2019-02-03T23:53:00+00:00,False,,51.321875,-0.537292,Male,18-24,Asian/Asian British - Pakistani,Asian,,Controlled drugs,A no further action disposal,False,
Person search,2019-02-04T01:29:00+00:00,False,,51.329891,-0.536190,Male,18-24,Asian/Asian British - Pakistani,Asian,,Controlled drugs,Arrest,True,
Person search,2019-02-04T01:29:00+00:00,False,,51.321290,-0.559067,Male,25-34,Asian/Asian British - Pakistani,Asian,,Controlled drugs,Arrest,True,
Person search,2019-02-04T01:29:00+00:00,False,,51.321290,-0.559067,Male,over 34,Asian/Asian British - Pakistani,Asian,,Controlled drugs,Arrest,True,
Person search,2019-02-04T01:29:00+00:00,False,,51.321290,-0.559067,Male,,Asian/Asian British - Pakistani,Asian,,Controlled drugs,Arrest,True,
Person search,2019-02-04T11:45:00+00:00,False,,51.388855,-0.504257,Male,over 34,White - English/Welsh/Scottish/Northern Irish/British,White,,Article for use in theft,A no further action disposal,False,
Person search,2019-02-04T15:00:00+00:00,False,,51.391909,-0.504675,Male,18-24,White - English/Welsh/Scottish/Northern Irish/British,White,,Article for use in theft,A no further action disposal,False,
Person search,2019-02-04T15:30:00+00:00,False,,51.339483,-0.742678,Male,18-24,White - English/Welsh/Scottish/Northern Irish/British,White,,Controlled drugs,A no further action disposal,False,
Person search,2019-02-04T17:30:00+00:00,False,,51.239503,-0.576622,Male,10-17,White - English/Welsh/Scottish/Northern Irish/British,White,,Article for use in theft,A no further action disposal,False,
Person search,2019-02-04T17:35:00+00:00,False,,51.254435,-0.722787,Male,10-17,White - English/Welsh/Scottish/Northern Irish/British,White,,Article for use in theft,A no further action disposal,False,
Person search,2019-02-04T19:30:00+00:00,False,,51.366445,-0.396715,Male,over 34,White - English/Welsh/Scottish/Northern Irish/British,White,,Firearms,A no further action disposal,False,
Person search,2019-02-04T20:00:00+00:00,False,,51.180247,-0.317495,Male,18-24,White - English/Welsh/Scottish/Northern Irish/British,White,,Controlled drugs,Khat or Cannabis warning,True,
Person search,2019-02-04T20:00:00+00:00,False,,,,Male,10-17,White - English/Welsh/Scottish/Northern Irish/British,White,,Controlled drugs,A no further action disposal,False,
Person search,2019-02-04T20:00:00+00:00,False,,51.236008,-0.187225,Male,18-24,White - English/Welsh/Scottish/Northern Irish/British,White,,Controlled drugs,A no further action disposal,False,
Person search,2019-02-04T21:20:00+00:00,False,,51.334188,-0.259339,Male,18-24,White - Any other White background,White,,Article for use in theft,A no further action disposal,False,
Person search,2019-02-04T21:40:00+00:00,False,,51.334000,-0.264213,Male,18-24,White - Any other White background,White,,Controlled drugs,A no further action disposal,False,
Person search,2019-02-05T01:17:00+00:00,False,,51.340330,-0.268453,Male,18-24,White - English/Welsh/Scottish/Northern Irish/British,White,,Stolen goods,A no further action disposal,False,
Person search,2019-02-05T03:00:00+00:00,False,,51.388791,-0.510525,Male,18-24,Other ethnic group - Not stated,White,,Article for use in theft,A no further action disposal,False,
Person search,2019-02-05T03:07:00+00:00,False,,51.388986,-0.512431,Male,18-24,White - English/Welsh/Scottish/Northern Irish/British,White,,Article for use in theft,A no further action disposal,False,
Person search,2019-02-05T11:00:00+00:00,False,,51.365926,-0.464724,Female,18-24,White - Any other White background,White,,Controlled drugs,A no further action disposal,False,
Person search,2019-02-05T11:00:00+00:00,False,,,,Female,10-17,White - English/Welsh/Scottish/Northern Irish/British,White,,Controlled drugs,A no further action disposal,False,
Person search,2019-02-05T15:45:00+00:00,False,,51.308140,-0.763333,Male,25-34,Black/African/Caribbean/Black British - African,Black,,Controlled drugs,A no further action disposal,False,
Person search,2019-02-05T19:25:00+00:00,False,,51.385178,-0.329291,Male,18-24,White - English/Welsh/Scottish/Northern Irish/British,White,,Firearms,A no further action disposal,False,
Person search,2019-02-05T19:40:00+00:00,True,,51.386159,-0.330607,Male,10-17,White - English/Welsh/Scottish/Northern Irish/British,White,,Controlled drugs,Arrest,True,
Vehicle search,2019-02-05T21:40:00+00:00,False,,51.164720,0.005718,,,Other ethnic group - Not stated,,,Article for use in theft,A no further action disposal,False,
Person search,2019-02-06T00:00:00+00:00,False,,51.242898,-0.546245,Male,25-34,Mixed/Multiple ethnic groups - Any other Mixed/Multiple ethnic background,,,Controlled drugs,A no further action disposal,False,
Person search,2019-02-06T00:35:00+00:00,False,,51.194291,0.028027,Male,18-24,White - English/Welsh/Scottish/Northern Irish/British,White,,Article for use in theft,A no further action disposal,True,
Person search,2019-02-06T00:47:00+00:00,False,,51.194291,0.028027,Male,over 34,Other ethnic group - Not stated,White,,Article for use in theft,A no further action disposal,False,
Person search,2019-02-06T00:50:00+00:00,False,,51.220177,-0.802163,Male,18-24,White - English/Welsh/Scottish/Northern Irish/British,White,,Controlled drugs,Khat or Cannabis warning,True,
Person search,2019-02-06T02:08:00+00:00,False,,51.321290,-0.559067,Male,18-24,Asian/Asian British - Pakistani,Asian,,Controlled drugs,A no further action disposal,False,
Person search,2019-02-06T02:20:00+00:00,False,,51.326683,-0.545047,Male,18-24,Other ethnic group - Not stated,Asian,,Controlled drugs,Community resolution,True,
Person search,2019-02-06T02:24:00+00:00,False,,51.321984,-0.544651,Male,10-17,Asian/Asian British - Pakistani,Asian,,Controlled drugs,A no further action disposal,False,
Person search,2019-02-06T02:35:00+00:00,False,,51.326683,-0.545047,Male,18-24,White - English/Welsh/Scottish/Northern Irish/British,White,,Controlled drugs,A no further action disposal,True,
Person search,2019-02-06T15:45:00+00:00,False,,51.431844,-0.464386,Male,over 34,White - English/Welsh/Scottish/Northern Irish/British,White,,Stolen goods,Community resolution,True,
Person search,2019-02-06T16:43:00+00:00,False,,51.333598,-0.262017,Male,over 34,White - English/Welsh/Scottish/Northern Irish/British,White,,Controlled drugs,A no further action disposal,False,
Person search,2019-02-06T18:50:00+00:00,False,,51.317598,-0.557862,Male,over 34,Asian/Asian British - Pakistani,Asian,,Controlled drugs,A no further action disposal,True,
Person search,2019-02-06T21:47:00+00:00,False,,51.365511,-0.833511,Male,10-17,White - English/Welsh/Scottish/Northern Irish/British,White,,Controlled drugs,A no further action disposal,False,
Person search,2019-02-06T22:00:00+00:00,True,,51.382049,-0.326790,Male,18-24,White - English/Welsh/Scottish/Northern Irish/British,White,,Controlled drugs,Khat or Cannabis warning,True,
Person search,2019-02-06T23:33:00+00:00,True,,51.349129,-0.857390,Male,18-24,Other ethnic group - Not stated,White,,Controlled drugs,A no further action disposal,True,
Person search,2019-02-06T23:45:00+00:00,False,,51.332189,-0.767940,Male,18-24,White - English/Welsh/Scottish/Northern Irish/British,White,,Controlled drugs,A no further action disposal,False,
Person search,2019-02-06T23:51:00+00:00,False,,51.334025,-0.769800,Male,18-24,White - English/Welsh/Scottish/Northern Irish/British,White,,Controlled drugs,A no further action disposal,False,
Person search,2019-02-07T03:39:00+00:00,False,,51.282516,-0.075997,Male,,Mixed/Multiple ethnic groups - Any other Mixed/Multiple ethnic background,Black,,Article for use in theft,A no further action disposal,False,
Person search,2019-02-07T15:30:00+00:00,False,,51.337085,-0.744624,Male,over 34,White - English/Welsh/Scottish/Northern Irish/British,White,,Article for use in theft,A no further action disposal,False,
Person search,2019-02-07T15:45:00+00:00,False,,51.339483,-0.742678,Female,over 34,White - English/Welsh/Scottish/Northern Irish/British,White,,Article for use in theft,Summons / charged by post,True,
Person search,2019-02-07T19:20:00+00:00,False,,51.383280,-0.339952,Male,10-17,Other ethnic group - Not stated,White,,Controlled drugs,Caution (simple or conditional),True,
Person search,2019-02-07T22:05:00+00:00,False,,51.238400,-0.746796,Male,18-24,White - English/Welsh/Scottish/Northern Irish/British,White,,Controlled drugs,Arrest,True,
Person search,2019-02-07T22:10:00+00:00,False,,51.238400,-0.746796,Male,18-24,White - English/Welsh/Scottish/Northern Irish/British,White,,Controlled drugs,A no further action disposal,False,
Person search,2019-02-07T22:30:00+00:00,False,,51.237631,-0.186875,Male,25-34,White - English/Welsh/Scottish/Northern Irish/British,White,,Controlled drugs,A no further action disposal,False,
Person search,2019-02-07T23:00:00+00:00,False,,51.256421,-0.066883,Female,18-24,White - Any other White background,White,,Controlled drugs,Khat or Cannabis warning,True,
Person search,2019-02-08T11:00:00+00:00,False,,51.361051,-0.459170,Male,25-34,White - English/Welsh/Scottish/Northern Irish/British,White,,Firearms,A no further action disposal,False,
Person search,2019-02-08T11:00:00+00:00,False,,51.236849,-0.323267,Male,over 34,Other ethnic group - Not stated,White,,Controlled drugs,Arrest,False,
Person search,2019-02-08T12:45:00+00:00,False,,51.319317,-0.558770,Male,over 34,White - English/Welsh/Scottish/Northern Irish/British,White,,Firearms,Community resolution,True,
Person search,2019-02-08T19:00:00+00:00,False,,51.334093,-0.758314,Male,18-24,White - English/Welsh/Scottish/Northern Irish/British,White,,Controlled drugs,A no further action disposal,False,
Person search,2019-02-08T19:40:00+00:00,False,,51.370179,-0.364389,Male,over 34,White - English/Welsh/Scottish/Northern Irish/British,White,,Controlled drugs,A no further action disposal,False,
Person search,2019-02-08T20:00:00+00:00,False,,51.390466,-0.314223,Male,over 34,Other ethnic group - Not stated,Other,,Controlled drugs,Summons / charged by post,True,
Person search,2019-02-08T20:00:00+00:00,False,,51.335725,-0.762161,Male,18-24,Other ethnic group - Not stated,Black,,Controlled drugs,A no further action disposal,False,
Person search,2019-02-08T20:00:00+00:00,False,,51.335725,-0.762161,Male,10-17,Black/African/Caribbean/Black British - Caribbean,Black,,Controlled drugs,A no further action disposal,False,
Person search,2019-02-08T20:10:00+00:00,False,,51.335725,-0.762161,Male,18-24,White - Any other White background,White,,Controlled drugs,A no further action disposal,False,
Person search,2019-02-08T20:30:00+00:00,False,,51.321290,-0.559067,Male,10-17,White - English/Welsh/Scottish/Northern Irish/British,White,,Firearms,A no further action disposal,False,
Person search,2019-02-08T20:30:00+00:00,False,,51.321290,-0.559067,Male,10-17,White - English/Welsh/Scottish/Northern Irish/British,White,,Firearms,A no further action disposal,False,
Person search,2019-02-08T21:40:00+00:00,False,,51.327481,-0.523277,Male,10-17,White - English/Welsh/Scottish/Northern Irish/British,White,,Controlled drugs,A no further action disposal,False,
Person search,2019-02-08T22:20:00+00:00,True,,51.392507,-0.305466,Male,10-17,White - English/Welsh/Scottish/Northern Irish/British,White,,Controlled drugs,Arrest,True,
Person search,2019-02-08T23:58:00+00:00,False,,51.086601,-0.730342,Male,10-17,White - English/Welsh/Scottish/Northern Irish/British,White,,Article for use in theft,A no further action disposal,True,
Person search,2019-02-08T23:58:00+00:00,False,,51.086601,-0.730342,Male,10-17,White - English/Welsh/Scottish/Northern Irish/British,White,,Article for use in theft,A no further action disposal,True,
Person search,2019-02-09T00:54:00+00:00,False,,51.236171,-0.577656,Male,18-24,White - English/Welsh/Scottish/Northern Irish/British,White,,Controlled drugs,A no further action disposal,False,
Person search,2019-02-09T04:10:00+00:00,False,,51.256345,-0.545090,Male,25-34,White - English/Welsh/Scottish/Northern Irish/British,White,,Controlled drugs,Community resolution,True,
Person search,2019-02-09T12:52:00+00:00,False,,51.370229,-0.489980,Male,,White - English/Welsh/Scottish/Northern Irish/British,White,,Firearms,A no further action disposal,False,
Person search,2019-02-09T14:50:00+00:00,False,,51.324730,-0.549286,Male,,Asian/Asian British - Pakistani,Asian,,Controlled drugs,A no further action disposal,False,
Person search,2019-02-09T17:19:00+00:00,False,,,,Male,25-34,White - Any other White background,White,,Firearms,A no further action disposal,False,
Person search,2019-02-09T17:20:00+00:00,True,,51.370400,-0.361494,Male,over 34,Other ethnic group - Not stated,,,Article for use in theft,A no further action disposal,False,
Person search,2019-02-09T19:00:00+00:00,False,,51.339483,-0.742678,Male,25-34,White - English/Welsh/Scottish/Northern Irish/British,White,,Controlled drugs,Khat or Cannabis warning,True,
Person and Vehicle search,2019-02-09T19:40:00+00:00,False,,51.235523,-0.326095,Male,over 34,White - English/Welsh/Scottish/Northern Irish/British,White,,Controlled drugs,A no further action disposal,False,
Person search,2019-02-09T20:15:00+00:00,False,,51.235523,-0.326095,Male,over 34,White - English/Welsh/Scottish/Northern Irish/British,White,,Controlled drugs,A no further action disposal,False,
Person search,2019-02-09T20:50:00+00:00,False,,,,Female,10-17,White - English/Welsh/Scottish/Northern Irish/British,White,,Firearms,A no further action disposal,False,
Person search,2019-02-09T22:47:00+00:00,False,,51.432725,-0.478109,Male,18-24,Asian/Asian British - Bangladeshi,Asian,,Controlled drugs,A no further action disposal,False,
Person search,2019-02-09T23:10:00+00:00,False,,,,Male,18-24,Other ethnic group - Not stated,White,,Controlled drugs,Khat or Cannabis warning,True,
Person search,2019-02-09T23:34:00+00:00,False,,51.239602,-0.580358,Female,10-17,White - English/Welsh/Scottish/Northern Irish/British,White,,Stolen goods,A no further action disposal,False,
Person search,2019-02-09T23:35:00+00:00,False,,51.161159,-0.169780,Male,10-17,White - English/Welsh/Scottish/Northern Irish/British,White,,Firearms,Arrest,False,
Person search,2019-02-10T00:20:00+00:00,False,,51.366920,-0.657761,Male,18-24,White - English/Welsh/Scottish/Northern Irish/British,White,,Controlled drugs,Khat or Cannabis warning,True,
Person search,2019-02-10T00:30:00+00:00,False,,51.366920,-0.657761,Male,18-24,White - English/Welsh/Scottish/Northern Irish/British,White,,Controlled drugs,Khat or Cannabis warning,True,
Person search,2019-02-10T01:45:00+00:00,False,,51.385341,-0.418748,Male,18-24,White - English/Welsh/Scottish/Northern Irish/British,White,,Stolen goods,A no further action disposal,False,
Person search,2019-02-10T02:30:00+00:00,False,,51.391909,-0.504675,Male,over 34,White - English/Welsh/Scottish/Northern Irish/British,White,,Article for use in theft,Khat or Cannabis warning,False,
Person search,2019-02-10T04:10:00+00:00,False,,51.223367,-0.586729,Male,18-24,White - English/Welsh/Scottish/Northern Irish/British,White,,Article for use in theft,A no further action disposal,False,
Person search,2019-02-10T17:30:00+00:00,False,,51.235119,-0.574007,Male,25-34,White - English/Welsh/Scottish/Northern Irish/British,White,,Stolen goods,Community resolution,True,
Person search,2019-02-10T20:40:00+00:00,True,,51.374493,-0.339278,Male,10-17,White - English/Welsh/Scottish/Northern Irish/British,White,,Article for use in theft,A no further action disposal,False,
Person search,2019-02-10T21:00:00+00:00,False,,,,Male,18-24,White - English/Welsh/Scottish/Northern Irish/British,White,,Controlled drugs,Khat or Cannabis warning,True,
Person search,2019-02-10T21:30:00+00:00,False,,51.241899,-0.737618,Male,18-24,White - English/Welsh/Scottish/Northern Irish/British,White,,Controlled drugs,Khat or Cannabis warning,True,
Person search,2019-02-10T21:30:00+00:00,False,,51.241899,-0.737618,Male,18-24,White - English/Welsh/Scottish/Northern Irish/British,White,,Controlled drugs,Khat or Cannabis warning,True,
Person search,2019-02-10T21:30:00+00:00,False,,51.234235,-0.734132,Male,18-24,White - English/Welsh/Scottish/Northern Irish/British,White,,Controlled drugs,Khat or Cannabis warning,True,
Person search,2019-02-10T21:40:00+00:00,False,,51.237352,-0.580184,Male,10-17,Other ethnic group - Not stated,White,,Stolen goods,A no further action disposal,False,
Person search,2019-02-10T23:35:00+00:00,False,,51.238008,-0.566856,Male,18-24,White - English/Welsh/Scottish/Northern Irish/British,White,,Article for use in theft,A no further action disposal,False,
Person and Vehicle search,2019-02-10T23:38:00+00:00,False,,51.321540,-0.233225,Female,10-17,White - English/Welsh/Scottish/Northern Irish/British,White,,Anything to threaten or harm anyone,A no further action disposal,False,
Person search,2019-02-11T00:55:00+00:00,False,,51.240333,-0.571697,Male,18-24,White - English/Welsh/Scottish/Northern Irish/British,White,,Controlled drugs,A no further action disposal,False,
Person search,2019-02-11T00:58:00+00:00,False,,51.240333,-0.571697,Male,18-24,White - Any other White background,White,,Controlled drugs,A no further action disposal,False,
Person search,2019-02-11T11:00:00+00:00,False,,,,Male,over 34,White - English/Welsh/Scottish/Northern Irish/British,White,,Controlled drugs,A no further action disposal,False,
Person search,2019-02-11T16:00:00+00:00,False,,,,Female,18-24,White - English/Welsh/Scottish/Northern Irish/British,White,,Controlled drugs,A no further action disposal,False,
Person search,2019-02-11T16:09:00+00:00,False,,51.254032,-0.574884,Male,18-24,White - English/Welsh/Scottish/Northern Irish/British,White,,Controlled drugs,Arrest,True,
Person search,2019-02-11T18:50:00+00:00,False,,51.334337,-0.266339,Male,10-17,Other ethnic group - Not stated,White,,Controlled drugs,A no further action disposal,True,
Person search,2019-02-11T18:50:00+00:00,False,,51.334337,-0.266339,Female,10-17,White - English/Welsh/Scottish/Northern Irish/British,White,,Controlled drugs,A no further action disposal,False,
Person search,2019-02-11T19:00:00+00:00,False,,51.334337,-0.266339,Male,10-17,White - English/Welsh/Scottish/Northern Irish/British,White,,Controlled drugs,A no further action disposal,False,
Person search,2019-02-11T19:00:00+00:00,False,,51.334337,-0.266339,Male,10-17,White - English/Welsh/Scottish/Northern Irish/British,White,,Controlled drugs,A no further action disposal,False,
Person search,2019-02-11T19:00:00+00:00,False,,51.334337,-0.266339,Male,10-17,White - English/Welsh/Scottish/Northern Irish/British,White,,Controlled drugs,A no further action disposal,True,
Person search,2019-02-11T19:00:00+00:00,False,,51.334337,-0.266339,Male,10-17,White - English/Welsh/Scottish/Northern Irish/British,White,,Controlled drugs,A no further action disposal,False,
Person search,2019-02-11T23:47:00+00:00,False,,51.362544,-0.276536,Male,18-24,White - English/Welsh/Scottish/Northern Irish/British,White,,Offensive weapons,A no further action disposal,False,
Person search,2019-02-12T01:30:00+00:00,False,,51.321290,-0.559067,Male,over 34,White - English/Welsh/Scottish/Northern Irish/British,White,,Controlled drugs,Khat or Cannabis warning,True,
Person search,2019-02-12T04:00:00+00:00,False,,51.238965,-0.592383,Male,over 34,White - English/Welsh/Scottish/Northern Irish/British,White,,Controlled drugs,A no further action disposal,False,
Person search,2019-02-12T04:00:00+00:00,False,,51.238965,-0.592383,Male,18-24,Other ethnic group - Not stated,Black,,Controlled drugs,A no further action disposal,False,
Person search,2019-02-12T11:50:00+00:00,False,,51.372396,-0.460313,Male,25-34,Black/African/Caribbean/Black British - Caribbean,Black,,Controlled drugs,Arrest,True,
Person search,2019-02-12T19:03:00+00:00,False,,51.320598,-0.612675,Male,over 34,Other ethnic group - Not stated,Black,,Controlled drugs,A no further action disposal,False,
Person search,2019-02-12T19:50:00+00:00,False,,51.331571,-0.707268,Female,10-17,White - English/Welsh/Scottish/Northern Irish/British,White,,Controlled drugs,A no further action disposal,False,
Person search,2019-02-12T19:50:00+00:00,False,,51.331571,-0.707268,Male,10-17,White - English/Welsh/Scottish/Northern Irish/British,White,,Controlled drugs,A no further action disposal,False,
Person search,2019-02-12T21:35:00+00:00,False,,,,Male,18-24,White - English/Welsh/Scottish/Northern Irish/British,White,,Controlled drugs,Community resolution,True,
Vehicle search,2019-02-12T21:52:00+00:00,False,,51.369027,-0.491614,,,Other ethnic group - Not stated,,,Article for use in theft,Arrest,False,
Person search,2019-02-12T22:15:00+00:00,False,,51.371803,-0.489311,Male,18-24,White - English/Welsh/Scottish/Northern Irish/British,White,,Controlled drugs,Khat or Cannabis warning,True,
Person search,2019-02-13T04:00:00+00:00,False,,51.241515,-0.166077,Male,10-17,Other ethnic group - Not stated,White,,Article for use in theft,A no further action disposal,False,
Person search,2019-02-13T04:10:00+00:00,False,,51.339196,-0.744394,Male,25-34,Black/African/Caribbean/Black British - Any other Black/African/Caribbean background,Black,,Controlled drugs,A no further action disposal,False,
Person search,2019-02-13T14:00:00+00:00,False,,51.344505,-0.478449,Male,over 34,White - English/Welsh/Scottish/Northern Irish/British,White,,Stolen goods,Arrest,False,
Person search,2019-02-13T15:50:00+00:00,False,,,,Male,10-17,White - English/Welsh/Scottish/Northern Irish/British,White,,Article for use in theft,A no further action disposal,True,
Person search,2019-02-13T15:55:00+00:00,False,,,,Male,10-17,White - English/Welsh/Scottish/Northern Irish/British,White,,Article for use in theft,A no further action disposal,False,
Person search,2019-02-13T16:25:00+00:00,False,,51.256345,-0.545090,Male,10-17,White - English/Welsh/Scottish/Northern Irish/British,White,,Controlled drugs,A no further action disposal,True,
Person search,2019-02-13T16:25:00+00:00,False,,51.434424,-0.505373,Male,10-17,White - English/Welsh/Scottish/Northern Irish/British,White,,Controlled drugs,Summons / charged by post,True,
Person search,2019-02-13T16:25:00+00:00,False,,51.256345,-0.545090,Male,10-17,White - English/Welsh/Scottish/Northern Irish/British,White,,Controlled drugs,A no further action disposal,True,
Person search,2019-02-13T16:59:00+00:00,False,,51.432633,-0.418209,Male,18-24,White - English/Welsh/Scottish/Northern Irish/British,White,,Controlled drugs,A no further action disposal,False,
Person search,2019-02-13T17:19:00+00:00,False,,51.322936,-0.547405,Female,25-34,White - English/Welsh/Scottish/Northern Irish/British,White,,Stolen goods,Arrest,False,
Person search,2019-02-13T18:15:00+00:00,False,,51.416477,-0.430458,Male,over 34,White - English/Welsh/Scottish/Northern Irish/British,White,,Firearms,Arrest,False,
Person search,2019-02-13T18:36:00+00:00,False,,51.419244,-0.423590,Male,18-24,White - English/Welsh/Scottish/Northern Irish/British,White,,Controlled drugs,Arrest,True,
Person search,2019-02-13T22:50:00+00:00,False,,51.402529,-0.343511,Male,18-24,White - English/Welsh/Scottish/Northern Irish/British,White,,Controlled drugs,Arrest,True,
Person search,2019-02-13T23:18:00+00:00,False,,51.213529,-0.796680,Male,18-24,White - English/Welsh/Scottish/Northern Irish/British,White,,Controlled drugs,Penalty Notice for Disorder,True,
Person search,2019-02-13T23:52:00+00:00,False,,51.391350,-0.412259,Male,25-34,Other ethnic group - Not stated,Other,,Firearms,Arrest,False,
Person search,2019-02-14T01:29:00+00:00,False,,51.301939,-0.013985,Male,18-24,Other ethnic group - Not stated,Black,,Controlled drugs,A no further action disposal,False,
Person search,2019-02-14T02:30:00+00:00,False,,51.346530,-0.456527,Male,18-24,Mixed/Multiple ethnic groups - White and Asian,White,,Controlled drugs,Arrest,True,
Person search,2019-02-14T11:25:00+00:00,True,,51.338156,-0.190032,Female,over 34,White - English/Welsh/Scottish/Northern Irish/British,White,,Controlled drugs,A no further action disposal,False,
Person search,2019-02-14T11:26:00+00:00,True,,51.338888,-0.189730,Male,over 34,White - English/Welsh/Scottish/Northern Irish/British,White,,Controlled drugs,A no further action disposal,False,
Person search,2019-02-14T11:32:00+00:00,True,,51.338888,-0.189730,Male,18-24,White - English/Welsh/Scottish/Northern Irish/British,White,,Controlled drugs,A no further action disposal,False,
Person search,2019-02-14T11:35:00+00:00,True,,51.607990,-2.889238,Male,25-34,White - English/Welsh/Scottish/Northern Irish/British,White,,Controlled drugs,A no further action disposal,False,
Person search,2019-02-14T11:41:00+00:00,True,,51.338888,-0.189730,Female,over 34,White - English/Welsh/Scottish/Northern Irish/British,White,,Controlled drugs,A no further action disposal,False,
Person search,2019-02-14T11:43:00+00:00,True,,51.338888,-0.189730,Male,over 34,White - English/Welsh/Scottish/Northern Irish/British,White,,Controlled drugs,A no further action disposal,False,
Person search,2019-02-14T11:45:00+00:00,True,,51.338888,-0.189730,Male,over 34,White - English/Welsh/Scottish/Northern Irish/British,White,,Controlled drugs,A no further action disposal,False,
Person search,2019-02-14T11:51:00+00:00,True,,51.338888,-0.189730,Male,25-34,Black/African/Caribbean/Black British - African,Black,,Controlled drugs,A no further action disposal,False,
Person search,2019-02-14T11:55:00+00:00,True,,51.339666,-0.191738,Male,over 34,White - English/Welsh/Scottish/Northern Irish/British,White,,Controlled drugs,A no further action disposal,False,
Person search,2019-02-14T12:06:00+00:00,True,,51.338888,-0.189730,Male,18-24,White - English/Welsh/Scottish/Northern Irish/British,White,,Controlled drugs,A no further action disposal,False,
Person search,2019-02-14T12:29:00+00:00,True,,51.339666,-0.191738,Male,over 34,White - English/Welsh/Scottish/Northern Irish/British,White,,Controlled drugs,A no further action disposal,False,
Person search,2019-02-14T13:24:00+00:00,True,,51.338888,-0.189730,Male,over 34,Other ethnic group - Not stated,White,,Controlled drugs,A no further action disposal,False,
Person search,2019-02-14T13:41:00+00:00,True,,51.338156,-0.190032,Male,over 34,White - English/Welsh/Scottish/Northern Irish/British,White,,Controlled drugs,A no further action disposal,False,
Person search,2019-02-14T13:43:00+00:00,True,,51.338888,-0.189730,Female,over 34,Mixed/Multiple ethnic groups - Any other Mixed/Multiple ethnic background,Black,,Controlled drugs,A no further action disposal,False,
Person search,2019-02-14T13:48:00+00:00,True,,51.338888,-0.189730,Female,25-34,White - English/Welsh/Scottish/Northern Irish/British,White,,Controlled drugs,A no further action disposal,False,
Person search,2019-02-14T13:50:00+00:00,True,,51.338888,-0.189730,Male,18-24,Black/African/Caribbean/Black British - Caribbean,Black,,Anything to threaten or harm anyone,A no further action disposal,False,
Person search,2019-02-14T13:54:00+00:00,True,,51.338888,-0.189730,Male,over 34,Other ethnic group - Not stated,Black,,Controlled drugs,A no further action disposal,False,
Person search,2019-02-14T14:04:00+00:00,True,,51.338888,-0.189730,Female,25-34,Black/African/Caribbean/Black British - Any other Black/African/Caribbean background,Black,,Controlled drugs,A no further action disposal,False,
Person search,2019-02-14T14:06:00+00:00,True,,51.338888,-0.189730,Female,18-24,Mixed/Multiple ethnic groups - Any other Mixed/Multiple ethnic background,Black,,Controlled drugs,A no further action disposal,False,
Person search,2019-02-14T14:07:00+00:00,True,,51.338888,-0.189730,Male,25-34,White - English/Welsh/Scottish/Northern Irish/British,White,,Controlled drugs,A no further action disposal,False,
Person search,2019-02-14T14:10:00+00:00,True,,51.338888,-0.189730,Male,25-34,Black/African/Caribbean/Black British - Any other Black/African/Caribbean background,Black,,Controlled drugs,A no further action disposal,False,
Person search,2019-02-14T15:17:00+00:00,True,,51.338888,-0.189730,Male,25-34,Black/African/Caribbean/Black British - African,Black,,Controlled drugs,Arrest,True,
Person search,2019-02-14T15:28:00+00:00,False,,51.175819,-0.614120,Male,10-17,White - English/Welsh/Scottish/Northern Irish/British,White,,Controlled drugs,A no further action disposal,False,
Person search,2019-02-14T16:10:00+00:00,False,,,,Male,over 34,White - English/Welsh/Scottish/Northern Irish/British,White,,Controlled drugs,A no further action disposal,False,
Person search,2019-02-14T16:20:00+00:00,False,,51.305131,-0.555456,Female,18-24,White - Any other White background,White,,Controlled drugs,A no further action disposal,False,
Person search,2019-02-14T16:30:00+00:00,False,,51.305131,-0.555456,Female,10-17,Other ethnic group - Any other ethnic group,Asian,,Controlled drugs,Penalty Notice for Disorder,False,
Person search,2019-02-14T17:36:00+00:00,False,,51.323951,-0.603546,Male,18-24,White - English/Welsh/Scottish/Northern Irish/British,White,,Controlled drugs,Khat or Cannabis warning,True,
Person search,2019-02-14T17:54:00+00:00,False,,51.237631,-0.186875,Male,over 34,White - English/Welsh/Scottish/Northern Irish/British,White,,Controlled drugs,A no further action disposal,False,
Vehicle search,2019-02-14T18:10:00+00:00,False,,51.241119,-0.574180,,,Other ethnic group - Not stated,,,Article for use in theft,A no further action disposal,False,
Person search,2019-02-14T18:23:00+00:00,True,,51.389620,-0.339363,Male,10-17,Black/African/Caribbean/Black British - Caribbean,Black,,Firearms,A no further action disposal,False,
Vehicle search,2019-02-14T20:40:00+00:00,False,,51.296936,-0.096093,,,Other ethnic group - Not stated,,,Stolen goods,A no further action disposal,False,
Person search,2019-02-14T21:20:00+00:00,True,,51.391330,-0.310526,Male,10-17,Black/African/Caribbean/Black British - Caribbean,Black,,Controlled drugs,A no further action disposal,True,
Person search,2019-02-14T22:22:00+00:00,False,,51.233826,-0.170078,Male,18-24,White - English/Welsh/Scottish/Northern Irish/British,White,,Controlled drugs,A no further action disposal,False,
Person search,2019-02-14T23:45:00+00:00,False,,52.677844,-2.310012,Male,18-24,Other ethnic group - Not stated,White,,Firearms,A no further action disposal,False,
Person search,2019-02-15T00:00:00+00:00,False,,51.368991,-0.490251,Male,18-24,White - English/Welsh/Scottish/Northern Irish/British,White,,Controlled drugs,Khat or Cannabis warning,True,
Person search,2019-02-15T00:00:00+00:00,False,,51.370229,-0.489980,Male,18-24,White - English/Welsh/Scottish/Northern Irish/British,White,,Controlled drugs,Khat or Cannabis warning,True,
Person search,2019-02-15T01:25:00+00:00,False,,51.368095,-0.217785,Male,over 34,Other ethnic group - Not stated,White,,Article for use in theft,A no further action disposal,False,
Person search,2019-02-15T01:30:00+00:00,False,,51.332077,-0.212924,Male,25-34,White - English/Welsh/Scottish/Northern Irish/British,White,,Article for use in theft,A no further action disposal,False,
Person search,2019-02-15T02:20:00+00:00,False,,51.309158,-0.054580,Male,10-17,White - English/Welsh/Scottish/Northern Irish/British,White,,Controlled drugs,A no further action disposal,False,
Person search,2019-02-15T02:20:00+00:00,False,,51.297938,-0.070504,Male,18-24,White - English/Welsh/Scottish/Northern Irish/British,White,,Controlled drugs,A no further action disposal,False,
Person search,2019-02-15T10:25:00+00:00,False,,51.279217,-0.073912,Male,over 34,Asian/Asian British - Any other Asian background,Asian,,Controlled drugs,A no further action disposal,False,
Person search,2019-02-15T10:27:00+00:00,False,,51.279217,-0.073912,Male,over 34,Asian/Asian British - Any other Asian background,Asian,,Controlled drugs,A no further action disposal,False,
Person search,2019-02-15T11:35:00+00:00,False,,51.374161,-0.480440,Male,over 34,White - English/Welsh/Scottish/Northern Irish/British,White,,Controlled drugs,A no further action disposal,False,
Person search,2019-02-15T13:00:00+00:00,False,,51.246208,-0.577046,Female,over 34,White - Any other White background,White,,Stolen goods,A no further action disposal,False,
Person search,2019-02-15T14:19:00+00:00,False,,51.335638,-0.758229,Male,10-17,White - English/Welsh/Scottish/Northern Irish/British,White,,Controlled drugs,A no further action disposal,False,
Person search,2019-02-15T14:33:00+00:00,False,,51.335206,-0.757279,Female,over 34,White - English/Welsh/Scottish/Northern Irish/British,White,,Controlled drugs,A no further action disposal,False,
Person search,2019-02-15T14:40:00+00:00,False,,51.291697,-0.076001,Male,18-24,White - English/Welsh/Scottish/Northern Irish/British,White,,Firearms,A no further action disposal,False,
Person search,2019-02-15T15:01:00+00:00,False,,51.291148,-0.077070,Male,18-24,White - English/Welsh/Scottish/Northern Irish/British,White,,Firearms,A no further action disposal,False,
Person search,2019-02-15T15:05:00+00:00,False,,51.244236,-0.730950,Male,25-34,White - English/Welsh/Scottish/Northern Irish/British,White,,Controlled drugs,A no further action disposal,False,
Person search,2019-02-15T15:45:00+00:00,False,,51.256238,-0.685062,Male,25-34,White - Any other White background,White,,Controlled drugs,A no further action disposal,False,
Person search,2019-02-15T16:00:00+00:00,False,,51.256238,-0.685062,Male,25-34,Other ethnic group - Not stated,White,,Controlled drugs,A no further action disposal,False,
Person search,2019-02-15T17:29:00+00:00,False,,51.348220,-0.721618,Female,10-17,White - English/Welsh/Scottish/Northern Irish/British,White,,Firearms,A no further action disposal,False,
Person search,2019-02-15T17:33:00+00:00,False,,51.348220,-0.721618,Male,10-17,White - English/Welsh/Scottish/Northern Irish/British,White,,Firearms,A no further action disposal,False,
Person search,2019-02-15T17:57:00+00:00,False,,51.235046,-0.329206,Male,10-17,White - English/Welsh/Scottish/Northern Irish/British,White,,Firearms,A no further action disposal,False,
Person search,2019-02-15T18:45:00+00:00,False,,51.328712,-0.216930,Male,18-24,Mixed/Multiple ethnic groups - White and Black Caribbean,Black,,Controlled drugs,A no further action disposal,False,
Person search,2019-02-15T18:50:00+00:00,False,,51.328712,-0.216930,Female,18-24,White - English/Welsh/Scottish/Northern Irish/British,White,,Controlled drugs,A no further action disposal,False,
Person search,2019-02-15T20:45:00+00:00,True,,51.385701,-0.342020,Male,18-24,White - English/Welsh/Scottish/Northern Irish/British,White,,Controlled drugs,Penalty Notice for Disorder,True,
Person search,2019-02-15T21:09:00+00:00,False,,51.236008,-0.187225,Male,18-24,White - English/Welsh/Scottish/Northern Irish/British,White,,Controlled drugs,A no further action disposal,False,
Person search,2019-02-15T21:15:00+00:00,False,,,,Female,10-17,White - English/Welsh/Scottish/Northern Irish/British,White,,Firearms,A no further action disposal,False,
Person search,2019-02-15T22:52:00+00:00,True,,51.392157,-0.306744,Male,10-17,Black/African/Caribbean/Black British - Caribbean,Black,,Firearms,A no further action disposal,False,
Person search,2019-02-15T22:52:00+00:00,True,,51.392157,-0.306744,Male,10-17,Black/African/Caribbean/Black British - Caribbean,Black,,Firearms,A no further action disposal,False,
Person search,2019-02-15T22:52:00+00:00,True,,51.392157,-0.306744,Male,10-17,White - English/Welsh/Scottish/Northern Irish/British,White,,Firearms,A no further action disposal,False,
Person search,2019-02-16T00:44:00+00:00,False,,51.319778,-0.166000,Male,18-24,White - English/Welsh/Scottish/Northern Irish/British,White,,Article for use in theft,A no further action disposal,False,
Person search,2019-02-16T02:17:00+00:00,False,,51.224198,-0.199862,Male,25-34,White - English/Welsh/Scottish/Northern Irish/British,White,,Article for use in theft,A no further action disposal,False,
Person search,2019-02-16T02:25:00+00:00,False,,51.236060,-0.188827,Male,18-24,White - English/Welsh/Scottish/Northern Irish/British,White,,Article for use in theft,A no further action disposal,False,
Person search,2019-02-16T02:29:00+00:00,False,,51.224198,-0.199862,Male,18-24,White - English/Welsh/Scottish/Northern Irish/British,White,,Article for use in theft,A no further action disposal,False,
Person search,2019-02-16T16:16:00+00:00,False,,51.174195,-0.161510,Male,over 34,Black/African/Caribbean/Black British - Any other Black/African/Caribbean background,Asian,,Firearms,Arrest,False,
Person search,2019-02-16T17:12:00+00:00,False,,51.321492,-0.560854,Male,25-34,White - English/Welsh/Scottish/Northern Irish/British,White,,Article for use in theft,A no further action disposal,False,
Person search,2019-02-16T17:56:00+00:00,False,,51.223735,-0.163690,Male,18-24,White - English/Welsh/Scottish/Northern Irish/British,White,,Controlled drugs,A no further action disposal,True,
Person search,2019-02-16T17:57:00+00:00,False,,51.223735,-0.163690,Male,18-24,White - English/Welsh/Scottish/Northern Irish/British,White,,Controlled drugs,Summons / charged by post,True,
Person search,2019-02-16T19:00:00+00:00,False,,51.316554,-0.565873,Male,25-34,Asian/Asian British - Bangladeshi,Asian,,Controlled drugs,Arrest,True,
Person search,2019-02-16T19:00:00+00:00,False,,51.316554,-0.565873,Male,25-34,Other ethnic group - Not stated,Asian,,Controlled drugs,A no further action disposal,False,
Person search,2019-02-16T19:00:00+00:00,False,,51.316554,-0.565873,Male,25-34,Other ethnic group - Not stated,Asian,,Controlled drugs,Khat or Cannabis warning,False,
Person search,2019-02-16T23:20:00+00:00,False,,51.256345,-0.545090,Male,18-24,Other ethnic group - Not stated,Black,,Controlled drugs,Arrest,True,
Person search,2019-02-16T23:20:00+00:00,False,,51.256345,-0.545090,Male,10-17,Other ethnic group - Not stated,Asian,,Controlled drugs,Arrest,False,
Person search,2019-02-16T23:58:00+00:00,False,,51.292804,-0.327182,Male,18-24,White - Any other White background,White,,Controlled drugs,Community resolution,True,
Person search,2019-02-17T03:19:00+00:00,False,,51.237268,-0.577680,Male,18-24,Black/African/Caribbean/Black British - Any other Black/African/Caribbean background,Black,,Anything to threaten or harm anyone,A no further action disposal,False,
Person search,2019-02-17T17:45:00+00:00,False,,51.237268,-0.577680,Male,over 34,White - English/Welsh/Scottish/Northern Irish/British,White,,Controlled drugs,A no further action disposal,False,
Person search,2019-02-17T17:45:00+00:00,False,,51.237268,-0.577680,Male,18-24,Black/African/Caribbean/Black British - African,Black,,Controlled drugs,A no further action disposal,False,
Person search,2019-02-17T17:55:00+00:00,False,,51.377470,-0.336785,Male,10-17,White - English/Welsh/Scottish/Northern Irish/British,White,,Controlled drugs,A no further action disposal,False,
Person search,2019-02-17T17:56:00+00:00,True,,51.369065,-0.363783,Male,10-17,White - English/Welsh/Scottish/Northern Irish/British,White,,Controlled drugs,A no further action disposal,False,
Person search,2019-02-17T17:57:00+00:00,False,,51.236008,-0.187225,Male,10-17,Black/African/Caribbean/Black British - Any other Black/African/Caribbean background,White,,Firearms,A no further action disposal,False,
Person search,2019-02-17T17:57:00+00:00,True,,51.378697,-0.338278,Male,10-17,White - English/Welsh/Scottish/Northern Irish/British,White,,Controlled drugs,A no further action disposal,False,
Person search,2019-02-17T19:00:00+00:00,False,,51.303155,-0.173735,Male,18-24,White - English/Welsh/Scottish/Northern Irish/British,White,,Controlled drugs,Arrest,True,
Person search,2019-02-17T21:15:00+00:00,False,,51.331616,-0.527479,Male,10-17,Asian/Asian British - Pakistani,Asian,,Controlled drugs,A no further action disposal,False,
Person search,2019-02-17T21:20:00+00:00,False,,51.331616,-0.527479,Male,10-17,White - English/Welsh/Scottish/Northern Irish/British,White,,Controlled drugs,A no further action disposal,False,
Person search,2019-02-17T21:30:00+00:00,False,,51.339196,-0.744394,Male,10-17,White - English/Welsh/Scottish/Northern Irish/British,White,,Controlled drugs,Summons / charged by post,True,
Person search,2019-02-17T21:30:00+00:00,False,,51.339483,-0.742678,Male,10-17,White - English/Welsh/Scottish/Northern Irish/British,White,,Controlled drugs,Summons / charged by post,True,
Person search,2019-02-17T22:10:00+00:00,False,,51.235523,-0.326095,Male,18-24,White - Any other White background,White,,Stolen goods,A no further action disposal,False,
Person search,2019-02-17T22:30:00+00:00,False,,51.248116,-0.575697,Male,25-34,White - English/Welsh/Scottish/Northern Irish/British,White,,Controlled drugs,Khat or Cannabis warning,True,
Person search,2019-02-17T23:07:00+00:00,False,,51.248116,-0.575697,Female,25-34,White - English/Welsh/Scottish/Northern Irish/British,White,,Controlled drugs,A no further action disposal,False,
Person search,2019-02-17T23:25:00+00:00,False,,51.237631,-0.186875,Male,25-34,White - English/Welsh/Scottish/Northern Irish/British,White,,Controlled drugs,Arrest,False,
Person search,2019-02-18T00:30:00+00:00,False,,51.173860,-0.179249,Female,18-24,White - English/Welsh/Scottish/Northern Irish/British,White,,Controlled drugs,A no further action disposal,False,
Person search,2019-02-18T01:07:00+00:00,False,,51.277720,-0.033670,Male,25-34,Other ethnic group - Not stated,Asian,,Controlled drugs,A no further action disposal,False,
Person search,2019-02-18T01:35:00+00:00,False,,51.237631,-0.186875,Female,over 34,White - Any other White background,White,,Controlled drugs,Arrest,True,
Person search,2019-02-18T14:14:00+00:00,False,,,,Male,10-17,White - English/Welsh/Scottish/Northern Irish/British,White,,Controlled drugs,Summons / charged by post,True,
Person search,2019-02-18T14:35:00+00:00,False,,51.390169,-0.312954,Male,10-17,White - English/Welsh/Scottish/Northern Irish/British,White,,Controlled drugs,A no further action disposal,False,
Person search,2019-02-18T14:35:00+00:00,False,,51.390169,-0.312954,Male,10-17,White - English/Welsh/Scottish/Northern Irish/British,White,,Controlled drugs,A no further action disposal,False,
Person search,2019-02-18T14:35:00+00:00,False,,51.390169,-0.312954,Male,10-17,White - English/Welsh/Scottish/Northern Irish/British,White,,Controlled drugs,A no further action disposal,False,
Person search,2019-02-18T15:00:00+00:00,False,,51.237352,-0.580184,Male,18-24,Black/African/Caribbean/Black British - Caribbean,Black,,Stolen goods,Arrest,True,
Person search,2019-02-18T16:00:00+00:00,False,,51.253296,-0.722217,Male,18-24,White - English/Welsh/Scottish/Northern Irish/British,White,,Controlled drugs,Penalty Notice for Disorder,True,
Person search,2019-02-18T19:00:00+00:00,False,,51.303155,-0.173735,Male,10-17,White - English/Welsh/Scottish/Northern Irish/British,White,,Controlled drugs,A no further action disposal,False,
Person search,2019-02-18T19:00:00+00:00,False,,51.237631,-0.186875,Female,10-17,White - English/Welsh/Scottish/Northern Irish/British,White,,Controlled drugs,A no further action disposal,False,
Person search,2019-02-18T19:00:00+00:00,False,,51.303155,-0.173735,Male,10-17,Other ethnic group - Not stated,Black,,Controlled drugs,Arrest,True,
Person search,2019-02-18T19:00:00+00:00,False,,51.237631,-0.186875,Female,10-17,White - English/Welsh/Scottish/Northern Irish/British,White,,Controlled drugs,A no further action disposal,False,
Person search,2019-02-18T20:20:00+00:00,False,,51.316814,-0.563584,Female,18-24,Asian/Asian British - Pakistani,Asian,,Controlled drugs,A no further action disposal,True,
Person search,2019-02-18T20:30:00+00:00,False,,51.184304,-0.614566,Female,10-17,Asian/Asian British - Pakistani,Asian,,Controlled drugs,A no further action disposal,False,
Person search,2019-02-18T20:40:00+00:00,False,,51.184304,-0.614566,Male,10-17,Asian/Asian British - Pakistani,Asian,,Controlled drugs,A no further action disposal,False,
Person search,2019-02-18T21:00:00+00:00,False,,51.204010,-0.160581,Male,18-24,White - English/Welsh/Scottish/Northern Irish/British,White,,Firearms,A no further action disposal,False,
Person search,2019-02-18T22:30:00+00:00,False,,51.334337,-0.266339,Male,10-17,White - English/Welsh/Scottish/Northern Irish/British,White,,Controlled drugs,Arrest,False,
Person search,2019-02-18T23:58:00+00:00,False,,51.319317,-0.558770,Male,25-34,White - Any other White background,White,,Article for use in theft,A no further action disposal,False,
Person search,2019-02-19T00:11:00+00:00,False,,51.282516,-0.075997,Male,10-17,White - English/Welsh/Scottish/Northern Irish/British,White,,Controlled drugs,A no further action disposal,False,
Person search,2019-02-19T00:11:00+00:00,False,,51.281632,-0.076980,Male,18-24,White - English/Welsh/Scottish/Northern Irish/British,White,,Controlled drugs,A no further action disposal,False,
Person search,2019-02-19T00:11:00+00:00,False,,51.282516,-0.075997,Male,18-24,White - English/Welsh/Scottish/Northern Irish/British,White,,Controlled drugs,A no further action disposal,False,
Person search,2019-02-19T00:30:00+00:00,False,,51.283446,-0.089954,Male,10-17,Other ethnic group - Not stated,White,,Controlled drugs,Summons / charged by post,True,
Person search,2019-02-19T00:30:00+00:00,False,,51.283446,-0.089954,Male,18-24,Other ethnic group - Not stated,White,,Controlled drugs,Summons / charged by post,True,
Person search,2019-02-19T02:30:00+00:00,False,,51.291647,-0.097660,Male,10-17,White - English/Welsh/Scottish/Northern Irish/British,White,,Controlled drugs,A no further action disposal,True,
Person search,2019-02-19T19:25:00+00:00,False,,51.396772,-0.372885,Male,10-17,White - English/Welsh/Scottish/Northern Irish/British,White,,Offensive weapons,A no further action disposal,False,
Person search,2019-02-19T19:35:00+00:00,False,,51.396772,-0.372885,Male,10-17,Other ethnic group - Not stated,White,,Offensive weapons,A no further action disposal,False,
Person search,2019-02-19T19:39:00+00:00,False,,51.305444,-0.230299,Male,over 34,White - English/Welsh/Scottish/Northern Irish/British,White,,Controlled drugs,Summons / charged by post,True,
Person search,2019-02-19T19:39:00+00:00,False,,51.305444,-0.230299,Male,over 34,White - English/Welsh/Scottish/Northern Irish/British,White,,Controlled drugs,A no further action disposal,True,
Person search,2019-02-19T19:53:00+00:00,False,,51.223601,-0.199656,Male,10-17,White - English/Welsh/Scottish/Northern Irish/British,White,,Offensive weapons,A no further action disposal,False,
Person search,2019-02-19T20:10:00+00:00,False,,51.223601,-0.199656,Male,10-17,White - English/Welsh/Scottish/Northern Irish/British,White,,Offensive weapons,A no further action disposal,False,
Person search,2019-02-19T20:10:00+00:00,False,,51.155477,-0.209388,Female,10-17,White - English/Welsh/Scottish/Northern Irish/British,White,,Offensive weapons,A no further action disposal,False,
Person search,2019-02-19T20:10:00+00:00,False,,51.223601,-0.199656,Female,10-17,Other ethnic group - Not stated,White,,Articles for use in criminal damage,A no further action disposal,False,
Person search,2019-02-19T21:00:00+00:00,False,,51.371686,-0.490751,Female,10-17,Mixed/Multiple ethnic groups - Any other Mixed/Multiple ethnic background,Black,,Anything to threaten or harm anyone,A no further action disposal,True,
Person search,2019-02-19T21:00:00+00:00,False,,51.370229,-0.489980,Male,25-34,White - English/Welsh/Scottish/Northern Irish/British,White,,Anything to threaten or harm anyone,Arrest,True,
Person search,2019-02-19T21:00:00+00:00,False,,51.370229,-0.489980,Male,18-24,White - English/Welsh/Scottish/Northern Irish/British,White,,Anything to threaten or harm anyone,Arrest,True,
Person search,2019-02-19T23:00:00+00:00,False,,51.235523,-0.326095,Male,25-34,Other ethnic group - Not stated,Asian,,Controlled drugs,Khat or Cannabis warning,True,
Person search,2019-02-20T01:30:00+00:00,False,,51.285240,-0.084746,Male,18-24,White - English/Welsh/Scottish/Northern Irish/British,White,,Controlled drugs,Arrest,True,
Person search,2019-02-20T02:30:00+00:00,False,,51.296071,-0.100432,Male,10-17,White - English/Welsh/Scottish/Northern Irish/British,White,,Controlled drugs,Summons / charged by post,True,
Person search,2019-02-20T02:30:00+00:00,False,,51.296071,-0.100432,Male,10-17,White - English/Welsh/Scottish/Northern Irish/British,White,,Controlled drugs,A no further action disposal,False,
Person search,2019-02-20T12:30:00+00:00,False,,51.269488,-0.251664,Male,over 34,White - English/Welsh/Scottish/Northern Irish/British,White,,Controlled drugs,A no further action disposal,False,
Person search,2019-02-20T12:30:00+00:00,False,,51.325318,-0.547330,Male,over 34,Other ethnic group - Not stated,Other,,Anything to threaten or harm anyone,A no further action disposal,False,
Person search,2019-02-20T12:44:00+00:00,False,,51.269488,-0.251664,Male,over 34,White - English/Welsh/Scottish/Northern Irish/British,White,,Controlled drugs,Arrest,True,
Person search,2019-02-20T17:00:00+00:00,False,,51.241899,-0.737618,Male,25-34,Black/African/Caribbean/Black British - African,Black,,Controlled drugs,A no further action disposal,False,
Person search,2019-02-20T17:20:00+00:00,False,,51.372798,-0.393764,Male,,White - English/Welsh/Scottish/Northern Irish/British,White,,Controlled drugs,A no further action disposal,False,
Person search,2019-02-20T18:06:00+00:00,False,,51.335788,-0.264748,Male,10-17,Asian/Asian British - Any other Asian background,Asian,,Article for use in theft,Community resolution,False,
Person search,2019-02-20T18:06:00+00:00,False,,51.335788,-0.264748,Male,10-17,Asian/Asian British - Any other Asian background,Asian,,Article for use in theft,Community resolution,False,
Person search,2019-02-20T19:00:00+00:00,False,,51.319591,-0.611169,Male,18-24,White - English/Welsh/Scottish/Northern Irish/British,White,,Offensive weapons,Arrest,False,
Vehicle search,2019-02-20T19:24:00+00:00,False,,51.319591,-0.611169,,,Other ethnic group - Not stated,,,Offensive weapons,A no further action disposal,False,
Person search,2019-02-20T19:40:00+00:00,False,,51.216379,0.516045,Male,10-17,White - English/Welsh/Scottish/Northern Irish/British,White,,Offensive weapons,A no further action disposal,False,
Person search,2019-02-20T20:15:00+00:00,False,,51.223601,-0.199656,Male,10-17,White - English/Welsh/Scottish/Northern Irish/British,White,,Offensive weapons,A no further action disposal,False,
Person search,2019-02-20T22:10:00+00:00,False,,51.236060,-0.188827,Male,10-17,White - English/Welsh/Scottish/Northern Irish/British,White,,Controlled drugs,A no further action disposal,False,
Person search,2019-02-20T22:10:00+00:00,False,,51.236008,-0.187225,Male,10-17,White - English/Welsh/Scottish/Northern Irish/British,White,,Controlled drugs,A no further action disposal,False,
Person search,2019-02-20T22:30:00+00:00,False,,51.238318,-0.190587,Male,18-24,Other ethnic group - Not stated,Black,,Controlled drugs,A no further action disposal,False,
Person search,2019-02-20T22:36:00+00:00,False,,51.319591,-0.611169,Male,18-24,White - English/Welsh/Scottish/Northern Irish/British,White,,Offensive weapons,Arrest,False,
Person search,2019-02-20T23:40:00+00:00,False,,51.218430,-0.787044,Male,18-24,Other ethnic group - Not stated,White,,Anything to threaten or harm anyone,A no further action disposal,False,
Person search,2019-02-21T00:15:00+00:00,False,,51.353263,-0.487407,Male,18-24,White - English/Welsh/Scottish/Northern Irish/British,White,,Controlled drugs,Arrest,False,
Person search,2019-02-21T00:36:00+00:00,False,,51.353263,-0.487407,Male,18-24,White - English/Welsh/Scottish/Northern Irish/British,White,,Controlled drugs,A no further action disposal,False,
Person search,2019-02-21T02:00:00+00:00,False,,51.410823,-0.360366,Male,18-24,Asian/Asian British - Any other Asian background,Asian,,Controlled drugs,A no further action disposal,False,
Person search,2019-02-21T02:15:00+00:00,False,,51.410823,-0.360366,Male,18-24,White - English/Welsh/Scottish/Northern Irish/British,White,,Controlled drugs,Arrest,True,
Person search,2019-02-21T05:07:00+00:00,False,,51.457761,-0.471318,Male,over 34,White - English/Welsh/Scottish/Northern Irish/British,White,,Anything to threaten or harm anyone,A no further action disposal,False,
Person search,2019-02-21T11:20:00+00:00,False,,51.428285,-0.427853,Male,over 34,White - English/Welsh/Scottish/Northern Irish/British,White,,Controlled drugs,Arrest,True,
Person search,2019-02-21T12:26:00+00:00,False,,51.335788,-0.264748,Male,,Asian/Asian British - Any other Asian background,Asian,,Article for use in theft,A no further action disposal,False,
Person search,2019-02-21T12:36:00+00:00,False,,51.301985,-0.227520,Male,18-24,White - English/Welsh/Scottish/Northern Irish/British,Black,,Article for use in theft,A no further action disposal,False,
Person search,2019-02-21T15:30:00+00:00,False,,51.370400,-0.361494,Male,10-17,White - English/Welsh/Scottish/Northern Irish/British,White,,Controlled drugs,A no further action disposal,False,
Person search,2019-02-21T15:30:00+00:00,False,,51.369065,-0.363783,Male,10-17,White - English/Welsh/Scottish/Northern Irish/British,White,,Controlled drugs,A no further action disposal,False,
Person search,2019-02-21T15:30:00+00:00,False,,51.370400,-0.361494,Male,10-17,White - English/Welsh/Scottish/Northern Irish/British,White,,Controlled drugs,A no further action disposal,False,
Person search,2019-02-21T15:30:00+00:00,False,,51.370179,-0.364389,Male,10-17,White - English/Welsh/Scottish/Northern Irish/British,White,,Controlled drugs,A no further action disposal,False,
Person search,2019-02-21T15:30:00+00:00,False,,51.370400,-0.361494,Male,10-17,White - English/Welsh/Scottish/Northern Irish/British,White,,Controlled drugs,A no further action disposal,False,
Person search,2019-02-21T15:30:00+00:00,False,,51.370400,-0.361494,Male,,White - English/Welsh/Scottish/Northern Irish/British,White,,Controlled drugs,A no further action disposal,False,
Person search,2019-02-21T17:40:00+00:00,False,,51.429329,-0.452977,Male,over 34,White - English/Welsh/Scottish/Northern Irish/British,White,,Stolen goods,A no further action disposal,False,
Person search,2019-02-21T21:20:00+00:00,False,,51.223063,-0.196827,Male,25-34,White - English/Welsh/Scottish/Northern Irish/British,White,,Controlled drugs,Community resolution,True,
Person search,2019-02-21T22:10:00+00:00,False,,51.237624,-0.188164,Male,10-17,White - English/Welsh/Scottish/Northern Irish/British,White,,Controlled drugs,A no further action disposal,False,
Person search,2019-02-21T22:10:00+00:00,False,,51.237631,-0.186875,Male,18-24,White - English/Welsh/Scottish/Northern Irish/British,White,,Controlled drugs,Khat or Cannabis warning,True,
Person search,2019-02-21T22:50:00+00:00,False,,51.213030,-0.169800,Male,over 34,White - English/Welsh/Scottish/Northern Irish/British,White,,Controlled drugs,Summons / charged by post,True,
Person search,2019-02-21T22:59:00+00:00,False,,51.213030,-0.169800,Male,10-17,White - English/Welsh/Scottish/Northern Irish/British,White,,Anything to threaten or harm anyone,A no further action disposal,False,
Person search,2019-02-21T23:00:00+00:00,False,,51.212019,-0.167263,Male,10-17,White - English/Welsh/Scottish/Northern Irish/British,White,,Controlled drugs,Community resolution,True,
Person search,2019-02-21T23:05:00+00:00,False,,51.212019,-0.167263,Male,18-24,White - English/Welsh/Scottish/Northern Irish/British,White,,Controlled drugs,Community resolution,True,
Person search,2019-02-21T23:25:00+00:00,False,,51.316480,-0.556175,Female,10-17,Other ethnic group - Not stated,Asian,,Controlled drugs,Summons / charged by post,False,
Person search,2019-02-22T00:03:00+00:00,False,,51.381760,-0.406038,Male,18-24,Other ethnic group - Not stated,Black,,Controlled drugs,A no further action disposal,False,
Person search,2019-02-22T00:24:00+00:00,False,,51.218501,-0.787887,Male,18-24,White - English/Welsh/Scottish/Northern Irish/British,White,,Controlled drugs,A no further action disposal,False,
Person search,2019-02-22T00:35:00+00:00,False,,51.218501,-0.787887,Male,10-17,White - English/Welsh/Scottish/Northern Irish/British,White,,Controlled drugs,A no further action disposal,False,
Person search,2019-02-22T00:50:00+00:00,False,,51.329847,-0.373375,Male,10-17,White - Any other White background,White,,Controlled drugs,A no further action disposal,False,
Person search,2019-02-22T01:00:00+00:00,False,,51.218501,-0.787887,Male,10-17,White - English/Welsh/Scottish/Northern Irish/British,White,,Controlled drugs,A no further action disposal,False,
Person search,2019-02-22T01:00:00+00:00,False,,51.328370,-0.371891,Male,18-24,White - Any other White background,White,,Controlled drugs,A no further action disposal,False,
Person search,2019-02-22T01:00:00+00:00,False,,51.328370,-0.371891,Male,18-24,White - Any other White background,White,,Controlled drugs,A no further action disposal,False,
Person search,2019-02-22T09:40:00+00:00,False,,51.366135,-0.261519,Male,25-34,White - English/Welsh/Scottish/Northern Irish/British,White,,Controlled drugs,A no further action disposal,True,
Person search,2019-02-22T11:07:00+00:00,False,,51.221764,-0.282644,Male,10-17,White - English/Welsh/Scottish/Northern Irish/British,White,,Controlled drugs,A no further action disposal,False,
Person search,2019-02-22T16:00:00+00:00,False,,51.319855,-0.560088,Male,18-24,White - English/Welsh/Scottish/Northern Irish/British,White,,Stolen goods,Community resolution,False,
Person search,2019-02-22T16:37:00+00:00,False,,51.306573,-0.221117,Male,10-17,White - English/Welsh/Scottish/Northern Irish/British,White,,Anything to threaten or harm anyone,A no further action disposal,False,
Person search,2019-02-22T19:12:00+00:00,False,,51.244629,-0.732300,Male,25-34,Other ethnic group - Not stated,Black,,Controlled drugs,A no further action disposal,False,
Person search,2019-02-22T20:00:00+00:00,False,,51.331610,-0.756558,Male,over 34,White - English/Welsh/Scottish/Northern Irish/British,White,,Controlled drugs,Summons / charged by post,True,
Person search,2019-02-22T20:05:00+00:00,False,,51.307099,-0.569224,Male,25-34,Black/African/Caribbean/Black British - Caribbean,Black,,Article for use in theft,Khat or Cannabis warning,False,
Person search,2019-02-22T20:22:00+00:00,False,,51.388890,-0.507015,Male,18-24,White - English/Welsh/Scottish/Northern Irish/British,White,,Controlled drugs,A no further action disposal,False,
Person search,2019-02-22T20:30:00+00:00,False,,51.366417,-0.441321,Female,18-24,White - English/Welsh/Scottish/Northern Irish/British,White,,Offensive weapons,A no further action disposal,False,
Person search,2019-02-22T21:30:00+00:00,False,,51.370229,-0.489980,Male,18-24,White - English/Welsh/Scottish/Northern Irish/British,White,,Offensive weapons,A no further action disposal,False,
Person search,2019-02-22T22:44:00+00:00,False,,51.340092,-0.393716,Male,18-24,White - English/Welsh/Scottish/Northern Irish/British,White,,Anything to threaten or harm anyone,A no further action disposal,False,
Person search,2019-02-22T22:54:00+00:00,False,,51.340092,-0.393716,Male,18-24,Black/African/Caribbean/Black British - African,Black,,Anything to threaten or harm anyone,A no further action disposal,False,
Person search,2019-02-22T23:49:00+00:00,False,,51.218501,-0.787887,Male,10-17,White - English/Welsh/Scottish/Northern Irish/British,White,,Controlled drugs,A no further action disposal,False,
Person search,2019-02-22T23:49:00+00:00,False,,51.218501,-0.787887,Male,10-17,White - English/Welsh/Scottish/Northern Irish/British,White,,Controlled drugs,A no further action disposal,False,
Person search,2019-02-22T23:55:00+00:00,False,,51.237631,-0.186875,Male,18-24,White - English/Welsh/Scottish/Northern Irish/British,White,,Controlled drugs,A no further action disposal,True,
Person search,2019-02-23T01:15:00+00:00,False,,51.237678,-0.208032,Male,18-24,White - Any other White background,White,,Controlled drugs,Arrest,True,
Person search,2019-02-23T02:28:00+00:00,False,,51.385630,-0.501675,Male,over 34,White - English/Welsh/Scottish/Northern Irish/British,White,,Offensive weapons,A no further action disposal,False,
Person search,2019-02-23T17:21:00+00:00,False,,51.401450,-0.343535,Male,over 34,White - English/Welsh/Scottish/Northern Irish/British,White,,Controlled drugs,A no further action disposal,False,
Person search,2019-02-23T17:30:00+00:00,False,,51.304745,-0.218619,Female,10-17,White - English/Welsh/Scottish/Northern Irish/British,White,,Offensive weapons,A no further action disposal,False,
Person search,2019-02-23T22:52:00+00:00,False,,,,Male,18-24,White - Any other White background,Black,,Controlled drugs,Community resolution,True,
Person search,2019-02-23T23:55:00+00:00,False,,51.329393,-0.702205,Male,18-24,Other ethnic group - Not stated,Asian,,Controlled drugs,A no further action disposal,True,
Person search,2019-02-23T23:59:00+00:00,False,,51.329393,-0.702205,Male,18-24,White - English/Welsh/Scottish/Northern Irish/British,White,,Controlled drugs,Khat or Cannabis warning,True,
Person search,2019-02-24T01:00:00+00:00,False,,51.396103,-0.506378,Male,10-17,White - English/Welsh/Scottish/Northern Irish/British,White,,Controlled drugs,A no further action disposal,True,
Person search,2019-02-24T01:00:00+00:00,False,,51.396103,-0.506378,Male,10-17,White - English/Welsh/Scottish/Northern Irish/British,White,,Controlled drugs,A no further action disposal,True,
Person search,2019-02-24T01:07:00+00:00,False,,51.342800,-0.705372,Male,10-17,White - English/Welsh/Scottish/Northern Irish/British,White,,Controlled drugs,A no further action disposal,False,
Person search,2019-02-24T02:00:00+00:00,False,,51.260926,-0.573897,Male,18-24,Other ethnic group - Not stated,White,,Controlled drugs,Arrest,True,
Person search,2019-02-24T03:05:00+00:00,False,,51.215875,-0.802704,Male,10-17,White - English/Welsh/Scottish/Northern Irish/British,White,,Article for use in theft,A no further action disposal,False,
Person search,2019-02-24T04:05:00+00:00,False,,51.282516,-0.075997,Male,18-24,White - English/Welsh/Scottish/Northern Irish/British,White,,Article for use in theft,A no further action disposal,False,
Person search,2019-02-24T13:30:00+00:00,False,,51.312103,-0.622099,Male,10-17,Black/African/Caribbean/Black British - Any other Black/African/Caribbean background,Black,,Offensive weapons,Community resolution,True,
Person search,2019-02-24T16:00:00+00:00,False,,51.297443,-0.189310,Male,over 34,White - Any other White background,White,,Article for use in theft,A no further action disposal,False,
Person and Vehicle search,2019-02-24T16:35:00+00:00,False,,51.321290,-0.559067,,,Other ethnic group - Not stated,,,Anything to threaten or harm anyone,A no further action disposal,False,
Person search,2019-02-24T17:43:00+00:00,False,,51.239612,-0.167986,Male,10-17,White - English/Welsh/Scottish/Northern Irish/British,White,,Offensive weapons,A no further action disposal,False,
Person search,2019-02-24T17:45:00+00:00,False,,51.239612,-0.167986,Male,10-17,White - English/Welsh/Scottish/Northern Irish/British,White,,Offensive weapons,Arrest,True,
Person search,2019-02-24T19:30:00+00:00,False,,51.257500,-0.195910,Male,18-24,White - English/Welsh/Scottish/Northern Irish/British,White,,Controlled drugs,A no further action disposal,False,
Person search,2019-02-24T19:35:00+00:00,False,,51.257500,-0.195910,Male,18-24,White - English/Welsh/Scottish/Northern Irish/British,White,,Controlled drugs,A no further action disposal,False,
Person search,2019-02-24T20:00:00+00:00,False,,51.239503,-0.576622,Male,25-34,White - Any other White background,White,,Controlled drugs,Arrest,True,
Person search,2019-02-24T20:49:00+00:00,False,,51.310154,-0.240262,Male,18-24,Black/African/Caribbean/Black British - African,Black,,Controlled drugs,A no further action disposal,False,
Person search,2019-02-24T20:56:00+00:00,False,,51.309902,-0.240272,Male,,White - English/Welsh/Scottish/Northern Irish/British,White,,Controlled drugs,A no further action disposal,False,
Person search,2019-02-24T22:00:00+00:00,False,,51.237631,-0.186875,Male,18-24,White - English/Welsh/Scottish/Northern Irish/British,White,,Controlled drugs,A no further action disposal,False,
Person search,2019-02-25T20:12:00+00:00,False,,51.265621,-0.152675,Male,over 34,White - English/Welsh/Scottish/Northern Irish/British,White,,Controlled drugs,Community resolution,True,
Person search,2019-02-25T22:00:00+00:00,False,,51.251457,-0.164076,Male,10-17,White - English/Welsh/Scottish/Northern Irish/British,White,,Controlled drugs,A no further action disposal,False,
Person search,2019-02-25T23:41:00+00:00,False,,51.241809,-0.576207,Male,18-24,White - English/Welsh/Scottish/Northern Irish/British,White,,Article for use in theft,A no further action disposal,False,
Person search,2019-02-25T23:41:00+00:00,False,,51.241809,-0.576207,Male,18-24,White - English/Welsh/Scottish/Northern Irish/British,White,,Article for use in theft,A no further action disposal,False,
Person search,2019-02-25T23:45:00+00:00,False,,51.280287,-0.559246,Male,18-24,White - Any other White background,White,,Controlled drugs,Community resolution,True,
Person search,2019-02-25T23:50:00+00:00,False,,51.359079,-0.705675,Male,18-24,White - English/Welsh/Scottish/Northern Irish/British,White,,Controlled drugs,A no further action disposal,False,
Person search,2019-02-25T23:58:00+00:00,False,,51.359079,-0.705675,Male,18-24,White - English/Welsh/Scottish/Northern Irish/British,White,,Controlled drugs,Arrest,True,
Person search,2019-02-26T00:09:00+00:00,False,,51.359079,-0.705675,Male,18-24,White - English/Welsh/Scottish/Northern Irish/British,White,,Controlled drugs,A no further action disposal,False,
Person search,2019-02-26T00:48:00+00:00,False,,51.328041,-0.226042,Male,25-34,White - Any other White background,White,,Article for use in theft,A no further action disposal,False,
Person search,2019-02-26T01:20:00+00:00,False,,51.292901,-0.152384,Male,18-24,Black/African/Caribbean/Black British - Caribbean,White,,Article for use in theft,A no further action disposal,False,
Person search,2019-02-26T01:50:00+00:00,False,,51.240333,-0.571697,Male,over 34,Black/African/Caribbean/Black British - Any other Black/African/Caribbean background,White,,Anything to threaten or harm anyone,Penalty Notice for Disorder,False,
Person search,2019-02-26T15:27:00+00:00,False,,51.256345,-0.545090,Male,18-24,White - Any other White background,White,,Controlled drugs,Arrest,True,
Person search,2019-02-26T16:00:00+00:00,False,,51.314029,-0.737921,Male,10-17,Asian/Asian British - Any other Asian background,White,,Controlled drugs,A no further action disposal,False,
Person search,2019-02-26T17:10:00+00:00,False,,51.280158,-0.371689,Male,18-24,White - English/Welsh/Scottish/Northern Irish/British,White,,Controlled drugs,A no further action disposal,False,
Person search,2019-02-26T19:15:00+00:00,True,,51.223898,-0.168925,Male,10-17,Other ethnic group - Not stated,Asian,,Offensive weapons,A no further action disposal,False,
Person search,2019-02-26T19:15:00+00:00,True,,51.223898,-0.168925,Female,10-17,White - English/Welsh/Scottish/Northern Irish/British,White,,Offensive weapons,A no further action disposal,False,
Person search,2019-02-26T19:20:00+00:00,False,,51.223898,-0.168925,Male,10-17,Black/African/Caribbean/Black British - Any other Black/African/Caribbean background,White,,Offensive weapons,Community resolution,True,
Person search,2019-02-26T19:26:00+00:00,False,,51.223898,-0.168925,Male,10-17,Other ethnic group - Not stated,Asian,,Offensive weapons,A no further action disposal,False,
Person search,2019-02-26T19:55:00+00:00,False,,51.348290,-0.267335,Male,18-24,White - English/Welsh/Scottish/Northern Irish/British,White,,Controlled drugs,Penalty Notice for Disorder,True,
Person search,2019-02-26T21:30:00+00:00,False,,51.236008,-0.187225,Male,over 34,Mixed/Multiple ethnic groups - Any other Mixed/Multiple ethnic background,Black,,Offensive weapons,Arrest,True,
Person search,2019-02-26T21:40:00+00:00,False,,51.235710,-0.153200,Male,10-17,White - English/Welsh/Scottish/Northern Irish/British,White,,Article for use in theft,A no further action disposal,False,
Person search,2019-02-26T21:45:00+00:00,False,,51.236256,-0.186370,Male,10-17,White - English/Welsh/Scottish/Northern Irish/British,White,,Article for use in theft,A no further action disposal,False,
Person search,2019-02-26T22:30:00+00:00,False,,51.236008,-0.187225,Male,over 34,White - English/Welsh/Scottish/Northern Irish/British,White,,Controlled drugs,Caution (simple or conditional),True,
Person search,2019-02-27T00:05:00+00:00,False,,51.278253,-0.382166,Male,18-24,Other ethnic group - Not stated,White,,Controlled drugs,Khat or Cannabis warning,True,
Person search,2019-02-27T00:34:00+00:00,False,,51.446171,-0.476252,Male,18-24,Asian/Asian British - Any other Asian background,Asian,,Article for use in theft,A no further action disposal,False,
Person search,2019-02-27T02:30:00+00:00,False,,51.290775,-0.226589,Male,25-34,White - Any other White background,White,,Article for use in theft,Community resolution,False,
Person search,2019-02-27T02:41:00+00:00,False,,51.290775,-0.226589,Male,25-34,White - Any other White background,White,,Article for use in theft,A no further action disposal,False,
Person search,2019-02-27T03:50:00+00:00,False,,51.242237,-0.604274,Female,18-24,Mixed/Multiple ethnic groups - White and Black Caribbean,Black,,Controlled drugs,Khat or Cannabis warning,True,
Person search,2019-02-27T13:00:00+00:00,False,,51.381760,-0.406038,Male,18-24,Other ethnic group - Not stated,Black,,Controlled drugs,A no further action disposal,False,
Person search,2019-02-27T14:23:00+00:00,False,,51.236008,-0.187225,Male,10-17,White - English/Welsh/Scottish/Northern Irish/British,White,,Article for use in theft,A no further action disposal,False,
Person search,2019-02-27T14:23:00+00:00,False,,51.236008,-0.187225,Male,10-17,White - English/Welsh/Scottish/Northern Irish/British,White,,Article for use in theft,A no further action disposal,False,
Person search,2019-02-27T14:23:00+00:00,False,,51.236008,-0.187225,Male,18-24,White - English/Welsh/Scottish/Northern Irish/British,White,,Article for use in theft,A no further action disposal,False,
Person search,2019-02-27T14:35:00+00:00,False,,51.236008,-0.187225,Male,18-24,Black/African/Caribbean/Black British - Any other Black/African/Caribbean background,Black,,Article for use in theft,A no further action disposal,False,
Person search,2019-02-27T15:22:00+00:00,False,,51.236008,-0.187225,Male,18-24,White - English/Welsh/Scottish/Northern Irish/British,White,,Article for use in theft,A no further action disposal,False,
Person search,2019-02-27T19:30:00+00:00,False,,51.249390,-0.188963,Male,25-34,White - English/Welsh/Scottish/Northern Irish/British,White,,Offensive weapons,A no further action disposal,False,
Person search,2019-02-27T19:30:00+00:00,False,,51.249390,-0.188963,Male,25-34,White - English/Welsh/Scottish/Northern Irish/British,White,,Offensive weapons,A no further action disposal,False,
Person search,2019-02-27T21:20:00+00:00,False,,51.295041,-0.852824,Male,over 34,White - English/Welsh/Scottish/Northern Irish/British,White,,Controlled drugs,A no further action disposal,False,
Person search,2019-02-27T21:25:00+00:00,False,,51.237327,-0.189938,Female,18-24,White - English/Welsh/Scottish/Northern Irish/British,White,,Controlled drugs,A no further action disposal,False,
Person search,2019-02-27T21:25:00+00:00,False,,51.244408,-0.204188,Male,10-17,White - English/Welsh/Scottish/Northern Irish/British,White,,Controlled drugs,A no further action disposal,False,
Person search,2019-02-27T21:25:00+00:00,False,,51.236256,-0.186370,Male,18-24,White - English/Welsh/Scottish/Northern Irish/British,White,,Controlled drugs,Khat or Cannabis warning,True,
Person search,2019-02-27T21:36:00+00:00,False,,51.295041,-0.852824,Male,over 34,White - English/Welsh/Scottish/Northern Irish/British,White,,Controlled drugs,A no further action disposal,False,
Person search,2019-02-27T21:46:00+00:00,False,,51.321492,-0.560854,Male,over 34,Other ethnic group - Not stated,White,,Controlled drugs,A no further action disposal,False,
Person search,2019-02-28T00:05:00+00:00,False,,51.278253,-0.382166,Male,18-24,White - English/Welsh/Scottish/Northern Irish/British,White,,Controlled drugs,Khat or Cannabis warning,True,
Person search,2019-02-28T00:05:00+00:00,False,,51.278253,-0.382166,Male,18-24,White - English/Welsh/Scottish/Northern Irish/British,White,,Controlled drugs,Khat or Cannabis warning,True,
Person search,2019-02-28T01:15:00+00:00,False,,51.381486,-0.490587,Female,25-34,Other ethnic group - Not stated,Asian,,Controlled drugs,A no further action disposal,True,
Person search,2019-02-28T01:15:00+00:00,False,,51.381486,-0.490587,Male,over 34,Asian/Asian British - Any other Asian background,Asian,,Controlled drugs,A no further action disposal,False,
Person search,2019-02-28T01:30:00+00:00,False,,51.363858,-0.532867,Female,25-34,Asian/Asian British - Indian,Asian,,Controlled drugs,A no further action disposal,False,
Person search,2019-02-28T02:50:00+00:00,False,,51.267337,-0.575304,Male,25-34,Other ethnic group - Not stated,White,,Offensive weapons,A no further action disposal,False,
Person search,2019-02-28T09:15:00+00:00,False,,51.375422,-0.521347,Male,18-24,White - English/Welsh/Scottish/Northern Irish/British,White,,Controlled drugs,A no further action disposal,False,
Person search,2019-02-28T18:55:00+00:00,False,,51.321290,-0.559067,Female,25-34,Other ethnic group - Not stated,White,,Controlled drugs,A no further action disposal,False,
Person search,2019-02-28T19:15:00+00:00,False,,51.343176,-0.743209,Male,10-17,White - English/Welsh/Scottish/Northern Irish/British,White,,Controlled drugs,A no further action disposal,False,
Person search,2019-02-28T19:35:00+00:00,False,,51.386941,-0.422098,Male,10-17,White - English/Welsh/Scottish/Northern Irish/British,White,,Offensive weapons,A no further action disposal,False,
Person search,2019-02-28T19:50:00+00:00,False,,51.403571,-0.371652,Male,over 34,White - English/Welsh/Scottish/Northern Irish/British,White,,Stolen goods,Summons / charged by post,True,
Person search,2019-02-28T20:09:00+00:00,False,,51.335026,-0.388926,Male,18-24,White - English/Welsh/Scottish/Northern Irish/British,White,,Controlled drugs,A no further action disposal,False,
Person search,2019-02-28T20:20:00+00:00,False,,51.339196,-0.744394,Male,18-24,White - Any other White background,White,,Controlled drugs,Arrest,True,
Person search,2019-02-28T21:16:00+00:00,False,,51.241899,-0.737618,Female,over 34,White - English/Welsh/Scottish/Northern Irish/British,White,,Controlled drugs,A no further action disposal,False,
Person search,2019-02-28T21:16:00+00:00,False,,51.241899,-0.737618,Female,25-34,White - English/Welsh/Scottish/Northern Irish/British,White,,Controlled drugs,A no further action disposal,False,
Person search,2019-02-28T22:00:00+00:00,False,,51.317634,-0.307250,Male,18-24,White - English/Welsh/Scottish/Northern Irish/British,White,,Controlled drugs,A no further action disposal,False,
Person search,2019-02-28T22:00:00+00:00,False,,51.317634,-0.307250,Male,18-24,White - English/Welsh/Scottish/Northern Irish/British,White,,Controlled drugs,A no further action disposal,False,
Person search,2019-02-28T22:00:00+00:00,False,,51.317634,-0.307250,Male,25-34,White - English/Welsh/Scottish/Northern Irish/British,White,,Controlled drugs,A no further action disposal,False,
Person search,2019-02-28T22:49:00+00:00,False,,51.243559,-0.729048,Male,18-24,White - Any other White background,White,,Controlled drugs,Arrest,True,
Person search,2019-02-28T23:05:00+00:00,False,,51.317634,-0.307250,Male,18-24,White - English/Welsh/Scottish/Northern Irish/British,White,,Controlled drugs,A no further action disposal,False,
