Type,Date,Part of a policing operation,Policing operation,Latitude,Longitude,Gender,Age range,Self-defined ethnicity,Officer-defined ethnicity,Legislation,Object of search,Outcome,Outcome linked to object of search,Removal of more than just outer clothing
Person search,2019-09-01T00:55:38+00:00,,,54.872327,-1.600457,Male,25-34,White - English/Welsh/Scottish/Northern Irish/British,White,Police and Criminal Evidence Act 1984 (section 1),Article for use in theft,,True,False
Person search,2019-09-01T00:55:58+00:00,,,54.872327,-1.600457,Male,over 34,White - English/Welsh/Scottish/Northern Irish/British,White,Police and Criminal Evidence Act 1984 (section 1),Article for use in theft,,False,False
Person and Vehicle search,2019-09-01T10:36:20+00:00,,,54.547497,-1.739441,,over 34,White - English/Welsh/Scottish/Northern Irish/British,White,Misuse of Drugs Act 1971 (section 23),Controlled drugs,Arrest,False,False
Person and Vehicle search,2019-09-01T12:54:51+00:00,,,54.601614,-2.107517,Male,over 34,White - English/Welsh/Scottish/Northern Irish/British,White,Misuse of Drugs Act 1971 (section 23),Controlled drugs,Arrest,False,False
Person and Vehicle search,2019-09-01T13:30:58+00:00,,,54.640285,-1.689794,Male,18-24,White - English/Welsh/Scottish/Northern Irish/British,White,Misuse of Drugs Act 1971 (section 23),Controlled drugs,Penalty Notice for Disorder,True,False
Person and Vehicle search,2019-09-01T13:30:58+00:00,,,54.640285,-1.689794,Female,18-24,White - English/Welsh/Scottish/Northern Irish/British,White,Misuse of Drugs Act 1971 (section 23),Controlled drugs,,False,False
Person search,2019-09-01T21:30:04+00:00,,,54.838776,-1.336470,Male,over 34,White - English/Welsh/Scottish/Northern Irish/British,White,Police and Criminal Evidence Act 1984 (section 1),Article for use in theft,,False,False
Person search,2019-09-01T23:03:22+00:00,,,54.661737,-1.679679,Male,18-24,White - English/Welsh/Scottish/Northern Irish/British,White,Misuse of Drugs Act 1971 (section 23),Controlled drugs,,False,False
Person search,2019-09-01T23:04:55+00:00,,,54.662197,-1.680388,Female,18-24,White - English/Welsh/Scottish/Northern Irish/British,White,Misuse of Drugs Act 1971 (section 23),Controlled drugs,Arrest,True,False
Person search,2019-09-01T23:05:14+00:00,,,54.661737,-1.679679,Male,10-17,White - English/Welsh/Scottish/Northern Irish/British,White,Misuse of Drugs Act 1971 (section 23),Controlled drugs,,False,False
Person search,2019-09-01T23:30:33+00:00,,,54.662197,-1.680388,Female,18-24,White - English/Welsh/Scottish/Northern Irish/British,White,Misuse of Drugs Act 1971 (section 23),Controlled drugs,,False,False
Person search,2019-09-01T23:30:33+00:00,,,54.662197,-1.680388,Female,18-24,White - English/Welsh/Scottish/Northern Irish/British,White,Misuse of Drugs Act 1971 (section 23),Controlled drugs,,False,False
Person search,2019-09-02T21:00:47+00:00,,,54.520607,-1.501408,Male,10-17,White - English/Welsh/Scottish/Northern Irish/British,White,Police and Criminal Evidence Act 1984 (section 1),Article for use in theft,,True,False
Person search,2019-09-02T21:01:39+00:00,,,54.525477,-1.505552,,10-17,White - English/Welsh/Scottish/Northern Irish/British,White,Police and Criminal Evidence Act 1984 (section 1),Stolen goods,,True,False
Person search,2019-09-03T00:30:11+00:00,,,54.530420,-1.561523,Male,over 34,White - English/Welsh/Scottish/Northern Irish/British,White,Misuse of Drugs Act 1971 (section 23),Controlled drugs,,True,False
Person search,2019-09-03T21:30:00+00:00,,,54.521264,-1.554591,Male,over 34,White - English/Welsh/Scottish/Northern Irish/British,White,Misuse of Drugs Act 1971 (section 23),Controlled drugs,,True,False
Person search,2019-09-03T21:31:31+00:00,,,54.524532,-1.553737,Male,over 34,White - English/Welsh/Scottish/Northern Irish/British,White,Misuse of Drugs Act 1971 (section 23),Controlled drugs,,True,False
Person search,2019-09-04T09:10:01+00:00,,,54.762334,-1.316834,Male,over 34,White - English/Welsh/Scottish/Northern Irish/British,White,Police and Criminal Evidence Act 1984 (section 1),Offensive weapons,,False,False
Person and Vehicle search,2019-09-04T10:25:09+00:00,,,54.731230,-1.518797,,25-34,White - English/Welsh/Scottish/Northern Irish/British,White,Misuse of Drugs Act 1971 (section 23),Controlled drugs,,False,False
Person and Vehicle search,2019-09-04T14:10:27+00:00,,,54.805561,-1.644815,Female,over 34,White - English/Welsh/Scottish/Northern Irish/British,White,Misuse of Drugs Act 1971 (section 23),Controlled drugs,Arrest,True,False
Person and Vehicle search,2019-09-04T14:10:27+00:00,,,54.805561,-1.644815,Male,10-17,White - English/Welsh/Scottish/Northern Irish/British,White,Misuse of Drugs Act 1971 (section 23),Controlled drugs,,False,False
Person search,2019-09-05T15:15:23+00:00,,,54.522595,-1.559768,,18-24,Other ethnic group - Any other ethnic group,Other,Police and Criminal Evidence Act 1984 (section 1),Stolen goods,,True,False
Person search,2019-09-05T15:15:26+00:00,,,54.522595,-1.559768,,10-17,Other ethnic group - Any other ethnic group,Other,Police and Criminal Evidence Act 1984 (section 1),Stolen goods,,False,False
Person search,2019-09-05T15:17:05+00:00,,,54.522595,-1.559768,,18-24,White - Any other White background,White,Police and Criminal Evidence Act 1984 (section 1),Stolen goods,,True,False
Person and Vehicle search,2019-09-05T15:18:22+00:00,,,54.522595,-1.559768,,18-24,Other ethnic group - Any other ethnic group,Other,Police and Criminal Evidence Act 1984 (section 1),Stolen goods,,True,False
Person search,2019-09-05T15:25:33+00:00,,,54.522595,-1.559768,,18-24,Other ethnic group - Any other ethnic group,Other,Police and Criminal Evidence Act 1984 (section 1),Stolen goods,,True,False
Person search,2019-09-06T11:41:52+00:00,,,54.870562,-1.695416,Female,25-34,White - English/Welsh/Scottish/Northern Irish/British,White,Police and Criminal Evidence Act 1984 (section 1),Stolen goods,,False,False
Person search,2019-09-06T11:41:52+00:00,,,54.870562,-1.695416,Female,over 34,White - English/Welsh/Scottish/Northern Irish/British,White,Police and Criminal Evidence Act 1984 (section 1),Stolen goods,,False,False
Person search,2019-09-06T13:20:00+00:00,,,54.778313,-1.574751,Female,25-34,White - English/Welsh/Scottish/Northern Irish/British,White,Misuse of Drugs Act 1971 (section 23),Controlled drugs,,True,False
Person search,2019-09-06T18:25:59+00:00,,,54.854979,-1.585737,Male,25-34,Mixed/Multiple ethnic groups - White and Asian,Asian,Misuse of Drugs Act 1971 (section 23),Controlled drugs,Arrest,True,False
Person search,2019-09-06T18:30:00+00:00,,,54.854979,-1.585737,Male,25-34,Mixed/Multiple ethnic groups - White and Asian,Asian,Misuse of Drugs Act 1971 (section 23),Controlled drugs,Arrest,True,False
Person search,2019-09-06T20:00:00+00:00,,,54.686777,-1.624152,Male,10-17,White - English/Welsh/Scottish/Northern Irish/British,White,Police and Criminal Evidence Act 1984 (section 1),Articles for use in criminal damage,Khat or Cannabis warning,False,False
Person search,2019-09-06T20:45:49+00:00,,,54.686543,-1.624061,Male,10-17,White - English/Welsh/Scottish/Northern Irish/British,White,Police and Criminal Evidence Act 1984 (section 1),Articles for use in criminal damage,,True,False
Person search,2019-09-06T20:45:53+00:00,,,54.686543,-1.624061,Male,10-17,White - English/Welsh/Scottish/Northern Irish/British,White,Police and Criminal Evidence Act 1984 (section 1),Articles for use in criminal damage,,True,False
Person search,2019-09-06T23:30:40+00:00,,,54.525382,-1.555149,Male,18-24,Other ethnic group - Not stated,,Misuse of Drugs Act 1971 (section 23),Controlled drugs,,False,False
Person search,2019-09-06T23:40:22+00:00,,,54.524244,-1.556042,,18-24,White - English/Welsh/Scottish/Northern Irish/British,White,Misuse of Drugs Act 1971 (section 23),Controlled drugs,Community resolution,True,False
Person search,2019-09-07T00:24:22+00:00,,,54.775985,-1.574480,Male,18-24,White - English/Welsh/Scottish/Northern Irish/British,White,Misuse of Drugs Act 1971 (section 23),Controlled drugs,,True,False
Person and Vehicle search,2019-09-07T00:26:55+00:00,,,54.854979,-1.585737,Male,over 34,White - English/Welsh/Scottish/Northern Irish/British,White,Misuse of Drugs Act 1971 (section 23),Controlled drugs,,True,False
Person and Vehicle search,2019-09-07T01:57:25+00:00,,,54.887906,-1.607707,Male,18-24,White - English/Welsh/Scottish/Northern Irish/British,White,Misuse of Drugs Act 1971 (section 23),Controlled drugs,Khat or Cannabis warning,True,False
Person search,2019-09-07T19:36:24+00:00,,,54.854979,-1.585737,Male,25-34,Mixed/Multiple ethnic groups - White and Asian,Asian,Misuse of Drugs Act 1971 (section 23),Controlled drugs,,False,False
Person search,2019-09-07T23:30:57+00:00,,,54.854979,-1.585737,Male,over 34,White - English/Welsh/Scottish/Northern Irish/British,White,Misuse of Drugs Act 1971 (section 23),Controlled drugs,,True,False
Person search,2019-09-08T00:11:35+00:00,,,54.523661,-1.546531,Male,over 34,White - English/Welsh/Scottish/Northern Irish/British,White,Police and Criminal Evidence Act 1984 (section 1),Offensive weapons,,True,False
Person search,2019-09-08T13:25:00+00:00,,,54.774498,-1.570952,Male,25-34,White - English/Welsh/Scottish/Northern Irish/British,White,Misuse of Drugs Act 1971 (section 23),Controlled drugs,Summons / charged by post,True,True
Person search,2019-09-08T22:00:49+00:00,,,54.698677,-1.651924,Male,10-17,White - English/Welsh/Scottish/Northern Irish/British,White,Police and Criminal Evidence Act 1984 (section 1),Article for use in theft,,False,False
Person search,2019-09-08T22:00:49+00:00,,,54.698677,-1.651924,Male,10-17,White - English/Welsh/Scottish/Northern Irish/British,White,Police and Criminal Evidence Act 1984 (section 1),Article for use in theft,,False,False
Person search,2019-09-08T22:01:20+00:00,,,54.698677,-1.651924,Male,10-17,White - English/Welsh/Scottish/Northern Irish/British,White,Police and Criminal Evidence Act 1984 (section 1),Article for use in theft,,True,False
Person search,2019-09-08T22:01:20+00:00,,,54.698677,-1.651924,Male,10-17,White - English/Welsh/Scottish/Northern Irish/British,White,Police and Criminal Evidence Act 1984 (section 1),Article for use in theft,,True,False
Person and Vehicle search,2019-09-08T22:04:00+00:00,,,54.561296,-1.570547,Male,over 34,White - English/Welsh/Scottish/Northern Irish/British,White,Misuse of Drugs Act 1971 (section 23),Controlled drugs,,True,False
Person and Vehicle search,2019-09-09T01:00:00+00:00,,,54.778700,-1.567207,Female,18-24,White - English/Welsh/Scottish/Northern Irish/British,White,Misuse of Drugs Act 1971 (section 23),Controlled drugs,Khat or Cannabis warning,True,False
Person search,2019-09-09T10:00:00+00:00,,,54.777760,-1.581178,Male,over 34,White - English/Welsh/Scottish/Northern Irish/British,White,Misuse of Drugs Act 1971 (section 23),Controlled drugs,,True,False
Person search,2019-09-09T14:45:00+00:00,,,54.775463,-1.576942,,10-17,White - English/Welsh/Scottish/Northern Irish/British,White,Misuse of Drugs Act 1971 (section 23),Controlled drugs,,False,False
Person search,2019-09-09T14:45:00+00:00,,,54.775463,-1.576942,Male,10-17,White - English/Welsh/Scottish/Northern Irish/British,White,Misuse of Drugs Act 1971 (section 23),Controlled drugs,Summons / charged by post,True,False
Person search,2019-09-10T09:00:00+00:00,,,54.777626,-1.576049,Male,over 34,White - English/Welsh/Scottish/Northern Irish/British,White,Misuse of Drugs Act 1971 (section 23),Controlled drugs,,False,False
Person search,2019-09-10T09:00:00+00:00,,,54.777626,-1.576049,Male,25-34,White - English/Welsh/Scottish/Northern Irish/British,White,Misuse of Drugs Act 1971 (section 23),Controlled drugs,,False,False
Person search,2019-09-10T09:00:00+00:00,,,54.777626,-1.576049,Male,18-24,White - English/Welsh/Scottish/Northern Irish/British,White,Misuse of Drugs Act 1971 (section 23),Controlled drugs,,False,False
Person search,2019-09-10T09:00:00+00:00,,,54.777626,-1.576049,Male,over 34,White - English/Welsh/Scottish/Northern Irish/British,White,Misuse of Drugs Act 1971 (section 23),Controlled drugs,,True,False
Person search,2019-09-10T16:47:48+00:00,,,54.525382,-1.555149,Male,18-24,White - English/Welsh/Scottish/Northern Irish/British,White,Police and Criminal Evidence Act 1984 (section 1),Offensive weapons,,False,False
Person and Vehicle search,2019-09-10T20:08:46+00:00,,,54.562288,-1.546892,,18-24,White - English/Welsh/Scottish/Northern Irish/British,White,Misuse of Drugs Act 1971 (section 23),Controlled drugs,Community resolution,False,False
Person and Vehicle search,2019-09-10T20:24:08+00:00,,,54.532054,-1.573481,Male,18-24,White - English/Welsh/Scottish/Northern Irish/British,White,Misuse of Drugs Act 1971 (section 23),Controlled drugs,,True,False
Person search,2019-09-11T14:32:55+00:00,,,54.542374,-1.554362,Male,over 34,White - English/Welsh/Scottish/Northern Irish/British,White,Police and Criminal Evidence Act 1984 (section 1),Offensive weapons,,False,False
Person search,2019-09-12T00:10:35+00:00,,,54.543073,-1.514165,,10-17,White - English/Welsh/Scottish/Northern Irish/British,White,Police and Criminal Evidence Act 1984 (section 1),Article for use in theft,,False,False
Person search,2019-09-12T00:10:35+00:00,,,54.543073,-1.514165,,10-17,White - English/Welsh/Scottish/Northern Irish/British,White,Police and Criminal Evidence Act 1984 (section 1),Article for use in theft,,False,False
Person search,2019-09-12T02:35:06+00:00,,,54.710329,-1.690502,Male,18-24,White - English/Welsh/Scottish/Northern Irish/British,White,Police and Criminal Evidence Act 1984 (section 1),Article for use in theft,,True,False
Person search,2019-09-12T10:50:44+00:00,,,54.776390,-1.579902,Male,over 34,White - English/Welsh/Scottish/Northern Irish/British,White,Police and Criminal Evidence Act 1984 (section 1),Stolen goods,Arrest,True,False
Person search,2019-09-12T11:20:05+00:00,,,54.777646,-1.581817,Male,25-34,White - English/Welsh/Scottish/Northern Irish/British,White,Misuse of Drugs Act 1971 (section 23),Controlled drugs,Arrest,True,True
Person search,2019-09-12T12:00:00+00:00,,,54.526811,-1.555164,Male,over 34,White - English/Welsh/Scottish/Northern Irish/British,White,Police and Criminal Evidence Act 1984 (section 1),Stolen goods,,True,False
Person and Vehicle search,2019-09-12T15:30:03+00:00,,,54.793026,-1.596262,Male,over 34,White - English/Welsh/Scottish/Northern Irish/British,White,Misuse of Drugs Act 1971 (section 23),Controlled drugs,Arrest,False,False
Person and Vehicle search,2019-09-13T12:00:00+00:00,,,54.617154,-1.557122,Male,over 34,White - English/Welsh/Scottish/Northern Irish/British,White,Misuse of Drugs Act 1971 (section 23),Controlled drugs,,True,False
Person and Vehicle search,2019-09-13T16:50:00+00:00,,,54.549248,-1.587107,,18-24,White - English/Welsh/Scottish/Northern Irish/British,White,Misuse of Drugs Act 1971 (section 23),Controlled drugs,Arrest,False,False
Person and Vehicle search,2019-09-13T20:31:31+00:00,,,54.855289,-1.581964,Male,over 34,White - English/Welsh/Scottish/Northern Irish/British,White,Misuse of Drugs Act 1971 (section 23),Controlled drugs,,True,False
Person and Vehicle search,2019-09-13T20:45:47+00:00,,,54.531217,-1.555843,Male,18-24,White - English/Welsh/Scottish/Northern Irish/British,White,Misuse of Drugs Act 1971 (section 23),Controlled drugs,Arrest,True,False
Person and Vehicle search,2019-09-14T02:45:59+00:00,,,54.711570,-1.587944,Male,25-34,White - English/Welsh/Scottish/Northern Irish/British,White,Misuse of Drugs Act 1971 (section 23),Controlled drugs,Khat or Cannabis warning,True,False
Person and Vehicle search,2019-09-14T08:49:00+00:00,,,54.535588,-1.549305,Male,25-34,White - English/Welsh/Scottish/Northern Irish/British,White,Misuse of Drugs Act 1971 (section 23),Controlled drugs,,True,False
Person search,2019-09-14T12:10:00+00:00,,,54.777236,-1.575167,Male,25-34,White - English/Welsh/Scottish/Northern Irish/British,White,Police and Criminal Evidence Act 1984 (section 1),Stolen goods,Arrest,True,False
Person and Vehicle search,2019-09-14T20:10:58+00:00,,,54.821120,-1.742649,Male,18-24,White - English/Welsh/Scottish/Northern Irish/British,White,Misuse of Drugs Act 1971 (section 23),Controlled drugs,,False,False
Person and Vehicle search,2019-09-14T20:10:58+00:00,,,54.821120,-1.742649,,18-24,White - English/Welsh/Scottish/Northern Irish/British,White,Misuse of Drugs Act 1971 (section 23),Controlled drugs,,False,False
Person and Vehicle search,2019-09-14T20:10:58+00:00,,,54.821120,-1.742649,Male,18-24,White - English/Welsh/Scottish/Northern Irish/British,White,Misuse of Drugs Act 1971 (section 23),Controlled drugs,,False,False
Person and Vehicle search,2019-09-14T23:50:00+00:00,,,54.715477,-1.995544,,18-24,White - English/Welsh/Scottish/Northern Irish/British,White,Poaching Prevention Act 1862 (section 2),Game or poaching equipment,Community resolution,True,False
Person and Vehicle search,2019-09-14T23:50:00+00:00,,,54.715477,-1.995544,Male,18-24,White - English/Welsh/Scottish/Northern Irish/British,White,Poaching Prevention Act 1862 (section 2),Game or poaching equipment,Community resolution,True,False
Person and Vehicle search,2019-09-14T23:50:00+00:00,,,54.715477,-1.995544,,18-24,White - English/Welsh/Scottish/Northern Irish/British,White,Poaching Prevention Act 1862 (section 2),Game or poaching equipment,Community resolution,True,False
Person and Vehicle search,2019-09-15T15:45:00+00:00,,,54.660695,-1.626423,Male,over 34,Black/African/Caribbean/Black British - Caribbean,Black,Misuse of Drugs Act 1971 (section 23),Controlled drugs,,False,False
Person search,2019-09-16T08:35:58+00:00,,,54.865416,-1.686107,Male,25-34,White - English/Welsh/Scottish/Northern Irish/British,White,Police and Criminal Evidence Act 1984 (section 1),Offensive weapons,,True,False
Person and Vehicle search,2019-09-16T13:30:22+00:00,,,54.681283,-1.731606,,10-17,White - English/Welsh/Scottish/Northern Irish/British,White,Misuse of Drugs Act 1971 (section 23),Controlled drugs,,True,False
Person and Vehicle search,2019-09-16T13:30:22+00:00,,,54.681283,-1.731606,,10-17,White - English/Welsh/Scottish/Northern Irish/British,White,Misuse of Drugs Act 1971 (section 23),Controlled drugs,Arrest,True,False
Person search,2019-09-16T18:20:00+00:00,,,54.785317,-1.338620,Male,25-34,White - English/Welsh/Scottish/Northern Irish/British,White,Police and Criminal Evidence Act 1984 (section 1),Offensive weapons,Arrest,True,False
Person and Vehicle search,2019-09-16T20:25:20+00:00,,,54.753428,-1.632205,Male,over 34,White - English/Welsh/Scottish/Northern Irish/British,White,Misuse of Drugs Act 1971 (section 23),Controlled drugs,Caution (simple or conditional),True,False
Person and Vehicle search,2019-09-17T07:00:00+00:00,,,54.651316,-1.552846,,25-34,White - English/Welsh/Scottish/Northern Irish/British,White,Misuse of Drugs Act 1971 (section 23),Controlled drugs,Khat or Cannabis warning,True,False
Person and Vehicle search,2019-09-17T14:30:00+00:00,,,54.660577,-1.653056,Male,25-34,White - English/Welsh/Scottish/Northern Irish/British,White,Misuse of Drugs Act 1971 (section 23),Controlled drugs,Arrest,False,False
Person and Vehicle search,2019-09-17T14:30:00+00:00,,,54.660577,-1.653056,Male,18-24,White - English/Welsh/Scottish/Northern Irish/British,White,Misuse of Drugs Act 1971 (section 23),Controlled drugs,,True,False
Person search,2019-09-17T17:30:07+00:00,,,54.788890,-1.592928,Male,25-34,White - Any other White background,White,Misuse of Drugs Act 1971 (section 23),Controlled drugs,,True,False
Person and Vehicle search,2019-09-17T21:33:12+00:00,,,54.748075,-1.289048,Male,over 34,White - English/Welsh/Scottish/Northern Irish/British,White,Misuse of Drugs Act 1971 (section 23),Controlled drugs,,False,False
Person and Vehicle search,2019-09-17T21:35:32+00:00,,,54.640475,-1.719619,Male,10-17,White - English/Welsh/Scottish/Northern Irish/British,White,Misuse of Drugs Act 1971 (section 23),Controlled drugs,,False,False
Person search,2019-09-17T23:30:51+00:00,,,54.540756,-1.576976,Male,over 34,White - English/Welsh/Scottish/Northern Irish/British,White,Police and Criminal Evidence Act 1984 (section 1),Stolen goods,,False,False
Person search,2019-09-18T00:20:00+00:00,,,54.530654,-1.574129,Male,over 34,White - English/Welsh/Scottish/Northern Irish/British,White,Police and Criminal Evidence Act 1984 (section 1),Article for use in theft,,True,False
Person search,2019-09-18T02:00:00+00:00,,,54.534451,-1.577969,Male,25-34,White - English/Welsh/Scottish/Northern Irish/British,White,Police and Criminal Evidence Act 1984 (section 1),Stolen goods,,True,False
Person search,2019-09-18T02:15:13+00:00,,,54.534857,-1.578413,Male,18-24,White - English/Welsh/Scottish/Northern Irish/British,White,Police and Criminal Evidence Act 1984 (section 1),Article for use in theft,,True,False
Person search,2019-09-18T02:34:41+00:00,,,54.786933,-1.323697,Male,25-34,White - English/Welsh/Scottish/Northern Irish/British,White,Police and Criminal Evidence Act 1984 (section 1),Article for use in theft,,False,False
Person and Vehicle search,2019-09-18T03:00:00+00:00,,,54.760850,-1.380232,Female,18-24,White - English/Welsh/Scottish/Northern Irish/British,White,Misuse of Drugs Act 1971 (section 23),Controlled drugs,,True,False
Person and Vehicle search,2019-09-18T03:59:30+00:00,,,54.788116,-1.329524,Male,18-24,White - English/Welsh/Scottish/Northern Irish/British,White,Misuse of Drugs Act 1971 (section 23),Controlled drugs,,True,False
Person and Vehicle search,2019-09-18T15:45:25+00:00,,,54.664861,-1.671530,Male,25-34,White - English/Welsh/Scottish/Northern Irish/British,White,Misuse of Drugs Act 1971 (section 23),Controlled drugs,Penalty Notice for Disorder,True,False
Person search,2019-09-18T17:00:06+00:00,,,54.702066,-1.591765,,10-17,White - English/Welsh/Scottish/Northern Irish/British,White,Police and Criminal Evidence Act 1984 (section 1),Articles for use in criminal damage,Community resolution,False,False
Person search,2019-09-18T17:00:06+00:00,,,54.702066,-1.591765,Male,10-17,White - English/Welsh/Scottish/Northern Irish/British,White,Police and Criminal Evidence Act 1984 (section 1),Articles for use in criminal damage,Community resolution,False,False
Person search,2019-09-18T17:00:58+00:00,,,54.702066,-1.591765,,10-17,White - English/Welsh/Scottish/Northern Irish/British,White,Police and Criminal Evidence Act 1984 (section 1),Articles for use in criminal damage,Community resolution,True,False
Person search,2019-09-18T17:00:58+00:00,,,54.702066,-1.591765,Male,10-17,White - English/Welsh/Scottish/Northern Irish/British,White,Police and Criminal Evidence Act 1984 (section 1),Articles for use in criminal damage,Community resolution,True,False
Person and Vehicle search,2019-09-18T21:45:00+00:00,,,54.842258,-1.818191,Male,over 34,White - English/Welsh/Scottish/Northern Irish/British,White,Misuse of Drugs Act 1971 (section 23),Controlled drugs,,False,False
Person search,2019-09-19T12:15:11+00:00,,,54.689936,-1.553926,Female,over 34,White - English/Welsh/Scottish/Northern Irish/British,White,Police and Criminal Evidence Act 1984 (section 1),Stolen goods,Khat or Cannabis warning,False,False
Person search,2019-09-19T12:20:42+00:00,,,54.641240,-1.690732,Female,over 34,White - English/Welsh/Scottish/Northern Irish/British,White,Police and Criminal Evidence Act 1984 (section 1),Stolen goods,,False,False
Person search,2019-09-19T16:25:00+00:00,,,54.777430,-1.581726,Male,25-34,White - English/Welsh/Scottish/Northern Irish/British,White,Misuse of Drugs Act 1971 (section 23),Controlled drugs,,False,False
Person search,2019-09-19T16:44:48+00:00,,,54.777760,-1.581178,Male,18-24,White - English/Welsh/Scottish/Northern Irish/British,White,Misuse of Drugs Act 1971 (section 23),Controlled drugs,,False,False
Person search,2019-09-19T16:44:48+00:00,,,54.777760,-1.581178,Male,25-34,White - Any other White background,White,Misuse of Drugs Act 1971 (section 23),Controlled drugs,Community resolution,True,False
Person search,2019-09-19T18:08:41+00:00,,,54.657464,-1.677930,Male,25-34,White - English/Welsh/Scottish/Northern Irish/British,White,Police and Criminal Evidence Act 1984 (section 1),Stolen goods,,True,False
Person and Vehicle search,2019-09-20T01:10:45+00:00,,,54.806285,-1.655995,Male,25-34,White - Any other White background,White,Misuse of Drugs Act 1971 (section 23),Controlled drugs,Arrest,False,False
Person and Vehicle search,2019-09-20T01:10:45+00:00,,,54.806285,-1.655995,Male,25-34,White - English/Welsh/Scottish/Northern Irish/British,White,Misuse of Drugs Act 1971 (section 23),Controlled drugs,Penalty Notice for Disorder,True,False
Person search,2019-09-20T12:10:00+00:00,,,54.688236,-1.563516,Female,over 34,White - English/Welsh/Scottish/Northern Irish/British,White,Misuse of Drugs Act 1971 (section 23),Controlled drugs,,False,False
Person search,2019-09-20T12:10:05+00:00,,,54.688236,-1.563516,Male,over 34,White - English/Welsh/Scottish/Northern Irish/British,White,Misuse of Drugs Act 1971 (section 23),Controlled drugs,,False,False
Person search,2019-09-20T20:00:00+00:00,,,54.841654,-1.365463,Male,10-17,White - English/Welsh/Scottish/Northern Irish/British,White,Misuse of Drugs Act 1971 (section 23),Controlled drugs,,True,False
Person search,2019-09-20T20:00:00+00:00,,,54.841654,-1.365463,Male,10-17,White - English/Welsh/Scottish/Northern Irish/British,White,Misuse of Drugs Act 1971 (section 23),Controlled drugs,,True,False
Person search,2019-09-20T20:12:24+00:00,,,54.777475,-1.579222,Male,25-34,White - English/Welsh/Scottish/Northern Irish/British,White,Police and Criminal Evidence Act 1984 (section 1),Offensive weapons,,True,False
Person search,2019-09-20T23:07:50+00:00,,,54.761409,-1.315249,Male,25-34,White - English/Welsh/Scottish/Northern Irish/British,White,Misuse of Drugs Act 1971 (section 23),Controlled drugs,Arrest,False,False
Person search,2019-09-20T23:25:47+00:00,,,54.525683,-1.556382,Male,18-24,White - English/Welsh/Scottish/Northern Irish/British,White,Misuse of Drugs Act 1971 (section 23),Controlled drugs,,True,False
Person search,2019-09-20T23:30:12+00:00,,,54.525382,-1.555149,Male,18-24,White - English/Welsh/Scottish/Northern Irish/British,White,Misuse of Drugs Act 1971 (section 23),Controlled drugs,Arrest,True,False
Person search,2019-09-20T23:30:57+00:00,,,54.525382,-1.555149,Male,18-24,White - English/Welsh/Scottish/Northern Irish/British,White,Misuse of Drugs Act 1971 (section 23),Controlled drugs,Arrest,True,False
Person search,2019-09-20T23:30:59+00:00,,,54.525382,-1.555149,Male,18-24,White - English/Welsh/Scottish/Northern Irish/British,White,Misuse of Drugs Act 1971 (section 23),Controlled drugs,Arrest,True,False
Person search,2019-09-21T00:06:41+00:00,,,54.523532,-1.555571,Male,18-24,White - English/Welsh/Scottish/Northern Irish/British,White,Misuse of Drugs Act 1971 (section 23),Controlled drugs,Caution (simple or conditional),True,False
Person search,2019-09-21T00:17:52+00:00,,,54.523532,-1.555571,Male,18-24,White - English/Welsh/Scottish/Northern Irish/British,White,Misuse of Drugs Act 1971 (section 23),Controlled drugs,,False,False
Person search,2019-09-21T00:19:42+00:00,,,54.523532,-1.555571,Male,18-24,White - English/Welsh/Scottish/Northern Irish/British,White,Misuse of Drugs Act 1971 (section 23),Controlled drugs,,False,False
Person search,2019-09-21T00:20:32+00:00,,,54.523532,-1.555571,Male,25-34,White - English/Welsh/Scottish/Northern Irish/British,White,Misuse of Drugs Act 1971 (section 23),Controlled drugs,,True,False
Person search,2019-09-21T00:20:53+00:00,,,54.523532,-1.555571,Male,18-24,White - English/Welsh/Scottish/Northern Irish/British,White,Misuse of Drugs Act 1971 (section 23),Controlled drugs,,True,False
Person search,2019-09-21T00:30:20+00:00,,,54.523532,-1.555571,Male,18-24,White - English/Welsh/Scottish/Northern Irish/British,White,Misuse of Drugs Act 1971 (section 23),Controlled drugs,Summons / charged by post,True,False
Person search,2019-09-21T01:55:09+00:00,,,54.635852,-1.655590,Male,over 34,White - English/Welsh/Scottish/Northern Irish/British,White,Police and Criminal Evidence Act 1984 (section 1),Stolen goods,,True,False
Person search,2019-09-21T05:52:35+00:00,,,54.850723,-1.830628,Male,18-24,White - English/Welsh/Scottish/Northern Irish/British,White,Police and Criminal Evidence Act 1984 (section 1),Stolen goods,Arrest,False,False
Person and Vehicle search,2019-09-21T11:00:07+00:00,,,54.750559,-1.622645,Male,over 34,White - English/Welsh/Scottish/Northern Irish/British,White,Misuse of Drugs Act 1971 (section 23),Controlled drugs,,False,False
Person search,2019-09-21T20:44:45+00:00,,,54.524532,-1.553737,Male,over 34,White - Irish,White,Misuse of Drugs Act 1971 (section 23),Controlled drugs,Khat or Cannabis warning,True,False
Person and Vehicle search,2019-09-21T22:30:37+00:00,,,54.516301,-1.541948,,25-34,White - English/Welsh/Scottish/Northern Irish/British,White,Misuse of Drugs Act 1971 (section 23),Controlled drugs,,True,False
Person and Vehicle search,2019-09-21T22:30:37+00:00,,,54.516301,-1.541948,,18-24,White - English/Welsh/Scottish/Northern Irish/British,,Misuse of Drugs Act 1971 (section 23),Controlled drugs,Arrest,True,False
Person and Vehicle search,2019-09-22T02:00:00+00:00,,,54.759653,-1.581256,Male,25-34,White - English/Welsh/Scottish/Northern Irish/British,White,Police and Criminal Evidence Act 1984 (section 1),Stolen goods,,True,False
Person and Vehicle search,2019-09-22T02:00:00+00:00,,,54.759653,-1.581256,Male,25-34,White - English/Welsh/Scottish/Northern Irish/British,White,Police and Criminal Evidence Act 1984 (section 1),Stolen goods,,True,False
Person and Vehicle search,2019-09-22T06:50:00+00:00,,,54.833962,-1.882399,Male,over 34,White - English/Welsh/Scottish/Northern Irish/British,White,Misuse of Drugs Act 1971 (section 23),Controlled drugs,Arrest,True,False
Person and Vehicle search,2019-09-22T06:50:00+00:00,,,54.833962,-1.882399,Male,25-34,White - English/Welsh/Scottish/Northern Irish/British,White,Misuse of Drugs Act 1971 (section 23),Controlled drugs,,False,False
Person search,2019-09-22T14:15:00+00:00,,,54.537621,-1.521757,Male,18-24,White - English/Welsh/Scottish/Northern Irish/British,White,Misuse of Drugs Act 1971 (section 23),Controlled drugs,Khat or Cannabis warning,True,False
Person search,2019-09-23T10:20:00+00:00,,,54.776390,-1.579902,Male,over 34,White - English/Welsh/Scottish/Northern Irish/British,White,Misuse of Drugs Act 1971 (section 23),Controlled drugs,,False,False
Person search,2019-09-23T10:20:00+00:00,,,54.776390,-1.579902,Male,over 34,White - English/Welsh/Scottish/Northern Irish/British,White,Misuse of Drugs Act 1971 (section 23),Controlled drugs,,False,False
Person search,2019-09-23T13:34:00+00:00,,,54.777236,-1.575167,Male,18-24,White - English/Welsh/Scottish/Northern Irish/British,White,Misuse of Drugs Act 1971 (section 23),Controlled drugs,Summons / charged by post,True,False
Person and Vehicle search,2019-09-23T16:45:19+00:00,,,54.752867,-1.622297,Male,18-24,White - English/Welsh/Scottish/Northern Irish/British,White,Misuse of Drugs Act 1971 (section 23),Controlled drugs,,False,False
Person search,2019-09-24T16:20:14+00:00,,,54.873559,-1.608859,Male,over 34,White - English/Welsh/Scottish/Northern Irish/British,White,Police and Criminal Evidence Act 1984 (section 1),Article for use in theft,,False,False
Person search,2019-09-24T16:20:47+00:00,,,54.873559,-1.608859,Male,over 34,White - English/Welsh/Scottish/Northern Irish/British,White,Police and Criminal Evidence Act 1984 (section 1),Article for use in theft,,False,False
Person search,2019-09-24T20:00:24+00:00,,,54.845220,-1.815670,Male,over 34,White - English/Welsh/Scottish/Northern Irish/British,White,Police and Criminal Evidence Act 1984 (section 1),Article for use in theft,,False,False
Person search,2019-09-25T02:17:20+00:00,,,54.535790,-1.560352,Male,over 34,White - English/Welsh/Scottish/Northern Irish/British,White,Police and Criminal Evidence Act 1984 (section 1),Stolen goods,,False,False
Person search,2019-09-25T12:00:00+00:00,,,54.777475,-1.579222,Male,over 34,White - English/Welsh/Scottish/Northern Irish/British,White,Misuse of Drugs Act 1971 (section 23),Controlled drugs,Arrest,True,False
Person search,2019-09-25T12:00:00+00:00,,,54.777475,-1.579222,Female,18-24,White - English/Welsh/Scottish/Northern Irish/British,White,Misuse of Drugs Act 1971 (section 23),Controlled drugs,,False,False
Person search,2019-09-25T12:10:04+00:00,,,54.777760,-1.581178,Female,18-24,White - English/Welsh/Scottish/Northern Irish/British,White,Misuse of Drugs Act 1971 (section 23),Controlled drugs,,False,False
Person search,2019-09-25T15:20:29+00:00,,,54.523390,-1.553579,Male,10-17,White - English/Welsh/Scottish/Northern Irish/British,White,Police and Criminal Evidence Act 1984 (section 1),Offensive weapons,,True,False
Person search,2019-09-25T16:05:38+00:00,,,54.777430,-1.581726,Male,over 34,White - English/Welsh/Scottish/Northern Irish/British,White,Police and Criminal Evidence Act 1984 (section 1),Stolen goods,,True,False
Person search,2019-09-25T18:02:43+00:00,,,54.856001,-1.519292,Male,10-17,White - English/Welsh/Scottish/Northern Irish/British,White,Police and Criminal Evidence Act 1984 (section 1),Article for use in theft,,True,False
Person search,2019-09-25T18:02:43+00:00,,,54.856001,-1.519292,Male,10-17,White - English/Welsh/Scottish/Northern Irish/British,White,Police and Criminal Evidence Act 1984 (section 1),Article for use in theft,,True,False
Person search,2019-09-25T21:50:03+00:00,,,54.533205,-1.553874,Male,18-24,White - English/Welsh/Scottish/Northern Irish/British,White,Misuse of Drugs Act 1971 (section 23),Controlled drugs,,True,False
Person search,2019-09-26T09:10:45+00:00,,,54.777430,-1.581726,Male,over 34,White - English/Welsh/Scottish/Northern Irish/British,White,Misuse of Drugs Act 1971 (section 23),Controlled drugs,,True,False
Person search,2019-09-26T11:25:54+00:00,,,54.640808,-1.683531,Male,over 34,White - English/Welsh/Scottish/Northern Irish/British,White,Police and Criminal Evidence Act 1984 (section 1),Article for use in theft,Summons / charged by post,True,False
Person search,2019-09-26T17:29:54+00:00,,,54.868491,-1.701041,Male,over 34,White - English/Welsh/Scottish/Northern Irish/British,White,Police and Criminal Evidence Act 1984 (section 1),Stolen goods,Community resolution,True,False
Person search,2019-09-27T10:10:25+00:00,,,54.531760,-1.556687,Male,over 34,White - English/Welsh/Scottish/Northern Irish/British,White,Misuse of Drugs Act 1971 (section 23),Controlled drugs,Arrest,False,False
Person and Vehicle search,2019-09-27T10:17:57+00:00,,,54.712278,-1.672746,Male,25-34,White - English/Welsh/Scottish/Northern Irish/British,White,Misuse of Drugs Act 1971 (section 23),Controlled drugs,Arrest,False,False
Person and Vehicle search,2019-09-27T10:17:57+00:00,,,54.712278,-1.672746,Male,25-34,White - English/Welsh/Scottish/Northern Irish/British,White,Misuse of Drugs Act 1971 (section 23),Controlled drugs,,False,False
Person search,2019-09-27T13:10:00+00:00,,,54.775991,-1.578818,Male,25-34,White - English/Welsh/Scottish/Northern Irish/British,White,Misuse of Drugs Act 1971 (section 23),Controlled drugs,,False,False
Person search,2019-09-27T13:10:00+00:00,,,54.775991,-1.578818,Male,over 34,White - English/Welsh/Scottish/Northern Irish/British,White,Misuse of Drugs Act 1971 (section 23),Controlled drugs,,False,False
Person and Vehicle search,2019-09-27T14:46:58+00:00,,,54.543458,-1.581060,,18-24,White - English/Welsh/Scottish/Northern Irish/British,White,Misuse of Drugs Act 1971 (section 23),Controlled drugs,Arrest,False,False
Person and Vehicle search,2019-09-27T19:00:00+00:00,,,54.612882,-1.810697,Female,25-34,White - English/Welsh/Scottish/Northern Irish/British,White,Misuse of Drugs Act 1971 (section 23),Controlled drugs,,True,False
Person and Vehicle search,2019-09-27T19:00:00+00:00,,,54.612882,-1.810697,Male,25-34,White - English/Welsh/Scottish/Northern Irish/British,White,Misuse of Drugs Act 1971 (section 23),Controlled drugs,,True,False
Person search,2019-09-27T20:23:31+00:00,,,54.524532,-1.553737,Male,over 34,White - English/Welsh/Scottish/Northern Irish/British,White,Misuse of Drugs Act 1971 (section 23),Controlled drugs,Community resolution,True,False
Person search,2019-09-28T00:25:30+00:00,,,54.778313,-1.574751,Male,10-17,Mixed/Multiple ethnic groups - Any other Mixed/Multiple ethnic background,Black,Misuse of Drugs Act 1971 (section 23),Controlled drugs,Community resolution,True,False
Person search,2019-09-28T00:33:59+00:00,,,54.525382,-1.555149,Female,10-17,White - English/Welsh/Scottish/Northern Irish/British,White,Police and Criminal Evidence Act 1984 (section 1),Stolen goods,Arrest,True,False
Person search,2019-09-28T03:17:25+00:00,,,54.523532,-1.555571,,18-24,Other ethnic group - Not stated,Black,Misuse of Drugs Act 1971 (section 23),Controlled drugs,,True,False
Person and Vehicle search,2019-09-28T15:00:35+00:00,,,54.867720,-1.697837,Male,25-34,White - English/Welsh/Scottish/Northern Irish/British,White,Misuse of Drugs Act 1971 (section 23),Controlled drugs,,False,False
Person search,2019-09-28T16:44:13+00:00,,,54.721187,-1.508546,Female,10-17,White - English/Welsh/Scottish/Northern Irish/British,White,Police and Criminal Evidence Act 1984 (section 1),Offensive weapons,,True,False
Person search,2019-09-28T16:48:28+00:00,,,54.721187,-1.508546,Female,10-17,White - English/Welsh/Scottish/Northern Irish/British,White,Police and Criminal Evidence Act 1984 (section 1),Offensive weapons,,True,False
Person search,2019-09-28T16:50:20+00:00,,,54.721187,-1.508546,,10-17,White - English/Welsh/Scottish/Northern Irish/British,White,Police and Criminal Evidence Act 1984 (section 1),Offensive weapons,,True,False
Person search,2019-09-28T17:20:23+00:00,,,54.535934,-1.557801,Male,25-34,White - English/Welsh/Scottish/Northern Irish/British,White,Misuse of Drugs Act 1971 (section 23),Controlled drugs,Summons / charged by post,True,False
Person search,2019-09-28T17:30:23+00:00,,,54.754182,-1.390822,Male,25-34,White - English/Welsh/Scottish/Northern Irish/British,White,Police and Criminal Evidence Act 1984 (section 1),Offensive weapons,,False,False
Person and Vehicle search,2019-09-28T19:00:00+00:00,,,54.650186,-1.674981,Male,25-34,White - English/Welsh/Scottish/Northern Irish/British,White,Misuse of Drugs Act 1971 (section 23),Controlled drugs,Arrest,False,False
Person search,2019-09-28T22:00:28+00:00,,,54.531901,-1.560889,Male,18-24,White - English/Welsh/Scottish/Northern Irish/British,White,Misuse of Drugs Act 1971 (section 23),Controlled drugs,,True,False
Person search,2019-09-28T22:00:28+00:00,,,54.531901,-1.560889,Male,25-34,White - English/Welsh/Scottish/Northern Irish/British,White,Misuse of Drugs Act 1971 (section 23),Controlled drugs,,True,False
Person search,2019-09-29T00:32:33+00:00,,,54.528737,-1.563209,Male,over 34,White - English/Welsh/Scottish/Northern Irish/British,White,Police and Criminal Evidence Act 1984 (section 1),Article for use in theft,,True,False
Person and Vehicle search,2019-09-29T09:15:57+00:00,,,54.646604,-1.679953,Male,18-24,White - English/Welsh/Scottish/Northern Irish/British,White,Police and Criminal Evidence Act 1984 (section 1),Offensive weapons,,False,False
Person and Vehicle search,2019-09-29T10:30:50+00:00,,,54.646435,-1.687578,,over 34,White - English/Welsh/Scottish/Northern Irish/British,White,Misuse of Drugs Act 1971 (section 23),Controlled drugs,,False,False
Person and Vehicle search,2019-09-29T14:15:43+00:00,,,54.570376,-1.608858,Male,25-34,White - English/Welsh/Scottish/Northern Irish/British,White,Misuse of Drugs Act 1971 (section 23),Controlled drugs,,False,False
Person and Vehicle search,2019-09-29T14:15:43+00:00,,,54.570376,-1.608858,Male,18-24,White - English/Welsh/Scottish/Northern Irish/British,White,Misuse of Drugs Act 1971 (section 23),Controlled drugs,,False,False
Person and Vehicle search,2019-09-29T14:15:43+00:00,,,54.570376,-1.608858,Male,18-24,White - English/Welsh/Scottish/Northern Irish/British,White,Misuse of Drugs Act 1971 (section 23),Controlled drugs,Arrest,False,False
Person search,2019-09-29T18:31:47+00:00,,,54.872149,-1.697368,Male,over 34,White - English/Welsh/Scottish/Northern Irish/British,White,Police and Criminal Evidence Act 1984 (section 1),Offensive weapons,Arrest,True,False
Person and Vehicle search,2019-09-29T20:00:53+00:00,,,54.537160,-1.523400,Male,25-34,Asian/Asian British - Bangladeshi,Asian,Misuse of Drugs Act 1971 (section 23),Controlled drugs,Arrest,True,False
Person search,2019-09-29T21:40:07+00:00,,,54.851058,-1.819522,Male,25-34,White - English/Welsh/Scottish/Northern Irish/British,White,Police and Criminal Evidence Act 1984 (section 1),Article for use in theft,,True,False
Person search,2019-09-29T21:43:18+00:00,,,54.851058,-1.819522,,over 34,White - English/Welsh/Scottish/Northern Irish/British,White,Police and Criminal Evidence Act 1984 (section 1),Articles for use in criminal damage,,True,False
Person search,2019-09-29T22:00:00+00:00,,,54.522796,-1.546000,Male,over 34,White - English/Welsh/Scottish/Northern Irish/British,White,Misuse of Drugs Act 1971 (section 23),Controlled drugs,,False,False
Person and Vehicle search,2019-09-29T22:58:00+00:00,,,54.769430,-1.573430,Male,25-34,White - English/Welsh/Scottish/Northern Irish/British,White,Misuse of Drugs Act 1971 (section 23),Controlled drugs,Khat or Cannabis warning,True,False
Person search,2019-09-29T22:58:25+00:00,,,54.769430,-1.573430,Male,18-24,White - English/Welsh/Scottish/Northern Irish/British,White,Misuse of Drugs Act 1971 (section 23),Controlled drugs,,False,False
Person search,2019-09-29T22:58:25+00:00,,,54.769430,-1.573430,Male,18-24,White - English/Welsh/Scottish/Northern Irish/British,White,Misuse of Drugs Act 1971 (section 23),Controlled drugs,,False,False
Person search,2019-09-30T08:41:58+00:00,,,54.870463,-1.698985,Male,25-34,White - English/Welsh/Scottish/Northern Irish/British,White,Police and Criminal Evidence Act 1984 (section 1),Stolen goods,Arrest,True,False
Person and Vehicle search,2019-09-30T11:40:17+00:00,,,54.665296,-1.561901,Male,over 34,White - English/Welsh/Scottish/Northern Irish/British,White,Misuse of Drugs Act 1971 (section 23),Controlled drugs,,False,False
Person and Vehicle search,2019-09-30T11:40:17+00:00,,,54.665296,-1.561901,Male,over 34,White - English/Welsh/Scottish/Northern Irish/British,White,Misuse of Drugs Act 1971 (section 23),Controlled drugs,,False,False
Person search,2019-09-30T17:20:00+00:00,,,54.528737,-1.563209,Male,25-34,White - English/Welsh/Scottish/Northern Irish/British,White,Police and Criminal Evidence Act 1984 (section 1),Offensive weapons,Community resolution,True,False
Person search,2019-09-30T20:08:49+00:00,,,54.530882,-1.560142,Male,25-34,White - English/Welsh/Scottish/Northern Irish/British,White,Misuse of Drugs Act 1971 (section 23),Controlled drugs,,False,False
