Type,Date,Part of a policing operation,Policing operation,Latitude,Longitude,Gender,Age range,Self-defined ethnicity,Officer-defined ethnicity,Legislation,Object of search,Outcome,Outcome linked to object of search,Removal of more than just outer clothing
Person and Vehicle search,2019-02-01T00:02:00+00:00,,,53.924215,-1.126045,Male,25-34,Asian/Asian British - Indian,Asian,Misuse of Drugs Act 1971 (section 23),Controlled drugs,A no further action disposal,,
Person search,2019-02-01T05:02:00+00:00,,,54.484710,-0.619536,Male,25-34,,White,Misuse of Drugs Act 1971 (section 23),,Khat or Cannabis warning,True,
Person search,2019-02-01T15:02:00+00:00,,,54.004075,-1.556055,Male,18-24,Mixed/Multiple ethnic groups - Any other Mixed/Multiple ethnic background,Other,Misuse of Drugs Act 1971 (section 23),,A no further action disposal,,
Person and Vehicle search,2019-02-01T15:02:00+00:00,,,53.951753,-1.143389,Male,25-34,White - English/Welsh/Scottish/Northern Irish/British,White,Police and Criminal Evidence Act 1984 (section 1),Stolen goods,A no further action disposal,,
Person and Vehicle search,2019-02-01T15:02:00+00:00,,,53.951753,-1.143389,Male,18-24,White - English/Welsh/Scottish/Northern Irish/British,White,Police and Criminal Evidence Act 1984 (section 1),Stolen goods,A no further action disposal,,
Person and Vehicle search,2019-02-01T15:02:00+00:00,,,53.951753,-1.143389,Male,18-24,White - English/Welsh/Scottish/Northern Irish/British,White,Police and Criminal Evidence Act 1984 (section 1),Stolen goods,A no further action disposal,,
Person search,2019-02-01T16:02:00+00:00,,,53.998185,-1.533891,Male,18-24,White - English/Welsh/Scottish/Northern Irish/British,White,,,,,
Person and Vehicle search,2019-02-02T11:02:00+00:00,,,53.978352,-1.568480,Male,10-17,White - English/Welsh/Scottish/Northern Irish/British,White,Misuse of Drugs Act 1971 (section 23),,A no further action disposal,False,
Person and Vehicle search,2019-02-02T13:02:00+00:00,,,53.995913,-1.513949,Male,18-24,White - English/Welsh/Scottish/Northern Irish/British,White,Misuse of Drugs Act 1971 (section 23),,A no further action disposal,,
Person and Vehicle search,2019-02-02T13:02:00+00:00,,,53.995172,-1.510831,Male,18-24,White - English/Welsh/Scottish/Northern Irish/British,White,Misuse of Drugs Act 1971 (section 23),,A no further action disposal,,
Person and Vehicle search,2019-02-02T13:02:00+00:00,,,53.995172,-1.510831,Male,18-24,White - English/Welsh/Scottish/Northern Irish/British,White,Misuse of Drugs Act 1971 (section 23),,A no further action disposal,,
Person and Vehicle search,2019-02-02T16:02:00+00:00,,,54.107958,-1.406616,Female,18-24,White - English/Welsh/Scottish/Northern Irish/British,White,Misuse of Drugs Act 1971 (section 23),,A no further action disposal,,
Person search,2019-02-02T16:02:00+00:00,,,53.959683,-1.080480,Male,18-24,White - English/Welsh/Scottish/Northern Irish/British,White,Misuse of Drugs Act 1971 (section 23),Controlled drugs,A no further action disposal,,
Person search,2019-02-02T16:02:00+00:00,,,53.959683,-1.080480,Female,25-34,White - English/Welsh/Scottish/Northern Irish/British,White,Misuse of Drugs Act 1971 (section 23),Controlled drugs,A no further action disposal,,
Person and Vehicle search,2019-02-02T16:02:00+00:00,,,54.107958,-1.406616,Male,18-24,White - English/Welsh/Scottish/Northern Irish/British,White,Misuse of Drugs Act 1971 (section 23),,Arrest,True,
Person and Vehicle search,2019-02-02T16:02:00+00:00,,,54.107958,-1.406616,Male,18-24,White - English/Welsh/Scottish/Northern Irish/British,White,Misuse of Drugs Act 1971 (section 23),,Khat or Cannabis warning,True,
Person and Vehicle search,2019-02-02T20:02:00+00:00,,,54.236005,-1.346127,Male,25-34,White - English/Welsh/Scottish/Northern Irish/British,White,Misuse of Drugs Act 1971 (section 23),Controlled drugs,Arrest,True,
Person search,2019-02-02T23:02:00+00:00,,,53.959790,-1.082687,Male,over 34,,,Misuse of Drugs Act 1971 (section 23),Controlled drugs,A no further action disposal,,
Person search,2019-02-03T11:02:00+00:00,,,54.284612,-0.421048,Male,over 34,White - English/Welsh/Scottish/Northern Irish/British,White,Misuse of Drugs Act 1971 (section 23),Controlled drugs,A no further action disposal,,
Person search,2019-02-03T11:02:00+00:00,,,54.284612,-0.421048,Female,over 34,White - English/Welsh/Scottish/Northern Irish/British,White,Misuse of Drugs Act 1971 (section 23),Controlled drugs,A no further action disposal,,
Person search,2019-02-03T11:02:00+00:00,,,54.284612,-0.421048,Female,25-34,White - English/Welsh/Scottish/Northern Irish/British,White,Misuse of Drugs Act 1971 (section 23),Controlled drugs,A no further action disposal,,
Person search,2019-02-03T12:02:00+00:00,,,53.960291,-1.085968,Male,18-24,White - English/Welsh/Scottish/Northern Irish/British,White,Misuse of Drugs Act 1971 (section 23),,A no further action disposal,True,
Person search,2019-02-03T12:02:00+00:00,,,54.284612,-0.421048,Male,18-24,White - English/Welsh/Scottish/Northern Irish/British,White,Misuse of Drugs Act 1971 (section 23),Controlled drugs,A no further action disposal,,
Person search,2019-02-03T12:02:00+00:00,,,53.960291,-1.085968,Male,10-17,White - English/Welsh/Scottish/Northern Irish/British,White,Misuse of Drugs Act 1971 (section 23),,A no further action disposal,,
Person search,2019-02-03T15:02:00+00:00,,,53.993324,-1.069717,Male,10-17,White - English/Welsh/Scottish/Northern Irish/British,White,Police and Criminal Evidence Act 1984 (section 1),Stolen goods,A no further action disposal,,
Person search,2019-02-03T15:02:00+00:00,,,53.993324,-1.069717,Male,10-17,White - English/Welsh/Scottish/Northern Irish/British,White,Police and Criminal Evidence Act 1984 (section 1),Stolen goods,A no further action disposal,False,
Person search,2019-02-03T21:02:00+00:00,,,53.961639,-1.067100,Male,18-24,Asian/Asian British - Indian,Asian,Misuse of Drugs Act 1971 (section 23),,Khat or Cannabis warning,True,
Person search,2019-02-03T23:02:00+00:00,,,54.406861,-1.727853,Male,10-17,White - English/Welsh/Scottish/Northern Irish/British,White,Police and Criminal Evidence Act 1984 (section 1),Article for use in theft,A no further action disposal,,
Person search,2019-02-04T10:02:00+00:00,,,53.993618,-1.540516,Male,10-17,White - English/Welsh/Scottish/Northern Irish/British,White,Police and Criminal Evidence Act 1984 (section 1),Stolen goods,Community resolution,False,
Person search,2019-02-04T15:02:00+00:00,,,54.005102,-1.539902,Male,over 34,White - English/Welsh/Scottish/Northern Irish/British,White,Misuse of Drugs Act 1971 (section 23),,A no further action disposal,,
Person search,2019-02-04T15:02:00+00:00,,,54.005102,-1.539902,Male,25-34,White - English/Welsh/Scottish/Northern Irish/British,White,Misuse of Drugs Act 1971 (section 23),Controlled drugs,A no further action disposal,,
Person search,2019-02-04T16:02:00+00:00,,,54.005102,-1.539902,Male,18-24,Black/African/Caribbean/Black British - Caribbean,Black,Misuse of Drugs Act 1971 (section 23),,A no further action disposal,,
Person search,2019-02-04T17:02:00+00:00,,,53.956067,-1.068459,Male,10-17,White - English/Welsh/Scottish/Northern Irish/British,White,Police and Criminal Evidence Act 1984 (section 1),Stolen goods,A no further action disposal,,
Person search,2019-02-04T17:02:00+00:00,,,53.956067,-1.068459,Male,10-17,White - English/Welsh/Scottish/Northern Irish/British,White,Police and Criminal Evidence Act 1984 (section 1),Stolen goods,A no further action disposal,,
Person search,2019-02-04T23:02:00+00:00,,,53.997591,-1.540656,Male,18-24,White - English/Welsh/Scottish/Northern Irish/British,White,Police and Criminal Evidence Act 1984 (section 1),Stolen goods,A no further action disposal,,
Person search,2019-02-04T23:02:00+00:00,,,53.997591,-1.540656,Male,10-17,White - English/Welsh/Scottish/Northern Irish/British,White,Police and Criminal Evidence Act 1984 (section 1),Stolen goods,A no further action disposal,,
Person search,2019-02-05T00:02:00+00:00,,,53.974999,-1.067701,Female,25-34,Other ethnic group - Not stated,,Misuse of Drugs Act 1971 (section 23),Controlled drugs,A no further action disposal,,
Person search,2019-02-05T00:02:00+00:00,,,53.974999,-1.067701,Female,25-34,White - English/Welsh/Scottish/Northern Irish/British,White,Misuse of Drugs Act 1971 (section 23),Controlled drugs,A no further action disposal,,
Person and Vehicle search,2019-02-05T01:02:00+00:00,,,53.974999,-1.067701,Male,25-34,White - English/Welsh/Scottish/Northern Irish/British,White,Misuse of Drugs Act 1971 (section 23),,A no further action disposal,,
Vehicle search,2019-02-05T01:02:00+00:00,,,53.974999,-1.067701,,over 34,,,Misuse of Drugs Act 1971 (section 23),,,,
Person and Vehicle search,2019-02-05T15:02:00+00:00,,,53.721279,-1.129848,Male,25-34,White - English/Welsh/Scottish/Northern Irish/British,White,Police and Criminal Evidence Act 1984 (section 1),,A no further action disposal,,
Person and Vehicle search,2019-02-05T15:02:00+00:00,,,53.721279,-1.129848,Female,18-24,White - English/Welsh/Scottish/Northern Irish/British,White,Police and Criminal Evidence Act 1984 (section 1),,A no further action disposal,,
Person and Vehicle search,2019-02-05T15:02:00+00:00,,,53.721279,-1.129848,Male,18-24,White - English/Welsh/Scottish/Northern Irish/British,White,Police and Criminal Evidence Act 1984 (section 1),Offensive weapons,A no further action disposal,,
Person search,2019-02-05T17:02:00+00:00,,,53.966638,-1.082552,Male,over 34,Other ethnic group - Not stated,White,Misuse of Drugs Act 1971 (section 23),Controlled drugs,A no further action disposal,,
Person and Vehicle search,2019-02-06T15:02:00+00:00,,,53.833967,-1.130082,Male,25-34,White - English/Welsh/Scottish/Northern Irish/British,White,Police and Criminal Evidence Act 1984 (section 1),Stolen goods,A no further action disposal,,
Person and Vehicle search,2019-02-06T15:02:00+00:00,,,53.833967,-1.130082,Male,25-34,White - English/Welsh/Scottish/Northern Irish/British,White,Police and Criminal Evidence Act 1984 (section 1),Stolen goods,A no further action disposal,,
Person and Vehicle search,2019-02-06T15:02:00+00:00,,,53.833967,-1.130082,Male,25-34,White - English/Welsh/Scottish/Northern Irish/British,White,Police and Criminal Evidence Act 1984 (section 1),Stolen goods,A no further action disposal,,
Person and Vehicle search,2019-02-07T10:02:00+00:00,,,54.367764,-1.320841,Male,over 34,White - English/Welsh/Scottish/Northern Irish/British,White,Police and Criminal Evidence Act 1984 (section 1),Offensive weapons,A no further action disposal,,
Vehicle search,2019-02-07T15:02:00+00:00,,,54.205137,-0.288064,,over 34,,,Misuse of Drugs Act 1971 (section 23),,,,
Person and Vehicle search,2019-02-07T22:02:00+00:00,,,53.704782,-1.146897,Male,over 34,White - English/Welsh/Scottish/Northern Irish/British,White,Misuse of Drugs Act 1971 (section 23),Controlled drugs,A no further action disposal,,
Person and Vehicle search,2019-02-08T16:02:00+00:00,,,53.998767,-1.468411,Female,25-34,Other ethnic group - Not stated,White,Police and Criminal Evidence Act 1984 (section 1),Stolen goods,A no further action disposal,,
Person and Vehicle search,2019-02-08T17:02:00+00:00,,,54.083458,-1.395944,Male,18-24,White - English/Welsh/Scottish/Northern Irish/British,White,Misuse of Drugs Act 1971 (section 23),Controlled drugs,A no further action disposal,,
Person and Vehicle search,2019-02-08T17:02:00+00:00,,,54.083458,-1.395944,Male,10-17,White - English/Welsh/Scottish/Northern Irish/British,White,Misuse of Drugs Act 1971 (section 23),Controlled drugs,A no further action disposal,,
Person search,2019-02-08T18:02:00+00:00,,,53.997136,-1.505286,Male,10-17,White - English/Welsh/Scottish/Northern Irish/British,White,Misuse of Drugs Act 1971 (section 23),,A no further action disposal,,
Person search,2019-02-08T18:02:00+00:00,,,53.997136,-1.505286,Male,10-17,White - English/Welsh/Scottish/Northern Irish/British,White,Misuse of Drugs Act 1971 (section 23),,Arrest,True,
Person and Vehicle search,2019-02-08T22:02:00+00:00,,,53.958666,-2.032867,Male,25-34,Asian/Asian British - Pakistani,Asian,Misuse of Drugs Act 1971 (section 23),,A no further action disposal,,
Person and Vehicle search,2019-02-08T22:02:00+00:00,,,53.958666,-2.032867,Male,over 34,Other ethnic group - Not stated,,Misuse of Drugs Act 1971 (section 23),,A no further action disposal,,
Person and Vehicle search,2019-02-08T22:02:00+00:00,,,53.958666,-2.032867,Male,25-34,Asian/Asian British - Pakistani,Asian,Misuse of Drugs Act 1971 (section 23),,A no further action disposal,,
Person search,2019-02-09T02:02:00+00:00,,,53.977322,-1.128045,Male,18-24,White - English/Welsh/Scottish/Northern Irish/British,White,Police and Criminal Evidence Act 1984 (section 1),Stolen goods,A no further action disposal,,
Person and Vehicle search,2019-02-09T03:02:00+00:00,,,53.977322,-1.128045,Male,18-24,White - English/Welsh/Scottish/Northern Irish/British,White,Police and Criminal Evidence Act 1984 (section 1),Stolen goods,A no further action disposal,,
Person search,2019-02-09T13:02:00+00:00,,,53.957159,-2.013634,Male,18-24,White - English/Welsh/Scottish/Northern Irish/British,White,Misuse of Drugs Act 1971 (section 23),,A no further action disposal,,
Person search,2019-02-09T13:02:00+00:00,,,53.957159,-2.013634,Male,10-17,White - English/Welsh/Scottish/Northern Irish/British,White,Misuse of Drugs Act 1971 (section 23),,A no further action disposal,,
Person search,2019-02-09T13:02:00+00:00,,,53.957159,-2.013634,Male,10-17,White - English/Welsh/Scottish/Northern Irish/British,White,Misuse of Drugs Act 1971 (section 23),,A no further action disposal,,
Person search,2019-02-09T13:02:00+00:00,,,53.957159,-2.013634,Male,10-17,White - English/Welsh/Scottish/Northern Irish/British,White,Misuse of Drugs Act 1971 (section 23),,A no further action disposal,,
Person search,2019-02-09T18:02:00+00:00,,,54.002936,-1.533030,Male,,,White,Misuse of Drugs Act 1971 (section 23),Controlled drugs,A no further action disposal,,
Person search,2019-02-10T18:02:00+00:00,,,53.963635,-1.089553,Male,over 34,White - English/Welsh/Scottish/Northern Irish/British,White,Misuse of Drugs Act 1971 (section 23),Controlled drugs,A no further action disposal,,
Person and Vehicle search,2019-02-10T20:02:00+00:00,,,54.122695,-1.198348,Male,over 34,White - English/Welsh/Scottish/Northern Irish/British,White,Misuse of Drugs Act 1971 (section 23),,A no further action disposal,,
Person and Vehicle search,2019-02-10T20:02:00+00:00,,,54.122695,-1.198348,Male,over 34,White - English/Welsh/Scottish/Northern Irish/British,White,Misuse of Drugs Act 1971 (section 23),,A no further action disposal,,
Person search,2019-02-11T00:02:00+00:00,,,53.958250,-1.530984,Male,18-24,White - English/Welsh/Scottish/Northern Irish/British,White,Police and Criminal Evidence Act 1984 (section 1),Stolen goods,A no further action disposal,,
Person search,2019-02-11T03:02:00+00:00,,,53.954700,-1.125697,Male,over 34,White - English/Welsh/Scottish/Northern Irish/British,White,Police and Criminal Evidence Act 1984 (section 1),Stolen goods,A no further action disposal,,
Person search,2019-02-11T15:02:00+00:00,,,53.950927,-1.129677,Male,over 34,White - English/Welsh/Scottish/Northern Irish/British,White,Police and Criminal Evidence Act 1984 (section 1),Offensive weapons,A no further action disposal,,
Person and Vehicle search,2019-02-11T15:02:00+00:00,,,53.718156,-1.177615,Male,over 34,White - English/Welsh/Scottish/Northern Irish/British,White,,Firearms,A no further action disposal,True,
Person search,2019-02-11T16:02:00+00:00,,,54.004888,-1.549974,Female,over 34,White - English/Welsh/Scottish/Northern Irish/British,White,Misuse of Drugs Act 1971 (section 23),Controlled drugs,Arrest,True,
Person and Vehicle search,2019-02-11T17:02:00+00:00,,,53.718156,-1.177615,Male,over 34,White - English/Welsh/Scottish/Northern Irish/British,White,,Firearms,A no further action disposal,True,
Vehicle search,2019-02-12T06:02:00+00:00,,,54.444081,-1.661872,,over 34,,,Police and Criminal Evidence Act 1984 (section 1),Offensive weapons,,,
Person search,2019-02-12T16:02:00+00:00,,,53.998365,-1.536223,Male,over 34,White - English/Welsh/Scottish/Northern Irish/British,White,Misuse of Drugs Act 1971 (section 23),Controlled drugs,A no further action disposal,,
Person search,2019-02-12T16:02:00+00:00,,,53.998365,-1.536223,Female,25-34,White - English/Welsh/Scottish/Northern Irish/British,White,Misuse of Drugs Act 1971 (section 23),Controlled drugs,A no further action disposal,,
Person search,2019-02-12T16:02:00+00:00,,,53.998365,-1.536223,Female,25-34,White - English/Welsh/Scottish/Northern Irish/British,White,Misuse of Drugs Act 1971 (section 23),Controlled drugs,A no further action disposal,,
Person search,2019-02-12T17:02:00+00:00,,,53.992683,-1.542875,Male,25-34,White - English/Welsh/Scottish/Northern Irish/British,White,Police and Criminal Evidence Act 1984 (section 1),Stolen goods,Arrest,True,
Person and Vehicle search,2019-02-12T18:02:00+00:00,,,54.160992,-0.270358,Male,18-24,White - English/Welsh/Scottish/Northern Irish/British,White,Misuse of Drugs Act 1971 (section 23),Controlled drugs,Khat or Cannabis warning,True,
Person and Vehicle search,2019-02-12T18:02:00+00:00,,,54.160992,-0.270358,Male,10-17,White - English/Welsh/Scottish/Northern Irish/British,White,Misuse of Drugs Act 1971 (section 23),Controlled drugs,A no further action disposal,,
Person and Vehicle search,2019-02-12T18:02:00+00:00,,,54.160992,-0.270358,Male,10-17,White - English/Welsh/Scottish/Northern Irish/British,White,Misuse of Drugs Act 1971 (section 23),Controlled drugs,A no further action disposal,,
Person search,2019-02-12T23:02:00+00:00,,,53.904070,-1.631101,Male,25-34,Black/African/Caribbean/Black British - Caribbean,Black,Misuse of Drugs Act 1971 (section 23),,A no further action disposal,,
Person and Vehicle search,2019-02-12T23:02:00+00:00,,,53.900883,-1.626472,Male,25-34,Black/African/Caribbean/Black British - Caribbean,Black,Misuse of Drugs Act 1971 (section 23),,A no further action disposal,,
Person and Vehicle search,2019-02-12T23:02:00+00:00,,,54.226697,-1.341657,Female,18-24,White - English/Welsh/Scottish/Northern Irish/British,White,Misuse of Drugs Act 1971 (section 23),Controlled drugs,A no further action disposal,,
Person search,2019-02-12T23:02:00+00:00,,,53.904070,-1.631101,Male,25-34,White - English/Welsh/Scottish/Northern Irish/British,White,Misuse of Drugs Act 1971 (section 23),,Khat or Cannabis warning,True,
Person search,2019-02-13T15:02:00+00:00,,,53.963635,-1.089553,Male,10-17,,White,Police and Criminal Evidence Act 1984 (section 1),Stolen goods,Arrest,True,
Person search,2019-02-13T15:02:00+00:00,,,53.963635,-1.089553,Male,10-17,,White,Police and Criminal Evidence Act 1984 (section 1),Stolen goods,Arrest,False,
Person search,2019-02-13T16:02:00+00:00,,,54.007002,-1.524623,Female,18-24,White - English/Welsh/Scottish/Northern Irish/British,White,Misuse of Drugs Act 1971 (section 23),Controlled drugs,A no further action disposal,,
Person search,2019-02-13T16:02:00+00:00,,,54.007002,-1.524623,Male,25-34,White - English/Welsh/Scottish/Northern Irish/British,White,Misuse of Drugs Act 1971 (section 23),Controlled drugs,A no further action disposal,,
Person search,2019-02-13T16:02:00+00:00,,,53.989394,-1.550156,Male,18-24,White - English/Welsh/Scottish/Northern Irish/British,White,Misuse of Drugs Act 1971 (section 23),Controlled drugs,Khat or Cannabis warning,True,
Person search,2019-02-13T18:02:00+00:00,,,53.957159,-2.013634,Male,10-17,,,Misuse of Drugs Act 1971 (section 23),,Arrest,True,
Person search,2019-02-13T18:02:00+00:00,,,53.957159,-2.013634,Male,10-17,White - English/Welsh/Scottish/Northern Irish/British,White,Misuse of Drugs Act 1971 (section 23),,A no further action disposal,,
Person search,2019-02-14T00:02:00+00:00,,,53.956460,-1.082120,Male,18-24,White - English/Welsh/Scottish/Northern Irish/British,White,Misuse of Drugs Act 1971 (section 23),,Arrest,True,
Person and Vehicle search,2019-02-14T15:02:00+00:00,,,54.105215,-2.041319,Male,over 34,White - English/Welsh/Scottish/Northern Irish/British,White,Police and Criminal Evidence Act 1984 (section 1),Stolen goods,A no further action disposal,,
Person search,2019-02-14T16:02:00+00:00,,,53.994617,-1.538446,Male,18-24,Other ethnic group - Not stated,White,Misuse of Drugs Act 1971 (section 23),Controlled drugs,A no further action disposal,,
Person search,2019-02-14T16:02:00+00:00,,,53.998185,-1.533891,Male,18-24,White - English/Welsh/Scottish/Northern Irish/British,White,Misuse of Drugs Act 1971 (section 23),Controlled drugs,A no further action disposal,,
Person search,2019-02-14T20:02:00+00:00,,,53.957786,-1.082777,Male,25-34,White - Any other White background,,Misuse of Drugs Act 1971 (section 23),,A no further action disposal,,
Person and Vehicle search,2019-02-15T12:02:00+00:00,,,54.161232,-1.403924,Male,18-24,White - English/Welsh/Scottish/Northern Irish/British,White,Misuse of Drugs Act 1971 (section 23),Controlled drugs,A no further action disposal,,
Person and Vehicle search,2019-02-15T13:02:00+00:00,,,54.161232,-1.403924,Male,25-34,White - English/Welsh/Scottish/Northern Irish/British,White,Misuse of Drugs Act 1971 (section 23),Controlled drugs,A no further action disposal,,
Person search,2019-02-15T14:02:00+00:00,,,,,Male,18-24,White - English/Welsh/Scottish/Northern Irish/British,White,Misuse of Drugs Act 1971 (section 23),,A no further action disposal,,
Vehicle search,2019-02-15T14:02:00+00:00,,,54.152462,-1.238364,,over 34,,,Police and Criminal Evidence Act 1984 (section 1),Stolen goods,,,
Person and Vehicle search,2019-02-15T15:02:00+00:00,,,54.004863,-1.529377,Male,25-34,Other ethnic group - Not stated,,Misuse of Drugs Act 1971 (section 23),Controlled drugs,A no further action disposal,,
Person and Vehicle search,2019-02-15T15:02:00+00:00,,,54.003060,-1.534783,Male,25-34,Other ethnic group - Not stated,,Misuse of Drugs Act 1971 (section 23),Controlled drugs,A no further action disposal,,
Person search,2019-02-15T23:02:00+00:00,,,54.487164,-0.612507,Male,25-34,White - English/Welsh/Scottish/Northern Irish/British,White,Misuse of Drugs Act 1971 (section 23),Controlled drugs,Arrest,True,
Person and Vehicle search,2019-02-15T23:02:00+00:00,,,53.950900,-2.032328,Male,10-17,White - English/Welsh/Scottish/Northern Irish/British,White,Police and Criminal Evidence Act 1984 (section 1),Stolen goods,A no further action disposal,,
Person and Vehicle search,2019-02-16T01:02:00+00:00,,,54.160992,-0.270358,Male,over 34,White - English/Welsh/Scottish/Northern Irish/British,White,Misuse of Drugs Act 1971 (section 23),Controlled drugs,Arrest,True,
Person and Vehicle search,2019-02-16T02:02:00+00:00,,,54.051770,-1.577817,Male,10-17,White - English/Welsh/Scottish/Northern Irish/British,White,Police and Criminal Evidence Act 1984 (section 1),Stolen goods,A no further action disposal,,
Person and Vehicle search,2019-02-16T02:02:00+00:00,,,54.051770,-1.577817,Male,18-24,White - English/Welsh/Scottish/Northern Irish/British,White,Police and Criminal Evidence Act 1984 (section 1),Stolen goods,A no further action disposal,,
Person and Vehicle search,2019-02-16T02:02:00+00:00,,,54.051770,-1.577817,Male,18-24,White - English/Welsh/Scottish/Northern Irish/British,White,Police and Criminal Evidence Act 1984 (section 1),Stolen goods,A no further action disposal,,
Person search,2019-02-16T14:02:00+00:00,,,53.994877,-1.531488,Male,25-34,White - English/Welsh/Scottish/Northern Irish/British,White,Misuse of Drugs Act 1971 (section 23),Controlled drugs,A no further action disposal,,
Person search,2019-02-16T18:02:00+00:00,,,54.285789,-0.397114,Male,10-17,White - English/Welsh/Scottish/Northern Irish/British,White,Misuse of Drugs Act 1971 (section 23),Controlled drugs,Arrest,True,
Person search,2019-02-16T20:02:00+00:00,,,53.958910,-1.080451,Male,over 34,White - English/Welsh/Scottish/Northern Irish/British,White,Police and Criminal Evidence Act 1984 (section 1),Offensive weapons,A no further action disposal,,
Person search,2019-02-16T21:02:00+00:00,,,54.233040,-0.384614,Male,18-24,White - English/Welsh/Scottish/Northern Irish/British,White,Misuse of Drugs Act 1971 (section 23),Controlled drugs,A no further action disposal,,
Person search,2019-02-17T15:02:00+00:00,,,54.002936,-1.533030,Male,18-24,White - English/Welsh/Scottish/Northern Irish/British,White,Misuse of Drugs Act 1971 (section 23),Controlled drugs,Arrest,True,
Person search,2019-02-17T15:02:00+00:00,,,54.002936,-1.533030,Male,18-24,Other ethnic group - Not stated,Black,Misuse of Drugs Act 1971 (section 23),Controlled drugs,A no further action disposal,,
Person search,2019-02-17T15:02:00+00:00,,,53.986459,-1.043639,Male,over 34,Other ethnic group - Not stated,White,Police and Criminal Evidence Act 1984 (section 1),Stolen goods,Arrest,True,
Person and Vehicle search,2019-02-17T23:02:00+00:00,,,53.781912,-1.059283,Male,18-24,White - English/Welsh/Scottish/Northern Irish/British,White,Misuse of Drugs Act 1971 (section 23),,A no further action disposal,,
Person and Vehicle search,2019-02-18T23:02:00+00:00,,,54.242336,-0.412534,Male,18-24,White - English/Welsh/Scottish/Northern Irish/British,White,Misuse of Drugs Act 1971 (section 23),Controlled drugs,A no further action disposal,,
Person and Vehicle search,2019-02-19T14:02:00+00:00,,,53.951959,-1.088238,Male,18-24,Mixed/Multiple ethnic groups - Any other Mixed/Multiple ethnic background,,Misuse of Drugs Act 1971 (section 23),,A no further action disposal,,
Vehicle search,2019-02-19T16:02:00+00:00,,,53.976068,-1.903728,,over 34,,,Police and Criminal Evidence Act 1984 (section 1),,,,
Person search,2019-02-19T21:02:00+00:00,,,53.985210,-1.122603,Male,18-24,White - English/Welsh/Scottish/Northern Irish/British,White,,Firearms,A no further action disposal,True,
Person search,2019-02-20T12:02:00+00:00,,,53.949286,-2.017349,Male,10-17,Other ethnic group - Not stated,Asian,Misuse of Drugs Act 1971 (section 23),Controlled drugs,A no further action disposal,,
Person and Vehicle search,2019-02-20T16:02:00+00:00,,,53.955648,-1.091145,Male,18-24,White - English/Welsh/Scottish/Northern Irish/British,White,Police and Criminal Evidence Act 1984 (section 1),Offensive weapons,Arrest,True,
Person and Vehicle search,2019-02-20T16:02:00+00:00,,,53.955648,-1.091145,Female,18-24,White - English/Welsh/Scottish/Northern Irish/British,White,Police and Criminal Evidence Act 1984 (section 1),Offensive weapons,A no further action disposal,True,
Person search,2019-02-20T20:02:00+00:00,,,53.993618,-1.540516,Male,25-34,White - English/Welsh/Scottish/Northern Irish/British,White,Misuse of Drugs Act 1971 (section 23),Controlled drugs,A no further action disposal,,
Person search,2019-02-21T02:02:00+00:00,,,53.956460,-1.082120,Male,25-34,White - Irish,White,Police and Criminal Evidence Act 1984 (section 1),Offensive weapons,A no further action disposal,,
Person and Vehicle search,2019-02-21T21:02:00+00:00,,,53.732486,-0.996249,Male,25-34,White - English/Welsh/Scottish/Northern Irish/British,White,Misuse of Drugs Act 1971 (section 23),,Arrest,True,
Person search,2019-02-22T03:02:00+00:00,,,53.959893,-1.084422,Male,10-17,Other ethnic group - Not stated,,Misuse of Drugs Act 1971 (section 23),,Arrest,True,
Person search,2019-02-22T03:02:00+00:00,,,53.959893,-1.084422,Female,10-17,Other ethnic group - Not stated,White,Misuse of Drugs Act 1971 (section 23),,A no further action disposal,,
Person search,2019-02-22T03:02:00+00:00,,,53.959893,-1.084422,Female,10-17,Other ethnic group - Not stated,White,Misuse of Drugs Act 1971 (section 23),,A no further action disposal,,
Person search,2019-02-22T03:02:00+00:00,,,53.959893,-1.084422,Female,10-17,Other ethnic group - Not stated,White,Misuse of Drugs Act 1971 (section 23),,A no further action disposal,,
Person search,2019-02-22T13:02:00+00:00,,,53.786846,-1.074184,Male,over 34,White - English/Welsh/Scottish/Northern Irish/British,White,Misuse of Drugs Act 1971 (section 23),Controlled drugs,A no further action disposal,,
Person search,2019-02-22T13:02:00+00:00,,,53.785581,-1.083819,Female,over 34,White - English/Welsh/Scottish/Northern Irish/British,White,Misuse of Drugs Act 1971 (section 23),Controlled drugs,A no further action disposal,,
Person search,2019-02-22T14:02:00+00:00,,,53.786846,-1.074184,Female,over 34,White - English/Welsh/Scottish/Northern Irish/British,White,Misuse of Drugs Act 1971 (section 23),Controlled drugs,A no further action disposal,,
Person search,2019-02-22T14:02:00+00:00,,,53.786846,-1.074184,Female,over 34,White - English/Welsh/Scottish/Northern Irish/British,White,Misuse of Drugs Act 1971 (section 23),Controlled drugs,A no further action disposal,,
Person and Vehicle search,2019-02-23T15:02:00+00:00,,,54.234783,-1.341268,Female,25-34,White - English/Welsh/Scottish/Northern Irish/British,White,Misuse of Drugs Act 1971 (section 23),,A no further action disposal,,
Person and Vehicle search,2019-02-24T00:02:00+00:00,,,53.958796,-1.086732,Male,over 34,Black/African/Caribbean/Black British - African,Black,Misuse of Drugs Act 1971 (section 23),Controlled drugs,Khat or Cannabis warning,True,
Person search,2019-02-24T10:02:00+00:00,,,54.286202,-0.391691,Male,over 34,White - English/Welsh/Scottish/Northern Irish/British,White,Misuse of Drugs Act 1971 (section 23),Controlled drugs,Arrest,True,
Person and Vehicle search,2019-02-25T00:02:00+00:00,,,54.146338,-2.050469,Male,10-17,White - English/Welsh/Scottish/Northern Irish/British,White,Police and Criminal Evidence Act 1984 (section 1),Stolen goods,A no further action disposal,,
Person and Vehicle search,2019-02-25T00:02:00+00:00,,,54.146338,-2.050469,Male,25-34,White - English/Welsh/Scottish/Northern Irish/British,White,Police and Criminal Evidence Act 1984 (section 1),Stolen goods,A no further action disposal,,
Person and Vehicle search,2019-02-25T00:02:00+00:00,,,54.146338,-2.050469,Male,over 34,White - English/Welsh/Scottish/Northern Irish/British,White,Police and Criminal Evidence Act 1984 (section 1),Stolen goods,A no further action disposal,,
Person and Vehicle search,2019-02-25T00:02:00+00:00,,,54.146338,-2.050469,Male,over 34,White - English/Welsh/Scottish/Northern Irish/British,White,Police and Criminal Evidence Act 1984 (section 1),Stolen goods,A no further action disposal,,
Person search,2019-02-25T13:02:00+00:00,,,53.796214,-1.252392,Male,over 34,White - English/Welsh/Scottish/Northern Irish/British,White,Misuse of Drugs Act 1971 (section 23),Controlled drugs,A no further action disposal,,
Person and Vehicle search,2019-02-25T18:02:00+00:00,,,53.907405,-1.185883,Male,25-34,Other ethnic group - Not stated,Black,Misuse of Drugs Act 1971 (section 23),Controlled drugs,A no further action disposal,,
Person search,2019-02-25T18:02:00+00:00,,,53.988634,-1.047005,Male,25-34,White - English/Welsh/Scottish/Northern Irish/British,White,Misuse of Drugs Act 1971 (section 23),,A no further action disposal,,
Person search,2019-02-25T18:02:00+00:00,,,53.907405,-1.185883,Male,25-34,Mixed/Multiple ethnic groups - White and Black Caribbean,,Misuse of Drugs Act 1971 (section 23),Controlled drugs,A no further action disposal,,
Person search,2019-02-25T18:02:00+00:00,,,53.988634,-1.047005,Male,25-34,White - English/Welsh/Scottish/Northern Irish/British,White,Misuse of Drugs Act 1971 (section 23),,A no further action disposal,False,
Person search,2019-02-26T12:02:00+00:00,,,53.965204,-1.083102,Male,over 34,White - English/Welsh/Scottish/Northern Irish/British,White,Police and Criminal Evidence Act 1984 (section 1),Stolen goods,Community resolution,True,
Person search,2019-02-26T13:02:00+00:00,,,53.965204,-1.083102,Male,18-24,White - English/Welsh/Scottish/Northern Irish/British,White,Police and Criminal Evidence Act 1984 (section 1),Stolen goods,A no further action disposal,,
Person search,2019-02-26T15:02:00+00:00,,,53.995312,-1.539247,Male,10-17,White - English/Welsh/Scottish/Northern Irish/British,White,Misuse of Drugs Act 1971 (section 23),,Arrest,True,
Person search,2019-02-26T16:02:00+00:00,,,53.959683,-1.080480,Male,25-34,Other ethnic group - Not stated,,Misuse of Drugs Act 1971 (section 23),Controlled drugs,A no further action disposal,,
Person search,2019-02-27T16:02:00+00:00,,,54.285584,-0.393205,Male,10-17,White - English/Welsh/Scottish/Northern Irish/British,White,Misuse of Drugs Act 1971 (section 23),,Community resolution,True,
Person search,2019-02-27T16:02:00+00:00,,,53.963796,-1.075268,Male,25-34,White - English/Welsh/Scottish/Northern Irish/British,White,Police and Criminal Evidence Act 1984 (section 1),Stolen goods,A no further action disposal,,
Person search,2019-02-27T16:02:00+00:00,,,53.991404,-1.537505,Male,over 34,Other ethnic group - Not stated,White,Misuse of Drugs Act 1971 (section 23),,A no further action disposal,,
Person search,2019-02-27T18:02:00+00:00,,,53.957391,-1.079250,Male,25-34,White - English/Welsh/Scottish/Northern Irish/British,White,Police and Criminal Evidence Act 1984 (section 1),Stolen goods,Community resolution,True,
Person and Vehicle search,2019-02-27T21:02:00+00:00,,,54.002229,-1.495782,Male,over 34,Other ethnic group - Not stated,,Misuse of Drugs Act 1971 (section 23),Controlled drugs,A no further action disposal,,
Person and Vehicle search,2019-02-27T21:02:00+00:00,,,54.002229,-1.495782,Male,25-34,Other ethnic group - Not stated,,Misuse of Drugs Act 1971 (section 23),Controlled drugs,A no further action disposal,,
Person and Vehicle search,2019-02-27T21:02:00+00:00,,,54.002229,-1.495782,Male,18-24,Other ethnic group - Not stated,,Misuse of Drugs Act 1971 (section 23),Controlled drugs,A no further action disposal,,
Person search,2019-02-28T16:02:00+00:00,,,53.956831,-1.087172,Male,18-24,White - English/Welsh/Scottish/Northern Irish/British,White,Misuse of Drugs Act 1971 (section 23),Controlled drugs,A no further action disposal,,
Person and Vehicle search,2019-02-28T22:02:00+00:00,,,54.362010,-1.422383,Male,over 34,White - English/Welsh/Scottish/Northern Irish/British,White,,Controlled drugs,A no further action disposal,,
Person and Vehicle search,2019-02-28T22:02:00+00:00,,,54.362010,-1.422383,Male,25-34,White - English/Welsh/Scottish/Northern Irish/British,White,,Controlled drugs,A no further action disposal,,
