Type,Date,Part of a policing operation,Policing operation,Latitude,Longitude,Gender,Age range,Self-defined ethnicity,Officer-defined ethnicity,Legislation,Object of search,Outcome,Outcome linked to object of search,Removal of more than just outer clothing
Person search,2019-03-01T16:25:06+00:00,,,52.202956,0.123160,Male,over 34,White - English/Welsh/Scottish/Northern Irish/British,,Police and Criminal Evidence Act 1984 (section 1),Stolen goods,Arrest,True,False
Person search,2019-03-01T16:31:31+00:00,,,52.195953,0.152341,Male,25-34,White - English/Welsh/Scottish/Northern Irish/British,,Misuse of Drugs Act 1971 (section 23),Controlled drugs,A no further action disposal,,False
Person search,2019-03-01T21:26:53+00:00,,,52.214399,0.129854,Male,18-24,White - English/Welsh/Scottish/Northern Irish/British,,Misuse of Drugs Act 1971 (section 23),Controlled drugs,Arrest,False,False
Person search,2019-03-01T21:45:31+00:00,,,52.214399,0.129854,Male,10-17,White - English/Welsh/Scottish/Northern Irish/British,,Misuse of Drugs Act 1971 (section 23),Controlled drugs,Caution (simple or conditional),True,False
Person search,2019-03-01T21:51:08+00:00,,,52.214399,0.129854,Male,25-34,White - English/Welsh/Scottish/Northern Irish/British,,Misuse of Drugs Act 1971 (section 23),Controlled drugs,Arrest,,False
Vehicle search,2019-03-01T21:57:04+00:00,,,52.214399,0.129854,,,,,Misuse of Drugs Act 1971 (section 23),Controlled drugs,Arrest,True,
Person and Vehicle search,2019-03-02T00:13:25+00:00,,,52.517496,-0.243279,Male,18-24,White - English/Welsh/Scottish/Northern Irish/British,,Misuse of Drugs Act 1971 (section 23),Controlled drugs,Community resolution,,False
Person search,2019-03-02T00:29:20+00:00,,,52.505181,-0.262954,Male,10-17,White - English/Welsh/Scottish/Northern Irish/British,,Misuse of Drugs Act 1971 (section 23),Controlled drugs,A no further action disposal,,False
Person search,2019-03-02T00:48:31+00:00,,,52.517496,-0.243279,Male,18-24,White - English/Welsh/Scottish/Northern Irish/British,,Misuse of Drugs Act 1971 (section 23),Controlled drugs,Community resolution,,False
Person search,2019-03-02T01:06:27+00:00,,,52.517496,-0.243279,Female,10-17,White - English/Welsh/Scottish/Northern Irish/British,,Misuse of Drugs Act 1971 (section 23),Controlled drugs,A no further action disposal,,False
Person search,2019-03-02T01:22:31+00:00,,,52.517496,-0.243279,Female,10-17,White - English/Welsh/Scottish/Northern Irish/British,,Misuse of Drugs Act 1971 (section 23),Controlled drugs,A no further action disposal,,False
Person search,2019-03-03T03:57:05+00:00,,,52.578380,-0.238809,Male,under 10,,,Police and Criminal Evidence Act 1984 (section 1),Offensive weapons,A no further action disposal,,False
Person search,2019-03-03T16:39:36+00:00,,,52.531082,-0.322629,Male,18-24,Other ethnic group - Not stated,,Misuse of Drugs Act 1971 (section 23),Controlled drugs,Caution (simple or conditional),True,False
Person search,2019-03-03T16:45:04+00:00,,,52.554080,-0.286144,Male,18-24,Black/African/Caribbean/Black British - Any other Black/African/Caribbean background,,Misuse of Drugs Act 1971 (section 23),Controlled drugs,A no further action disposal,,False
Person search,2019-03-04T12:04:16+00:00,,,52.590548,-0.217993,Male,over 34,Other ethnic group - Not stated,,Misuse of Drugs Act 1971 (section 23),Controlled drugs,A no further action disposal,,False
Person search,2019-03-04T23:20:21+00:00,,,52.578103,-0.234703,Male,18-24,Asian/Asian British - Any other Asian background,,Misuse of Drugs Act 1971 (section 23),Controlled drugs,A no further action disposal,,False
Person search,2019-03-05T01:42:14+00:00,,,52.598951,-0.254596,Male,over 34,Other ethnic group - Any other ethnic group,,Police and Criminal Evidence Act 1984 (section 1),Article for use in theft,A no further action disposal,,False
Person search,2019-03-05T03:35:57+00:00,,,52.595638,-0.260441,Male,25-34,White - Gypsy or Irish Traveller,,Police and Criminal Evidence Act 1984 (section 1),Article for use in theft,Arrest,False,False
Person and Vehicle search,2019-03-05T03:36:05+00:00,,,52.322884,0.006191,Male,18-24,White - English/Welsh/Scottish/Northern Irish/British,,Misuse of Drugs Act 1971 (section 23),Controlled drugs,Community resolution,True,False
Person and Vehicle search,2019-03-05T04:35:03+00:00,,,52.322884,0.006191,Male,18-24,White - English/Welsh/Scottish/Northern Irish/British,,Misuse of Drugs Act 1971 (section 23),Controlled drugs,A no further action disposal,,False
Person search,2019-03-05T20:01:57+00:00,,,52.228738,-0.266590,Male,18-24,White - English/Welsh/Scottish/Northern Irish/British,,Police and Criminal Evidence Act 1984 (section 1),Offensive weapons,A no further action disposal,,False
Person search,2019-03-05T21:19:19+00:00,,,52.666463,0.160055,Male,10-17,White - English/Welsh/Scottish/Northern Irish/British,,Misuse of Drugs Act 1971 (section 23),Controlled drugs,Summons / charged by post,False,False
Person and Vehicle search,2019-03-05T21:46:32+00:00,,,52.187699,0.180236,Male,over 34,White - English/Welsh/Scottish/Northern Irish/British,,Misuse of Drugs Act 1971 (section 23),Controlled drugs,Summons / charged by post,True,False
Person search,2019-03-05T21:53:56+00:00,,,52.666463,0.160055,Male,10-17,White - Gypsy or Irish Traveller,,Misuse of Drugs Act 1971 (section 23),Controlled drugs,Summons / charged by post,True,False
Person search,2019-03-05T22:02:22+00:00,,,52.666463,0.160055,Male,18-24,White - Gypsy or Irish Traveller,,Misuse of Drugs Act 1971 (section 23),Controlled drugs,A no further action disposal,,False
Person search,2019-03-05T22:11:53+00:00,,,52.666273,0.161125,Male,18-24,Other ethnic group - Not stated,,Misuse of Drugs Act 1971 (section 23),Controlled drugs,Summons / charged by post,False,False
Person search,2019-03-05T22:38:54+00:00,,,52.557692,-0.240656,Male,over 34,White - English/Welsh/Scottish/Northern Irish/British,,Police and Criminal Evidence Act 1984 (section 1),Stolen goods,A no further action disposal,,False
Person and Vehicle search,2019-03-05T22:53:24+00:00,,,52.195953,0.152341,Female,25-34,White - English/Welsh/Scottish/Northern Irish/British,,Misuse of Drugs Act 1971 (section 23),Controlled drugs,A no further action disposal,,False
Person search,2019-03-06T04:45:28+00:00,,,52.593546,-0.249614,Male,18-24,White - Gypsy or Irish Traveller,,Police and Criminal Evidence Act 1984 (section 1),Article for use in theft,A no further action disposal,,False
Person search,2019-03-06T09:38:19+00:00,,,52.510021,0.076642,Male,18-24,White - English/Welsh/Scottish/Northern Irish/British,,Misuse of Drugs Act 1971 (section 23),Controlled drugs,A no further action disposal,True,False
Person search,2019-03-06T21:21:12+00:00,,,52.536892,-0.264740,Male,,,,Police and Criminal Evidence Act 1984 (section 1),Offensive weapons,A no further action disposal,,False
Person search,2019-03-06T21:31:10+00:00,,,52.536892,-0.264740,Male,,,,Police and Criminal Evidence Act 1984 (section 1),Offensive weapons,A no further action disposal,,False
Person search,2019-03-06T21:36:03+00:00,,,52.536892,-0.264740,Male,,,,Police and Criminal Evidence Act 1984 (section 1),Offensive weapons,A no further action disposal,,False
Person search,2019-03-06T21:43:30+00:00,,,52.536892,-0.264740,Male,,,,Police and Criminal Evidence Act 1984 (section 1),Offensive weapons,A no further action disposal,,False
Person search,2019-03-06T22:26:53+00:00,,,52.536892,-0.264740,Male,,,,Police and Criminal Evidence Act 1984 (section 1),Offensive weapons,A no further action disposal,,False
Person search,2019-03-06T23:31:56+00:00,,,52.399293,0.263110,Male,over 34,White - English/Welsh/Scottish/Northern Irish/British,,Police and Criminal Evidence Act 1984 (section 1),Offensive weapons,A no further action disposal,,False
Person and Vehicle search,2019-03-07T00:16:30+00:00,,,52.401634,0.263906,Male,18-24,White - English/Welsh/Scottish/Northern Irish/British,,Police and Criminal Evidence Act 1984 (section 1),Article for use in theft,A no further action disposal,,False
Person search,2019-03-07T00:34:19+00:00,,,52.345508,0.217842,Male,18-24,White - English/Welsh/Scottish/Northern Irish/British,,Police and Criminal Evidence Act 1984 (section 1),Article for use in theft,A no further action disposal,,False
Person search,2019-03-07T03:41:52+00:00,,,52.577949,-0.282925,Male,25-34,White - Gypsy or Irish Traveller,,Police and Criminal Evidence Act 1984 (section 1),Article for use in theft,Arrest,False,False
Person search,2019-03-07T04:54:27+00:00,,,52.577949,-0.282925,Male,25-34,White - Gypsy or Irish Traveller,,Police and Criminal Evidence Act 1984 (section 1),Article for use in theft,Arrest,False,False
Person search,2019-03-07T05:09:50+00:00,,,52.591688,-0.252316,Male,18-24,Other ethnic group - Any other ethnic group,,Police and Criminal Evidence Act 1984 (section 1),Article for use in theft,A no further action disposal,,False
Person search,2019-03-07T15:55:39+00:00,,,52.580976,-0.233835,Male,18-24,Other ethnic group - Not stated,,Police and Criminal Evidence Act 1984 (section 1),Article for use in theft,A no further action disposal,,False
Person and Vehicle search,2019-03-07T19:33:24+00:00,,,52.192025,0.148800,Male,over 34,White - English/Welsh/Scottish/Northern Irish/British,,Misuse of Drugs Act 1971 (section 23),Controlled drugs,Summons / charged by post,True,True
Person search,2019-03-07T22:39:14+00:00,,,52.585463,-0.272284,Male,18-24,Black/African/Caribbean/Black British - Any other Black/African/Caribbean background,,Police and Criminal Evidence Act 1984 (section 1),Article for use in theft,Summons / charged by post,False,False
Person search,2019-03-08T03:26:22+00:00,,,52.585816,-0.271237,Male,10-17,White - English/Welsh/Scottish/Northern Irish/British,,Police and Criminal Evidence Act 1984 (section 1),Article for use in theft,A no further action disposal,,False
Person search,2019-03-08T06:25:02+00:00,,,52.215554,0.120643,Male,over 34,White - Gypsy or Irish Traveller,,Misuse of Drugs Act 1971 (section 23),Controlled drugs,A no further action disposal,,False
Person search,2019-03-08T06:31:14+00:00,,,52.215554,0.120643,Male,25-34,White - Gypsy or Irish Traveller,,Misuse of Drugs Act 1971 (section 23),Controlled drugs,A no further action disposal,,False
Person search,2019-03-08T07:29:35+00:00,,,52.344217,-0.160985,Male,18-24,Other ethnic group - Not stated,,Misuse of Drugs Act 1971 (section 23),Controlled drugs,A no further action disposal,,False
Person search,2019-03-08T21:54:55+00:00,,,52.124799,0.156799,Male,10-17,White - English/Welsh/Scottish/Northern Irish/British,,Misuse of Drugs Act 1971 (section 23),Controlled drugs,A no further action disposal,,False
Person search,2019-03-08T22:21:15+00:00,,,52.228795,-0.266192,Male,10-17,White - English/Welsh/Scottish/Northern Irish/British,,Police and Criminal Evidence Act 1984 (section 1),Offensive weapons,A no further action disposal,,False
Person search,2019-03-09T16:18:13+00:00,,,52.210314,0.142906,Male,25-34,Other ethnic group - Not stated,,Misuse of Drugs Act 1971 (section 23),Controlled drugs,A no further action disposal,,False
Person search,2019-03-09T16:40:46+00:00,,,52.210314,0.142906,Female,25-34,Other ethnic group - Not stated,,Misuse of Drugs Act 1971 (section 23),Controlled drugs,A no further action disposal,,False
Person search,2019-03-10T13:06:50+00:00,,,52.332535,-0.188798,Female,18-24,White - English/Welsh/Scottish/Northern Irish/British,,Police and Criminal Evidence Act 1984 (section 1),Offensive weapons,A no further action disposal,,True
Person search,2019-03-10T13:39:16+00:00,,,52.210314,0.142906,Male,over 34,Black/African/Caribbean/Black British - Any other Black/African/Caribbean background,,Misuse of Drugs Act 1971 (section 23),Controlled drugs,A no further action disposal,,False
Person search,2019-03-10T20:12:01+00:00,,,52.206868,0.142506,Male,25-34,White - English/Welsh/Scottish/Northern Irish/British,,Police and Criminal Evidence Act 1984 (section 1),Article for use in theft,A no further action disposal,,False
Person search,2019-03-10T20:19:43+00:00,,,52.206868,0.142506,Male,25-34,Other ethnic group - Not stated,,Police and Criminal Evidence Act 1984 (section 1),Article for use in theft,A no further action disposal,,False
Person search,2019-03-10T20:30:37+00:00,,,52.206868,0.142506,Male,over 34,White - English/Welsh/Scottish/Northern Irish/British,,Police and Criminal Evidence Act 1984 (section 1),Article for use in theft,A no further action disposal,,False
Person search,2019-03-10T20:37:59+00:00,,,52.206868,0.142506,Female,25-34,White - English/Welsh/Scottish/Northern Irish/British,,Police and Criminal Evidence Act 1984 (section 1),Article for use in theft,A no further action disposal,,False
Person search,2019-03-10T20:51:05+00:00,,,52.206868,0.142506,Male,,,,Police and Criminal Evidence Act 1984 (section 1),Article for use in theft,A no further action disposal,,False
Person search,2019-03-11T10:30:25+00:00,,,52.231817,-0.241913,Female,25-34,White - English/Welsh/Scottish/Northern Irish/British,,Police and Criminal Evidence Act 1984 (section 1),Article for use in theft,A no further action disposal,False,False
Person and Vehicle search,2019-03-12T03:50:36+00:00,,,52.225074,0.127744,Male,18-24,Other ethnic group - Not stated,,Police and Criminal Evidence Act 1984 (section 1),Offensive weapons,A no further action disposal,True,False
Person search,2019-03-12T04:10:51+00:00,,,52.225074,0.127744,Female,18-24,Other ethnic group - Not stated,,Police and Criminal Evidence Act 1984 (section 1),Offensive weapons,A no further action disposal,,False
Person search,2019-03-12T04:13:28+00:00,,,52.225074,0.127744,Male,10-17,Other ethnic group - Not stated,,Police and Criminal Evidence Act 1984 (section 1),Offensive weapons,A no further action disposal,,False
Person search,2019-03-12T04:15:34+00:00,,,52.225074,0.127744,Male,10-17,Other ethnic group - Any other ethnic group,,Police and Criminal Evidence Act 1984 (section 1),Offensive weapons,A no further action disposal,,False
Person search,2019-03-12T04:18:09+00:00,,,52.225074,0.127744,Male,18-24,Other ethnic group - Not stated,,Police and Criminal Evidence Act 1984 (section 1),Offensive weapons,A no further action disposal,,False
Person search,2019-03-12T04:20:59+00:00,,,52.225074,0.127744,Male,18-24,Other ethnic group - Not stated,,Police and Criminal Evidence Act 1984 (section 1),Offensive weapons,A no further action disposal,,False
Person search,2019-03-12T15:22:30+00:00,,,52.222360,-0.258420,Male,10-17,White - English/Welsh/Scottish/Northern Irish/British,,Police and Criminal Evidence Act 1984 (section 1),Articles for use in criminal damage,A no further action disposal,,False
Person search,2019-03-13T07:31:59+00:00,,,52.098190,0.276380,Male,10-17,White - English/Welsh/Scottish/Northern Irish/British,,Misuse of Drugs Act 1971 (section 23),Controlled drugs,A no further action disposal,,False
Person search,2019-03-13T07:33:58+00:00,,,52.097644,0.279053,Male,10-17,White - English/Welsh/Scottish/Northern Irish/British,,Misuse of Drugs Act 1971 (section 23),Controlled drugs,A no further action disposal,,False
Person and Vehicle search,2019-03-13T07:35:23+00:00,,,52.173633,0.105632,Male,18-24,White - English/Welsh/Scottish/Northern Irish/British,,Misuse of Drugs Act 1971 (section 23),Controlled drugs,A no further action disposal,,False
Person and Vehicle search,2019-03-13T07:37:38+00:00,,,52.173633,0.105632,Male,18-24,White - English/Welsh/Scottish/Northern Irish/British,,Misuse of Drugs Act 1971 (section 23),Controlled drugs,Community resolution,True,False
Person and Vehicle search,2019-03-13T07:39:58+00:00,,,52.173633,0.105632,Male,18-24,White - English/Welsh/Scottish/Northern Irish/British,,Misuse of Drugs Act 1971 (section 23),Controlled drugs,A no further action disposal,,False
Person and Vehicle search,2019-03-13T07:41:44+00:00,,,52.103712,0.162703,Female,18-24,White - English/Welsh/Scottish/Northern Irish/British,,Misuse of Drugs Act 1971 (section 23),Controlled drugs,A no further action disposal,,False
Person and Vehicle search,2019-03-13T07:42:51+00:00,,,52.103712,0.162703,Male,18-24,White - English/Welsh/Scottish/Northern Irish/British,,Misuse of Drugs Act 1971 (section 23),Controlled drugs,Community resolution,True,False
Person search,2019-03-13T07:44:56+00:00,,,52.126858,0.168075,Female,10-17,White - English/Welsh/Scottish/Northern Irish/British,,Misuse of Drugs Act 1971 (section 23),Controlled drugs,A no further action disposal,,False
Person search,2019-03-13T07:46:03+00:00,,,52.124799,0.156799,Male,10-17,White - English/Welsh/Scottish/Northern Irish/British,,Misuse of Drugs Act 1971 (section 23),Controlled drugs,Community resolution,True,False
Person search,2019-03-13T20:39:40+00:00,,,52.457716,0.306231,Male,18-24,White - English/Welsh/Scottish/Northern Irish/British,,Misuse of Drugs Act 1971 (section 23),Controlled drugs,Summons / charged by post,True,False
Person search,2019-03-13T21:11:53+00:00,,,52.168078,0.118078,Male,10-17,White - English/Welsh/Scottish/Northern Irish/British,,Police and Criminal Evidence Act 1984 (section 1),Article for use in theft,A no further action disposal,False,False
Person search,2019-03-13T21:35:39+00:00,,,52.168078,0.118078,Male,18-24,,,Police and Criminal Evidence Act 1984 (section 1),Article for use in theft,A no further action disposal,,False
Vehicle search,2019-03-14T17:44:55+00:00,,,52.215640,0.165911,,,,,Misuse of Drugs Act 1971 (section 23),Controlled drugs,A no further action disposal,,
Person search,2019-03-15T00:35:27+00:00,,,52.217278,0.140211,Female,10-17,White - English/Welsh/Scottish/Northern Irish/British,,Police and Criminal Evidence Act 1984 (section 1),Offensive weapons,A no further action disposal,,False
Person and Vehicle search,2019-03-15T13:05:59+00:00,,,52.214830,0.162534,Male,,,,Police and Criminal Evidence Act 1984 (section 1),Article for use in theft,Penalty Notice for Disorder,False,False
Person search,2019-03-15T22:15:52+00:00,,,52.194848,0.264679,Male,10-17,White - English/Welsh/Scottish/Northern Irish/British,,Misuse of Drugs Act 1971 (section 23),Controlled drugs,A no further action disposal,,False
Person search,2019-03-15T22:21:04+00:00,,,52.194848,0.264679,Male,10-17,White - English/Welsh/Scottish/Northern Irish/British,,Misuse of Drugs Act 1971 (section 23),Controlled drugs,A no further action disposal,,False
Person search,2019-03-16T05:19:36+00:00,,,52.580255,-0.225318,Female,25-34,White - English/Welsh/Scottish/Northern Irish/British,,Police and Criminal Evidence Act 1984 (section 1),Article for use in theft,A no further action disposal,,False
Person search,2019-03-16T13:07:53+00:00,,,52.194848,0.264679,Male,10-17,White - English/Welsh/Scottish/Northern Irish/British,,Misuse of Drugs Act 1971 (section 23),Controlled drugs,A no further action disposal,,False
Person search,2019-03-16T13:09:12+00:00,,,52.194848,0.264679,Male,10-17,White - English/Welsh/Scottish/Northern Irish/British,,Misuse of Drugs Act 1971 (section 23),Controlled drugs,A no further action disposal,,False
Person search,2019-03-16T19:25:27+00:00,,,52.572331,-0.240793,Male,25-34,White - English/Welsh/Scottish/Northern Irish/British,,Police and Criminal Evidence Act 1984 (section 1),Article for use in theft,A no further action disposal,,False
Person search,2019-03-16T19:35:03+00:00,,,52.580255,-0.225318,Male,25-34,Mixed/Multiple ethnic groups - White and Black Caribbean,,Police and Criminal Evidence Act 1984 (section 1),Article for use in theft,A no further action disposal,,False
Person search,2019-03-16T23:09:06+00:00,,,52.216040,0.127635,Male,25-34,Other ethnic group - Not stated,,Police and Criminal Evidence Act 1984 (section 1),Article for use in theft,A no further action disposal,,False
Person search,2019-03-17T02:29:40+00:00,,,52.586791,-0.237926,Male,18-24,White - Gypsy or Irish Traveller,,Police and Criminal Evidence Act 1984 (section 1),Article for use in theft,A no further action disposal,,False
Person search,2019-03-17T03:03:19+00:00,,,52.574020,-0.241286,Male,over 34,White - Gypsy or Irish Traveller,,Police and Criminal Evidence Act 1984 (section 1),Article for use in theft,Arrest,False,False
Person search,2019-03-17T06:41:12+00:00,,,52.448454,0.045858,Male,10-17,White - English/Welsh/Scottish/Northern Irish/British,,Misuse of Drugs Act 1971 (section 23),Controlled drugs,Summons / charged by post,True,False
Person search,2019-03-17T10:50:31+00:00,,,52.216614,0.118190,Male,10-17,Asian/Asian British - Bangladeshi,,Misuse of Drugs Act 1971 (section 23),Controlled drugs,Arrest,True,True
Person and Vehicle search,2019-03-17T11:28:57+00:00,,,52.183887,0.157697,Male,over 34,White - Gypsy or Irish Traveller,,Misuse of Drugs Act 1971 (section 23),Controlled drugs,A no further action disposal,,False
Person and Vehicle search,2019-03-17T15:28:24+00:00,,,52.555745,-0.229508,Male,18-24,White - English/Welsh/Scottish/Northern Irish/British,,Misuse of Drugs Act 1971 (section 23),Controlled drugs,Community resolution,True,False
Person search,2019-03-17T17:04:33+00:00,,,52.570111,-0.295538,Female,18-24,White - Gypsy or Irish Traveller,,Firearms Act 1968 (section 47),Firearms,Arrest,,False
Person search,2019-03-18T09:11:19+00:00,,,52.570111,-0.295538,Female,18-24,White - Gypsy or Irish Traveller,,Police and Criminal Evidence Act 1984 (section 1),Offensive weapons,Arrest,,False
Person search,2019-03-18T16:48:13+00:00,,,52.596059,-0.220958,Male,over 34,White - English/Welsh/Scottish/Northern Irish/British,,Police and Criminal Evidence Act 1984 (section 1),Offensive weapons,Arrest,,False
Person search,2019-03-18T19:17:44+00:00,,,52.580976,-0.233835,Male,over 34,White - Irish,,Misuse of Drugs Act 1971 (section 23),Controlled drugs,A no further action disposal,,False
Person and Vehicle search,2019-03-18T20:04:49+00:00,,,52.580976,-0.233835,Male,over 34,Other ethnic group - Not stated,,Misuse of Drugs Act 1971 (section 23),Controlled drugs,A no further action disposal,,False
Person and Vehicle search,2019-03-18T22:55:56+00:00,,,52.076599,0.016217,Male,10-17,White - English/Welsh/Scottish/Northern Irish/British,,Misuse of Drugs Act 1971 (section 23),Controlled drugs,A no further action disposal,,False
Person and Vehicle search,2019-03-18T23:02:49+00:00,,,52.076599,0.016217,Male,18-24,White - English/Welsh/Scottish/Northern Irish/British,,Misuse of Drugs Act 1971 (section 23),Controlled drugs,A no further action disposal,,False
Person search,2019-03-19T02:35:28+00:00,,,52.397150,0.095018,Male,25-34,White - English/Welsh/Scottish/Northern Irish/British,,Misuse of Drugs Act 1971 (section 23),Controlled drugs,A no further action disposal,,False
Person search,2019-03-19T07:50:47+00:00,,,52.576955,-0.240962,Male,18-24,White - English/Welsh/Scottish/Northern Irish/British,,Police and Criminal Evidence Act 1984 (section 1),Offensive weapons,Arrest,False,False
Person search,2019-03-19T14:30:19+00:00,,,52.182917,0.153174,Male,10-17,Mixed/Multiple ethnic groups - Any other Mixed/Multiple ethnic background,,Police and Criminal Evidence Act 1984 (section 1),Offensive weapons,A no further action disposal,,False
Person and Vehicle search,2019-03-19T14:35:20+00:00,,,52.560246,-0.241911,Female,18-24,Other ethnic group - Not stated,,Misuse of Drugs Act 1971 (section 23),Controlled drugs,Caution (simple or conditional),True,False
Vehicle search,2019-03-19T15:21:16+00:00,,,52.560246,-0.241911,,,,,Misuse of Drugs Act 1971 (section 23),Controlled drugs,Arrest,True,
Person search,2019-03-19T18:06:42+00:00,,,52.560246,-0.241911,Male,18-24,Black/African/Caribbean/Black British - Any other Black/African/Caribbean background,,Misuse of Drugs Act 1971 (section 23),Controlled drugs,Arrest,True,False
Person search,2019-03-20T00:07:22+00:00,,,52.558297,-0.248081,Male,over 34,White - English/Welsh/Scottish/Northern Irish/British,,Police and Criminal Evidence Act 1984 (section 1),Stolen goods,Arrest,,False
Person and Vehicle search,2019-03-20T01:30:23+00:00,,,52.591431,-0.256843,Male,18-24,Asian/Asian British - Pakistani,,Misuse of Drugs Act 1971 (section 23),Controlled drugs,Community resolution,True,False
Person search,2019-03-20T05:40:02+00:00,,,52.190212,0.135750,Female,25-34,White - English/Welsh/Scottish/Northern Irish/British,,Police and Criminal Evidence Act 1984 (section 1),Offensive weapons,A no further action disposal,,False
Person search,2019-03-20T07:41:08+00:00,,,52.186877,0.152005,Male,over 34,Mixed/Multiple ethnic groups - Any other Mixed/Multiple ethnic background,,Misuse of Drugs Act 1971 (section 23),Controlled drugs,A no further action disposal,,False
Person and Vehicle search,2019-03-20T16:15:58+00:00,,,52.345576,-0.167403,Male,18-24,Other ethnic group - Not stated,,Misuse of Drugs Act 1971 (section 23),Controlled drugs,A no further action disposal,,False
Person search,2019-03-20T17:14:20+00:00,,,52.570838,-0.243155,Male,18-24,White - English/Welsh/Scottish/Northern Irish/British,,Misuse of Drugs Act 1971 (section 23),Controlled drugs,A no further action disposal,,False
Person search,2019-03-20T23:45:42+00:00,,,52.175892,0.141982,Male,over 34,Asian/Asian British - Any other Asian background,,Firearms Act 1968 (section 47),Firearms,A no further action disposal,,False
Person search,2019-03-21T01:29:54+00:00,,,52.458100,0.301276,Male,10-17,White - English/Welsh/Scottish/Northern Irish/British,,Police and Criminal Evidence Act 1984 (section 1),Offensive weapons,A no further action disposal,,False
Person search,2019-03-21T02:29:52+00:00,,,52.458100,0.301276,Male,10-17,White - English/Welsh/Scottish/Northern Irish/British,,Police and Criminal Evidence Act 1984 (section 1),Offensive weapons,A no further action disposal,,False
Person search,2019-03-21T14:15:14+00:00,,,52.204974,0.138404,Male,18-24,Black/African/Caribbean/Black British - Any other Black/African/Caribbean background,,Misuse of Drugs Act 1971 (section 23),Controlled drugs,Arrest,True,False
Person and Vehicle search,2019-03-21T16:08:48+00:00,,,52.499575,-0.294157,Female,10-17,White - English/Welsh/Scottish/Northern Irish/British,,Misuse of Drugs Act 1971 (section 23),Controlled drugs,A no further action disposal,,False
Vehicle search,2019-03-21T16:10:45+00:00,,,52.265195,0.110789,,,,,Misuse of Drugs Act 1971 (section 23),Controlled drugs,A no further action disposal,,
Person search,2019-03-21T22:01:58+00:00,,,52.077154,-0.056958,Male,10-17,White - English/Welsh/Scottish/Northern Irish/British,,Misuse of Drugs Act 1971 (section 23),Controlled drugs,A no further action disposal,,False
Person search,2019-03-22T00:22:46+00:00,,,52.204127,0.136022,Male,25-34,Black/African/Caribbean/Black British - African,,Misuse of Drugs Act 1971 (section 23),Controlled drugs,Arrest,True,True
Person and Vehicle search,2019-03-22T05:29:57+00:00,,,52.573111,-0.232793,Male,25-34,White - English/Welsh/Scottish/Northern Irish/British,,Misuse of Drugs Act 1971 (section 23),Controlled drugs,A no further action disposal,,False
Person search,2019-03-22T05:31:14+00:00,,,52.573111,-0.232793,Male,18-24,Other ethnic group - Not stated,,Misuse of Drugs Act 1971 (section 23),Controlled drugs,A no further action disposal,,False
Vehicle search,2019-03-22T05:32:38+00:00,,,52.573111,-0.232793,,,,,Misuse of Drugs Act 1971 (section 23),Controlled drugs,A no further action disposal,,
Person search,2019-03-22T15:12:46+00:00,,,52.098190,0.276380,Male,10-17,White - English/Welsh/Scottish/Northern Irish/British,,Misuse of Drugs Act 1971 (section 23),Controlled drugs,A no further action disposal,,False
Person search,2019-03-22T15:24:20+00:00,,,52.098190,0.276380,Male,10-17,White - English/Welsh/Scottish/Northern Irish/British,,Misuse of Drugs Act 1971 (section 23),Controlled drugs,Arrest,True,False
Person search,2019-03-22T15:27:10+00:00,,,52.098190,0.276380,Male,10-17,White - English/Welsh/Scottish/Northern Irish/British,,Misuse of Drugs Act 1971 (section 23),Controlled drugs,Community resolution,True,False
Person search,2019-03-22T17:13:46+00:00,,,52.663804,0.169758,Male,25-34,White - English/Welsh/Scottish/Northern Irish/British,,Misuse of Drugs Act 1971 (section 23),Controlled drugs,A no further action disposal,,False
Person and Vehicle search,2019-03-22T20:32:17+00:00,,,52.215670,0.156880,Male,25-34,White - English/Welsh/Scottish/Northern Irish/British,,Misuse of Drugs Act 1971 (section 23),Controlled drugs,A no further action disposal,True,False
Person search,2019-03-22T23:11:37+00:00,,,52.098190,0.276380,Male,10-17,Black/African/Caribbean/Black British - Any other Black/African/Caribbean background,,Misuse of Drugs Act 1971 (section 23),Controlled drugs,A no further action disposal,,False
Person search,2019-03-22T23:16:21+00:00,,,52.098190,0.276380,Male,10-17,White - English/Welsh/Scottish/Northern Irish/British,,Misuse of Drugs Act 1971 (section 23),Controlled drugs,A no further action disposal,,False
Person search,2019-03-22T23:19:38+00:00,,,52.098190,0.276380,Male,10-17,White - English/Welsh/Scottish/Northern Irish/British,,Misuse of Drugs Act 1971 (section 23),Controlled drugs,A no further action disposal,,False
Person and Vehicle search,2019-03-22T23:26:44+00:00,,,,,Male,18-24,White - English/Welsh/Scottish/Northern Irish/British,,Misuse of Drugs Act 1971 (section 23),Controlled drugs,Community resolution,True,False
Person and Vehicle search,2019-03-22T23:30:31+00:00,,,,,Male,18-24,White - English/Welsh/Scottish/Northern Irish/British,,Misuse of Drugs Act 1971 (section 23),Controlled drugs,Community resolution,True,False
Person search,2019-03-23T04:56:04+00:00,,,52.590292,-0.246628,Male,over 34,Asian/Asian British - Any other Asian background,,Misuse of Drugs Act 1971 (section 23),Controlled drugs,Arrest,,False
Person search,2019-03-23T05:04:33+00:00,,,52.590292,-0.246628,Male,25-34,Asian/Asian British - Any other Asian background,,Misuse of Drugs Act 1971 (section 23),Controlled drugs,Arrest,False,False
Person and Vehicle search,2019-03-23T07:10:38+00:00,,,52.590292,-0.246628,Male,25-34,Other ethnic group - Any other ethnic group,,Misuse of Drugs Act 1971 (section 23),Controlled drugs,Arrest,True,False
Vehicle search,2019-03-23T17:40:15+00:00,,,52.214680,0.084429,,,,,Police and Criminal Evidence Act 1984 (section 1),Offensive weapons,A no further action disposal,,
Person and Vehicle search,2019-03-23T20:28:45+00:00,,,52.448142,0.057115,Male,25-34,Black/African/Caribbean/Black British - Any other Black/African/Caribbean background,,Misuse of Drugs Act 1971 (section 23),Controlled drugs,Summons / charged by post,,False
Person and Vehicle search,2019-03-23T22:18:29+00:00,,,52.226829,0.255045,Male,18-24,White - Gypsy or Irish Traveller,,Police and Criminal Evidence Act 1984 (section 1),Offensive weapons,Arrest,True,False
Person search,2019-03-24T10:35:33+00:00,,,52.225398,0.086454,Female,over 34,White - English/Welsh/Scottish/Northern Irish/British,,Police and Criminal Evidence Act 1984 (section 1),Article for use in theft,A no further action disposal,,False
Person and Vehicle search,2019-03-24T18:15:16+00:00,,,52.449601,0.043497,Male,10-17,White - English/Welsh/Scottish/Northern Irish/British,,Misuse of Drugs Act 1971 (section 23),Controlled drugs,Summons / charged by post,True,False
Person and Vehicle search,2019-03-25T07:24:09+00:00,,,52.224504,0.116487,Male,18-24,Other ethnic group - Not stated,,Misuse of Drugs Act 1971 (section 23),Controlled drugs,A no further action disposal,,False
Person search,2019-03-25T08:33:59+00:00,,,52.224504,0.116487,Male,25-34,Other ethnic group - Not stated,,Misuse of Drugs Act 1971 (section 23),Controlled drugs,A no further action disposal,,False
Person and Vehicle search,2019-03-25T14:44:38+00:00,,,52.121082,0.165311,Female,18-24,White - English/Welsh/Scottish/Northern Irish/British,,Misuse of Drugs Act 1971 (section 23),Controlled drugs,A no further action disposal,,False
Person and Vehicle search,2019-03-25T14:50:04+00:00,,,52.121082,0.165311,Male,10-17,White - English/Welsh/Scottish/Northern Irish/British,,Misuse of Drugs Act 1971 (section 23),Controlled drugs,A no further action disposal,,False
Person and Vehicle search,2019-03-25T14:52:49+00:00,,,52.121082,0.165311,Male,18-24,Other ethnic group - Not stated,,Misuse of Drugs Act 1971 (section 23),Controlled drugs,A no further action disposal,,False
Person and Vehicle search,2019-03-25T14:55:48+00:00,,,52.121082,0.165311,Male,18-24,White - English/Welsh/Scottish/Northern Irish/British,,Misuse of Drugs Act 1971 (section 23),Controlled drugs,A no further action disposal,,False
Person and Vehicle search,2019-03-25T14:57:40+00:00,,,52.121082,0.165311,Male,18-24,White - English/Welsh/Scottish/Northern Irish/British,,Misuse of Drugs Act 1971 (section 23),Controlled drugs,A no further action disposal,,False
Person search,2019-03-25T21:12:36+00:00,,,52.622853,-0.288216,Male,25-34,Asian/Asian British - Any other Asian background,,Misuse of Drugs Act 1971 (section 23),Controlled drugs,A no further action disposal,,False
Person search,2019-03-25T21:36:22+00:00,,,52.622853,-0.288216,Male,over 34,Other ethnic group - Any other ethnic group,,Misuse of Drugs Act 1971 (section 23),Controlled drugs,A no further action disposal,,False
Person and Vehicle search,2019-03-25T21:39:17+00:00,,,52.622853,-0.288216,Male,25-34,White - English/Welsh/Scottish/Northern Irish/British,,Misuse of Drugs Act 1971 (section 23),Controlled drugs,Community resolution,True,False
Person search,2019-03-26T09:22:32+00:00,,,52.597588,-0.264055,Male,25-34,Other ethnic group - Not stated,,Police and Criminal Evidence Act 1984 (section 1),Article for use in theft,A no further action disposal,,False
Person search,2019-03-26T09:37:48+00:00,,,52.189942,0.128817,Male,18-24,Other ethnic group - Not stated,,Misuse of Drugs Act 1971 (section 23),Controlled drugs,A no further action disposal,True,False
Person search,2019-03-26T09:51:58+00:00,,,52.189942,0.128817,Male,10-17,Mixed/Multiple ethnic groups - Any other Mixed/Multiple ethnic background,,Misuse of Drugs Act 1971 (section 23),Controlled drugs,A no further action disposal,True,False
Person search,2019-03-27T09:24:14+00:00,,,52.576530,0.276243,Male,10-17,Asian/Asian British - Any other Asian background,,Police and Criminal Evidence Act 1984 (section 1),Article for use in theft,A no further action disposal,,False
Person search,2019-03-27T22:24:19+00:00,,,52.177921,-0.169139,Female,18-24,White - English/Welsh/Scottish/Northern Irish/British,,Misuse of Drugs Act 1971 (section 23),Controlled drugs,A no further action disposal,,False
Person search,2019-03-28T03:08:57+00:00,,,52.200192,0.139785,Female,18-24,White - Gypsy or Irish Traveller,,Misuse of Drugs Act 1971 (section 23),Controlled drugs,A no further action disposal,,False
Person search,2019-03-28T04:51:10+00:00,,,52.200192,0.139785,Male,18-24,White - Gypsy or Irish Traveller,,Misuse of Drugs Act 1971 (section 23),Controlled drugs,A no further action disposal,,False
Vehicle search,2019-03-28T05:00:40+00:00,,,52.200192,0.139785,,,,,Misuse of Drugs Act 1971 (section 23),Controlled drugs,Arrest,True,
Person search,2019-03-28T09:01:54+00:00,,,52.331093,-0.182678,Male,18-24,White - English/Welsh/Scottish/Northern Irish/British,,Misuse of Drugs Act 1971 (section 23),Controlled drugs,A no further action disposal,,False
Person search,2019-03-28T09:08:40+00:00,,,52.345322,-0.171333,Male,over 34,White - English/Welsh/Scottish/Northern Irish/British,,Misuse of Drugs Act 1971 (section 23),Controlled drugs,A no further action disposal,,False
Vehicle search,2019-03-28T17:37:16+00:00,,,52.604570,-0.249145,,,,,Misuse of Drugs Act 1971 (section 23),Controlled drugs,Community resolution,True,
Person and Vehicle search,2019-03-29T00:46:47+00:00,,,52.224131,0.149530,Male,over 34,Other ethnic group - Not stated,,Misuse of Drugs Act 1971 (section 23),Controlled drugs,A no further action disposal,,False
Person search,2019-03-29T03:59:28+00:00,,,52.560470,-0.150419,Male,18-24,White - English/Welsh/Scottish/Northern Irish/British,,Misuse of Drugs Act 1971 (section 23),Controlled drugs,Arrest,False,False
Person search,2019-03-29T07:37:24+00:00,,,52.084342,0.020915,Male,10-17,Black/African/Caribbean/Black British - African,,Police and Criminal Evidence Act 1984 (section 1),Article for use in theft,A no further action disposal,,False
Person search,2019-03-29T07:47:19+00:00,,,52.084342,0.020915,Male,10-17,White - English/Welsh/Scottish/Northern Irish/British,,Police and Criminal Evidence Act 1984 (section 1),Article for use in theft,A no further action disposal,,False
Person search,2019-03-29T07:49:41+00:00,,,52.084342,0.020915,Male,10-17,White - English/Welsh/Scottish/Northern Irish/British,,Police and Criminal Evidence Act 1984 (section 1),Article for use in theft,A no further action disposal,,False
Person and Vehicle search,2019-03-29T15:41:25+00:00,,,52.311373,0.064220,Male,25-34,White - English/Welsh/Scottish/Northern Irish/British,,Firearms Act 1968 (section 47),Firearms,A no further action disposal,,False
Vehicle search,2019-03-29T22:36:10+00:00,,,52.170266,-0.189868,,,,,Misuse of Drugs Act 1971 (section 23),Controlled drugs,Khat or Cannabis warning,True,
Person search,2019-03-29T22:41:15+00:00,,,52.187850,0.020208,Male,10-17,White - English/Welsh/Scottish/Northern Irish/British,,Misuse of Drugs Act 1971 (section 23),Controlled drugs,Community resolution,True,False
Person search,2019-03-29T22:44:57+00:00,,,52.187850,0.020208,Male,10-17,White - English/Welsh/Scottish/Northern Irish/British,,Misuse of Drugs Act 1971 (section 23),Controlled drugs,A no further action disposal,,False
Person search,2019-03-30T04:30:51+00:00,False,,52.667555,0.161321,Male,18-24,White - Gypsy or Irish Traveller,,Police and Criminal Evidence Act 1984 (section 1),Offensive weapons,A no further action disposal,False,False
Person search,2019-03-30T14:15:23+00:00,,,52.574695,-0.244978,Male,18-24,Other ethnic group - Not stated,,Police and Criminal Evidence Act 1984 (section 1),Stolen goods,Community resolution,,False
Person search,2019-03-30T16:26:48+00:00,,,52.575828,-0.244992,Male,18-24,Other ethnic group - Not stated,,Police and Criminal Evidence Act 1984 (section 1),Stolen goods,A no further action disposal,,False
Person and Vehicle search,2019-03-30T23:16:41+00:00,,,52.132826,0.316225,Male,18-24,White - English/Welsh/Scottish/Northern Irish/British,,Misuse of Drugs Act 1971 (section 23),Controlled drugs,A no further action disposal,,False
Person search,2019-03-30T23:24:16+00:00,,,52.152621,0.141435,Male,10-17,White - English/Welsh/Scottish/Northern Irish/British,,Misuse of Drugs Act 1971 (section 23),Controlled drugs,A no further action disposal,,False
Person and Vehicle search,2019-03-31T04:18:32+00:00,,,52.236968,-0.284019,Male,over 34,White - English/Welsh/Scottish/Northern Irish/British,,Misuse of Drugs Act 1971 (section 23),Controlled drugs,Community resolution,True,False
Person search,2019-03-31T06:03:10+00:00,,,52.578157,-0.250492,Male,18-24,Other ethnic group - Any other ethnic group,,Misuse of Drugs Act 1971 (section 23),Controlled drugs,A no further action disposal,True,False
Person search,2019-03-31T06:32:38+00:00,,,52.578157,-0.250492,Male,18-24,Other ethnic group - Not stated,,Misuse of Drugs Act 1971 (section 23),Controlled drugs,A no further action disposal,,False
Person search,2019-03-31T13:19:29+00:00,,,52.338916,-0.158915,Male,18-24,White - English/Welsh/Scottish/Northern Irish/British,,Misuse of Drugs Act 1971 (section 23),Controlled drugs,A no further action disposal,,False
Vehicle search,2019-03-31T13:35:10+00:00,,,52.338916,-0.158915,,,,,Misuse of Drugs Act 1971 (section 23),Controlled drugs,A no further action disposal,True,
Person search,2019-03-31T13:42:24+00:00,,,52.338916,-0.158915,Female,18-24,White - English/Welsh/Scottish/Northern Irish/British,,Misuse of Drugs Act 1971 (section 23),Controlled drugs,A no further action disposal,,False
Person search,2019-03-31T13:49:54+00:00,,,52.338916,-0.158915,Male,18-24,White - English/Welsh/Scottish/Northern Irish/British,,Misuse of Drugs Act 1971 (section 23),Controlled drugs,A no further action disposal,,False
Person search,2019-03-31T22:28:22+00:00,,,52.535392,-0.223058,Male,18-24,Black/African/Caribbean/Black British - African,,Misuse of Drugs Act 1971 (section 23),Controlled drugs,Community resolution,True,False
