Type,Date,Part of a policing operation,Policing operation,Latitude,Longitude,Gender,Age range,Self-defined ethnicity,Officer-defined ethnicity,Legislation,Object of search,Outcome,Outcome linked to object of search,Removal of more than just outer clothing
Person search,2019-10-01T10:10:00+00:00,,,53.957786,-1.082777,Female,18-24,White - English/Welsh/Scottish/Northern Irish/British,White,Police and Criminal Evidence Act 1984 (section 1),Article for use in theft,Community resolution,True,
Person search,2019-10-01T10:10:00+00:00,,,53.957786,-1.082777,Male,25-34,Other ethnic group - Not stated,White,Police and Criminal Evidence Act 1984 (section 1),Stolen goods,A no further action disposal,,
Person search,2019-10-01T14:10:00+00:00,,,53.958983,-1.082964,Male,25-34,White - English/Welsh/Scottish/Northern Irish/British,White,Police and Criminal Evidence Act 1984 (section 1),Stolen goods,Arrest,True,
Person search,2019-10-02T06:10:00+00:00,,,53.970851,-1.071757,Male,25-34,White - English/Welsh/Scottish/Northern Irish/British,,,,Arrest,True,
Person search,2019-10-02T13:10:00+00:00,,,53.957391,-1.079250,Female,25-34,Asian/Asian British - Bangladeshi,Asian,Police and Criminal Evidence Act 1984 (section 1),Article for use in theft,Community resolution,True,
Person search,2019-10-02T13:10:00+00:00,,,53.958707,-1.079769,Male,over 34,White - English/Welsh/Scottish/Northern Irish/British,White,Misuse of Drugs Act 1971 (section 23),Controlled drugs,A no further action disposal,,
Person search,2019-10-02T14:10:00+00:00,,,54.004656,-1.531530,Male,10-17,White - English/Welsh/Scottish/Northern Irish/British,,Misuse of Drugs Act 1971 (section 23),,A no further action disposal,,
Person search,2019-10-02T14:10:00+00:00,,,54.004656,-1.531530,Male,18-24,White - English/Welsh/Scottish/Northern Irish/British,,Misuse of Drugs Act 1971 (section 23),,A no further action disposal,,
Person search,2019-10-03T03:10:00+00:00,,,53.957178,-1.087865,Male,25-34,White - Irish,White,Misuse of Drugs Act 1971 (section 23),Controlled drugs,A no further action disposal,,
Person search,2019-10-03T15:10:00+00:00,,,53.905627,-1.378602,Male,10-17,White - English/Welsh/Scottish/Northern Irish/British,White,Misuse of Drugs Act 1971 (section 23),,A no further action disposal,,
Person search,2019-10-03T18:10:00+00:00,,,54.276740,-0.400691,Male,over 34,Asian/Asian British - Any other Asian background,Asian,Misuse of Drugs Act 1971 (section 23),,A no further action disposal,,
Person search,2019-10-03T19:10:00+00:00,,,53.978309,-1.062199,Male,10-17,White - English/Welsh/Scottish/Northern Irish/British,White,Misuse of Drugs Act 1971 (section 23),,A no further action disposal,,
Person search,2019-10-03T23:10:00+00:00,,,53.959683,-1.080480,Male,over 34,Other ethnic group - Not stated,,Police and Criminal Evidence Act 1984 (section 1),Offensive weapons,A no further action disposal,,
Person search,2019-10-04T03:10:00+00:00,,,53.993438,-1.538032,Male,over 34,White - English/Welsh/Scottish/Northern Irish/British,White,Misuse of Drugs Act 1971 (section 23),Controlled drugs,A no further action disposal,,
Person search,2019-10-04T19:10:00+00:00,,,53.783588,-1.065589,Female,10-17,White - English/Welsh/Scottish/Northern Irish/British,White,Police and Criminal Evidence Act 1984 (section 1),Offensive weapons,A no further action disposal,,
Person search,2019-10-04T21:10:00+00:00,,,53.968444,-1.076552,Male,25-34,Other ethnic group - Not stated,,Police and Criminal Evidence Act 1984 (section 1),Offensive weapons,A no further action disposal,,
Person search,2019-10-04T21:10:00+00:00,,,53.956519,-1.073417,Female,25-34,White - English/Welsh/Scottish/Northern Irish/British,White,Police and Criminal Evidence Act 1984 (section 1),Offensive weapons,A no further action disposal,,
Person search,2019-10-05T02:10:00+00:00,,,53.976327,-1.130947,Male,18-24,White - English/Welsh/Scottish/Northern Irish/British,White,Police and Criminal Evidence Act 1984 (section 1),Offensive weapons,A no further action disposal,,
Person search,2019-10-05T02:10:00+00:00,,,53.952564,-1.136074,Male,18-24,White - English/Welsh/Scottish/Northern Irish/British,White,Police and Criminal Evidence Act 1984 (section 1),Offensive weapons,A no further action disposal,,
Person search,2019-10-05T02:10:00+00:00,,,53.952564,-1.136074,Male,18-24,White - English/Welsh/Scottish/Northern Irish/British,,Police and Criminal Evidence Act 1984 (section 1),Offensive weapons,A no further action disposal,,
Person search,2019-10-05T12:10:00+00:00,,,53.987785,-1.095371,Male,over 34,White - Any other White background,White,Police and Criminal Evidence Act 1984 (section 1),Article for use in theft,A no further action disposal,,
Person search,2019-10-05T14:10:00+00:00,,,54.081209,-1.136171,Male,10-17,White - English/Welsh/Scottish/Northern Irish/British,White,Police and Criminal Evidence Act 1984 (section 1),Stolen goods,A no further action disposal,,
Person search,2019-10-05T15:10:00+00:00,,,53.956732,-1.085924,Male,18-24,White - English/Welsh/Scottish/Northern Irish/British,White,Misuse of Drugs Act 1971 (section 23),Controlled drugs,A no further action disposal,,
Person search,2019-10-05T16:10:00+00:00,,,54.280537,-0.403002,Male,10-17,White - English/Welsh/Scottish/Northern Irish/British,White,Police and Criminal Evidence Act 1984 (section 1),Offensive weapons,A no further action disposal,,
Person search,2019-10-05T16:10:00+00:00,,,,,Male,18-24,White - English/Welsh/Scottish/Northern Irish/British,White,Misuse of Drugs Act 1971 (section 23),,Khat or Cannabis warning,True,
Person search,2019-10-05T16:10:00+00:00,,,,,Male,10-17,Other ethnic group - Not stated,White,Police and Criminal Evidence Act 1984 (section 1),Offensive weapons,A no further action disposal,,
Person search,2019-10-05T21:10:00+00:00,,,54.280975,-0.406948,Male,10-17,White - English/Welsh/Scottish/Northern Irish/British,White,Police and Criminal Evidence Act 1984 (section 1),Offensive weapons,A no further action disposal,,
Person search,2019-10-05T22:10:00+00:00,,,53.958707,-1.079769,Male,18-24,White - English/Welsh/Scottish/Northern Irish/British,White,Misuse of Drugs Act 1971 (section 23),Controlled drugs,Arrest,False,
Person search,2019-10-06T00:10:00+00:00,,,54.404091,-1.739271,Male,18-24,White - English/Welsh/Scottish/Northern Irish/British,White,Misuse of Drugs Act 1971 (section 23),,A no further action disposal,False,
Person search,2019-10-06T11:10:00+00:00,,,,,Male,over 34,White - English/Welsh/Scottish/Northern Irish/British,White,,,A no further action disposal,,
Person search,2019-10-06T11:10:00+00:00,,,54.001364,-1.574253,Male,25-34,White - English/Welsh/Scottish/Northern Irish/British,White,Police and Criminal Evidence Act 1984 (section 1),Article for use in theft,A no further action disposal,,
Person search,2019-10-06T13:10:00+00:00,,,54.275877,-0.416375,Male,25-34,White - Irish,White,Police and Criminal Evidence Act 1984 (section 1),Article for use in theft,Arrest,False,
Person search,2019-10-07T13:10:00+00:00,,,54.273151,-0.402535,Male,over 34,White - English/Welsh/Scottish/Northern Irish/British,White,Misuse of Drugs Act 1971 (section 23),Controlled drugs,A no further action disposal,,
Person search,2019-10-07T15:10:00+00:00,,,54.277261,-0.412236,Male,10-17,Other ethnic group - Not stated,White,Police and Criminal Evidence Act 1984 (section 1),Offensive weapons,A no further action disposal,,
Person search,2019-10-07T16:10:00+00:00,,,54.280871,-0.405861,Male,10-17,White - English/Welsh/Scottish/Northern Irish/British,White,Police and Criminal Evidence Act 1984 (section 1),Offensive weapons,A no further action disposal,,
Person and Vehicle search,2019-10-07T22:10:00+00:00,,,53.996491,-1.530569,Male,18-24,White - English/Welsh/Scottish/Northern Irish/British,White,Misuse of Drugs Act 1971 (section 23),,A no further action disposal,,
Person search,2019-10-08T08:10:00+00:00,,,54.483569,-0.613323,Male,18-24,White - English/Welsh/Scottish/Northern Irish/British,White,Police and Criminal Evidence Act 1984 (section 1),Stolen goods,A no further action disposal,,
Person search,2019-10-08T13:10:00+00:00,,,54.404114,-1.737222,Male,over 34,White - English/Welsh/Scottish/Northern Irish/British,White,Police and Criminal Evidence Act 1984 (section 1),Article for use in theft,A no further action disposal,,
Person search,2019-10-08T13:10:00+00:00,,,53.998365,-1.536223,Female,over 34,White - English/Welsh/Scottish/Northern Irish/British,White,Misuse of Drugs Act 1971 (section 23),Controlled drugs,A no further action disposal,,
Person search,2019-10-08T14:10:00+00:00,,,53.994245,-1.535262,Male,over 34,White - English/Welsh/Scottish/Northern Irish/British,White,Misuse of Drugs Act 1971 (section 23),Controlled drugs,A no further action disposal,,
Person search,2019-10-09T11:10:00+00:00,,,54.280762,-0.404391,Male,10-17,White - English/Welsh/Scottish/Northern Irish/British,White,Misuse of Drugs Act 1971 (section 23),,A no further action disposal,,
Person search,2019-10-09T12:10:00+00:00,,,54.280762,-0.404391,Male,18-24,White - English/Welsh/Scottish/Northern Irish/British,White,Misuse of Drugs Act 1971 (section 23),,A no further action disposal,,
Person search,2019-10-09T13:10:00+00:00,,,54.278549,-0.404937,Male,over 34,White - English/Welsh/Scottish/Northern Irish/British,White,Police and Criminal Evidence Act 1984 (section 1),Stolen goods,A no further action disposal,False,
Person search,2019-10-09T14:10:00+00:00,,,53.991324,-1.549388,Male,18-24,Black/African/Caribbean/Black British - African,Black,Misuse of Drugs Act 1971 (section 23),,Khat or Cannabis warning,True,
Person search,2019-10-09T14:10:00+00:00,,,53.991324,-1.549388,Male,10-17,Other ethnic group - Not stated,,Misuse of Drugs Act 1971 (section 23),,A no further action disposal,,
Person search,2019-10-09T14:10:00+00:00,,,53.991324,-1.549388,Male,10-17,Other ethnic group - Not stated,,Misuse of Drugs Act 1971 (section 23),,A no further action disposal,,
Person search,2019-10-10T12:10:00+00:00,,,53.957795,-1.072230,Male,over 34,White - English/Welsh/Scottish/Northern Irish/British,White,Misuse of Drugs Act 1971 (section 23),Controlled drugs,Arrest,True,
Person search,2019-10-10T13:10:00+00:00,,,53.956390,-1.074182,Male,over 34,White - Any other White background,White,Misuse of Drugs Act 1971 (section 23),,Khat or Cannabis warning,True,
Person search,2019-10-10T13:10:00+00:00,,,53.781912,-1.059283,Male,18-24,White - English/Welsh/Scottish/Northern Irish/British,White,Misuse of Drugs Act 1971 (section 23),,A no further action disposal,,
Person search,2019-10-10T13:10:00+00:00,,,53.781912,-1.059283,Male,18-24,Other ethnic group - Not stated,,Misuse of Drugs Act 1971 (section 23),,A no further action disposal,,
Person search,2019-10-10T13:10:00+00:00,,,53.781912,-1.059283,Male,18-24,White - English/Welsh/Scottish/Northern Irish/British,White,Misuse of Drugs Act 1971 (section 23),,A no further action disposal,,
Person search,2019-10-10T14:10:00+00:00,,,53.958707,-1.079769,Male,over 34,White - English/Welsh/Scottish/Northern Irish/British,White,Misuse of Drugs Act 1971 (section 23),Controlled drugs,A no further action disposal,,
Person and Vehicle search,2019-10-10T16:10:00+00:00,,,54.332387,-0.448224,Female,25-34,White - English/Welsh/Scottish/Northern Irish/British,,Misuse of Drugs Act 1971 (section 23),Controlled drugs,Arrest,False,
Person search,2019-10-10T16:10:00+00:00,,,53.785112,-1.066132,Male,10-17,White - English/Welsh/Scottish/Northern Irish/British,White,Misuse of Drugs Act 1971 (section 23),,A no further action disposal,False,
Person search,2019-10-10T19:10:00+00:00,,,53.995072,-1.542300,Male,25-34,White - English/Welsh/Scottish/Northern Irish/British,White,Misuse of Drugs Act 1971 (section 23),,Arrest,True,
Person and Vehicle search,2019-10-10T21:10:00+00:00,,,53.949286,-2.017349,Female,over 34,,White,Misuse of Drugs Act 1971 (section 23),Controlled drugs,A no further action disposal,,
Person search,2019-10-11T08:10:00+00:00,,,54.408624,-1.724653,Male,10-17,White - English/Welsh/Scottish/Northern Irish/British,White,Misuse of Drugs Act 1971 (section 23),,A no further action disposal,,
Person search,2019-10-11T19:10:00+00:00,,,53.916445,-1.139179,Male,10-17,White - English/Welsh/Scottish/Northern Irish/British,White,Misuse of Drugs Act 1971 (section 23),,A no further action disposal,,
Person search,2019-10-11T20:10:00+00:00,,,53.911909,-1.140886,Male,10-17,White - English/Welsh/Scottish/Northern Irish/British,White,Police and Criminal Evidence Act 1984 (section 1),Offensive weapons,A no further action disposal,,
Person search,2019-10-11T20:10:00+00:00,,,53.786274,-1.068838,Male,25-34,White - English/Welsh/Scottish/Northern Irish/British,White,Misuse of Drugs Act 1971 (section 23),,A no further action disposal,,
Person and Vehicle search,2019-10-11T21:10:00+00:00,,,54.005039,-1.546951,Male,25-34,White - English/Welsh/Scottish/Northern Irish/British,,Police and Criminal Evidence Act 1984 (section 1),Offensive weapons,A no further action disposal,,
Person and Vehicle search,2019-10-11T21:10:00+00:00,,,54.005039,-1.546951,Female,18-24,White - English/Welsh/Scottish/Northern Irish/British,White,Police and Criminal Evidence Act 1984 (section 1),Offensive weapons,A no further action disposal,,
Person and Vehicle search,2019-10-12T00:10:00+00:00,,,53.991087,-1.104253,Female,18-24,White - English/Welsh/Scottish/Northern Irish/British,,Misuse of Drugs Act 1971 (section 23),,A no further action disposal,,
Person and Vehicle search,2019-10-12T00:10:00+00:00,,,53.991087,-1.104253,Male,18-24,White - English/Welsh/Scottish/Northern Irish/British,White,Misuse of Drugs Act 1971 (section 23),,A no further action disposal,,
Person and Vehicle search,2019-10-12T00:10:00+00:00,,,53.991087,-1.104253,Female,18-24,White - English/Welsh/Scottish/Northern Irish/British,White,Misuse of Drugs Act 1971 (section 23),,A no further action disposal,,
Person and Vehicle search,2019-10-12T00:10:00+00:00,,,53.991087,-1.104253,Male,18-24,White - English/Welsh/Scottish/Northern Irish/British,White,Misuse of Drugs Act 1971 (section 23),,A no further action disposal,,
Person search,2019-10-12T03:10:00+00:00,,,53.972957,-1.081468,Male,18-24,White - English/Welsh/Scottish/Northern Irish/British,White,Police and Criminal Evidence Act 1984 (section 1),Article for use in theft,A no further action disposal,,
Person search,2019-10-12T03:10:00+00:00,,,53.972957,-1.081468,Male,10-17,White - English/Welsh/Scottish/Northern Irish/British,White,Police and Criminal Evidence Act 1984 (section 1),Article for use in theft,A no further action disposal,,
Person search,2019-10-12T04:10:00+00:00,,,53.970542,-1.075865,Male,10-17,White - Any other White background,,Police and Criminal Evidence Act 1984 (section 1),Article for use in theft,A no further action disposal,,
Person search,2019-10-12T04:10:00+00:00,,,53.970542,-1.075865,Male,10-17,White - English/Welsh/Scottish/Northern Irish/British,White,Police and Criminal Evidence Act 1984 (section 1),Article for use in theft,A no further action disposal,,
Vehicle search,2019-10-12T12:10:00+00:00,,,53.896354,-1.970122,,over 34,,,Misuse of Drugs Act 1971 (section 23),,,True,
Person search,2019-10-12T14:10:00+00:00,,,53.940965,-1.091570,Male,10-17,White - English/Welsh/Scottish/Northern Irish/British,White,Misuse of Drugs Act 1971 (section 23),Controlled drugs,A no further action disposal,,
Person search,2019-10-12T16:10:00+00:00,,,54.280762,-0.404391,Female,over 34,White - Any other White background,White,Police and Criminal Evidence Act 1984 (section 1),Stolen goods,Community resolution,False,
Person search,2019-10-12T16:10:00+00:00,,,54.280762,-0.404391,Male,25-34,White - Any other White background,White,Police and Criminal Evidence Act 1984 (section 1),Stolen goods,Community resolution,False,
Person search,2019-10-12T17:10:00+00:00,,,53.945422,-1.091534,Male,25-34,White - English/Welsh/Scottish/Northern Irish/British,White,Misuse of Drugs Act 1971 (section 23),Controlled drugs,Community resolution,True,
Person and Vehicle search,2019-10-12T21:10:00+00:00,,,54.134623,-1.521572,Male,18-24,White - English/Welsh/Scottish/Northern Irish/British,White,Misuse of Drugs Act 1971 (section 23),,A no further action disposal,,
Person search,2019-10-13T12:10:00+00:00,,,54.282918,-0.400221,Male,10-17,White - English/Welsh/Scottish/Northern Irish/British,White,Police and Criminal Evidence Act 1984 (section 1),Stolen goods,A no further action disposal,,
Person search,2019-10-13T13:10:00+00:00,,,54.282918,-0.400221,Male,10-17,White - English/Welsh/Scottish/Northern Irish/British,White,Police and Criminal Evidence Act 1984 (section 1),Stolen goods,A no further action disposal,,
Person and Vehicle search,2019-10-13T22:10:00+00:00,,,53.956661,-1.076675,Male,over 34,Asian/Asian British - Chinese,White,Misuse of Drugs Act 1971 (section 23),,A no further action disposal,,
Person search,2019-10-14T10:10:00+00:00,,,53.748743,-2.451564,Male,over 34,White - Any other White background,White,Police and Criminal Evidence Act 1984 (section 1),,A no further action disposal,True,
Person search,2019-10-14T12:10:00+00:00,,,53.995913,-1.513949,Male,18-24,Black/African/Caribbean/Black British - African,Black,Police and Criminal Evidence Act 1984 (section 1),Controlled drugs,A no further action disposal,,
Vehicle search,2019-10-14T13:10:00+00:00,,,54.239842,-0.436983,,over 34,,,Police and Criminal Evidence Act 1984 (section 1),Article for use in theft,,,
Person search,2019-10-14T13:10:00+00:00,,,53.987444,-1.538373,Male,10-17,White - English/Welsh/Scottish/Northern Irish/British,White,Police and Criminal Evidence Act 1984 (section 1),Offensive weapons,A no further action disposal,,
Person search,2019-10-14T14:10:00+00:00,,,53.960055,-1.083260,Female,18-24,White - English/Welsh/Scottish/Northern Irish/British,White,Police and Criminal Evidence Act 1984 (section 1),Stolen goods,,False,
Vehicle search,2019-10-14T15:10:00+00:00,,,53.993000,-1.518132,,over 34,,,,Firearms,,True,
Person search,2019-10-15T10:10:00+00:00,,,53.956661,-1.076675,Female,over 34,White - English/Welsh/Scottish/Northern Irish/British,White,Misuse of Drugs Act 1971 (section 23),Controlled drugs,A no further action disposal,,
Person search,2019-10-15T14:10:00+00:00,,,53.983987,-2.105901,Male,10-17,White - English/Welsh/Scottish/Northern Irish/British,White,Police and Criminal Evidence Act 1984 (section 1),Offensive weapons,A no further action disposal,,
Person and Vehicle search,2019-10-15T19:10:00+00:00,,,53.977534,-1.677322,Male,18-24,White - English/Welsh/Scottish/Northern Irish/British,White,Misuse of Drugs Act 1971 (section 23),,Khat or Cannabis warning,True,
Person search,2019-10-15T19:10:00+00:00,,,54.136210,-1.522809,Male,10-17,Other ethnic group - Not stated,White,Police and Criminal Evidence Act 1984 (section 1),Offensive weapons,A no further action disposal,,
Person search,2019-10-16T01:10:00+00:00,,,53.897264,-0.966982,Male,10-17,Mixed/Multiple ethnic groups - Any other Mixed/Multiple ethnic background,,Police and Criminal Evidence Act 1984 (section 1),Article for use in theft,A no further action disposal,,
Person search,2019-10-16T15:10:00+00:00,,,54.005423,-1.536862,Female,over 34,White - English/Welsh/Scottish/Northern Irish/British,,Misuse of Drugs Act 1971 (section 23),Controlled drugs,A no further action disposal,,
Vehicle search,2019-10-16T15:10:00+00:00,,,54.528988,-1.524917,,over 34,,,Misuse of Drugs Act 1971 (section 23),Controlled drugs,,True,
Person search,2019-10-16T15:10:34+00:00,,,54.005423,-1.536862,Male,25-34,White - English/Welsh/Scottish/Northern Irish/British,White,Misuse of Drugs Act 1971 (section 23),Controlled drugs,A no further action disposal,,
Person search,2019-10-16T19:10:00+00:00,,,53.995072,-1.542300,Male,25-34,White - English/Welsh/Scottish/Northern Irish/British,White,Misuse of Drugs Act 1971 (section 23),,Arrest,True,
Person search,2019-10-17T12:10:00+00:00,,,53.960579,-1.070736,Male,18-24,White - English/Welsh/Scottish/Northern Irish/British,White,Police and Criminal Evidence Act 1984 (section 1),Stolen goods,Arrest,False,
Person search,2019-10-17T15:10:00+00:00,,,54.318332,-0.437269,Male,over 34,Other ethnic group - Not stated,White,Police and Criminal Evidence Act 1984 (section 1),,A no further action disposal,,
Person search,2019-10-17T16:10:00+00:00,,,53.993040,-1.535108,Male,18-24,White - English/Welsh/Scottish/Northern Irish/British,White,Misuse of Drugs Act 1971 (section 23),,A no further action disposal,,
Person search,2019-10-17T16:10:00+00:00,,,53.993040,-1.535108,Male,25-34,Mixed/Multiple ethnic groups - Any other Mixed/Multiple ethnic background,White,Misuse of Drugs Act 1971 (section 23),,A no further action disposal,,
Person search,2019-10-17T16:10:00+00:00,,,53.993040,-1.535108,Male,25-34,White - English/Welsh/Scottish/Northern Irish/British,White,Misuse of Drugs Act 1971 (section 23),,A no further action disposal,,
Person search,2019-10-17T16:10:00+00:00,,,53.993040,-1.535108,Male,18-24,White - English/Welsh/Scottish/Northern Irish/British,White,Misuse of Drugs Act 1971 (section 23),,Khat or Cannabis warning,True,
Person search,2019-10-17T16:10:00+00:00,,,54.329618,-1.444918,Male,over 34,White - English/Welsh/Scottish/Northern Irish/British,,Police and Criminal Evidence Act 1984 (section 1),Offensive weapons,A no further action disposal,,
Person search,2019-10-17T19:10:00+00:00,,,53.962097,-0.989355,Male,10-17,,,,,,,
Person search,2019-10-17T19:10:00+00:00,,,53.962097,-0.989355,Male,10-17,,White,Misuse of Drugs Act 1971 (section 23),,Summons / charged by post,True,
Person search,2019-10-17T19:10:00+00:00,,,53.962097,-0.989355,Male,10-17,,,Misuse of Drugs Act 1971 (section 23),,A no further action disposal,,
Person search,2019-10-17T21:10:00+00:00,,,53.962165,-2.015053,Male,over 34,,,Police and Criminal Evidence Act 1984 (section 1),Stolen goods,A no further action disposal,,
Person search,2019-10-17T22:10:00+00:00,,,53.956018,-1.088988,Male,25-34,White - Irish,White,Misuse of Drugs Act 1971 (section 23),Controlled drugs,A no further action disposal,,
Person and Vehicle search,2019-10-18T06:10:00+00:00,,,54.246390,-0.781698,Male,25-34,White - English/Welsh/Scottish/Northern Irish/British,White,Misuse of Drugs Act 1971 (section 23),,Khat or Cannabis warning,True,
Person and Vehicle search,2019-10-18T08:10:00+00:00,,,53.968496,-1.526265,Male,over 34,White - English/Welsh/Scottish/Northern Irish/British,White,Misuse of Drugs Act 1971 (section 23),Controlled drugs,A no further action disposal,,
Person and Vehicle search,2019-10-18T08:10:00+00:00,,,53.968496,-1.526265,Male,25-34,White - English/Welsh/Scottish/Northern Irish/British,White,Misuse of Drugs Act 1971 (section 23),Controlled drugs,A no further action disposal,,
Person and Vehicle search,2019-10-18T08:10:00+00:00,,,53.968496,-1.526265,Male,18-24,White - English/Welsh/Scottish/Northern Irish/British,White,Misuse of Drugs Act 1971 (section 23),Controlled drugs,Arrest,True,
Person and Vehicle search,2019-10-18T10:10:00+00:00,,,54.343209,-1.437659,Male,25-34,White - English/Welsh/Scottish/Northern Irish/British,White,Misuse of Drugs Act 1971 (section 23),Controlled drugs,Arrest,True,
Person search,2019-10-18T11:10:00+00:00,,,53.958157,-1.079522,Male,over 34,White - English/Welsh/Scottish/Northern Irish/British,White,Misuse of Drugs Act 1971 (section 23),Controlled drugs,A no further action disposal,,
Person search,2019-10-18T12:10:00+00:00,,,53.958157,-1.079522,Male,over 34,White - English/Welsh/Scottish/Northern Irish/British,White,Misuse of Drugs Act 1971 (section 23),Controlled drugs,A no further action disposal,,
Person search,2019-10-18T15:10:00+00:00,,,53.953873,-1.074146,Male,25-34,White - English/Welsh/Scottish/Northern Irish/British,White,Misuse of Drugs Act 1971 (section 23),Controlled drugs,A no further action disposal,,
Person search,2019-10-18T19:10:00+00:00,,,53.995070,-1.509932,Male,over 34,White - English/Welsh/Scottish/Northern Irish/British,White,Misuse of Drugs Act 1971 (section 23),Controlled drugs,Arrest,True,
Person search,2019-10-19T11:10:00+00:00,,,53.969531,-1.085964,Male,over 34,White - English/Welsh/Scottish/Northern Irish/British,White,Misuse of Drugs Act 1971 (section 23),Controlled drugs,A no further action disposal,,
Person search,2019-10-19T12:10:43+00:00,,,53.969745,-1.090396,Male,10-17,Other ethnic group - Not stated,White,Misuse of Drugs Act 1971 (section 23),,A no further action disposal,,
Person search,2019-10-20T01:10:00+00:00,,,53.957323,-1.089188,Male,18-24,White - English/Welsh/Scottish/Northern Irish/British,White,Police and Criminal Evidence Act 1984 (section 1),Offensive weapons,A no further action disposal,,
Person search,2019-10-20T01:10:00+00:00,,,53.957178,-1.087865,Male,over 34,White - English/Welsh/Scottish/Northern Irish/British,White,Misuse of Drugs Act 1971 (section 23),Controlled drugs,A no further action disposal,,
Person search,2019-10-20T01:10:00+00:00,,,53.957341,-1.084478,Male,18-24,White - English/Welsh/Scottish/Northern Irish/British,,Police and Criminal Evidence Act 1984 (section 1),Offensive weapons,A no further action disposal,,
Person search,2019-10-20T02:10:00+00:00,,,53.957341,-1.084478,Male,18-24,White - Any other White background,White,Misuse of Drugs Act 1971 (section 23),Controlled drugs,A no further action disposal,,
Person search,2019-10-20T02:10:00+00:00,,,53.957341,-1.084478,Male,10-17,White - English/Welsh/Scottish/Northern Irish/British,White,Misuse of Drugs Act 1971 (section 23),Controlled drugs,A no further action disposal,,
Person search,2019-10-20T02:10:00+00:00,,,53.956884,-1.082294,Male,18-24,White - English/Welsh/Scottish/Northern Irish/British,White,Misuse of Drugs Act 1971 (section 23),Controlled drugs,A no further action disposal,,
Person search,2019-10-20T02:10:00+00:00,,,53.962681,-1.049823,Male,25-34,White - English/Welsh/Scottish/Northern Irish/British,White,Police and Criminal Evidence Act 1984 (section 1),Article for use in theft,A no further action disposal,,
Person search,2019-10-20T02:10:00+00:00,,,54.290500,-0.405336,Male,10-17,White - English/Welsh/Scottish/Northern Irish/British,White,Police and Criminal Evidence Act 1984 (section 1),Offensive weapons,Arrest,False,
Person search,2019-10-20T02:10:00+00:00,,,53.956884,-1.082294,Male,18-24,White - English/Welsh/Scottish/Northern Irish/British,White,Misuse of Drugs Act 1971 (section 23),Controlled drugs,Arrest,True,
Vehicle search,2019-10-20T10:10:00+00:00,,,54.120483,-2.538231,,over 34,,,Misuse of Drugs Act 1971 (section 23),,,True,
Vehicle search,2019-10-20T15:10:00+00:00,,,53.966206,-1.065047,,over 34,,,Police and Criminal Evidence Act 1984 (section 1),,,,
Person and Vehicle search,2019-10-20T19:10:00+00:00,,,53.785112,-1.066132,Male,18-24,White - English/Welsh/Scottish/Northern Irish/British,White,Misuse of Drugs Act 1971 (section 23),,Penalty Notice for Disorder,True,
Person and Vehicle search,2019-10-20T19:10:00+00:00,,,53.785112,-1.066132,Male,18-24,White - English/Welsh/Scottish/Northern Irish/British,White,Misuse of Drugs Act 1971 (section 23),,Khat or Cannabis warning,True,
Person and Vehicle search,2019-10-20T19:10:00+00:00,,,53.784792,-1.066671,Female,18-24,White - English/Welsh/Scottish/Northern Irish/British,White,Misuse of Drugs Act 1971 (section 23),,A no further action disposal,,
Person and Vehicle search,2019-10-20T20:10:00+00:00,,,53.784792,-1.066671,Female,18-24,White - English/Welsh/Scottish/Northern Irish/British,White,Misuse of Drugs Act 1971 (section 23),,A no further action disposal,,
Person search,2019-10-21T02:10:00+00:00,,,53.970257,-0.980606,Male,18-24,White - English/Welsh/Scottish/Northern Irish/British,White,Misuse of Drugs Act 1971 (section 23),,Arrest,True,
Person search,2019-10-21T02:10:00+00:00,,,53.958106,-1.005439,Female,18-24,White - English/Welsh/Scottish/Northern Irish/British,White,Misuse of Drugs Act 1971 (section 23),,A no further action disposal,,
Person search,2019-10-21T02:10:00+00:00,,,53.958106,-1.005439,Male,18-24,White - English/Welsh/Scottish/Northern Irish/British,White,Misuse of Drugs Act 1971 (section 23),,A no further action disposal,,
Person search,2019-10-21T16:10:00+00:00,,,53.962818,-1.055794,Male,18-24,White - English/Welsh/Scottish/Northern Irish/British,White,Misuse of Drugs Act 1971 (section 23),,A no further action disposal,,
Person search,2019-10-21T18:10:00+00:00,,,,,Male,over 34,White - Any other White background,White,Police and Criminal Evidence Act 1984 (section 1),,Arrest,True,
Person search,2019-10-22T10:10:00+00:00,,,54.280879,-0.402358,Female,10-17,White - English/Welsh/Scottish/Northern Irish/British,,Police and Criminal Evidence Act 1984 (section 1),Stolen goods,A no further action disposal,,
Person search,2019-10-22T11:10:00+00:00,,,53.958983,-1.082964,Male,over 34,White - English/Welsh/Scottish/Northern Irish/British,White,Police and Criminal Evidence Act 1984 (section 1),Stolen goods,Community resolution,True,
Person search,2019-10-22T19:10:00+00:00,,,53.957601,-1.082065,Female,over 34,White - English/Welsh/Scottish/Northern Irish/British,White,Police and Criminal Evidence Act 1984 (section 1),Stolen goods,A no further action disposal,,
Person search,2019-10-22T19:10:00+00:00,,,53.957601,-1.082065,Male,over 34,White - English/Welsh/Scottish/Northern Irish/British,White,Police and Criminal Evidence Act 1984 (section 1),Stolen goods,A no further action disposal,,
Person search,2019-10-23T10:10:00+00:00,,,54.287574,-0.401577,Male,18-24,White - English/Welsh/Scottish/Northern Irish/British,White,Police and Criminal Evidence Act 1984 (section 1),Offensive weapons,A no further action disposal,,
Person search,2019-10-23T13:10:00+00:00,,,53.956972,-1.078482,Male,25-34,White - English/Welsh/Scottish/Northern Irish/British,White,Police and Criminal Evidence Act 1984 (section 1),Stolen goods,A no further action disposal,False,
Person search,2019-10-23T15:10:00+00:00,,,54.003070,-1.561497,Female,25-34,White - English/Welsh/Scottish/Northern Irish/British,White,Misuse of Drugs Act 1971 (section 23),Controlled drugs,A no further action disposal,,
Person search,2019-10-23T18:10:00+00:00,,,53.953327,-1.069693,Male,25-34,White - English/Welsh/Scottish/Northern Irish/British,White,Misuse of Drugs Act 1971 (section 23),,A no further action disposal,,
Person search,2019-10-23T19:10:00+00:00,,,53.953327,-1.069693,Female,25-34,White - English/Welsh/Scottish/Northern Irish/British,White,Misuse of Drugs Act 1971 (section 23),,A no further action disposal,,
Person search,2019-10-23T19:10:00+00:00,,,54.006901,-1.466323,Male,10-17,White - English/Welsh/Scottish/Northern Irish/British,White,Misuse of Drugs Act 1971 (section 23),,Arrest,True,
Person search,2019-10-23T19:10:00+00:00,,,53.954622,-1.070929,Male,over 34,White - English/Welsh/Scottish/Northern Irish/British,White,Misuse of Drugs Act 1971 (section 23),Controlled drugs,A no further action disposal,,
Person and Vehicle search,2019-10-23T22:10:00+00:00,,,53.995935,-1.535426,Male,18-24,White - English/Welsh/Scottish/Northern Irish/British,White,Police and Criminal Evidence Act 1984 (section 1),Offensive weapons,A no further action disposal,,
Person search,2019-10-24T01:10:00+00:00,,,53.890848,-1.992082,Male,25-34,White - English/Welsh/Scottish/Northern Irish/British,White,Misuse of Drugs Act 1971 (section 23),Controlled drugs,A no further action disposal,,
Person search,2019-10-24T03:10:00+00:00,,,53.956390,-1.074182,Female,25-34,White - English/Welsh/Scottish/Northern Irish/British,White,Police and Criminal Evidence Act 1984 (section 1),Stolen goods,A no further action disposal,,
Person search,2019-10-24T04:10:00+00:00,,,53.961918,-1.090658,Male,18-24,White - English/Welsh/Scottish/Northern Irish/British,,Police and Criminal Evidence Act 1984 (section 1),Article for use in theft,Arrest,True,
Person search,2019-10-24T10:10:00+00:00,,,53.993813,-1.542177,Male,25-34,White - English/Welsh/Scottish/Northern Irish/British,White,Misuse of Drugs Act 1971 (section 23),Controlled drugs,A no further action disposal,,
Person search,2019-10-24T10:10:00+00:00,,,53.993813,-1.542177,Male,over 34,White - English/Welsh/Scottish/Northern Irish/British,White,Misuse of Drugs Act 1971 (section 23),Controlled drugs,A no further action disposal,,
Person search,2019-10-24T11:10:00+00:00,,,53.962719,-1.052382,Male,10-17,White - English/Welsh/Scottish/Northern Irish/British,White,Police and Criminal Evidence Act 1984 (section 1),Article for use in theft,A no further action disposal,,
Person search,2019-10-24T13:10:00+00:00,,,53.956758,-1.071750,Male,over 34,White - English/Welsh/Scottish/Northern Irish/British,,Misuse of Drugs Act 1971 (section 23),Controlled drugs,A no further action disposal,,
Person search,2019-10-24T13:10:00+00:00,,,53.956758,-1.071750,Female,25-34,White - English/Welsh/Scottish/Northern Irish/British,White,Misuse of Drugs Act 1971 (section 23),Controlled drugs,A no further action disposal,,
Person search,2019-10-24T14:10:36+00:00,,,54.003070,-1.561497,Male,over 34,White - Any other White background,White,Misuse of Drugs Act 1971 (section 23),Controlled drugs,A no further action disposal,,
Person search,2019-10-24T16:10:00+00:00,,,53.954384,-1.076283,Male,over 34,White - English/Welsh/Scottish/Northern Irish/British,White,Misuse of Drugs Act 1971 (section 23),Controlled drugs,A no further action disposal,,
Person search,2019-10-24T19:10:00+00:00,,,53.993722,-1.539447,Male,25-34,White - English/Welsh/Scottish/Northern Irish/British,White,Police and Criminal Evidence Act 1984 (section 1),Offensive weapons,A no further action disposal,,
Person and Vehicle search,2019-10-24T19:10:00+00:00,,,54.003569,-1.548127,Male,10-17,White - English/Welsh/Scottish/Northern Irish/British,,Misuse of Drugs Act 1971 (section 23),,A no further action disposal,,
Person search,2019-10-24T22:10:00+00:00,,,53.956332,-2.019912,Male,over 34,White - English/Welsh/Scottish/Northern Irish/British,White,Police and Criminal Evidence Act 1984 (section 1),Article for use in theft,A no further action disposal,,
Person search,2019-10-24T22:10:00+00:00,,,53.956332,-2.019912,Male,over 34,White - English/Welsh/Scottish/Northern Irish/British,White,Police and Criminal Evidence Act 1984 (section 1),Article for use in theft,A no further action disposal,,
Person search,2019-10-25T12:10:00+00:00,,,53.995004,-1.536444,Male,over 34,Other ethnic group - Not stated,White,Misuse of Drugs Act 1971 (section 23),,A no further action disposal,,
Person search,2019-10-25T12:10:00+00:00,,,53.995004,-1.536444,Male,25-34,White - English/Welsh/Scottish/Northern Irish/British,White,Misuse of Drugs Act 1971 (section 23),,Arrest,True,
Person search,2019-10-25T16:10:00+00:00,,,53.986459,-1.043639,Female,over 34,Other ethnic group - Not stated,,Police and Criminal Evidence Act 1984 (section 1),Stolen goods,Arrest,True,
Person search,2019-10-25T21:10:00+00:00,,,54.340895,-1.436583,Male,18-24,White - English/Welsh/Scottish/Northern Irish/British,White,Misuse of Drugs Act 1971 (section 23),,Arrest,True,
Person and Vehicle search,2019-10-26T00:10:00+00:00,,,54.477587,-0.610562,Male,10-17,White - English/Welsh/Scottish/Northern Irish/British,White,Misuse of Drugs Act 1971 (section 23),,A no further action disposal,False,
Person and Vehicle search,2019-10-26T00:10:00+00:00,,,54.477587,-0.610562,Male,18-24,White - English/Welsh/Scottish/Northern Irish/British,White,Misuse of Drugs Act 1971 (section 23),,A no further action disposal,,
Person and Vehicle search,2019-10-26T00:10:00+00:00,,,54.477587,-0.610562,Male,10-17,White - English/Welsh/Scottish/Northern Irish/British,White,Misuse of Drugs Act 1971 (section 23),,Arrest,True,
Person search,2019-10-26T04:10:00+00:00,,,53.957178,-1.087865,Male,18-24,White - English/Welsh/Scottish/Northern Irish/British,White,Police and Criminal Evidence Act 1984 (section 1),Offensive weapons,Arrest,True,
Person and Vehicle search,2019-10-26T14:10:00+00:00,,,53.947659,-1.071358,Female,25-34,White - English/Welsh/Scottish/Northern Irish/British,White,Misuse of Drugs Act 1971 (section 23),Controlled drugs,A no further action disposal,,
Person search,2019-10-26T15:10:00+00:00,,,54.277934,-0.403333,Female,18-24,White - English/Welsh/Scottish/Northern Irish/British,White,Police and Criminal Evidence Act 1984 (section 1),Article for use in theft,A no further action disposal,,
Person search,2019-10-26T15:10:00+00:00,,,54.007449,-1.468254,Male,10-17,White - English/Welsh/Scottish/Northern Irish/British,White,Misuse of Drugs Act 1971 (section 23),,A no further action disposal,,
Person search,2019-10-26T15:10:00+00:00,,,54.007449,-1.468254,Female,10-17,White - English/Welsh/Scottish/Northern Irish/British,White,Misuse of Drugs Act 1971 (section 23),,Arrest,True,
Person and Vehicle search,2019-10-26T15:10:00+00:00,,,53.952779,-1.088494,Male,18-24,White - English/Welsh/Scottish/Northern Irish/British,White,Police and Criminal Evidence Act 1984 (section 1),Offensive weapons,A no further action disposal,True,
Person and Vehicle search,2019-10-26T15:10:00+00:00,,,53.952779,-1.088494,Male,18-24,White - English/Welsh/Scottish/Northern Irish/British,White,Police and Criminal Evidence Act 1984 (section 1),Offensive weapons,A no further action disposal,True,
Person search,2019-10-26T15:10:00+00:00,,,54.277934,-0.403333,Male,over 34,White - English/Welsh/Scottish/Northern Irish/British,White,Misuse of Drugs Act 1971 (section 23),Controlled drugs,A no further action disposal,,
Person and Vehicle search,2019-10-26T21:10:00+00:00,,,53.882463,-1.271164,Female,18-24,White - English/Welsh/Scottish/Northern Irish/British,White,Misuse of Drugs Act 1971 (section 23),Controlled drugs,A no further action disposal,,
Person and Vehicle search,2019-10-26T21:10:00+00:00,,,53.882463,-1.271164,Female,18-24,White - English/Welsh/Scottish/Northern Irish/British,White,Misuse of Drugs Act 1971 (section 23),Controlled drugs,A no further action disposal,,
Person search,2019-10-27T04:10:00+00:00,,,53.991087,-1.104253,Male,25-34,White - English/Welsh/Scottish/Northern Irish/British,White,,Stolen goods,A no further action disposal,,
Person search,2019-10-27T04:10:00+00:00,,,54.282560,-0.397639,Male,25-34,White - Any other White background,White,Police and Criminal Evidence Act 1984 (section 1),Offensive weapons,Arrest,True,
Person search,2019-10-27T04:10:00+00:00,,,54.283871,-0.400246,Male,18-24,White - English/Welsh/Scottish/Northern Irish/British,White,Misuse of Drugs Act 1971 (section 23),,Khat or Cannabis warning,True,
Person search,2019-10-27T04:10:00+00:00,,,54.283442,-0.400477,Female,18-24,White - English/Welsh/Scottish/Northern Irish/British,White,Misuse of Drugs Act 1971 (section 23),Controlled drugs,A no further action disposal,,
Person search,2019-10-27T08:10:00+00:00,,,53.968013,-1.081302,Male,25-34,White - English/Welsh/Scottish/Northern Irish/British,White,Police and Criminal Evidence Act 1984 (section 1),Stolen goods,A no further action disposal,,
Person and Vehicle search,2019-10-27T21:10:00+00:00,,,54.406168,-1.752353,Male,18-24,White - English/Welsh/Scottish/Northern Irish/British,White,Misuse of Drugs Act 1971 (section 23),,Khat or Cannabis warning,True,
Person and Vehicle search,2019-10-27T21:10:00+00:00,,,54.406168,-1.752353,Male,10-17,White - English/Welsh/Scottish/Northern Irish/British,White,Misuse of Drugs Act 1971 (section 23),,A no further action disposal,,
Person and Vehicle search,2019-10-27T21:10:00+00:00,,,54.406168,-1.752353,Male,10-17,White - English/Welsh/Scottish/Northern Irish/British,White,Misuse of Drugs Act 1971 (section 23),,A no further action disposal,,
Person search,2019-10-27T21:10:00+00:00,,,54.003070,-1.561497,Male,10-17,White - English/Welsh/Scottish/Northern Irish/British,,Misuse of Drugs Act 1971 (section 23),,A no further action disposal,,
Person search,2019-10-27T21:10:00+00:00,,,53.918128,-1.131943,Male,over 34,White - English/Welsh/Scottish/Northern Irish/British,White,Police and Criminal Evidence Act 1984 (section 1),Offensive weapons,Arrest,False,
Person search,2019-10-27T22:10:00+00:00,,,54.406168,-1.752353,Male,10-17,White - English/Welsh/Scottish/Northern Irish/British,White,Misuse of Drugs Act 1971 (section 23),,A no further action disposal,,
Person search,2019-10-28T03:10:00+00:00,,,53.967797,-1.081338,Male,over 34,White - English/Welsh/Scottish/Northern Irish/British,White,Police and Criminal Evidence Act 1984 (section 1),Stolen goods,,False,
Person and Vehicle search,2019-10-28T21:10:00+00:00,,,54.412132,-1.734013,Male,18-24,Other ethnic group - Not stated,White,Misuse of Drugs Act 1971 (section 23),Controlled drugs,A no further action disposal,,
Person and Vehicle search,2019-10-28T21:10:00+00:00,,,54.412132,-1.734013,Male,10-17,White - English/Welsh/Scottish/Northern Irish/British,White,Misuse of Drugs Act 1971 (section 23),Controlled drugs,A no further action disposal,,
Person and Vehicle search,2019-10-28T22:10:02+00:00,,,54.412132,-1.734013,Male,10-17,White - English/Welsh/Scottish/Northern Irish/British,White,Misuse of Drugs Act 1971 (section 23),Controlled drugs,A no further action disposal,,
Person and Vehicle search,2019-10-28T22:10:47+00:00,,,54.412132,-1.734013,Male,10-17,White - English/Welsh/Scottish/Northern Irish/British,White,Misuse of Drugs Act 1971 (section 23),Controlled drugs,A no further action disposal,,
Person search,2019-10-29T04:10:00+00:00,,,53.957341,-1.084478,Male,over 34,White - English/Welsh/Scottish/Northern Irish/British,White,Police and Criminal Evidence Act 1984 (section 1),Offensive weapons,A no further action disposal,,
Person search,2019-10-29T04:10:00+00:00,,,53.957786,-1.082777,Male,over 34,White - English/Welsh/Scottish/Northern Irish/British,White,Police and Criminal Evidence Act 1984 (section 1),Article for use in theft,A no further action disposal,False,
Person search,2019-10-29T16:10:00+00:00,,,53.986459,-1.043639,Male,over 34,White - English/Welsh/Scottish/Northern Irish/British,White,Police and Criminal Evidence Act 1984 (section 1),Article for use in theft,Arrest,False,
Person search,2019-10-29T20:10:00+00:00,,,54.227885,-1.325823,Male,18-24,White - English/Welsh/Scottish/Northern Irish/British,White,Misuse of Drugs Act 1971 (section 23),,A no further action disposal,True,
Person search,2019-10-29T21:10:00+00:00,,,53.699517,-1.092157,Male,18-24,White - English/Welsh/Scottish/Northern Irish/British,White,Police and Criminal Evidence Act 1984 (section 1),,Community resolution,True,
Person and Vehicle search,2019-10-29T23:10:00+00:00,,,,,Male,over 34,White - English/Welsh/Scottish/Northern Irish/British,White,Police and Criminal Evidence Act 1984 (section 1),Article for use in theft,A no further action disposal,,
Person and Vehicle search,2019-10-29T23:10:00+00:00,,,54.004981,-1.568022,Male,10-17,White - English/Welsh/Scottish/Northern Irish/British,,Misuse of Drugs Act 1971 (section 23),,A no further action disposal,,
Person and Vehicle search,2019-10-29T23:10:00+00:00,,,53.967797,-1.081338,Male,18-24,White - English/Welsh/Scottish/Northern Irish/British,,Misuse of Drugs Act 1971 (section 23),,Penalty Notice for Disorder,True,
Person search,2019-10-30T10:10:00+00:00,,,53.989960,-1.027406,Male,18-24,White - English/Welsh/Scottish/Northern Irish/British,White,Misuse of Drugs Act 1971 (section 23),,A no further action disposal,,
Person search,2019-10-30T10:10:00+00:00,,,53.954384,-1.076283,Male,18-24,White - English/Welsh/Scottish/Northern Irish/British,White,Misuse of Drugs Act 1971 (section 23),,A no further action disposal,,
Person search,2019-10-30T10:10:00+00:00,,,53.954384,-1.076283,Male,18-24,White - English/Welsh/Scottish/Northern Irish/British,White,Misuse of Drugs Act 1971 (section 23),,A no further action disposal,,
Person search,2019-10-30T19:10:00+00:00,,,53.699700,-1.156451,Female,10-17,White - English/Welsh/Scottish/Northern Irish/British,White,Police and Criminal Evidence Act 1984 (section 1),,A no further action disposal,,
Person search,2019-10-30T19:10:00+00:00,,,53.699700,-1.156451,Male,18-24,White - English/Welsh/Scottish/Northern Irish/British,White,Police and Criminal Evidence Act 1984 (section 1),,A no further action disposal,,
Person search,2019-10-30T19:10:00+00:00,,,53.699700,-1.156451,Male,10-17,White - English/Welsh/Scottish/Northern Irish/British,White,Police and Criminal Evidence Act 1984 (section 1),,A no further action disposal,,
Person search,2019-10-30T19:10:00+00:00,,,53.699700,-1.156451,Male,18-24,White - English/Welsh/Scottish/Northern Irish/British,White,Police and Criminal Evidence Act 1984 (section 1),,A no further action disposal,,
Person search,2019-10-30T19:10:00+00:00,,,53.699700,-1.156451,Male,10-17,White - English/Welsh/Scottish/Northern Irish/British,White,Police and Criminal Evidence Act 1984 (section 1),,A no further action disposal,,
Person search,2019-10-30T19:10:00+00:00,,,53.699700,-1.156451,Male,18-24,White - English/Welsh/Scottish/Northern Irish/British,White,Police and Criminal Evidence Act 1984 (section 1),,A no further action disposal,,
Person search,2019-10-30T19:10:00+00:00,,,53.699700,-1.156451,Female,10-17,White - English/Welsh/Scottish/Northern Irish/British,White,Police and Criminal Evidence Act 1984 (section 1),,A no further action disposal,,
Person search,2019-10-30T19:10:00+00:00,,,53.699700,-1.156451,Male,10-17,White - English/Welsh/Scottish/Northern Irish/British,White,Police and Criminal Evidence Act 1984 (section 1),,A no further action disposal,,
Person search,2019-10-30T19:10:00+00:00,,,53.699700,-1.156451,Female,10-17,White - English/Welsh/Scottish/Northern Irish/British,White,Police and Criminal Evidence Act 1984 (section 1),,A no further action disposal,,
Person search,2019-10-30T19:10:00+00:00,,,53.699700,-1.156451,Male,10-17,White - English/Welsh/Scottish/Northern Irish/British,White,Police and Criminal Evidence Act 1984 (section 1),,A no further action disposal,,
Person search,2019-10-30T19:10:00+00:00,,,53.699700,-1.156451,Male,10-17,White - English/Welsh/Scottish/Northern Irish/British,White,Police and Criminal Evidence Act 1984 (section 1),,A no further action disposal,,
Person search,2019-10-30T19:10:00+00:00,,,54.492613,-1.132277,Male,10-17,Other ethnic group - Not stated,,Misuse of Drugs Act 1971 (section 23),Controlled drugs,A no further action disposal,,
Person search,2019-10-31T10:10:00+00:00,,,53.954759,-1.073563,Male,over 34,White - English/Welsh/Scottish/Northern Irish/British,White,Misuse of Drugs Act 1971 (section 23),Controlled drugs,A no further action disposal,,
Person search,2019-10-31T11:10:00+00:00,,,53.956661,-1.076675,Female,over 34,White - English/Welsh/Scottish/Northern Irish/British,White,Misuse of Drugs Act 1971 (section 23),Controlled drugs,A no further action disposal,,
Person search,2019-10-31T11:10:00+00:00,,,53.956661,-1.076675,Male,25-34,White - English/Welsh/Scottish/Northern Irish/British,White,Misuse of Drugs Act 1971 (section 23),Controlled drugs,A no further action disposal,,
Person search,2019-10-31T14:10:00+00:00,,,53.957609,-2.004475,Male,over 34,White - English/Welsh/Scottish/Northern Irish/British,White,Misuse of Drugs Act 1971 (section 23),Controlled drugs,A no further action disposal,,
Person search,2019-10-31T14:10:00+00:00,,,54.009013,-1.530917,Male,over 34,White - English/Welsh/Scottish/Northern Irish/British,White,Misuse of Drugs Act 1971 (section 23),Controlled drugs,A no further action disposal,,
Person search,2019-10-31T16:10:00+00:00,,,54.006479,-1.549834,Male,25-34,White - English/Welsh/Scottish/Northern Irish/British,White,Misuse of Drugs Act 1971 (section 23),Controlled drugs,Summons / charged by post,True,
Person search,2019-10-31T17:10:00+00:00,,,54.283653,-0.396045,Male,18-24,White - English/Welsh/Scottish/Northern Irish/British,White,Police and Criminal Evidence Act 1984 (section 1),Offensive weapons,A no further action disposal,,
Person search,2019-10-31T20:10:00+00:00,,,53.784454,-1.056782,Male,10-17,White - English/Welsh/Scottish/Northern Irish/British,White,Police and Criminal Evidence Act 1984 (section 1),,A no further action disposal,,
Person search,2019-10-31T20:10:00+00:00,,,53.784454,-1.056782,Male,10-17,White - English/Welsh/Scottish/Northern Irish/British,,Police and Criminal Evidence Act 1984 (section 1),,A no further action disposal,,
Person search,2019-10-31T20:10:00+00:00,,,53.784454,-1.056782,Male,10-17,White - English/Welsh/Scottish/Northern Irish/British,White,Police and Criminal Evidence Act 1984 (section 1),,A no further action disposal,,
Person search,2019-10-31T20:10:00+00:00,,,53.784454,-1.056782,Male,10-17,White - English/Welsh/Scottish/Northern Irish/British,,Police and Criminal Evidence Act 1984 (section 1),,A no further action disposal,,
Person search,2019-10-31T20:10:00+00:00,,,53.784454,-1.056782,Male,10-17,White - English/Welsh/Scottish/Northern Irish/British,,Police and Criminal Evidence Act 1984 (section 1),,A no further action disposal,,
Person search,2019-10-31T22:10:00+00:00,,,54.080943,-1.137874,Male,18-24,Mixed/Multiple ethnic groups - White and Black Caribbean,Black,Police and Criminal Evidence Act 1984 (section 1),Offensive weapons,A no further action disposal,,
Person search,2019-10-31T23:10:00+00:00,,,54.004888,-1.549974,Male,10-17,White - English/Welsh/Scottish/Northern Irish/British,White,,,Arrest,True,
